inci_name,cas_no,function,substance
TERMINALIA FERDINANDIANA FRUIT EXTRACT,,antioxidant; bleaching,
HYDROXYMETHYLHEPTYL METHYL KETONE,67801-33-6,perfuming,
ILEX PARAGUARIENSIS LEAF OIL,73296-98-7,perfuming,
NICOTIANA TABACUM LEAF EXTRACT,84961-66-0,perfuming; skin-conditioning,
VACCINIUM VIRGATUM CALLUS EXTRACT,,antioxidant; antiseborrhoeic; hair-conditioning; humectant; skin-protecting,
MYRISTALKONIUM CHLORIDE,139-08-2,preservative,
CITRONELLYL METHYLCROTONATE,20770-40-5,masking; perfuming,
LINALYL PHENYLACETATE,7143-69-3,perfuming,
TRANS-METHOXYPROPOXYHEXENE,97358-54-8,perfuming,
CITRONELLYL PROPIONATE,141-14-0,perfuming,
LACTOSCATONE,21280-29-5,perfuming,
PETROSELINUM CRISPUM SEED OIL,84012-33-9,masking; perfuming,
COPTIS JAPONICA RHIZOME EXTRACT,223748-66-1,antimicrobial; skin-conditioning,
ISOPROPYL ALCOHOL,67-63-0,antifoaming; perfuming; solvent; viscosity-controlling,
P-ANISONITRILE,874-90-8,perfuming,
CITRONELLYL BENZOATE,10482-77-6,perfuming,
PHENYLETHOXYACETALDEHYDE,41847-88-5,perfuming,
ISOPROPYL ISOVALERATE,32665-23-9,perfuming,
4-METHYL-3-DECEN-5-OL,81782-77-6,perfuming,
LAURALKONIUM BROMIDE,7281-04-1,antistatic; preservative,
2-METHYLNAPHTHALENE,91-57-6,perfuming,
GAMMA-UNDECALACTONE,104-67-6,perfuming; skin-conditioning,
ALUMINUM ZIRCONIUM OCTACHLOROHYDRATE,98106-55-9,antiperspirant; astringent; deodorant,
PAEONIA SUFFRUTICOSA PHYTOPLACENTA EXTRACT,,antimicrobial; antioxidant; hair-conditioning; skin-conditioning,
VERATRALDEHYDE,120-14-9,perfuming,
DECYL ACETATE,112-17-4,perfuming,
2-UNDECENOL,37617-03-1,perfuming,
2‚4-DIMETHYL-4‚4A,27606-09-3,perfuming,
PINUS NIGRA TWIG LEAF OIL,90082-74-9,perfuming,
KAZACHSTANIA/CORNUS OFFICINALIS FRUIT EXTRACT FERMENT FILTRATE,,bleaching; emollient; skin-conditioning,
BENZYL SALICYLATE,118-58-1,perfuming; uv-absorber,
ISOBUTYL TIGLATE,61692-84-0,perfuming,
PENTAMETHYLCYCLOPENT-3-ENE-BUTANOL,65113-99-7,perfuming,
2-DIMETHYLBICYCLOHEPT-2-YLIDENE ETHANOL,2226-05-3,perfuming,
4-METHYL-1-OXASPIROUNDECENE,68228-06-8,perfuming,
MALVA SYLVESTRIS CALLUS EXTRACT,,antimicrobial; antioxidant; hair-conditioning; humectant; skin-conditioning; skin-protecting,
PINUS HALEPENSIS NEEDLE EXTRACT,,antimicrobial; antioxidant; antiseborrhoeic,
BETAPHYCUS GELATINUM EXTRACT,,bleaching,
1‚5-DIMETHYL-1-VINYLHEX-4-ENYL HEXANOATE,7779-23-9,perfuming,
LINALOOL,78-70-6,deodorant; perfuming,
CHAETOMORPHA SOLITARIA CALLUS CULTURE EXTRACT,,antimicrobial; antioxidant; hair-conditioning; skin-protecting,
CENTIPEDA CUNNINGHAMII LEAF/STEM EXTRACT,,antioxidant; antiseborrhoeic; skin-protecting,
PYROLIGNEOUS ACIDS EXTRACTS,8028-47-5,perfuming,
STEAPYRIUM CHLORIDE,14492-68-3 / 1341-08-8,antimicrobial; antistatic,
CITRUS LIMON FRUIT OIL,8008-56-8,astringent; tonic,
MENTHA PIPERITA AMERICAN EXTRACT/HYDROGEN SULFIDE,94334-25-5,perfuming,
NITROFURAZONE,59-87-0,antimicrobial,
PHENYLPROPIONALDEHYDE,1335-10-0,perfuming,
CINNAMAL,104-55-2,denaturant; flavouring; perfuming,
ISOPROPYL PHENYLACETATE,4861-85-2,perfuming,
CHLORHEXIDINE DIUNDECYLENATE,1884575-91-0,antimicrobial; deodorant; oral-care,
2-SEC-BUTYLCYCLOHEXANONE,14765-30-1,perfuming,
METHYL BENZOATE,93-58-3,perfuming; preservative; skin-conditioning; solvent,
METHYL BETA-NAPHTHYL ETHER,93-04-9,perfuming,
MONASCUS/PAEONIA SUFFRUTICOSA FLOWER/RICE BRAN FERMENT FILTRATE,,antiseborrhoeic; skin-conditioning,
1-ISOPROPYL-4-METHYLBICYCLOOCTENE-2-CARBALDEHYDE,67920-94-9,perfuming,
OCIMUM BASILICUM FLOWER/LEAF/STEM WATER,84775-71-3,masking; perfuming,
JUNIPERUS VIRGINIANA EXTRACT EPOXIDIZED,100209-33-4,perfuming,
BACILLUS/MONASCUS/PLUKENETIA VOLUBILIS SEED/RICE BRAN FERMENT FILTRATE,,antimicrobial; antioxidant; skin-protecting,
GALLA RHOIS GALLNUT EXTRACT,,antimicrobial; antioxidant,
DENDROPANAX MORBIFERUS CALLUS CULTURE EXTRACT,,antimicrobial; antioxidant; hair-conditioning; skin-conditioning; skin-protecting,
PELARGONIUM GRAVEOLENS FLOWER WATER,90082-51-2 / 8000-46-2,astringent; deodorant; hair-conditioning; masking,
ABIES VEITCHII LEAF EXTRACT,,astringent; humectant,
OCIMUM AMERICANUM LEAF/STEM OIL,91845-26-0,masking; perfuming,
ISOBUTYLPARABEN,4247-02-3,antimicrobial,
SODIUM HINOKITIOL,17387-01-8,antimicrobial,
CINNAMOMUM CAMPHORA FORMOSANA ROOT EXTRACT,92704-03-5,perfuming,
LACTOBACILLUS/(CINNAMOMUM CASSIA/MAGNOLIA) BARK/(ALPINIA OFFICINARUM/ANGELICA GIGAS) ROOT FERMENT EXTRACT FILTRATE,,antimicrobial,
RANUNCULUS PYGMAEUS CALLUS CULTURE EXTRACT,,antimicrobial; antioxidant; hair-conditioning; skin-protecting,
HEXAHYDRO-DIMETHYLSPIROMETHANONAPHTHALENE-OXIRANE,41723-98-2 / 41816-03-9,perfuming,
ADAMANTANYL HYDROXYBENZAMIDE,,antioxidant; bleaching; skin-protecting,
NOPOL,128-50-7,perfuming,
CUMINYL ACETATE,59230-57-8,perfuming,
BUTYL BUTYROLACTATE,7492-70-8,perfuming,
NEOPENTANAL BUTENYLENEGLYCOL ACETAL,53338-06-0,perfuming,
TERPINYL PROPIONATE,80-27-3,perfuming,
RHODODENDRON MUCRONULATUM FLOWER EXTRACT,,antioxidant; astringent; emollient; skin-conditioning; skin-protecting,
ROSA MOSCHATA LEAF EXTRACT,,astringent,
P-TOLYL PHENYLACETATE,101-94-0,perfuming,
ASTER SPATHULIFOLIUS PHYTOPLACENTA EXTRACT,,antimicrobial; hair-conditioning; humectant; skin-conditioning; skin-protecting,
METHYL LINOLEATE,112-63-0,emollient; perfuming; skin-conditioning,
THYMUS SERPILLUM OIL,84776-98-7,perfuming,
P-TERT-BUTYL ACETOPHENONE,943-27-1,perfuming,
CARPINUS LAXIFLORA STEM EXTRACT,,antimicrobial; antioxidant; astringent; emollient,
3‚5-DIMETHYLCYCLOHEXENE-1-METHANOL,67634-16-6,perfuming,
ISOPROPYL CINNAMATE,7780-06-5,perfuming,
HYDROGENATED NEPETA CATARIA OIL,84929-35-1,antimicrobial,
COMMIPHORA GILEADENSIS BRANCH/FRUIT/LEAF EXTRACT,,antimicrobial; antioxidant; astringent; uv-filter,
ALPHA-TERPINENE,99-86-5,perfuming,
SH-OLIGOPEPTIDE-81 AMIDE,,antimicrobial; antiplaque; antiseborrhoeic; humectant; oral-care,
EVERNIA FURFURACEA LICHEN EXTRACT,90028-67-4 / 68648-41-9 / 68917-40-8,perfuming,
JUNIPERUS VIRGINIANA WOOD EXTRACT,85085-41-2,perfuming; tonic,
BUTYLQUINOLINE,53452-65-6,perfuming,
ALUMINUM CITRATE,813-92-3,antiperspirant; astringent; deodorant,
ANTRODIA CINNAMOMEA FERMENT FILTRATE POWDER,,antioxidant; bleaching; skin-conditioning; skin-protecting,
4-ETHYLGUAIACOL,2785-89-9,perfuming,
3-HEPTENYL ISOBUTYRATE,67801-45-0,perfuming,
LAURYL ISOQUINOLINIUM SACCHARINATE,,antimicrobial; antistatic,
PAULOWNIA IMPERIALIS BARK/FLOWER/LEAF EXTRACT,,astringent; hair-conditioning; skin-conditioning; soothing,
2-ETHYL-4-HYDROXY-5-METHYLFURAN-3(2H)-ONE,27538-10-9,perfuming,
PHENYLACETALDEHYDE GLYCERYL CYCLIC ACETALS,29895-73-6,perfuming,
HYPERICUM PERFORATUM PHYTOPLACENTA CULTURE EXTRACT,,antimicrobial; antioxidant; hair-conditioning; humectant,
LYSOPHOSPHATIDYLCHOLINYLCHLORIN E6,,antioxidant; antiseborrhoeic,
BACILLUS/NELUMBO NUCIFERA LEAF EXTRACT FERMENT FILTRATE,,antimicrobial; antioxidant,
3-BUTENYL PHENYL KETONE,3240-29-7,perfuming,
GUAIENE,88-84-6,perfuming,
CAPROIC ACID,142-62-1,cleansing; emulsifying; masking; perfuming; surfactant,
3-METHYLDODECANONITRILE,85351-07-1,perfuming,
AGRIMONIA EUPATORIA ROOT EXTRACT,84775-40-6,antioxidant; astringent,
COTINUS COGGYGRIA BRANCH/LEAF OIL,89997-96-6,flavouring; masking; perfuming,
ETHYL 2-METHYLBUTYRATE,7452-79-1,perfuming,
DELTA-DECALACTONE,705-86-2,masking; perfuming,
CINNAMOMUM CASSIA WOOD EXTRACT,84961-46-6,perfuming,
HEXAHYDRO-TETRAMETHYL-METHANONAPHTHALENE-8-METHANOL,61826-53-7,perfuming,
ETHYL PROPYL KETONE,589-38-8,perfuming,
BENZOIC ACID,65-85-0,bulking; masking; preservative,
DIMETHYLCYCLOHEXENYL METHYL KETONE,22463-19-0,perfuming,
RUBUS FRUTICOSUS FRUIT EXTRACT,84787-69-9,astringent; masking; tonic,
OCTENIDINE HCL,70775-75-6,antimicrobial,
ADIANTUM PEDATUM EXTRACT,165800-54-4,antidandruff; astringent,
CITRUS AURANTIUM BERGAMIA LEAF OIL,89957-91-5,astringent,
SULFUR,7704-34-9,antidandruff; antiseborrhoeic; antistatic; hair-conditioning; skin-conditioning,
CALCIUM SORBATE,7492-55-9,preservative,
DENDROPANAX MORBIFERUS PHYTOPLACENTA EXTRACT,,antimicrobial; antioxidant; hair-conditioning; skin-protecting,
BACILLUS/TAGETES PATULA FLOWER/SOYBEAN FERMENT FILTRATE,,antioxidant; antiseborrhoeic; skin-protecting,
TRIETHYLENE GLYCOL,112-27-6,masking; perfuming; viscosity-controlling,
CRATAEGUS OXYACANTHA STEM EXTRACT,84603-61-2 / 8057-51-0,antimicrobial,
ETHYL LINOLEATE,544-35-4,emollient; perfuming,
LINDERA UMBELLATA LEAF/TWIG OIL,,antimicrobial; emollient; masking; skin-conditioning,
SODIUM/ALUMINUM/IRON/SULFATE/CITRATE/HYDROXIDE,,antimicrobial; deodorant; humectant; opacifying; uv-absorber,
SODIUM MAGNESIUM SILVER PHOSPHATE,,antimicrobial,
CYCLOPENTANONE,120-92-3,perfuming,
2-ETHYL-3,27043-05-6,perfuming,
CALOPHYLLUM INOPHYLLUM SEED OIL,,antimicrobial; antioxidant; hair-conditioning; oral-care; skin-conditioning; uv-absorber,
ALUMINUM LACTATE,18917-91-4,astringent; buffering; deodorant,
SALVIA HISPANICA HERB EXTRACT,93384-40-8,perfuming,
PRENYL BENZOATE,5205-11-8,perfuming,
CYCLOHEXYLETHYL CROTONATE,68039-69-0,perfuming,
PINUS CEMBRA TWIG LEAF EXTRACT,92202-04-5,perfuming,
ISOAMYLBENZOATE,94-46-2,perfuming,
RHODOPSEUDOMONAS/PABA FERMENT,,bleaching; skin-conditioning,
CINNAMOMUM CAMPHORA LINALOOLIFERUM LEAF EXTRACT,91745-89-0,perfuming,
CYMBOPOGON WINTERIANUS HERB OIL,91771-61-8,perfuming,
TRIMETHYL-1-CYCLOHEXENYLACRYLONITRILE,72214-33-6,perfuming,
3-ETHYL-2-HYDROXY-4-METHYLCYCLOPENT-2-EN-1-ONE,42348-12-9,perfuming,
4-FORMYL-2-METHOXYPHENYL ISOBUTYRATE,20665-85-4,perfuming,
ISOPROPYLCHROMENAMIDO FLUOROBENZYL METHANESULFONAMIDE,,antioxidant; bleaching; skin-protecting,
OCIMENE,13877-91-3,perfuming,
ETHYL LACTATE,97-64-3,perfuming; solvent,
SACCHAROMYCES/ACANTHOPANAX SESSILIFLORUS EXTRACT FERMENT FILTRATE,,antimicrobial; antioxidant; hair-conditioning; humectant; skin-protecting,
MYRICA CERIFERA BARK EXTRACT,84929-34-0,astringent,
ISOBUTYL HEXANOATE,105-79-3,perfuming,
MUCOR MIEHEI EXTRACT,,astringent,
AMYL PHENYLACETATE,5137-52-0,perfuming,
UNDECYLENETH-6,,antidandruff; antimicrobial; emulsifying; surfactant,
NONANAL,124-19-6,perfuming,
TETRAHYDRO-2-ISOBUTYL-4-METHYL-2H-PYRAN,13477-62-8,perfuming,
MELOZONE,30772-79-3,perfuming,
MANICOUAGAN CLAY,,absorbent; astringent; surfactant,
2-TRANS,67674-47-9,perfuming,
PIMENTA RACEMOSA FRUIT LEAF EXTRACT,85085-61-6,perfuming,
SCLAREOL,515-03-7,perfuming,
MENAQUINONE-7,2124-57-4,antiseborrhoeic; astringent; bleaching; skin-protecting; uv-filter,
SILENE URALENSIS CALLUS CULTURE EXTRACT,,antimicrobial; antioxidant; hair-conditioning; skin-protecting,
2-CYCLOHEXENYL CYCLOHEXANONE,1502-22-3,perfuming,
SODIUM BENZOATE,532-32-1,anticorrosive; masking; preservative,
BUTENYL ISOAMYLOXYACETATE,72894-11-2,perfuming,
TRANS-2-HEXENYL BUTYRATE,53398-83-7,perfuming,
VINYLPYRIDINE/TETRAHYDRODIMETHYL-METHANO-INDENE,125352-06-9,perfuming,
PHENYL SALICYLATE,118-55-8,antimicrobial; denaturant; perfuming,
DIHEXYL FUMARATE,19139-31-2,perfuming,
JASMINUM SAMBAC LEAF CELL EXTRACT,91770-17-8,flavouring; masking; perfuming; skin-protecting,
ASPERGILLUS/THYME/ROOT/LYSIMACHIA FOENUM-GRAECUM/PORIA COCOS/ATRACTYLODES JAPONICA RHIZOME/ MAGNOLIA LILIFLORA BUD/ VITEX TRIFOLIA FRUIT/BAMBUSA VULGARIS LEAF/STEM FERMENT FILTRATE,,antimicrobial,
ALUMINUM SESQUICHLOROHYDREX PG,245090-60-2,antiperspirant; astringent; deodorant,
3‚5-DIMETHYL-3-CYCLOHEXENE-1-CARBALDEHYDE,68039-48-5,perfuming,
MAULOUTCHIA HUMBLOTII SEED BUTTER,,antimicrobial; hair-conditioning; humectant; skin-conditioning; skin-protecting,
MYRISTAMIDOPROPALKONIUM CHLORIDE,15809-19-5,antidandruff; antimicrobial; antiplaque,
METHYL VALERATE,624-24-8,perfuming,
ROSA CANINA FLOWER EXTRACT,84696-47-9,astringent,
ENDO-1‚2,28462-85-3,perfuming,
ETHYL METHYLBUTYL KETOXIME,22457-23-4,masking; perfuming,
NEPETA CATARIA FLOWER EXTRACT,84929-35-1,perfuming,
METHYL HEXYL CYCLOPENTANONE CARBOXYLATE,37172-53-5,perfuming,
DITHIOMETHYLBENZAMIDE,2527-58-4,antimicrobial,
BENZHYDROL,91-01-0,perfuming,
ANIBA ROSAEODORA WOOD EXTRACT,83863-32-5,masking; perfuming,
ETHYL ISOBUTYRATE,97-62-1,perfuming,
METHYL-ISOPROPYLCYCLOHEXANOL,21129-27-1,perfuming,
JUNIPERUS COMMUNIS FRUIT OIL,8002-68-4 / 73049-62-4 / 84603-69-0,masking; perfuming,
PINUS SPECIES TWIG LEAF EXTRACT,94266-48-5,perfuming,
SALVIA TRILOBA LEAF EXTRACT,85085-68-3,antimicrobial; astringent; oral-care,
ANACARDOYL TRIPEPTIDE-1,,antioxidant; bleaching; skin-protecting,
DIMETHYLBUTYL CROTONATE,35206-51-0,perfuming,
GERANYL ACETOACETATE,10032-00-5,perfuming,
AMYLCYCLOPENTANONE,4819-67-4,perfuming,
P-METHYLHYDROCINNAMIC ALDEHYDE,5406-12-2,perfuming,
ROSA DAMASCENA CALLUS,,antimicrobial; antioxidant; antiseborrhoeic; hair-conditioning; skin-protecting,
DIMETHYLTETRAHYDRO BENZALDEHYDE,68737-61-1,perfuming,
BACILLUS/MONASCUS/PSILOTUM NUDUM LEAF/RICE BRAN FERMENT FILTRATE,,antiplaque; antiseborrhoeic; emollient; oral-care; skin-protecting,
RUTA GRAVEOLENS HERB OIL,84929-47-5,perfuming,
CITRUS LIMON LEAF OIL,92346-89-9 / 84929-31-7,masking; perfuming,
TERT-BUTYL ISOPENT-2-ENTHIOATE,34322-09-3,perfuming,
MENTHA SPICATA HERB EXTRACT,84696-51-5,perfuming,
MYRTENAL,564-94-3,perfuming,
ISOEUGENOL,97-54-1,flavouring; perfuming,
THALASSIOSIRA PSEUDONANA FERMENT FILTRATE,,bleaching; skin-conditioning,
CEDRUS ATLANTICA BARK EXTRACT,92201-55-3,perfuming; skin-conditioning,
JUNIPERUS VIRGINIANA EXTRACT OXIDIZED,91722-62-2,perfuming,
SODIUM METABISULFITE,7681-57-4 / 7757-74-6,antioxidant; preservative; reducing,
ISOPROPYL-METHOXYPYRAZINE,25773-40-4,perfuming,
CAMELLIA OLEIFERA LEAF EXTRACT,94333-93-4,astringent; skin-conditioning,
TETRAHYDRO-P-CRESYLOXYPYRAN,13481-09-9,perfuming,
P-ANISYL BUTYRATE,6963-56-0,perfuming,
TIOXOLONE,4991-65-5,astringent,
CINNAMOMUM CASSIA BARK/SYZGIUM AROMATICUM BUD/ROSMARINUS OFFICINALIS LEAF/THYMUS VULGARIS LEAF OIL,,antimicrobial; antioxidant; antiplaque; antiseborrhoeic,
2‚3-DIMETHYL-2-NONENENITRILE,53153-67-6,perfuming,
CITRAL ETHYLENEGLYCOL CYCLIC ACETAL,66408-78-4,perfuming,
ETHOXY-P-CRESOL,2563-07-7,perfuming,
NONYL ACETATE,143-13-5,emollient; perfuming,
BIOTIN,58-85-5,antiseborrhoeic; hair-conditioning; skin-conditioning,
PAULLINIA CUPANA FRUIT POWDER,84929-28-2,astringent,
LACTOBACILLUS/PERILLA FRUTESCENS LEAF FERMENT EXTRACT FILTRATE,,antimicrobial; antioxidant,
GENIPA AMERICANA FRUIT JUICE,,masking; perfuming,
DIBENZYL ETHER,103-50-4,perfuming,
2-NONYLCROTONALDEHYDE,6720-16-7,perfuming,
CIS-3-HEXENYL LACTATE,61931-81-5,perfuming,
MALUS BACCATA PHYTOPLACENTA CULTURE EXTRACT,,antimicrobial; antioxidant; skin-conditioning; skin-protecting,
ISOAMYL BUTYRATE,106-27-4,perfuming,
DIHYDROOCIMENYL FORMATE,25279-09-8,perfuming,
CIS-3-HEXENYL ANTHRANILATE,65405-76-7,perfuming,
LOPHOPHYTUM ELONGATUM EXTRACT,,bleaching; skin-conditioning,
OCIMUM GRATISSIMUM HERB OIL,91770-38-6,perfuming,
CISTUS LADANIFERUS TWIG OIL,89997-74-0,perfuming,
ISOPROPYL CYCLOHEXYLPROPIONATE,63449-95-6,masking; perfuming,
TRIMETHYL-1-CYCLOHEXENYLBUTANE-1‚3-DIONE,39900-12-4,perfuming,
2‚4-DIMETHYLPYRIDINE,108-47-4,perfuming,
HEPTYL FORMATE,112-23-2,perfuming,
ISOMETHYL-BETA-IONONE,79-89-0,perfuming,
HEPTANOIC ACID,111-14-8,perfuming,
OLEYL ALCOHOL,143-28-2 / 593-47-5,emollient; masking; perfuming; solvent; viscosity-controlling,
HEXADECENYL STEARYLSUCCINAMIDE,,bleaching; emollient; humectant; skin-conditioning; skin-protecting,
ALLYL HEPTANOATE,142-19-8,perfuming,
LYCIUM CHINENSE FRUIT/ROOT EXTRACT,,bleaching; skin-conditioning,
MENTHA SPICATA CRISPATA HERB OIL,91770-68-2,perfuming,
LAVANDULA ANGUSTIFOLIA PHYTOPLACENTA EXTRACT,,antimicrobial; astringent; hair-conditioning; skin-conditioning; skin-protecting,
R-PORCINE POLYPEPTIDE-1,,astringent; humectant; skin-conditioning,
ETHOXYDIGLYCOL,111-90-0,humectant; perfuming; solvent,
SMITHSONITE,3486-35-9 / 14476-25-6,astringent,
BUTYLDIHYDRODIMETHYLPYRAN,24237-00-1,perfuming,
ETHYL BETA-NAPHTHYL ETHER,93-18-5,perfuming,
HEXENYL ACETATE,3681-71-8 / 2497-18-9,flavouring; masking; perfuming,
PROROCENTRUM MICANS CELL EXTRACT,,antimicrobial; antioxidant; hair-conditioning; skin-conditioning,
3-METHYL-1-PHENYL-3-HEXENE 1‚5-EPOXIDE,68039-41-8,perfuming,
DECYL METHYL ETHER,7289-52-3,perfuming,
DIMETHYL PHENYLETHYL CARBINYL ACETATE,103-07-1,perfuming,
BETULA ERMANII STEM EXTRACT,,antidandruff; antioxidant; astringent; hair-conditioning; skin-protecting,
CEDRYL FORMATE,39900-38-4,perfuming,
BACILLUS/LACTOBACILLUS/STREPTOCOCCUS THERMOPHILUS/ALPINIA SPECIOSA LEAF EXTRACT FERMENT FILTRATE,,antioxidant; astringent; bleaching; skin-conditioning,
NOOTKATONE,4674-50-4,perfuming,
CHLORINE DIOXIDE,10049-04-4,antimicrobial; deodorant,
CYCLOHEXYLETHYL ACETATE,13487-27-9,masking; perfuming,
2-ETHYLIDENEDECANAL,64825-20-3,perfuming,
AMYL FORMATE,638-49-3,perfuming,
LAEVO-CARVYL ACETATE,1205-42-1,perfuming,
8-CEDRENE EPOXIDE,13567-39-0,perfuming,
RIBES NIGRUM BUD OIL,68606-81-5,perfuming,
AMYLCINNAMYL ALCOHOL,101-85-9,perfuming,
OCTAHYDRO-TETRAMETHYL-1-NAPHTHALENOL,103614-86-4,perfuming,
RUBUS VILLOSUS FRUIT EXTRACT,93165-71-0,astringent; tonic,
CITRUS MEDICA ACIDA PEEL EXTRACT,93685-55-3,perfuming,
ETHYL TERT-BUTYL-PHENYL-METHYLENE-AMINOBENZOATE,94108-09-5,perfuming,
PIPERONYL ACETONE,55418-52-5,perfuming,
ALDIOXA,5579-81-7,antimicrobial; astringent,
TRIMETHYLCYCLOHEXENE-1-METHANOL,72812-40-9,perfuming,
ETHYL 3-PHENYLGLYCIDATE,121-39-1,perfuming,
KLUYVEROMYCES/LACTOBACILLUS/PINUS KORAIENSIS SEED FERMENT OIL FILTRATE,,antioxidant; bleaching; skin-conditioning; skin-protecting,
TETRAHYDRONAPHTHALENOL,529-33-9,perfuming,
OLIGOPEPTIDE-101 AMIDE,,antimicrobial; antioxidant; antiseborrhoeic; skin-protecting,
METHYLSELENO CARBOXYPROPYLGLUTAMINE,879546-05-1,antimicrobial; hair-conditioning; skin-conditioning; skin-protecting,
PROPYLIDENE PHTHALIDE,17369-59-4,perfuming,
AMYL BENZOATE,2049-96-9,masking; perfuming,
CAPRYLYL GLYCOL LINSEEDATE,,antimicrobial,
HYDRATROPIC ALDEHYDE DIMETHYL ACETAL,90-87-9,perfuming,
ITRACONAZOLE,84625-61-6,antimicrobial,
ORYZA SATIVA BRAN WATER,90106-37-9,masking; perfuming,
ZINGIBER OFFICINALE ROOT OIL,8007-08-7,masking; perfuming; skin-conditioning; tonic,
PHASEOLUS VULGARIS PHYTOPLACENTA EXTRACT,,antimicrobial; antioxidant; skin-protecting,
PHENETHYL PROPIONATE,122-70-3,perfuming,
METHYL LACTATE,27871-49-4 / 547-64-8,flavouring; perfuming; solvent,
BETA-METHYL-CYCLODODECANEETHANOL,118562-73-5,perfuming,
AZELAMIDOPROPYL DIMETHYL AMINE,1272659-40-1,antimicrobial; antiseborrhoeic; skin-conditioning,
GINKGO BILOBA MERISTEM CELL,,antimicrobial; antioxidant; skin-conditioning,
ETHYL ETHYLTRIMETHYLCYCLOHEXENECARBOXYLATE,94333-50-3,perfuming,
PINUS PUMILA TWIG LEAF OIL,97676-05-6,perfuming,
SODIUM ZINC CETYL PHOSPHATE,,astringent; skin-conditioning; skin-protecting,
TERPINYL FORMATE,2153-26-6,perfuming,
SH-OLIGOPEPTIDE-71,,antiseborrhoeic; skin-protecting,
CITRUS SPECIES LEAF OIL,94266-47-4,perfuming,
ORIGANUM DICTAMNUS FLOWER/LEAF/STEM EXTRACT,,antimicrobial; antioxidant; astringent; flavouring,
ISOBUTYL ISOVALERATE,589-59-3,perfuming,
1‚5,13786-79-3 / 71735-79-0,perfuming,
CEDRENOL,28231-03-0,perfuming,
POTERIUM OFFICINALE LEAF EXTRACT,84787-71-3,astringent; tonic,
GRASS-HAY HERB EXTRACT,100209-32-3,perfuming,
MELALEUCA TERETIFOLIA BRANCH/LEAF OIL,,masking; perfuming,
CARYOPHYLLENE OXIDE,1139-30-6,perfuming,
KLUYVEROMYCES/LACTOBACILLUS/SAURURUS CHINENSIS OIL FERMENT FILTRATE,,antioxidant; astringent; bleaching; skin-conditioning,
CETRIMONIUM TOSYLATE,138-32-9,antimicrobial; antistatic; emulsifying; hair-conditioning; surfactant,
TRIDEC-2-ENENITRILE,22629-49-8,perfuming,
HOMONOPAL,33885-51-7,perfuming,
CHITOSAN BENZAMIDE,,antimicrobial; skin-protecting,
ISOPROPENYL-METHYLHEXENOL,58461-27-1,perfuming,
A-TERPINYL ACETATE,80-26-2,perfuming,
PRUNUS MUME PHYTOPLACENTA EXTRACT,,antimicrobial; antioxidant; hair-conditioning; skin-protecting,
OCTAHYDRO-TETRAMETHYL-METHANO-CYCLOPENTACYCLOPROPABENZENE-4-METHANOL ACETATE,59056-62-1,perfuming,
HYDROGENATED HORSE FAT,,antiseborrhoeic; hair-conditioning; skin-protecting; viscosity-controlling,
AMBERGRIS EXTRACT,84836-94-2,perfuming,
ISOPULEGYL ACETATE,57576-09-7,perfuming,
1-ACETONAPHTHONE,941-98-0,masking; perfuming,
2‚6-DIMETHYL-7-OCTEN-2-OL,18479-58-8,masking; perfuming,
LIPPIA ALBA LEAF/STEM OIL,8024-12-2,antioxidant; masking; perfuming,
ISOPROPYLBENZYL BUTYLNORBERBERINE IODIDE,,antidandruff; antimicrobial; hair-conditioning,
IRIS PALLIDA ROOT EXTRACT,90045-90-2,masking; perfuming; tonic,
FERULA ASSA FOETIDA ROOT EXTRACT,90028-70-9,perfuming; soothing; tonic,
OZONIZED PEG-10 OLEATE,,antimicrobial; cleansing; surfactant,
CROTAMITON,483-63-6,antimicrobial; solvent,
LAVANDULA ANGUSTIFOLIA ANGUSTIFOLIA HERB EXTRACT,84776-65-8,perfuming,
ISOCYCLOGERANIOL,68527-77-5,perfuming,
SPATHOLOBUS SUBERECTUS CALLUS EXTRACT,,antimicrobial; antioxidant; hair-conditioning; humectant; skin-conditioning,
STREPTOMYCES SUBRUTILUS FERMENT FILTRATE EXTRACT,,bleaching,
4-DIMETHYLMETHYLENECYCLOHEXYL-BUTAN-2-ONE,13720-12-2,perfuming,
TALLOWTRIMONIUM CHLORIDE,8030-78-2,antistatic; hair-conditioning; preservative; surfactant,
ISOPROPYL 3-METHYLTHIOBUTYRATE,34322-06-0,perfuming,
NONADECANE,629-92-5,perfuming,
RUBUS FRUTICOSUS FRUIT WATER,84787-69-9,masking; perfuming,
CAMELLIA OLEIFERA SEED EXTRACT,94333-93-4,astringent; tonic,
ISOAMYL OCTANOATE,2035-99-6,perfuming,
BETA-SANTALOL,77-42-9,perfuming,
ORCHIS MACULATA FLOWER/LEAF/STEM WATER,90082-23-8,masking; perfuming,
SILT,,absorbent; astringent; humectant,
DIBROMOPROPAMIDINE DIISETHIONATE,614-87-9,antimicrobial,
CINNAMYL ACETATE,103-54-8,perfuming,
METHYL BICYCLOHEPTENYL-METHYLOXIRANE-CARBOXYLATE,72175-33-8,perfuming,
BACILLUS/MORCHELLA ESCULENTA/SOYBEAN FERMENT FILTRATE,,antiseborrhoeic; emollient; hair-conditioning; humectant; skin-conditioning; skin-protecting,
ACETONYLACETONE,110-13-4,perfuming,
GERANYLOXYACETALDEHYDE,65405-73-4,perfuming,
DIHYDRO PENTAMETHYLINDANONE,33704-61-9,masking; perfuming,
METHYLOCTYL ACETALDEHYDE,19009-56-4,perfuming,
HEXAMIDINE PARABEN,,preservative,
ETHYL 2‚2-DIMETHYLHYDROCINNAMAL,67634-15-5,masking; perfuming,
CORIANDRUM SATIVUM FRUIT EXTRACT,84775-50-8,antimicrobial; flavouring; perfuming,
SEDUM TAKESIMENSE LEAF/STEM EXTRACT,,antimicrobial; skin-conditioning,
MENTHYL PHENYLACETATE,26171-78-8,perfuming,
2-OCTENAL,2363-89-5,perfuming,
NASTURTIUM OFFICINALE FLOWER/LEAF EXTRACT,84775-70-2,antiseborrhoeic; soothing; tonic,
HEXYL PROPIONATE,2445-76-3,perfuming,
ISOEUGENYL BENZOATE,4194-00-7,perfuming,
LAURYL ISOQUINOLINIUM BROMIDE,93-23-2,antimicrobial; antistatic; deodorant; surfactant,
PHENETHYL PIVALATE,67662-96-8,perfuming,
2-METHYL-5-METHYLVINYL-CYCLOHEXANOL,38049-26-2,perfuming,
CETRIMONIUM METHOSULFATE,65060-02-8,antimicrobial; antistatic; emulsifying; hair-conditioning; surfactant,
BENZONITRILE,100-47-0,perfuming,
VETIVERIA ZIZANIOIDES ROOT EXTRACT ACETYLATED,84082-84-8,perfuming,
ROSA CANINA FRUIT JUICE,84696-47-9,astringent,
2‚5-XYLENOL,95-87-4,perfuming,
ALLYL 2-METHYLBUTOXYACETATE,67634-01-9,perfuming,
EPIGALLOCATECHIN GALLATE/BIOTIN/COLLAGEN/MOUSE FIBROBLAST CONDITIONED MEDIA,,astringent,
ENKLEIA THORELII ROOT EXTRACT,,antioxidant; bleaching; skin-conditioning,
MYRTENYL ACETATE,1079-01-2,perfuming,
CINNAMOMUM CULILAWAN LEAF EXTRACT,91771-48-1,perfuming,
ANACARDOYL TRIPEPTIDE-35,,antioxidant; bleaching; skin-protecting,
DIPROPYLENE GLYCOL,110-98-5 / 25265-71-8,masking; perfuming; solvent; viscosity-controlling,
METHYL ISOPROPYL KETONE,563-80-4,perfuming,
1‚3-DIMETHYL-BICYCLOHEPTANE-2-CARBONITRILE,104516-97-4,perfuming,
ERIOPHORUM SCHEUCHZERI CALLUS EXTRACT,,antimicrobial; antioxidant; hair-conditioning; humectant; skin-protecting,
2-METHYLPENT-2-ENOIC ACID,3142-72-1,perfuming,
P-CHLOROPHENOL,106-48-9,antimicrobial,
PAEONIA SUFFRUTICOSA ROOT WATER,223747-88-4,flavouring; masking; perfuming; skin-conditioning,
SALT MINE MUD,,abrasive; absorbent; astringent; skin-conditioning,
ETHYLHEXYLBICYCLOHEPTENE DICARBOXIMIDE,113-48-4,antimicrobial,
KLUYVEROMYCES/LACTOBACILLUS/PAEONIA LACTIFLORA ROOT OIL FERMENT FILTRATE,,antioxidant; astringent; bleaching; hair-conditioning; skin-conditioning,
ALLYL PHENETHYL ETHER,14289-65-7,perfuming,
NARCISSUS TAZETTA CALLUS EXTRACT,,antimicrobial; antioxidant; skin-conditioning,
ISOMENTHONE,491-07-6,perfuming,
HYDROLYZED THUJA ORIENTALIS SEED EXTRACT,,bleaching; emollient; skin-conditioning,
SODIUM LACTATE,72-17-3 / 867-56-1,buffering; humectant; keratolytic,
CIS-DIHYDROPSEUDOIONYL ACETATE,3239-37-0,perfuming,
CITRYL CYCLOPENTANONE,68133-79-9,perfuming,
SALVIA TRILOBA LEAF OIL,,antidandruff; antimicrobial; antiplaque; flavouring; masking,
ETHYLBENZENE,100-41-4,perfuming,
DIPTEROCARPUS TURBINATUS WOOD OIL,93165-18-5,masking; perfuming,
GADI IECUR,8001-69-2,perfuming,
4-HYDROXYBENZOIC ACID,99-96-7,preservative,
TANNIC ACID,1401-55-4,astringent; masking,
SILVER SULFATE,10294-26-5,antimicrobial,
GUAIACUM OFFICINALE WOOD EXTRACT,84650-13-5,perfuming; skin-conditioning,
ZINC AZELATE HYDROXIDE,,hair-conditioning; masking; perfuming; skin-conditioning; skin-protecting; uv-absorber,
HEXAHYDRO-METHANOINDEN-5-YL ISOBUTYRATE,67634-20-2,perfuming,
COSMOS BIPINNATUS PHYTOPLACENTA EXTRACT,,antimicrobial; antioxidant; hair-conditioning; skin-protecting,
ANACARDOYL SH-PENTAPEPTIDE-39 TRIPEPTIDE-1,,antioxidant; bleaching; skin-protecting,
RHUS GLABRA BARK/BERRY/ROOT EXTRACT,90106-33-5,antiseborrhoeic; astringent; skin-conditioning,
LAVANDULA ANGUSTIFOLIA LEAF CELL EXTRACT,90063-37-9,flavouring; masking; perfuming; skin-protecting,
SYRINGALDEHYDE,104-09-6,perfuming,
THUJA PLICATA LEAF EXTRACT,94334-32-4,perfuming,
EUCALYPTUS SPECIES LEAF OIL,92502-70-0,perfuming,
IODOPROPYNYL BUTYLCARBAMATE,55406-53-6,preservative,
CADINENE,29350-73-0,perfuming,
3-OCTYL ACETATE,4864-61-3,perfuming,
DIHYDRO-4-METHYL-5-PENTYLFURANONE,33673-62-0,perfuming,
BAKUHAN,,antimicrobial; astringent; bleaching; buffering; hair-conditioning; skin-conditioning,
EMBLICA OFFICINALIS FRUIT JUICE POWDER,,astringent,
PYRUS SEROTINA CALLUS EXTRACT,,antioxidant; antiseborrhoeic; emollient; hair-conditioning; humectant; skin-conditioning; skin-protecting,
ETHYL BUTYL VALEROLACTONE,67770-79-0,perfuming; tonic,
MENTHA SPICATA CRISPA HERB EXTRACT,98561-44-5,perfuming,
RUBUS ELLIPTICUS FRUIT EXTRACT,,bleaching,
METHYL METHYL-TRIMETHYLCYCLOHEXENYL-VINYLOXIRANE-2-CARBOXYLATE,67905-40-2,perfuming,
7-METHYL-3-METHYLENE-1‚6-OCTADIENE TETRAHYDROCITRONELLOLS,92908-29-7,perfuming,
MAGNOLIA WILSONII CALLUS EXTRACT,,antimicrobial; antioxidant; hair-conditioning; skin-conditioning; skin-protecting,
ORIGANUM MAJORANA HERB OIL,84082-58-6,perfuming,
SILVER CITRATE,36701-38-9,antimicrobial; deodorant,
ACETALDEHYDE ETHYL HEXENYL ACETAL,60763-40-8,perfuming,
SEDUM ROSEA ROOT EXTRACT,92457-37-9,antioxidant; astringent; skin-conditioning,
PELARGONIUM SIDOIDES ADVENTITIOUS ROOT EXTRACT,,antimicrobial; antioxidant; humectant; skin-protecting,
DIPTEROCARPUS TURBINATUS BALSAM OIL,8030-55-5 / 93165-18-5,perfuming,
HELICHRYSUM ITALICUM CALLUS EXTRACT,,antimicrobial; hair-conditioning; humectant; skin-protecting,
CLAY MINERALS,,astringent; binding; buffering; humectant,
CYCLOOCTENYL METHYL CARBONATE,87731-18-8,perfuming,
LEUCONOSTOC/ALOE BARBADENSIS LEAF/SORBUS AUCUPARIA FRUIT FERMENT FILTRATE,,antimicrobial; hair-conditioning; nail-conditioning; skin-conditioning,
HYDROLYZED SASA VEITCHII EXTRACT,,antimicrobial; deodorant,
ALCOHOL DENAT.,,antifoaming; antimicrobial; astringent; masking; solvent; viscosity-controlling,
HEDEOMA PULEGIOIDES AMERICAN HERB OIL,98306-02-6,perfuming,
PRUNUS AMYGDALUS SATIVA KERNEL EXTRACT,90320-37-9,perfuming,
ALUMINUM SESQUICHLOROHYDRATE,11089-92-2,antiperspirant; astringent; deodorant,
ETHYL ETHYLDIMETHYLCYCLOHEXENE-1-CARBOXYLATE,57934-97-1,perfuming,
OROSTACHYS JAPONICA CALLUS EXTRACT,,antimicrobial; antioxidant; hair-conditioning; humectant; skin-protecting,
HELIOPSIS LONGIPES ROOT POWDER,,antimicrobial,
BIS-AMINOETHOXYETHANE/GUANIDINE HCL COPOLYMER,374572-91-5,antimicrobial,
ABIES SIBIRICA OIL,91697-89-1,masking; perfuming; tonic,
GAMMA-VALEROLACTONE,108-29-2,perfuming,
TRIMETHYLHEXYL FORMATE,67355-38-8,perfuming,
TRIMETHYLUNDECADIENAL,24048-13-3,perfuming,
MYROXYLON BALSAMUM BALSAM OIL,9000-64-0,perfuming,
ABIES PECTINATA NEEDLE OIL,92128-34-2,perfuming,
LACTOBACILLUS/RAPESEED LEAF/RADISH ROOT/FRUCTOSE FERMENT FILTRATE,,antimicrobial; antioxidant,
CITRUS SUNKI SEED EXTRACT,,antioxidant; bleaching; skin-conditioning,
BACILLUS/MONASCUS/SESAME SEED/SOYBEAN FERMENT FILTRATE,,antimicrobial; antioxidant; hair-conditioning; skin-conditioning; stabilising,
LAMIUM ALBUM FLOWER EXTRACT,84012-23-7,astringent; skin-conditioning,
DAMNACANTHUS MAJOR PHYTOPLACENTA EXTRACT,,antimicrobial; antioxidant; hair-conditioning; skin-conditioning,
SD ALCOHOL 37,,astringent; solvent; viscosity-controlling,
PINUS PUMILA TWIG LEAF EXTRACT,97676-05-6,perfuming,
DIMETHYLHEPTENOL,6090-15-9,perfuming,
AMMONIUM BISULFITE,10192-30-0,hair-waving-or-straightening; preservative; reducing,
DIPENTYLOXY CYCLOHEXANE,,bleaching,
RASPBERRY KETONE,5471-51-2,masking; perfuming; skin-conditioning,
PIPERLONGUMINE,20069-09-4,antioxidant; bleaching; skin-conditioning,
METHYL VANILLATE,3943-74-6,perfuming,
VANILLA PLANIFOLIA TINCTURE,8024-06-4 / 8047-24-3,perfuming,
(LEPIDIUM MEYENII/SARCODON ASPRATUS) ROOT WATER,,antioxidant; antiseborrhoeic; skin-conditioning; skin-protecting,
PORPHYRIDIUM POLYSACCHARIDE HYDROXYPROPYLTRIMONIUM CHLORIDE,,antimicrobial; antioxidant; humectant; skin-protecting,
METHYL FUROATE,611-13-2,perfuming,
ISOBUTYL LINALOOL,56105-46-5,perfuming,
CINNAMOMUM CASSIA LEAF OIL,84961-46-6 / 8007-80-5,denaturant; masking; perfuming,
HIPPOPHAE RHAMNOIDES LEAF POWDER,90106-68-6,antimicrobial; emollient; humectant; skin-conditioning,
2-ISOBUTYLQUINOLINE,93-19-6,perfuming,
SASA KURILENSIS LEAF/STEM EXTRACT,,antimicrobial; humectant,
COMMIPHORA ABYSSINICA GUM OIL,9000-45-7,perfuming,
CUPRESSUS FUNEBRIS WOOD EXTRACT,85085-29-6,perfuming,
ETHYL 2-ACETYLHEPTANOATE,24317-94-0,perfuming,
HYDROGENATED TALLOWTRIMONIUM CHLORIDE,61788-78-1,antistatic; hair-conditioning; preservative; surfactant,
KLUYVEROMYCES/LACTOBACILLUS/SESAME SEED FERMENT OIL FILTRATE,,antioxidant; bleaching; hair-conditioning; skin-conditioning; skin-protecting,
S-CENTIPEDE OLIGOPEPTIDE-1 AMIDE,,antimicrobial; skin-conditioning; skin-protecting,
METHENAMINE,100-97-0,preservative,
5-PHENYLHEX-3-EN-2-ONE,60405-50-7,perfuming,
OCTAHYDROSPIRO-DIOXOLANEMETHANOINDENE,15591-90-9,perfuming,
FENCHYL ALCOHOL,1632-73-1,perfuming,
HEXYLETHYLIDENEAMINO-BENZOATE,72968-69-5,perfuming,
MYROXYLON BALSAMUM PEREIRAE BALSAM OIL,8007-00-9,perfuming,
FERRIC GLYCEROPHOSPHATE,38455-91-3,astringent,
HYDROXYDICHLORODIPHENYL ETHER,3380-30-1,antimicrobial,
VIOLA ODORATA FLOWER WATER,90147-36-7,flavouring; masking; perfuming,
TRIMETHYLBICYCLO-2-HEPTANOL,512-13-0,perfuming,
CEREUS GRANDIFLORUS EXTRACT,8007-78-1,antioxidant; astringent; hair-conditioning; skin-conditioning,
ZINC SALICYLATE,16283-36-6,antimicrobial,
ROSA GALLICA FLOWER EXTRACT,84604-13-7,astringent; skin-conditioning; tonic,
METHYL ABIETATE,127-25-3,perfuming,
BETULA ALBA TWIG EXTRACT,84012-15-7,perfuming,
LAURYL THEOBROMA GRANDIFLORUM SEEDATE,,bleaching; emollient; skin-conditioning,
STREPTOMYCES GOUGEROTII FERMENT EXTRACT,,abrasive; antimicrobial; skin-conditioning,
HEDERA HELIX LEAF/STEM EXTRACT,84082-54-2,anticaking; antimicrobial; astringent; skin-conditioning; soothing; tonic,
DIALLYL SULPHIDE,592-88-1,perfuming,
LAVANDULA ANGUSTIFOLIA ANGUSTIFOLIA HERB OIL,84776-65-8,perfuming,
BACILLUS/COMAMONAS/LYSINIBACILLUS/NONFAT DRY MILK/HYDROLYZED SEA BREAM SCALES FERMENT FILTRATE,,antiseborrhoeic; skin-conditioning,
FORMIC ACID,64-18-6,preservative,
2‚6-DIMETHYLHEPTA-1‚5-DIENE,6709-39-3,perfuming,
ACANTHOPANAX SESSILIFLORUS BARK/HONEYSUCKLE FLOWER/(ARCTIUM LAPPA/VITEX TRIFOLIA FRUIT)/(ASTRAGALUS MEMBRANACEUS/RADISH ROOT)/CINNAMOMUM CASSIA/HORDEUM VULGARE EXTRACT,,antioxidant; antiseborrhoeic; emollient; humectant; skin-conditioning,
METHYLCYCLOTRIDECANONE,61415-11-0,perfuming,
3-METHYL-GAMMA-OCTALACTONE,39212-23-2,perfuming,
SD ALCOHOL 38-D,,astringent; solvent; viscosity-controlling,
LAVANDULA INTERMEDIA FLOWER/LEAF/STEM EXTRACT,92623-76-2,flavouring; masking; oral-care; perfuming,
BACILLUS/DIOSPYROS KAKI LEAF/SOYBEAN FERMENT EXTRACT FILTRATE,,antimicrobial; antioxidant; hair-conditioning; skin-conditioning,
GUAIACOL ACETATE,613-70-7,perfuming,
4‚8-DIMETHYL-4‚9-DECADIENAL,71077-31-1,perfuming,
POTASSIUM TROCLOSENE,2244-21-5,antimicrobial,
HYDROCINNAMYL FORMATE,104-64-3,perfuming,
HIBISCUS ABELMOSCHUS SEED OIL,84455-19-6,masking; perfuming,
NOBILETIN,478-01-3,antimicrobial; antioxidant; preservative,
GERANIUM MACRORRHIZUM HERB OIL,92347-05-2,perfuming,
LAURYL CARPOTROCHE BRASILIENSIS SEEDATE,,bleaching; emollient,
LAVANDULA LATIFOLIA HERB EXTRACT,84837-04-7,perfuming,
ISOPROPYL-BETA-METHYLCYCLOHEXANE-ETHANOL,67634-03-1,perfuming,
TRIETHOXYSILYLPROPYL STEARDIMONIUM CHLORIDE,62117-57-1,antimicrobial; cleansing; deodorant; surfactant,
ISOPROPYL OCTAHYDONAPHTHALENONE,34131-98-1,perfuming,
ETHYL DIMETHYLDIOXOLANE-2-ACETATE,6290-17-1,perfuming,
SODIUM HYDROXYMETHANE SULFONATE,870-72-4,antimicrobial; reducing,
PELARGONIUM SIDOIDES PHYTOPLACENTA EXTRACT,,antimicrobial; antioxidant; emollient; hair-conditioning; skin-conditioning,
2‚4-DIMETHYL-4-PHENYLTETRAHYDROFURAN,82461-14-1,perfuming,
STYRAX BENZOIN RESIN EXTRACT,84929-79-3,film-forming; masking; perfuming,
SCLAREOLIDE,564-20-5,masking; perfuming; skin-conditioning,
8-CYCLOHEXADECENONE,3100-36-5,perfuming,
1-ETHYLCYCLOHEXANE-1‚4-DIMETHANOL,67663-05-2,perfuming,
PROPYL GALLATE,121-79-9,antioxidant; perfuming,
CELLULASE,9037-40-5 / 9012-54-8,keratolytic; oral-care; viscosity-controlling,
LAVANDULA HYBRIDA GROSSO HERB EXTRACT,93455-97-1,perfuming,
MAGNOLOL,528-43-8,antioxidant; bleaching,
BACILLUS/HOUTTUYNIA CORDATA LEAF/SOYBEAN FERMENT FILTRATE,,bleaching; hair-conditioning; skin-protecting,
CIS-6-NON-6-ENAL,2277-19-2,perfuming,
OPOPANAX CHIRONIUM RESIN EXTRACT,93384-32-8,perfuming,
TETRAHYDRO-6-PENT-3-ENYL-PYRAN-2-ONE,32764-98-0,perfuming,
DIMETHYLOL ETHYLENE THIOUREA,15534-95-9,antimicrobial; hair-conditioning,
TETRAMETHYL ACETYLOCTAHYDRONAPHTHALENES,54464-57-2 / 54464-59-4 / 68155-66-8 / 68155-67-9,masking; perfuming; skin-conditioning,
LEUCOSIDEA SERICEA LEAF EXTRACT,,antimicrobial; antioxidant; antiseborrhoeic; emollient; skin-conditioning,
METHYL BUTYRATE,623-42-7,perfuming,
ISOPROPYLCARBONATE BENZOYL PEROXIDE,1310672-91-3,antiseborrhoeic,
TETRAHYDRONAPHTHALENE-1-ACETALDEHYDE,10484-23-8,perfuming,
3-P-CUMENYL PROPIONALDEHYDE,7775-00-0,perfuming,
CIS-3-METHYL-5-PHENYL-2-PENTENENITRILE,53243-59-7,perfuming,
SILVER CHLORIDE,7783-90-6,preservative,
COPAIFERA SPECIES RESIN OILS,9000-12-8,perfuming,
4-METHYLPENTAN-2-OL,108-11-2,perfuming,
CINNAMOSMA FRAGRANS LEAF OIL,,antimicrobial,
CEDRENE,11028-42-5,perfuming,
BUTYL BENZOATE,136-60-7,masking; preservative,
ISOPROPYLPHENYLBUTANAL,125109-85-5,masking; perfuming,
METHYL-OCTAHYDRO-DIMETHYLAZULENYLETHYL ACETATE,134-28-1,perfuming,
DIBENZYL,103-29-7,perfuming,
NERYL FORMATE,2142-94-1,perfuming,
PHENETHYL PHENOXY METHYLDIHYDROPYRROLOQUINOLINE HCL,936621-72-6,preservative,
FOENICULUM VULGARE VULGARE FRUIT EXTRACT,92623-75-1,perfuming,
SANTALUM SPICATA WOOD OIL,8024-35-9,perfuming,
COCOS NUCIFERA OIL,8001-31-8,hair-conditioning; masking; skin-conditioning; perfuming,
BUTYL ANGELATE,7785-64-0,perfuming,
FUCUS CRISPUS THALLE OIL,95009-46-4,perfuming,
P-CRESYL BENZOATE,614-34-6,perfuming,
KLUYVEROMYCES/LACTOBACILLUS/MACHILUS THUNBERGII BARK OIL FERMENT FILTRATE,,antioxidant; astringent; skin-conditioning; skin-protecting,
ACORUS GRAMINEUS ROOT/STEM/LUFFA CYLINDRICA FRUIT/CAMELLIA SINENSIS LEAF EXTRACT,,astringent; deodorant; flavouring; humectant; masking,
TRIMETHYLCYCLOHEXANEACETIC ACID,3213-73-8,perfuming,
ISOPROPYL-CYCLOHEXADIENE-ETHANOL,93941-69-6,perfuming,
TRIPEPTIDE-47,,antiseborrhoeic; skin-protecting,
OCTAHYDRODIMETHYL-2‚5-METHANO-INDENOOXIRENE,94021-60-0,perfuming,
HYDROLYZED XANTHOMONAS CAMPESTRIS POLYSACCHARIDE,,bleaching,
CALCIUM SULFATE HYDRATE,13397-24-5,abrasive; anticaking; astringent; binding; bleaching; opacifying; skin-conditioning,
D-BORNYL ISOVALERATE,76-50-6,perfuming,
CINNAMOMUM CAMPHORA LINALOOLIFERUM ROOT OIL,91745-89-0,perfuming,
BETA-SANTALYL BUTYRATE,67633-98-1,perfuming,
2-HEXANOL,626-93-7,perfuming,
LEONTOPODIUM ALPINUM FLOWER/LEAF/STEM EXTRACT,391900-47-3,astringent; skin-conditioning,
ALUMINUM ACETATE,139-12-8,antimicrobial; astringent,
ISOBUTYL BUTYRATE,539-90-2,perfuming,
ETHYLPENTYLOXYACETIC ACID,92759-90-5,perfuming,
CIS-NON-2-ENAL,60784-31-8,perfuming,
CYMBIDIUM LANCIFOLIUM EXTRACT,,antioxidant; astringent; emollient; skin-conditioning,
CINNAMOMUM CAMPHORA FORMOSANA ROOT OIL,92704-03-5,perfuming,
HEXAHYDRO-TETRAMETHYL-METHANONAPHTHALENE,1135-66-6,perfuming,
CERASTIUM ARCTICUM CALLUS CULTURE EXTRACT,,antimicrobial; antioxidant; hair-conditioning; skin-protecting,
HEXYL ISOBUTYRATE,2349-07-7,perfuming,
2-FURFURYLENEOCTANAL,67801-17-6,perfuming,
CIS-OCTAHYDRO-TRIMETHYL-4A-NAPHTHALENOL,57963-77-6,perfuming,
HYDROLYZED CROSSOSTEPHIUM CHINENSE EXTRACT,,antioxidant; antiseborrhoeic; bleaching; skin-conditioning,
RUBUS ARCTICUS CALLUS EXTRACT,,antimicrobial; antioxidant; hair-conditioning; humectant; skin-conditioning; skin-protecting,
BUTYLPHENYL METHYLPROPIONAL,80-54-6,perfuming,
BULNESIA SARMIENTOI EXTRACT,89958-10-1,perfuming,
ALLYL CINNAMATE,1866-31-5,perfuming,
P-TERT-BUTYL-ALPHA-METHYLHYDROCINNAMAL /METHYLANTHRANILATE SCHIFF BASE,91-51-0,perfuming,
LACTOBACILLUS/SACCHAROMYCES/PICHIA ANOMALA/CAMELLIA SINENSIS LEAF EXTRACT/HONEY FERMENT FILTRATE,,antioxidant; bleaching; skin-conditioning,
ALUMINUM CHLOROHYDREX PG,245090-52-2,antiperspirant; astringent; deodorant,
POLYANTHRANILIC ACID SULFATE,,antimicrobial; antioxidant,
LAVANDULA ANGUSTIFOLIA CALLUS EXTRACT,,antimicrobial; hair-conditioning; skin-conditioning; skin-protecting,
OVALICIN,19683-98-8,antidandruff; antimicrobial,
TRIPEPTIDE-51,,antimicrobial; antioxidant; astringent; humectant; skin-conditioning; skin-protecting,
BACILLUS/HIPPOPHAE RHAMNOIDES FRUIT FERMENT EXTRACT,,antimicrobial; antioxidant; emollient; skin-conditioning,
TALLOWALKONIUM CHLORIDE,61789-75-1,antistatic; preservative; surfactant,
LONICERA CAPRIFOLIUM EXTRACT,84603-62-3,astringent; masking,
LEUCONOSTOC/SALIX ALBA BARK EXTRACT FERMENT FILTRATE,,antidandruff; antimicrobial; hair-conditioning; skin-conditioning,
2‚5-DIHYDRO-4-METHYLTHIAZOL-5-ETHANOL,84041-80-5,perfuming,
ISOEUGENYL PHENYLACETATE,120-24-1,perfuming,
PIPER CUBEBA FRUIT OIL,90082-59-0,perfuming,
MEK PEROXIDES,,antimicrobial; preservative,
THIABENDAZOLE,148-79-8,antimicrobial,
DISODIUM EDTA-COPPER,14025-15-1,astringent; chelating,
CITRUS AURANTIUM DULCIS FLOWER OIL,8028-48-6,astringent; masking; skin-conditioning; tonic,
PAULOWNIA TOMENTOSA LEAF EXTRACT,,astringent; hair-conditioning; skin-conditioning; soothing,
KLUYVEROMYCES/LACTOBACILLUS/WALNUT SEED FERMENT OIL FILTRATE,,antioxidant; bleaching; hair-conditioning; skin-conditioning; skin-protecting,
THYMUS ZYGIS HERB EXTRACT,85085-75-2,perfuming,
2‚2'-THIOBIS(4-CHLOROPHENOL),97-24-5,antimicrobial,
HEXAHYDRO-METHANOINDEN-5-YL PROPIONATE,67634-24-6,perfuming,
FENCHYL ACETATE,13851-11-1,perfuming,
SACCHAROMYCES/PROPOLIS FERMENT EXTRACT,,antimicrobial; antioxidant; humectant; skin-conditioning,
CINNAMOMUM ZEYLANICUM LEAF EXTRACT,84649-98-9,perfuming,
CORNUS CONTROVERSA LEAF EXTRACT,,antioxidant; astringent; emollient; hair-conditioning; skin-conditioning,
O-CRESOL,95-48-7,antimicrobial; perfuming,
OCTYL ACETATE,112-14-1,perfuming,
TRIETHYL CITRATE,77-93-0,masking; perfuming; plasticiser,
CASTANEA CRENATA PELLICLE EXTRACT,,antioxidant; astringent; deodorant,
PHENETHYL CROTONATE,68141-20-8,perfuming,
CINNAMOMUM CULILAWAN WOOD OIL,91771-48-1,perfuming,
JUNIPERUS OXYCEDRUS WOOD OIL,90046-02-9,masking; perfuming; tonic,
4-ETHYL-6-(2‚6,90411-73-7,perfuming,
LAVANDULA HYBRIDA HERB OIL,91722-69-9,perfuming,
1-METHYLDECYL ACETATE,14936-67-5,perfuming,
1‚2-HEXANEDIYL DICAPRATE,,bleaching,
BETULA ALBA OIL,8001-88-5 / 8027-43-8,masking; perfuming,
5-CYCLOHEXADECENONE,37609-25-9,perfuming,
CITRUS BERGAMIA MELAROSA PEEL OIL EXPRESSED,92704-01-3,perfuming,
DIHYDROMYRCENE,2436-90-0,perfuming,
BETULA ALBA LEAF EXTRACT,84012-15-7,astringent; cleansing; masking; skin-conditioning; soothing; tonic,
SOLANUM LYCOPERSICUM FRUIT/LEAF/STEM EXTRACT,90131-63-8,astringent; skin-conditioning,
ARRABIDAEA CHICA LEAF/STEM EXTRACT,,antimicrobial; astringent; cosmetic-colorant; emollient; skin-conditioning,
ISOPROPYL SORBATE,44987-75-9,antimicrobial,
CEDRELA ODORATA WOOD OIL,93062-64-7,perfuming,
LINOLENIC ACID,463-40-1 -CIS-,antistatic; cleansing; emollient; hair-conditioning; perfuming; skin-conditioning; surfactant,
CIS-3-HEXENYL VALERATE,35852-46-1,perfuming,
CROTON ELUTERIA OIL,84836-99-7,perfuming,
ETHYL PHENYLACETATE,101-97-3,perfuming,
PASSIFLORA EDULIS SEED ACID,,bleaching; emulsifying,
JUNIPERUS COMMUNIS WOOD EXTRACT,84603-69-0,perfuming,
RHAMNUS PURSHIANA BARK EXTRACT,84650-55-5,perfuming; skin-conditioning; skin-protecting,
CYMBOPOGON MARTINI SOFIA HERB OIL,92704-07-9,perfuming,
HALLOYSITE,1332-58-7,absorbent; antiseborrhoeic; cosmetic-colorant; viscosity-controlling,
EUGENOL,97-53-0,denaturant; perfuming; tonic,
DECAHYDRO-4‚8,68855-38-9,perfuming,
POTASSIUM PHENOXIDE,100-67-4,antimicrobial,
PINUS HELDREICHII BARK EXTRACT,,antioxidant; bleaching; skin-protecting,
MENTHA CITRATA HERB OIL,85085-49-0,perfuming,
OCTAHYDRO-METHYL-METHANONAPHTHALENONE,41724-19-0,perfuming,
OPOPANAX CHIRONIUM RESIN STEAM-DISTILLED OIL,93384-32-8,perfuming,
ORIGANUM CRETIUM HERB OIL,91722-83-7,perfuming,
FARNESAL,19317-11-4,perfuming,
CYMBOPOGON FLEXUOSUS HERB OIL,91844-92-7,perfuming,
ANIBA ROSAEODORA ROOT EXTRACT ACETYLATED,90622-72-3,perfuming,
EMPETRUM NIGRUM FLOWER/FRUIT/LEAF EXTRACT,,abrasive; antimicrobial; antioxidant; astringent; hair-conditioning; skin-conditioning,
METHYL-METHYLCYCLOHEXENYL-ETHYL BUTYRATE,2153-28-8,perfuming,
PERILLA FRUTESCENS FLOWER OIL,90082-61-4,perfuming,
CITRUS PARADISI,93763-95-2 / 72869-73-9,perfuming,
BACILLUS/MONASCUS/BORAGO OFFICINALIS SEED/SOYBEAN FERMENT FILTRATE,,antimicrobial; antioxidant; antiseborrhoeic; emollient; skin-conditioning,
DRABA ALPINA CALLUS CULTURE EXTRACT,,antimicrobial; antioxidant; astringent; skin-protecting,
TERPINYL ISOBUTYRATE,7774-65-4,perfuming,
OCTANAL,124-13-0,perfuming,
CYCLOHEXANONE,108-94-1,perfuming; solvent,
KLUYVEROMYCES/LACTOBACILLUS/PINUS KORAIENSIS SEED OIL FERMENT FILTRATE,,antioxidant; bleaching; skin-conditioning; skin-protecting,
2‚4-DIMETHYL-3-CYCLOHEXENE CARBOXALDEHYDE,68039-49-6,masking; perfuming; tonic,
ETHYL NERYL ETHER,22882-89-9,perfuming,
OCTAHYDRO-TETRAMETHYLCYCLOPROPAZULENE,489-40-7,perfuming,
DECYL ANTHRANILATE,18189-07-6,perfuming,
2‚4-DIMETHYLCYCLOHEXYLMETHYL ACETATE,67634-22-4,perfuming,
CIS-3‚5,933-48-2,perfuming,
VACCINIUM MYRTILLUS FRUIT/LEAF EXTRACT,84082-34-8,astringent; refreshing; skin-conditioning; tonic,
AMMONIUM PHENOLSULFONATE,61886-53-1,antimicrobial; deodorant,
1-PHENYLPROPYL ACETATE,2114-29-6,perfuming,
PELARGONIUM RADULA LEAF EXTRACT ACETYLATED,94333-78-5,perfuming,
CIS-3-HEXENAL,6789-80-6,perfuming,
OROSTACHYS JAPONICA CALLUS CULTURE CONDITIONED MEDIA,,antimicrobial; antioxidant; hair-conditioning; humectant; skin-protecting,
AMMONIUM IODIDE,12027-06-4,antimicrobial,
MEA O-PHENYLPHENATE,84145-04-0,preservative,
TETRAHYDRO-DIMETHYLNAPHTHYL-PROPAN-1-ONE,74499-60-8,perfuming,
DIMETHYL-3-BUTENYL ISOBUTYRATE,80118-06-5,perfuming,
HYPOXIS HEMEROCALLIDEA BULB EXTRACT,,antimicrobial; antioxidant,
2-METHYL-1‚5-DIOXASPIROUNDECANE,6413-26-9,perfuming,
CELASTRUS ORBICULATUS BRANCH/LEAF EXTRACT,,antioxidant; bleaching,
NICOTINOYL PEG-5 TOCOPHERYL SUCCINATE,,antioxidant; antiseborrhoeic,
DIPROPYL PYRIDINEDICARBOXYLATE,136-45-8,antimicrobial,
ACORUS CALAMUS ROOT EXTRACT,84775-39-3,perfuming; skin-conditioning,
PROPYLPARABEN,94-13-3,perfuming; preservative,
ISODECYLPARABEN,,antimicrobial,
TRANS-3-METHYL-5-PHENYL-2-PENTENENITRILE,53243-60-0,perfuming,
3-HEXENYL ACETATE,1708-82-3,perfuming,
GINKGO LEAF TERPENOIDS,90045-36-6,antimicrobial; antioxidant; hair-conditioning,
ISOPROPYL 3-METHYLTHIOCROTONATE,34365-79-2,perfuming,
CHRYSANTHEMUM SIBIRICUM EXTRACT,,antimicrobial; skin-conditioning,
METHOXYISOPROPANOL,107-98-2,perfuming; solvent,
BACILLUS/MONASCUS/PISTACIA VERA FRUIT/SOYBEAN FERMENT FILTRATE,,antimicrobial; antioxidant; hair-conditioning; skin-conditioning,
TETRAHYDRO-METHYL-PROPYL-PYRAN-4-OLACETATE,131766-73-9,perfuming,
CYCLOHEXYL CYCLOPENTENEACETATE,65405-69-8,perfuming,
HEXAHYDRO-METHANOINDENE-5-YLIDENE-2-BUTANOL,105304-56-1,perfuming,
AMIDINOPROLINE,35404-57-0,humectant; masking; perfuming; skin-conditioning,
TEUPOLIOSIDE,143617-02-1,antioxidant; bleaching; chelating; skin-protecting,
VITEX NEGUNDO FLOWER/LEAF/SEED OIL,,antioxidant; antiseborrhoeic; hair-dyeing,
DIMETHYLBICYCLOHEPT-2-YLETHANONE,42370-07-0,perfuming,
SALIX BLINII LEAF EXTRACT,,antioxidant; bleaching; emollient; skin-conditioning; skin-protecting,
TRANS-2-OCTENAL,2548-87-0,perfuming,
EUGENIA CARYOPHYLLUS LEAF EXTRACT,84961-50-2,humectant; perfuming; skin-conditioning,
C12-18 FATTY ACIDS METHYL ESTERS,68937-84-8,perfuming,
3‚5,67801-32-5,perfuming,
OCTADECANE,593-45-3,emollient; perfuming; skin-conditioning; solvent,
8-METHOXY-2‚6-DIMETHYLOCT-2-ENE,55915-70-3,perfuming,
CAMELLIA SINENSIS CALLUS CULTURE EXTRACT,84650-60-2,perfuming; skin-conditioning,
4-METHYL-4-PHENYL-2-PENTANONE,7403-42-1,perfuming,
METHYLSELENO CARBOXYETHYLGLUTAMINE,,antidandruff; antimicrobial; antioxidant; hair-conditioning; skin-conditioning; skin-protecting,
ISOPROPYLMETHYLHEXENAL,35158-25-9,perfuming,
ETHYL PHENOXYACETATE,2555-49-9,perfuming,
5-METHYLFURANONE,591-12-8,perfuming,
CHLOROACETIC ACID,79-11-8,keratolytic,
TRIMETHYL-PROPYLCYCLOHEXANEPROPANOL,70788-30-6,perfuming,
3‚4-DIHYDRO-7-METHYLNAPHTHALENONE,22009-37-6,perfuming,
METHYLISOTHIAZOLINONE,2682-20-4,preservative,
TRIPEPTIDE-48,,antiseborrhoeic; skin-protecting,
IRIS PALLIDA ROOT OIL,90045-90-2,perfuming,
METHYL BENZODIOXEPINONE,28940-11-6,masking; perfuming,
MAACKIA FAURIEI STEM EXTRACT,,antimicrobial; antioxidant; hair-conditioning; skin-conditioning,
LINALYL PROPIONATE,144-39-8,perfuming,
HEPTANAL DIETHYL ACETAL,688-82-4,perfuming,
3-TERT-BUTYL-2-METHOXYPYRAZINE,24168-70-5,perfuming,
METHYL FORMYLAMINOBENZOATE,41270-80-8,perfuming,
LAPYRIUM CHLORIDE,6272-74-8,antimicrobial; antistatic,
EMPETRUM NIGRUM LEAF EXTRACT,,antimicrobial; skin-conditioning,
GLUTARAL,111-30-8,preservative,
DIMETHYL MALONATE,108-59-8,perfuming,
CARTHAMUS TINCTORIUS CALLUS EXTRACT,223749-52-8,antimicrobial; antioxidant; hair-conditioning; humectant; skin-conditioning; skin-protecting,
ETHYL ANISATE,94-30-4,perfuming,
ETHYL PELARGONATE,123-29-5,emollient; perfuming,
AESCULUS CHINENSIS EXTRACT,,astringent; tonic,
MELALEUCA ALTERNIFOLIA LEAF EXTRACT,85085-48-9,perfuming; skin-conditioning,
ALUMINUM GLYCINATE,13682-92-3 / 41354-48-7,astringent; buffering,
METHYL ALPHA-IONONE ISOMERS,1335-46-2,perfuming,
CIS-3-HEXENYL 2-METHYLBUTYRATE,53398-85-9,perfuming,
CIS,63449-64-9,perfuming,
HYDROXYBENZALDEHYDE,123-08-0,masking; perfuming,
METHYL PROPIONATE,554-12-1,perfuming,
MENTHA PIPERITA AMERICAN HERB OIL,98306-02-6,perfuming,
ETHYLHEXYL ISOBUTYRATE,35061-61-1,perfuming,
SD ALCOHOL 23-A,,astringent; solvent; viscosity-controlling,
ETHYLHEXANOL,104-76-7,perfuming,
POTASSIUM BUTYLPARABEN,38566-94-8,preservative,
ISOPROPYLBICYCLOOCTENYL METHYL KETONE,68259-33-6,perfuming,
SCHINUS TEREBINTHIFOLIA SEED EXTRACT,,astringent; skin-conditioning,
SAMBUCUS SIEBOLDIANA LEAF/STEM EXTRACT,,antioxidant; astringent; emollient,
TETRAHYDROMUGOL,41678-36-8,perfuming,
ARTEMISIA PALLENS FLOWER EXTRACT,91844-86-9,perfuming,
DIACETYLCURCUMIN,19697-86-0,antioxidant; bleaching; skin-conditioning; skin-protecting; uv-absorber,
PEG-5 DEDM HYDANTOIN OLEATE,,antimicrobial,
AMMONIUM ALUM,7784-25-0,antiperspirant; astringent,
CITRUS AURANTIFOLIA PEEL OIL DISTILLED,90063-52-8,perfuming,
SD ALCOHOL 23-H,,astringent; solvent; viscosity-controlling,
KLUYVEROMYCES/LACTOBACILLUS/SAFFLOWER SEED OIL FERMENT FILTRATE,,antioxidant; antiseborrhoeic; bleaching; hair-conditioning; skin-conditioning; skin-protecting,
ETHYL PROPIONATE,105-37-3,perfuming,
APIUM GRAVEOLENS RAPACCUM SEED OIL,89997-34-2,perfuming,
DECAHYDRO-BETA-NAPHTHYL FORMATE,10519-12-7,perfuming,
DIMETHYL-4-HEXENYL-DIHYDROFURANONE,61099-53-4,perfuming,
CITRUS AURANTIUM BERGAMIA FRUIT OIL,8007-75-8 / 68648-33-9,masking; perfuming,
TRANS-TRIMETHYLUNDECADIENAL,54082-68-7,perfuming,
PIPERLONGUMININE,5950-12-9,antimicrobial; antioxidant; skin-conditioning,
5-MELOZOL ACETATE,64001-15-6,perfuming,
3‚4-DIHYDRO-5-METHYLNAPHTHALENONE,6939-35-1,perfuming,
L-BETA-PINENE,18172-67-3,perfuming,
TRANS-TRIMETHYLDODECATETRAENAL,17909-77-2,perfuming,
ISOPROPYL TIGLATE,1733-25-1,perfuming,
ISOBORNYL ACETATE,125-12-2,masking; perfuming,
USNEA BARBATA CALLUS EXTRACT,,antimicrobial; antioxidant; humectant; skin-conditioning,
PHENETHYL METHACRYLATE,3683-12-3,perfuming,
STEARTRIMONIUM BROMIDE,1120-02-1,antistatic; hair-conditioning; preservative,
METHYL ETHYLACETOACETATE,51756-08-2,perfuming,
ISOPROPYL-ALPHA-METHYLCINNAMALDEHYDE,831-97-0,perfuming,
DIACETYL,431-03-8,perfuming,
DENDROPANAX MORBIFERUS LEAF OIL,,antioxidant; antiseborrhoeic,
ISOPROPYL-METHYLHEXENYL ACETATE,74912-37-1,perfuming,
MYRISTALKONIUM SACCHARINATE,23661-75-8,preservative,
HYDROLYZED WHEAT BRAN EXTRACT,,bleaching,
3-ETHYLPYRIDINE,536-78-7,perfuming,
AR-ETHYLPHENYLBUTYRALDEHYDE,68228-11-5,perfuming,
GLYCINE SOJA OIL,8001-22-7,emollient; perfuming; skin-conditioning,
EUCALYPTUS GLOBULUS LEAF/TWIG OIL,84625-32-1,masking; perfuming,
P-CRESYL 3-METHYLCROTONATE,24700-20-7,perfuming,
ALUMINUM CHLORIDE,7446-70-0,antiperspirant; astringent; deodorant,
ISOPROPYLCYCLOHEXENE-CARBOXYLIC ACID,71298-42-5,perfuming,
DICHLOROPHENE,97-23-4,antimicrobial; deodorant,
VERBENA OFFICINALIS LEAF ABSOLUTE,84961-67-1,perfuming,
BACCHARIS DRACUNCULIFOLIA HERB EXTRACT,94406-01-6,perfuming,
METHYL-METHYLOXOCYCLOHEXYLETHYL ETHANETHIOATE,57074-34-7,perfuming,
CEDRELA ODORATA WOOD EXTRACT,93062-64-7,perfuming,
TETRAHYDRONAPHTHALENE-1-ETHANOL,68480-12-6,perfuming,
ISATIS TINCTORIA ROOT EXTRACT,,astringent; skin-protecting,
DICTYOPHORA INDUSIATA FRUITING BODY EXTRACT,,antimicrobial; humectant; skin-conditioning,
ALUMINUM ZIRCONIUM TETRACHLOROHYDREX GLY,134910-86-4,antiperspirant; astringent; deodorant,
COMMIPHORA GILEADENSIS OIL,,antimicrobial; antioxidant; astringent; uv-filter,
CHLOROXYLENOL,88-04-0 / 1321-23-9,antimicrobial; deodorant; preservative,
RHODINYL PHENYLACETATE,10486-14-3,perfuming,
PRUNUS AMYGDALUS AMARA KERNEL COLD PRESSED OIL,90320-35-7,perfuming,
HEXAHYDRO-DIMETHYL-METHANO-INDEN-5-OL,94248-21-2,perfuming,
DIMETHYLCYCLOHEXYL 3-BUTENYL KETONE,56973-87-6,perfuming,
TETRAMETHYLHEXANAL,68391-29-7,perfuming,
DECYL ISOVALERATE,72928-48-4,perfuming,
TETRAGONIA TETRAGONOIDES EXTRACT,91723-03-4,antimicrobial; astringent; skin-conditioning,
KAZACHSTANIA/PRUNUS MUME FRUIT EXTRACT FERMENT FILTRATE,,bleaching; skin-conditioning,
MIXED IONONES,14901-07-6 / 6901-97-9 / 8013-90-9,masking; perfuming,
CARDIOSPERMUM HALICACABUM SEED EXTRACT,89958-27-0,antidandruff; antimicrobial; antiseborrhoeic; skin-conditioning,
ANGELICA ARCHANGELICA LEAF OIL,84775-41-7 / 8015-64-3,perfuming,
CRYPTOCOCCUS/HUMUS FERMENT FILTRATE,,astringent; emollient; hair-conditioning; skin-conditioning,
CITRUS AURANTIUM PEEL OIL EXPRESSED,72968-50-4,perfuming,
NICOTINOYL SH-NONAPEPTIDE-3,,bleaching; humectant; nail-conditioning; skin-protecting,
MANDELIC ACID,90-64-2,antimicrobial,
2‚4,67634-05-3,perfuming,
NICOTINOYL S-ALLYLCYSTEINE,,bleaching,
PHENETHYL METHYL ETHYL CARBINYL ACETATE,72007-81-9,perfuming,
DIHYDROCARVEOL,619-01-2,perfuming,
2-OLEAMIDO-1‚3,1319128-52-3,antidandruff; antiseborrhoeic; hair-conditioning; skin-conditioning,
METHYLENEDIOXYPHENYL DIHYDROXYBENZAMIDE,,antioxidant; bleaching; skin-protecting,
BETULA PENDULA TWIG EXTRACT,85940-29-0,perfuming,
MYRCENYL ACETATE,1118-39-4,perfuming,
TETRAHYDROMYRCENYL ACETATE,68480-08-0,perfuming,
PEUMUS BOLDUS LEAF OIL,84649-96-7,antidandruff; perfuming,
RESVERATRYL TRICAPRYLATE,,antioxidant; bleaching; skin-conditioning,
6-DIETHOXYMETHYL-HEXAHYDRO-METHANO-1H-INDENE,67633-93-6,perfuming,
ISOPROPYL-METHYLPHENETOLE,4732-13-2,perfuming,
P-ISOPROPYLPHENYL METHYL KETONE,645-13-6,perfuming,
TRIMETHYLBICYCLO-4-HEPTEN-3-YLMETHANOL,15103-32-9,perfuming,
MENTHA VIRIDIS LEAF OIL,84696-51-5 / 8008-79-5,astringent; masking; skin-conditioning,
TRIMETHYL-6-THIABICYCLOOCTANE,68398-18-5,perfuming,
INDOLE,120-72-9,perfuming,
CITRUS AURANTIUM LEAF OIL,72968-50-4,perfuming,
POTASSIUM O-PHENYLPHENATE,13707-65-8,preservative,
2‚4-DIMETHYL CYCLOHEXENECARBONITRILE,66848-41-7,perfuming,
3-BUTYL-4-METHYLPHENYL METHYL KETONE,67663-03-0,perfuming,
ETHYL CITRAL,41448-29-7,perfuming,
GERANIAL,141-27-5,perfuming,
ALUMINUM BROMOHYDRATE,39431-98-6,antiperspirant; astringent; deodorant,
CINNAMOMUM CASSIA BARK/SYZGIUM AROMATICUM BUD/ROSMARINUS OFFICINALIS LEAF/THYMUS VULGARIS LEAF WATER,,antimicrobial; antioxidant; antiplaque; antiseborrhoeic,
2-ETHYLBUTYL CYCLOPENT-2-ENEACETATE,94278-39-4,perfuming,
BENZYL FORMATE,104-57-4,perfuming,
ETHYL-3AALPHA,80623-07-0,perfuming,
OXACYCLOHEXADECENONE,34902-57-3,masking; perfuming,
POLYGONUM MULTIFLORUM ROOT WATER,,flavouring; masking; perfuming; skin-conditioning,
TRIS(N-HYDROXYETHYL) HEXAHYDROTRIAZINE,4719-04-4,preservative,
CYMBOPOGON NARDUS HERB OIL,89998-15-2,perfuming,
AMYL SALICYLATE,2050-08-0,perfuming; skin-conditioning,
HEXENYLDIHYDROMETHYLFURANONE,70851-61-5,perfuming,
METHYL PALMITATE,112-39-0,emollient; perfuming; skin-conditioning,
CARUM PETROSELINUM HERB EXTRACT,84012-33-9,perfuming,
METHYLTHIAZOLYL-ETHANOL,137-00-8,perfuming,
DAUCUS CAROTA SATIVA LEAF/STEM EXTRACT,,antimicrobial; deodorant; skin-conditioning,
ISOPROPYL-METHYLCYCLOHEXYL TIGLATE,67801-23-4,perfuming,
ALPHA-IONONE,127-41-3,perfuming,
SODIUM PROPIONATE,137-40-6,preservative,
TETRAMETHYLNONA-6‚8-DIEN-3-ONE,81782-89-0,perfuming,
COLLINSONIA CANADENSIS EXTRACT,89997-84-2 / 8006-46-0,astringent,
CYCLOHEXYL PHENETHYL ETHER,80858-47-5,perfuming,
BETULA PAPYRIFERA BARK EXTRACT,,antimicrobial; antioxidant; bleaching; skin-conditioning; skin-protecting,
2-METHYL-4-(2‚2,28219-60-5,perfuming,
MYROCARPUS FASTIGIATUS WOOD OIL,91722-93-9,perfuming,
CIVETONE,542-46-1,perfuming,
POTASSIUM PROPIONATE,327-62-8,preservative,
SMILAX CHINA FRUIT EXTRACT,90131-09-2,antimicrobial; antioxidant; astringent; emollient; hair-conditioning,
CHRYSANTHELLUM INDICUM FLOWER WATER,,antimicrobial; antioxidant; astringent; emollient; skin-conditioning; skin-protecting,
SALVIA LAVANDULIFOLIA HERB OIL,90106-49-3,perfuming,
CITRUS SPECIES PEEL OIL EXPRESSED,94266-47-4,perfuming,
LEVULINIC ACID,123-76-2,perfuming; skin-conditioning,
AMYRIS BALSAMIFERA OIL ACETYLATED,83863-22-3,perfuming,
PEG OLEATE,9004-98-2 -generic-,perfuming,
PELARGONIUM GRAVEOLENS LEAF EXTRACT SAPONIFIED,94333-77-4,perfuming,
DIMETHYL-3-CYCLOHEXENE-1-CARBALDEHYDE,27939-60-2,perfuming,
ARTEMISIA PALLENS HERB OIL,91844-86-9,perfuming,
DIMETHYL-7-OCTENE-1‚6-DIOL,22460-95-3,perfuming,
HYDROLYZED WALNUT EXTRACT,,antioxidant; astringent; hair-conditioning; skin-conditioning,
AMYL VALERATE,2173-56-0,perfuming,
N-HEPTADECANE,629-78-7,perfuming,
MAGNOLIA GLAUCA FLOWER WATER,93062-76-1,masking; perfuming,
METHYL TRIMETHYLHEXYLIDENE-AMINOBENZOATE,67801-42-7,perfuming,
KALANCHOE SPATHULATA EXTRACT,,antioxidant; bleaching; skin-conditioning,
SD ALCOHOL 38-B,,astringent; solvent; viscosity-controlling,
FERULA GALBANIFLUA GUM,93165-40-3,perfuming,
SODIUM SILVER THIOCTOYL HYALURONATE,,antimicrobial; antiseborrhoeic; skin-conditioning,
TETRAHYDRO-TRIMETHYL-VINYL-PYRAN,13837-56-4,perfuming,
MAGNESIUM PROPIONATE,557-27-7,preservative,
GARCINIA CAMBOGIA PEEL EXTRACT,90045-23-1,astringent,
ABIES PECTINATA NEEDLE EXTRACT,92128-34-2,perfuming,
TRANEXAMOYL DIPEPTIDE-22,,bleaching,
CYCLODODECANAL DIMETHYL ACETAL,950-33-4,perfuming,
POTASSIUM ETHYLPARABEN,36457-19-9,preservative,
HEXYL SALICYLATE HEXYL ETHER,111222-71-0,bleaching,
METHYL NONYLENATE,111-79-5,perfuming,
ISOPROPYL MYRISTATE,110-27-0,binding; emollient; masking; perfuming,
CITRUS UNSHIU/CITRUS RETICULATA/CITRUS IYO FRUIT WATER,,masking; perfuming,
ARTEMISIA VULGARIS HERB EXTRACT,84775-45-1,perfuming,
OCTYL 2-BUTENOATE,22874-79-9,perfuming,
LINALYLFORMATE,115-99-1,perfuming,
AMMONIUM ACRYLATES/VINYL IMIDAZOLE COPOLYMER,,antimicrobial,
CAPRYLOYL SARCOSINE,2421-32-1,antiseborrhoeic; preservative,
LABISIA PUMILA LEAF/ROOT EXTRACT,,antioxidant; astringent; skin-protecting,
TETRAHYDRO-METHYL-METHYLPROPYL)-PYRAN-4-OL,63500-71-0,perfuming,
CEDRUS ATLANTICA BARK OIL,92201-55-3 / 8000-27-9,masking; perfuming; skin-conditioning,
LAURUS NOBILIS FLOWER/LEAF/STEM WATER,84603-73-6,masking; perfuming,
BETULA ALBA JUICE,84012-15-7,astringent; tonic,
DIMETHYLOL GLYCOL,3586-55-8,antimicrobial,
THUJA OCCIDENTALIS STEM EXTRACT,90131-58-1,perfuming,
DIMETHYL-5-HEXENYL ACETATE,38228-51-2,perfuming,
5-ETHYLIDENEBICYCLOHEPT-2-YL PROPIONATE,73347-77-0,perfuming,
ANETHUM GRAVEOLENS SEED OIL,90028-03-8 / 8006-75-5,perfuming,
MALUS BACCATA CALLUS CULTURE EXTRACT,,antimicrobial; antioxidant; skin-conditioning; skin-protecting,
2‚6-DIMETHYLHEPTANOL,13254-34-7,perfuming,
GERANYL BUTYRATE,106-29-6,perfuming,
CAPRYLOYL TETRAPEPTIDE-60 NORLEUCYL TYROSYL D-METHIONINE,,antimicrobial; antioxidant; antiseborrhoeic; skin-conditioning,
8-ISOPROPYL-6-METHYLBICYCLOOCTENYL-DIOXOLANE,68901-32-6,perfuming,
MIRABILIS JALAPA FLOWER EXTRACT,91722-88-2,antimicrobial; antioxidant; astringent; emollient; skin-protecting,
M-CRESOL,108-39-4,antimicrobial; perfuming,
PHENETHYL ANTHRANILATE,133-18-6,perfuming,
PELARGONIC ACID,112-05-0,cleansing; emulsifying; masking; perfuming,
MYROXYLON BALSAMUM BALSAM EXTRACT,9000-64-0,perfuming,
LINALYL BENZOATE,126-64-7,perfuming,
CINNAMYL PHENYLACETATE,7492-65-1,perfuming,
METHOXY-TETRAMETHYL-CYCLOHEXENYL METHYL KETONE,16556-48-2,perfuming,
2‚6-DIMETHYLPYRAZINE,108-50-9,perfuming,
MENTHA PIPERITA FLOWER/LEAF/STEM EXTRACT,84082-70-2,flavouring; masking; perfuming; skin-conditioning,
CIS-3-HEXENYL ACETATE,3681-71-8,perfuming,
ABIES ALBA LEAF CERA,90028-76-5,perfuming; skin-conditioning; skin-protecting,
TRIDECENAL,7774-82-5,perfuming,
POLIANTHES TUBEROSA FLOWER EXTRACT,94334-35-7,perfuming,
ALUMINUM HYDROXIDE OXIDE,11139-78-9,antimicrobial; astringent; skin-conditioning; skin-protecting,
ISOBUTYLQUINOLINE ISOMERS,1333-58-0,perfuming,
CINNAMIC ACID,140-10-3 / 621-82-9,perfuming; skin-conditioning,
BETA-IONOL,22029-76-1,perfuming,
POTASSIUM METABISULFITE,16731-55-8 / 4429-42-9,hair-waving-or-straightening; preservative; reducing,
ETHYL NICOTINATE,614-18-6,perfuming; skin-conditioning,
TEPYL ACETATE,38285-49-3,perfuming,
LESPEDEZA CYRTOBOTRYA EXTRACT,,antifoaming; antimicrobial; antioxidant; humectant; skin-conditioning; skin-protecting,
HYDROCINNAMYL ISOBUTYRATE,103-58-2,perfuming,
ETHYL PHENETHYL ACETAL,2556-10-7,perfuming,
3‚3-DIMETHYL-1‚5-DIOXASPIRO-UNDECANE,707-29-9,perfuming,
DODECAHYDRO-TETRAMETHYLNAPHTHOFURAN,3738-00-9 / 6790-58-5,perfuming,
ISOPROPYL OCTANOATE,5458-59-3,perfuming,
METHYLUNDECANAL,110-41-8,perfuming,
ISOAMYL GERANATE,68133-73-3,perfuming,
ISOVALERIC ACID,503-74-2,perfuming,
OXYQUINOLINE SULFATE,134-31-6,antimicrobial; emulsion-stabilising,
PHLORETIN,60-82-2,antioxidant; antiseborrhoeic,
NARDOSTACHYS JATAMANSI OIL,90064-28-1,perfuming,
CITRUS NOBILIS PEEL OIL EXPRESSED,84929-38-4,perfuming,
PINUS SYLVESTRIS TWIG LEAF EXTRACT,84012-35-1,perfuming,
TETRAMETHYL-3-CYCLOHEXENE-1-METHYL FORMATE,63649-51-4,perfuming,
PANAX GINSENG MERISTEM CELL CULTURE,,antimicrobial; antioxidant; skin-conditioning,
TRIMETHYLDODECATRIEN-3-YL ACETATE,2306-78-7,perfuming,
TRIMETHYL-1‚3-CYCLOHEXADIENYLBUTAN-2-ONE,20483-36-7,perfuming,
PINUS PINASTER TWIG LEAF EXTRACT,90082-75-0,perfuming,
RHODOPSEUDOMONAS,,bleaching; skin-conditioning,
ZINC DIBUTYLDITHIOCARBAMATE,136-23-2,antimicrobial; antioxidant,
BETULA ALBA BARK EXTRACT,84012-15-7,flavouring; masking; perfuming,
KLUYVEROMYCES/LACTOBACILLUS/ZIZYPHUS JUJUBA FRUIT OIL FERMENT FILTRATE,,antioxidant; astringent; hair-conditioning; skin-conditioning,
NERAL,106-26-3,perfuming,
ANIBA ROSAEODORA AMAZONICA WOOD EXTRACT,93685-34-8,perfuming,
DIPTERYX ODORATA BEAN EXTRACT,90028-06-1,masking; perfuming,
3-METHYLCYCLOPENTADECANOL,62151-56-8,perfuming,
ISOCAMPHENYL CYCLOHEXANOL MIXED ISOMERS,66068-84-6,perfuming,
ABIES BALSAMEA EXTRACT,85085-34-3,film-forming; hair-conditioning; perfuming,
COMMIPHORA WILDII OIL,1082996-27-7,masking; perfuming,
GERANIOL,106-24-1,perfuming; tonic,
2‚4-XYLENOL,105-67-9,perfuming,
BENZETHONIUM CHLORIDE,121-54-0,antimicrobial; deodorant; preservative; surfactant,
ISOPROPYL-CYCLOHEXANE-ACETALDEHYDE,93981-63-6,perfuming,
QUERCUS SALICINA STEM EXTRACT,,antimicrobial; antioxidant; astringent; emollient; hair-conditioning,
ETHYL CROTONATE,10544-63-5,perfuming,
METHYL DI-T-BUTYL HYDROXYHYDROCINNAMATE,6386-38-5,antioxidant; perfuming,
THIOACETANILIDE,637-53-6,antioxidant; bleaching,
BACILLUS/MONASCUS/ABELMOSCHUS ESCULENTUS SPROUT/RICE BRAN FERMENT FILTRATE,,antiseborrhoeic; humectant; skin-conditioning; stabilising,
ISOPROPYLPARABEN,4191-73-5,preservative,
OCTAHYDRO-8‚8-DIMETHYLNAPHTHALENE-2-CARBONITRILE,72928-51-9,perfuming,
TRANS-ROSE KETONE-2,23726-91-2,perfuming,
METHYL HYDRATROPALDEHYDE,99-72-9,perfuming,
LINALYL METHYL ETHER,60763-44-2,perfuming,
CYNARA SCOLYMUS LEAF/ROOT POWDER,,bleaching; humectant,
PYROLIGNEOUS ACIDS ETHYL ESTERS,8030-89-5,perfuming,
CUCUMIS MELO CANTALUPENSIS FRUIT EXTRACT,90063-94-8,astringent; skin-conditioning,
SCIADOPITYS VERTICILLATA ROOT EXTRACT,,antidandruff; antimicrobial; antistatic; skin-conditioning,
AMYL ALCOHOL,71-41-0,perfuming,
CITRUS AURANTIUM DULCIS PEEL OIL EXPRESSED,8028-48-6,perfuming,
CYCLOHEXYL ACETATE,622-45-7,perfuming,
LEVISTICUM OFFICINALE LEAF EXTRACT,84837-06-9,perfuming; skin-conditioning,
TERPINOLENE,586-62-9,perfuming,
SODIUM CITRONELLATE,757245-27-5,antidandruff; antimicrobial; masking,
2-TERT-BUTYL-4-METHYLCYCLOHEXANOL,67634-11-1,perfuming,
CITRUS AURANTIUM BERGAMIA LEAF EXTRACT,89957-91-5,astringent,
METHYL DECYLIDENEAMINOBENZOATE,67874-67-3,perfuming,
ONONIS SPINOSA ROOT EXTRACT,84775-89-3,antiseborrhoeic; soothing,
BIOTINOYL TRIPEPTIDE-35,,antimicrobial; antioxidant; antiseborrhoeic; hair-conditioning,
THYMUS PRAECOX EXTRACT,,antimicrobial,
OZONIZED POLYSORBATE 80,,antimicrobial; cleansing; surfactant,
DIMETHYL SULPHIDE,75-18-3,perfuming,
CAMPHOR BENZALKONIUM METHOSULFATE,52793-97-2,antimicrobial; antistatic; uv-absorber; uv-filter,
ANGELICA ARCHANGELICA ROOT OIL,84775-41-7 / 8015-64-3,masking; perfuming; tonic,
PELARGONIUM CRISPUM STEM OIL,90082-46-5,perfuming,
FURFURYL VALERATE,36701-01-6,perfuming,
ASPERGILLUS/ZIZANIA LATIFOLIA LEAF/OROSTACHYS JAPONICA/SCUTELLARIA BAICALENSIS EXTRACT FERMENT FILTRATE,,antiseborrhoeic,
MENTHA SPICATA CRISPATA HERB EXTRACT,91770-68-2,perfuming,
2‚7-DIMETHYL-5-OCTEN-4-ONE,68419-46-5,perfuming,
METHYLFURFURAL,620-02-0,perfuming,
DACRYDIUM FRANKLINI WOOD OIL,94334-02-8,perfuming,
ORMENIS MULTICAULIS FLOWER EXTRACT,92202-02-3,perfuming,
O-CRESYL ACETATE,533-18-6,perfuming,
4-T-BUTYLBENZOIC ACID,98-73-7,antimicrobial; masking,
ALUMINUM CALCIUM MAGNESIUM POTASSIUM SODIUM ZINC SILICATES,,antimicrobial,
GERANIC ACID,459-80-3,perfuming,
OCIMUM CANUM HERB OIL,90082-13-6,perfuming,
COMMIPHORA ERYTHREA GLABRESCENS GUM EXTRACT,93686-00-1 / 100084-96-6,perfuming,
BETA-IONONE,14901-07-6,perfuming,
ETHYL PALMITATE,628-97-7,emollient; perfuming,
ACETALDEHYDE ETHYL HEXYL ACETAL,54484-73-0,perfuming,
SODIUM CAPROYLETHYLFORMYL BENZENESULFONATE,720697-37-0,antimicrobial; oxidising,
SAPINDUS MUKOROSSI FRUIT FERMENT EXTRACT,,antimicrobial; antiseborrhoeic; skin-conditioning,
GLYCINE MAX PHYTOPLACENTA EXTRACT,,antimicrobial; antioxidant; hair-conditioning; humectant; skin-protecting,
MEK,78-93-3,perfuming; solvent,
ALLYL PHENYLACETATE,1797-74-6,perfuming,
2‚2-DIMETHYL-3-PHENYLPROPIONALDEHYDE,1009-62-7,perfuming,
C12-15 PARETH-3 BENZOATE,,antimicrobial; emollient; skin-conditioning,
A-CAMPHORENE,532-87-6,perfuming,
2-PROPANOL/BORON TRIFLUORIDE/ETHYLIDENEBICYCLOHEPTENE,90530-04-4,perfuming,
CIS-3-HEXENYL PHENYLACETATE,42436-07-7,perfuming,
OCTAHYDRO-TRIMETHYLSPIRO-METHANOAZULENE-6‚2'-OXIRANE,22037-88-3,perfuming,
GALACTOSYL SALICYLATE,1261353-24-5,antiseborrhoeic; skin-conditioning,
METHYL DODECYLIDENEAMINOBENZOATE,67924-14-5,perfuming,
7-METHYL-3-METHYLENE-1‚6-OCTADIENE ACETYLATED,68412-04-4,perfuming,
L-ALLO-OCIMENOL,126-90-9,perfuming,
DECAHYDRO-METHANOBENZO-CYCLOOCTENONE,22690-27-3,perfuming,
PINUS SYLVESTRIS CONE EXTRACT,84012-35-1 / 94266-48-5,masking; perfuming,
PENTAPEPTIDE-61,,antimicrobial; humectant; skin-conditioning; skin-protecting,
THEOBROMA GRANDIFLORUM FRUIT JUICE,906348-18-3,antioxidant; humectant; masking; perfuming,
PINUS NIGRA BUD/NEEDLE EXTRACT,90082-74-9,antimicrobial; antioxidant,
PINUS MUGO PUMILIO TWIG LEAF OIL,90082-73-8,perfuming,
BUTYL LAEVULINATE,2052-15-5,perfuming,
METHYL PELARGONATE,1731-84-6,emollient; perfuming; skin-conditioning,
POTERIUM OFFICINALE ROOT EXTRACT,84787-71-3,antimicrobial; tonic,
STYRAX TONKINENSIS RESIN OIL,9000-72-0 / 84012-39-5,perfuming,
MELALEUCA LEUCADENDRON CAJUPUTI LEAF EXTRACT,85480-37-1,perfuming,
CRESYL ACETATE,140-39-6,perfuming,
AMYL ISOBUTYRATE,2445-72-9,perfuming,
OCIMUM AMERICANUM LEAF OIL,91845-26-0; 1193393-25-7,masking; perfuming,
ANETHUM SOWA SEED OIL,84775-84-8,perfuming,
BENZALKONIUM CHLORIDE,63449-41-2 / 68391-01-5 / 68424-85-1 / 85409-22-9,antimicrobial; antistatic; deodorant; preservative; surfactant,
LAVANDULA HYBRIDA ABRIAL HERB EXTRACT,93455-96-0,perfuming,
D-TRIMETHYL-3-CYCLOHEXENE-1-METHANOL,7785-53-7,perfuming,
HYDROXY OXOBENZOXATHIOL,,astringent,
METHYL METHYLUNDECYLIDENE-AMINOBENZOATE,67800-80-0,perfuming,
METHYLBICYCLOHEPTYLPROPYL ACETATE,94201-28-2,perfuming,
DIHYDROGERANYL TIGLATE,24717-85-9,perfuming,
P-CRESYL METHYLETHER,104-93-8,perfuming,
PISUM SATIVUM PHYTOPLACENTA EXTRACT,,antimicrobial; antioxidant; humectant; skin-conditioning; skin-protecting,
2-TERT-BUTYL-5-METHYLANISOLE,88-40-4,perfuming,
OCIMUM CANUM HERB EXTRACT,90082-13-6,perfuming,
CITRUS GRANDIS SEED EXTRACT,90045-43-5 / 8016-20-4,astringent; perfuming; skin-conditioning; tonic,
ROSE KETONE-4,23696-85-7,perfuming,
NARCISSUS POETICUS FLOWER EXTRACT,90064-26-9,perfuming; tonic,
TRIMETHYLTRICYCLODODECANOL,472-97-9,perfuming,
CEDRUS ATLANTICA BARK WATER,92201-55-3,perfuming; skin-conditioning,
ISOPROPYL-METHYL-PYRANONE,50405-95-3,perfuming,
QUERCUS INFECTORIA FRUIT EXTRACT,93165-57-2,antioxidant; astringent; tonic,
ALLYL 3‚5,71500-37-3,perfuming,
3-ETHYLPHENOL,620-17-7,perfuming,
BORONIA MEGASTIGMA FLOWER OIL,91771-36-7,perfuming,
NICOTINALDEHYDE,500-22-1,antimicrobial,
CINNAMOMUM CAMPHORA LINALOOLIFERUM ROOT EXTRACT,91745-89-0,perfuming,
GERANYL CROTONATE,56172-46-4,perfuming,
CITRONELLYL ISOBUTYRATE,97-89-2,perfuming,
DISODIUM TETRAHYDROXY ETHYLDISULFATE,1523084-42-5,antimicrobial,
ETHYLTRIMETHYL-3-CYCLOPENTEN-1-ACETATE,81907-73-5,perfuming,
PIROCTONE OLAMINE,68890-66-4,preservative,
QUATERNIUM-15,4080-31-3 / 51229-78-8,preservative,
KLUYVEROMYCES/LACTOBACILLUS/ARTEMISIA PRINCEPS LEAF OIL FERMENT FILTRATE,,antimicrobial; antioxidant; astringent; bleaching; hair-conditioning; masking; skin-conditioning,
TRICYCLODECANE-4‚8-DIMETHANOL,26896-48-0,perfuming,
ALOE SPECIES RESIN,84837-08-1,perfuming,
HEXAHYDRO-TETRAMETHYLMETHANONAPHTHALEN-8-ONE,29461-13-0,perfuming,
ETHYL CINNAMATE,103-36-6,perfuming; uv-absorber,
PYRUS SORBUS BUD EXTRACT,90131-20-7,astringent; skin-conditioning,
2-METHYL-3-BUTEN-2-OL,115-18-4,perfuming,
CINNAMOMUM CAMPHORA PHYTOPLACENTA EXTRACT,,antimicrobial; antioxidant; hair-conditioning; humectant; skin-conditioning; skin-protecting,
MENTHA CARDIACA HERB EXTRACT,91770-24-0,perfuming,
SACCHAROMYCES/RUBUS ARCTICUS CALLUS LYSATE FERMENT EXTRACT FILTRATE,,antimicrobial; antioxidant; emollient; hair-conditioning; humectant; skin-protecting,
VIOLA MANDSHURICA FLOWER EXTRACT,,antioxidant; astringent,
PERILLYL ALCOHOL,536-59-4,antimicrobial; antioxidant; masking; perfuming; skin-protecting,
2-T-BUTYLCYCLOHEXYL ACETATE,88-41-5,masking; perfuming,
MIMOSA PUDICA FLOWER WATER,92201-96-2,flavouring; masking; perfuming; skin-conditioning,
CITRUS JUNOS FRUIT OIL,,flavouring; masking; perfuming,
ETHYL P-CRESYLCARBONATE,22719-81-9,perfuming,
PHENYL MERCURIC BENZOATE,94-43-9,preservative,
ILEX PARAGUARIENSIS LEAF EXTRACT,73296-98-7,hair-conditioning; perfuming; skin-conditioning,
HEXAHYDRO-METHANOINDENYL FORMATE,68683-22-7,perfuming,
METHYL PYRAZINYL KETONE,22047-25-2,perfuming,
AMMONIUM PERSULFATE,7727-54-0,bleaching; oxidising,
BETA-CARYOPHYLLENE,87-44-5,masking; perfuming; skin-conditioning,
PVP-HYDROGEN PEROXIDE,135927-36-5,astringent; oral-care; oxidising,
SODIUM TRICHLOROACETATE,650-51-1,antimicrobial,
PENTAMETHYL-2-HEPTANOL,87118-95-4,perfuming,
SOYTRIMONIUM CHLORIDE,61790-41-8,antistatic; emulsifying; hair-conditioning; preservative; surfactant,
ICARISIDE II,113558-15-9,antioxidant; bleaching; emollient; skin-conditioning; skin-protecting,
HEXADEC-7-EN-16-OLIDE,123-69-3,perfuming,
TEA-SORBATE,,antimicrobial; preservative,
DIHYDROCITRONELLYL ACETATE,20780-49-8,perfuming,
LITSEA CUBEBA FRUIT OIL,68855-99-2 / 90063-59-5,masking; perfuming; tonic,
POLYQUATERNIUM-42,,antimicrobial,
DECYLOXYACETALDEHYDE,72894-07-6,perfuming,
EVERNIA PRUNASTRI EXTRACT,90028-68-5 / 9000-50-4 / 68917-10-2,perfuming,
C12-15 ALKYL BENZOATE,68411-27-8,antimicrobial; emollient; skin-conditioning,
CYCLOTETRADECANONE,3603-99-4,perfuming,
LOLIUM PERENNE FRUIT OIL,90063-63-1,perfuming,
PHYTOSTERYL RICE BRANATE,,astringent; emollient; hair-conditioning; humectant; skin-protecting,
ADAMANTANYL TRIHYDROXYBENZAMIDE,,antioxidant; bleaching; skin-protecting,
ISODON INFLEXUS BRANCH/LEAF EXTRACT,,bleaching,
BUTYL UNDECENOATE,109-42-2,perfuming,
CAMELLIA SINENSIS LEAF POLYSACCHARIDE,,antimicrobial; antioxidant; astringent,
ISONONYL ALCOHOL,27458-94-2,perfuming,
NICOTINOYL SH-PENTAPEPTIDE-4,,bleaching; humectant; skin-conditioning; skin-protecting,
PINUS CEMBRA TWIG LEAF OIL,92202-04-5,perfuming,
CITRONELLAL DIMETHYL ACETAL,923-69-3,perfuming,
2-O-CRESYLETHANOL,19819-98-8,perfuming,
UNDECYL RHAMNOSIDE,,antiseborrhoeic,
PYRIDOXINE SALICYLATE,,antioxidant; astringent; skin-conditioning,
ETHYL O-ANISATE,7335-26-4,perfuming,
ANISOLE,100-66-3,perfuming,
PELARGONIUM ROSEUM LEAF EXTRACT,90082-55-6,perfuming,
KAZACHSTANIA/CITRUS JUNOS FRUIT EXTRACT FERMENT FILTRATE,,bleaching; skin-conditioning,
HEPTYLIDENE DIACETATE,56438-09-6,perfuming,
ETHYL 3-HYDROXYHEXANOATE,2305-25-1,perfuming,
FICUS BENGHALENSIS BARK/BUD EXTRACT,,preservative,
CITRUS PARADISI M. PEEL OIL EXPRESSED,90045-43-5,perfuming,
THUJOPSIS DOLABRATA LEAF EXTRACT,91722-39-3,perfuming,
TRANS-2-HEXENYL ISOVALERATE,68698-59-9,perfuming,
LACTOBACILLUS/LEDUM PALUSTRE/ARTEMISIA CAPILLARIS/HOUTTUYNIA CORDATA/SAURURUS CHINENSIS LEAF EXTRACT FERMENT FILTRATE,,antimicrobial; antioxidant; skin-conditioning,
TRICLOCARBAN,101-20-2,deodorant; preservative,
GERANYL HEXANOATE,10032-02-7,perfuming,
TRANS-2-HEXENYL HEXANOATE,53398-86-0,perfuming,
BETULA PUBESCENS TWIG EXTRACT,91745-85-6,perfuming,
METHYLCINNAMONITRILE,1197-33-7,perfuming,
M-CRESYL ACETATE,122-46-3,perfuming,
FARNESOL,4602-84-0,deodorant; perfuming,
P-CRESYL ISOBUTYRATE,103-93-5,perfuming,
RHODINYL ISOBUTYRATE,138-23-8,perfuming,
NONAN-2-ONE,821-55-6,perfuming,
BIFIDA/PANAX GINSENG ROOT CELL CULTURE EXTRACT FERMENT FILTRATE,,antimicrobial; antioxidant; astringent; hair-conditioning; nail-conditioning; oral-care; skin-conditioning; skin-protecting,
IRIS PSEUDACORUS ROOT EXTRACT,90045-91-3,perfuming,
TRIDECANAL,10486-19-8,perfuming,
CLOFLUCARBAN,369-77-7,antimicrobial; deodorant,
KLUYVEROMYCES/LACTOBACILLUS/CAMELLIA JAPONICA SEED OIL/CAMPHOR BARK EXTRACT FERMENT FILTRATE,,antimicrobial; antioxidant; bleaching; hair-conditioning; skin-conditioning,
MYRICA CERIFERA FRUIT/BARK EXTRACT,84929-34-0,astringent,
ARTEMISIA MARITIMA HERB OIL,89957-63-1,perfuming,
4-METHYL-7-GERANYLOXYCOUMARIN,50542-90-0,perfuming,
ISOPROPYL BENZOATE,939-48-0,perfuming; preservative,
CETEARTRIMONIUM CHLORIDE,68002-62-0,antistatic; hair-conditioning; preservative,
FERROUS SULFATE,7720-78-7,astringent,
TRANS-2-METHYL-4-PROPYL-1‚3-OXATHIANE,59324-17-3,perfuming,
CINNAMYL ISOVALERATE,140-27-2,perfuming,
CETETHYLDIMONIUM BROMIDE,124-03-8,antimicrobial; antistatic; emulsifying; surfactant,
LINALOOL DIHYDROEPOXIDE,1365-19-1,perfuming,
LEUCONOSTOC FERMENT FILTRATE,,antidandruff; antimicrobial; hair-conditioning; skin-conditioning,
FOENICULUM VULGARE CAPILLACEUM FRUIT OIL,92347-02-9,perfuming,
PHALAENOPSIS CHARM SUN BIG RED ROBE FLOWER EXTRACT,,antimicrobial; antioxidant; skin-conditioning; skin-protecting,
HELICHRYSUM ITALICUM FLOWER OIL,90045-56-0,masking; perfuming,
VETIVERIA ZIZANOIDES ROOT EXTRACT,84238-29-9,perfuming; skin-conditioning,
INDOLYL-TRIMETHYLINDOLE-1-HEPTANOL,67801-36-9,perfuming,
PINUS CEMBRA TWIG LEAF EXTRACT ACETYLATED,94334-26-6,perfuming,
SODIUM ISOBUTYLPARABEN,84930-15-4,antimicrobial,
ETHOXY-METHOXYMETHYL-PHENOL,5595-79-9,perfuming,
CONOBEA SCOPARIOIDES LEAF OIL,950903-91-0,masking; perfuming,
LAVANDULA ANGUSTIFOLIA FLOWER/LEAF/STEM EXTRACT,90063-37-9 / 84776-65-8,flavouring; masking; oral-care; perfuming; skin-conditioning,
DAMNACANTHUS MAJOR ADVENTITIOUS ROOT EXTRACT,,antimicrobial; antioxidant; humectant; skin-protecting,
ISOBUTYL ACETATE,110-19-0,perfuming; solvent,
3-ETHYL-2-METHYLNON-2-ENOIC ACID,71850-80-1,perfuming,
METHOXY-ISOPROPYL-METHYLCYCLOHEXENE,14576-08-0,perfuming,
CIS-3-HEXENYLOXYACETALDEHYDE,68133-72-2,perfuming,
LEVISTICUM OFFICINALE ROOT OIL,8016-31-7 / 84837-06-9,perfuming,
TRIMETHYL-2-CYCLOHEXENOL,470-99-5,perfuming,
HYDROLYZED RUMEX CRISPUS ROOT EXTRACT,,antimicrobial,
ASIATICOSIDE,16830-15-2,antioxidant; perfuming; skin-conditioning,
PPG-1/PEG-1 STEARAMINE,,antimicrobial,
HIPPOPHAE RHAMNOIDES CALLUS EXTRACT,,antimicrobial; antioxidant; hair-conditioning; humectant; skin-conditioning; skin-protecting,
SCHINOPSIS QUEBRACHO-COLORADO WOOD EXTRACT,,antioxidant; astringent; skin-conditioning,
LINALYL CINNAMATE,78-37-5,perfuming,
BENZYL TIGLATE,37526-88-8,perfuming,
CETRIMONIUM CHLORIDE,112-02-7,antimicrobial; antistatic; emulsifying; preservative; surfactant,
TULIPA GESNERIANA CALLUS CULTURE EXTRACT,,absorbent; antimicrobial; antioxidant; humectant,
EUCALYPTUS RADIATA LEAF/STEM OIL,92201-64-4,masking; perfuming,
SAPINDUS MUKOROSSI SEED OIL,,antimicrobial; emollient; humectant; skin-conditioning; skin-protecting,
CINNAMOMUM CASSIA LEAF EXTRACT,84961-46-6,perfuming,
SILVER ACETYLMETHIONATE,105883-46-3,antimicrobial,
THUJA OCCIDENTALIS STEM OIL,90131-58-1,perfuming,
RHODOBACTER SPHAEROIDES LYSATE EXTRACT,,bleaching,
TRANS-METHOXY-DIMETHYLOCTADIENE,2565-82-4,perfuming,
CITRUS AURANTIFOLIA PEEL OIL EXPRESSED,90063-52-8,perfuming,
VITIS VINIFERA/LABRUSCA STEM EXTRACT,,antiseborrhoeic; humectant; skin-protecting; solvent,
LAEVO-ROSE OXIDE,3033-23-6,perfuming,
CUPROUS IODIDE,7681-65-4,antimicrobial; deodorant,
STRONTIUM PEROXIDE,1314-18-7,bleaching; oxidising,
MELALEUCA ALTERNIFOLIA LEAF OIL,85085-48-9 / 8022-72-8 / 68647-73-4,antioxidant; perfuming,
CINNAMOMUM CAMPHORA FORMOSANA WOOD EXTRACT,92704-03-5,perfuming,
ISOPENTANAL,590-86-3,masking; perfuming,
ALUMINUM ZIRCONIUM TRICHLOROHYDRATE,98106-53-7,antiperspirant; astringent; deodorant,
TRANEXAMIC ACID,1197-18-8,astringent; skin-conditioning,
COUMARIN,91-64-5,perfuming,
TRIMETHYL-METHYLBUTENYL-BICYCLOHEPTAN-3-ONE,74499-58-4,perfuming,
EUCALYPTOL,470-82-6,denaturant; perfuming; tonic,
CITRUS LIMON CALLUS CULTURE EXTRACT,,antimicrobial; hair-conditioning; skin-conditioning; skin-protecting,
BOTRYCHIUM SCHAFFNERI EXTRACT,,antioxidant; antiseborrhoeic,
DENDROBIUM HUOSHANENSE LEAF/STEM EXTRACT,,bleaching,
AMBRETTOLIDE,7779-50-2,perfuming,
CHENOPODIUM AMBROSIOIDES LEAF EXTRACT,89997-47-7,masking; perfuming; skin-conditioning,
T-BUTYL ALCOHOL,75-65-0,denaturant; perfuming; solvent,
3‚4-DIETHOXYBENZALDEHYDE,2029-94-9,perfuming,
2-ETHYL-2-(3-METHYLBUT-2-ENYL)HEX-3-ENOL,85136-06-7,perfuming,
METHYLSULFINYLBUTYL PIPERIDINECARBOTHIOAMIDE,1350914-98-5,bleaching,
CINNAMOMUM CASSIA BARK WATER,,antimicrobial; antiseborrhoeic; astringent,
HEXYLCYCLOPENTANONE,13074-65-2,perfuming,
ACETYL HEXAMETHYL INDAN,15323-35-0,masking; perfuming,
DECAHYDRO-ISOPROPYL-DIMETHYL-PHENANTHRENE-1-METHANOL ACETATE,54200-50-9,perfuming,
3-(2-FURYL)ACRYLALDEHYDE,623-30-3,perfuming,
CAPSICUM CHINENSE FRUIT EXTRACT,,antimicrobial; antioxidant; astringent,
POPULUS TREMULOIDES BARK EXTRACT,90083-05-9,antiseborrhoeic; skin-conditioning,
OLIGOPEPTIDE-158 AMIDE,,antiseborrhoeic,
DIHYDROGERANYLIDENE-BIS-INDOLE,67801-16-5,perfuming,
ETHYL HEXANOATE,123-66-0,perfuming,
LAURTRIMONIUM TRICHLOROPHENOXIDE,,antimicrobial; antistatic,
TETRAMETHYL-5-OXATRICYCLODODECANE,1209-61-6,perfuming,
ALPHA-SANTALYL BUTYRATE,67633-99-2,perfuming,
SANTALUM AUSTROCALEDONICUM WOOD OIL,91845-48-6,flavouring; masking; perfuming,
BENZYLHEMIFORMAL,14548-60-8,preservative,
BUTYL CINNAMALDEHYDE,7492-44-6,perfuming,
PRUNUS MUME BUD EXTRACT,,bleaching; humectant,
HEXAHYDRO-METHANOINDEN-5-YL PIVALATE,68039-45-2,perfuming,
DODECAHYDROCYCLODODECAFURAN,40785-62-4,perfuming,
TANACETUM VULGARE FLOWER OIL,84961-64-8,perfuming,
TETRAHYDRO-PENTYLFURFURYL ACETATE,67634-08-6,perfuming,
CELESTOLIDE,13171-00-1,perfuming,
XYLITYL SESQUICAPRYLATE,181632-90-6,antimicrobial; humectant; preservative; skin-conditioning; surfactant,
RAPHANUS SATIVUS/TRIGONELLA FOENUM-GRAECUM/BRASSICA OLERACEA ITALICA SPROUT JUICE,,antimicrobial; antioxidant; skin-conditioning; skin-protecting,
P-ANISYL METHYL KETONE,122-84-9,perfuming,
BACILLUS/MONASCUS/MALLOTUS JAPONICUS LEAF/SOYBEAN FERMENT FILTRATE,,antiseborrhoeic; emollient; skin-conditioning,
ACACIA FARNESIANA GUM,9001-01-5,astringent; film-forming; viscosity-controlling,
CYMBIDIUM KANRAN EXTRACT,,antioxidant; astringent; emollient; skin-conditioning,
ORMENIS MULTICAULIS FLOWER OIL,92202-02-3,perfuming,
THIOGLYCERIN,96-27-5,depilatory; hair-waving-or-straightening; keratolytic; reducing,
ABIES BALSAMEA BALSAM EXTRACT,8007-47-4,perfuming,
BEE VENOM,,astringent; skin-protecting,
2-TERT-BUTYL-4-METHYL-CYCLOHEXANOL ACETATE,115724-27-1,perfuming,
CYMBIDIUM GOERINGII EXTRACT,,antioxidant; astringent; hair-conditioning; humectant; skin-conditioning; skin-protecting,
ASPERGILLUS/CAMELLIA SINENSIS LEAF FERMENT EXTRACT,,antimicrobial; antioxidant,
GUAIACUM OFFICINALE EXTRACT ACETYLATED-SULFATED,100298-95-1,perfuming,
METHYL DIMETHYL-CYCLOHEXENYLMETHYLENEAMINO-BENZOATE,68738-99-8,perfuming,
ROSA AMBASSADOR/ROSA PEACE PHYTOPLACENTA EXTRACT,,antimicrobial; antioxidant; hair-conditioning; humectant; skin-protecting,
OVOTRANSFERRIN,1391-06-6,antimicrobial; antiplaque; chelating; oral-care; preservative; skin-conditioning,
MYROCARPUS FRONDOSUS WOOD OIL,91722-94-0,perfuming,
LACTOBACILLUS/MAGNOLIA OBOVATA FERMENT FILTRATE,,bleaching,
UNDECYLENAMIDOPROPYLTRIMONIUM METHOSULFATE,94313-91-4,antimicrobial; antistatic; hair-conditioning,
ALPHA-ETHOXYPHENETOLE,5426-78-8,perfuming,
PHENETHYL PHENYLACETATE,102-20-5,perfuming,
CINNAMOMUM CAMPHORA LINALOOLIFERUM WOOD EXTRACT,91745-89-0,perfuming,
ALPHA-DAMASCONE,23726-94-5 / 43052-87-5,masking; perfuming,
2-PENTANOL,6032-29-7,perfuming,
BENZALDEHYDE PROPYLENEGLYCOL ACETAL,2568-25-4,perfuming,
P-MENTHANONE,10458-14-7,perfuming,
CINNAMOMUM CAMPHORA FORMOSANA WOOD OIL,92704-03-5,perfuming,
ETHYL SALICYLATE,118-61-6,perfuming,
MYCOSPORINE GLYCINE,65318-21-0,antimicrobial; antioxidant; hair-conditioning; skin-protecting; stabilising,
ALLYLDIMETHOXYPHENETOLE,68213-85-4,perfuming,
RESACETOPHENONE,89-84-9,antioxidant; bleaching; skin-conditioning,
METHYL PHENETHYL ETHER,3558-60-9,perfuming,
VERONICA OFFICINALIS FLOWER/LEAF/STEM EXTRACT,85117-19-7,astringent; skin-conditioning,
PAEONIA LACTIFLORA PHYTOPLACENTA EXTRACT,,antimicrobial; antioxidant; skin-conditioning; skin-protecting,
DELTA-HEXALACTONE,823-22-3,perfuming,
SCENTENAL,86803-90-9,perfuming,
POTASSIUM PARABEN,16782-08-4,preservative,
CITRUS SINENSIS VALENCIA PEEL EXTRACT,97766-30-8,perfuming,
CHAMOMILLA RECUTITA FLOWER/LEAF EXTRACT,84082-60-0,antimicrobial,
ETHYL ETHYLHEXANOATE,2983-37-1,perfuming,
DIETHYLQUINOLINE,68228-10-4,perfuming,
ALLYL TRIMETHYLHEXANOATE,68132-80-9,perfuming,
CITRUS BERGAMIA LEAF OIL,89957-91-5,perfuming,
PHENYLPENTANOL,10521-91-2,perfuming,
METHYL-METHYLPENTENYLCYCLOHEXENE-1-CARBALDEHYDE,52474-60-9,perfuming,
KLUYVEROMYCES/LACTOBACILLUS/ACANTHOPANAX KOREANUM BARK/STEM OIL FERMENT FILTRATE,,antioxidant; astringent; skin-conditioning; skin-protecting,
TETRAMETHYLBUTYL DIHYDROXYBENZAMIDE,,antioxidant; bleaching; skin-protecting,
BACILLUS/MORUS ALBA LEAF/SOYBEAN SEED FERMENT FILTRATE,,antimicrobial; antioxidant; antiseborrhoeic; emollient,
AMYLFURAN,3777-69-3,perfuming,
CITRUS HYSTRIX LEAF OIL,91771-50-5,perfuming,
AESCULUS HIPPOCASTANUM BARK EXTRACT,8053-39-2,astringent; skin-conditioning; tonic,
RICINOLEAMIDOPROPYLTRIMONIUM METHOSULFATE,85508-38-9,antimicrobial; antistatic; hair-conditioning,
ISOPROPYL-HYDROXYCYCLOHEXENE-ETHANOL,73360-66-4,perfuming,
TRANS-ISOOCIMENOL,18675-17-7,perfuming,
LACTOBACILLUS/RADISH ROOT FERMENT FILTRATE,,antimicrobial; hair-conditioning; skin-conditioning,
SILVER BOROSILICATE,,antimicrobial; skin-conditioning,
BICYCLOHEPTENYLETHANONE OXIME,65416-21-9,perfuming,
ALCLOXA,1317-25-5,antimicrobial; astringent,
DIMETHYLHYDROQUINONE,150-78-7,perfuming,
DIBROMOHEXAMIDINE ISETHIONATE,93856-83-8,preservative,
HYDROXYETHYL ISOBUTYL PIPERIDINE CARBOXYLATE,119515-38-7,antimicrobial,
TRIMETHYL-3-METHYLVINYL-4-VINYLCYCLOHEXYLMETHYL ACETATE,84434-64-0,perfuming,
EUPHORBIA SUPINA STEM EXTRACT,,antimicrobial; antioxidant; astringent; hair-conditioning,
DIHYDROCARVONE,7764-50-3,perfuming,
BUTYL OCTANOATE,589-75-3,perfuming,
ISONONANAL,35127-50-5,perfuming,
PHENETHYL BUTYRATE,103-52-6,perfuming,
HEXADECENYL OLEYLSUCCINAMIDE,,bleaching; emollient; humectant; skin-conditioning; skin-protecting,
LYCIUM CHINENSE FRUIT WATER,,flavouring; masking; perfuming; skin-conditioning,
VALERALDEHYDE HEXYLENEGLYCOL ACETAL,54546-26-8,perfuming,
VITIS VINIFERA FRUIT JUICE FERMENT LEES OIL,,masking; perfuming,
JUNIPERUS VIRGINIANA EXTRACT ACETYLATED-HYDROGENATED,94279-82-0,perfuming,
ALCHEMILLA VULGARIS LEAF EXTRACT,84695-94-3,antioxidant; astringent; skin-conditioning,
CIS-3-HEXENYL BENZOATE,25152-85-6,perfuming,
VIBURNUM OPULUS BARK EXTRACT,90131-98-9,astringent; skin-conditioning,
METHYL PHENYLPROPIONATE,103-25-3,perfuming,
SACCHAROMYCES/(LAVENDER/ROSEMARY/SAGE/THYME) LEAF EXTRACT FERMENT FILTRATE,,antimicrobial; antioxidant; hair-conditioning; skin-protecting,
HEXYL FORMATE,629-33-4,perfuming,
HIBISCUS ABELMOSCHUS FLOWER/SEED WATER,84455-19-6,flavouring; masking; perfuming; skin-conditioning,
OLIGOPEPTIDE-99 AMIDE,,antimicrobial; antioxidant; antiseborrhoeic; skin-protecting,
BENZOTRIAZOLE,95-14-7,antimicrobial,
2-PHENYLPROPYLPYRIDINE,2110-18-1,perfuming,
CIS-3-HEXENYL METHYL CARBONATE,67633-96-9,perfuming,
ACETYLCEDRENE,32388-55-9,perfuming,
TRIDECANE,629-50-5,perfuming,
CITRONELLYL ETHYL ETHER,69929-16-4,perfuming,
1-METHYL-4-METHYLETHENYL-CYCLOHEXENE SULFURIZED,68921-26-6,perfuming,
PHENYLPARABEN,17696-62-7,antimicrobial,
HOUTTUYNIA CORDATA FLOWER/LEAF/STEM WATER,164288-50-0,antimicrobial; antioxidant; skin-conditioning,
ALLYL PHENOXYACETATE,7493-74-5,perfuming,
GADUS MORRHUA LIVER OIL,8001-69-2,perfuming,
3-METHYL-3-OCTYL ACETATE,66008-65-9,perfuming,
HAMAMELIS VIRGINIANA FLOWER WATER,84696-19-5,astringent; hair-conditioning; skin-conditioning; soothing,
DIPHENYLMETHYL PIPERAZINYLBENZIMIDAZOLE,65215-54-5,antimicrobial; uv-absorber,
BRASSOCATTLEYA MARCELLA KOSS LEAF/STEM EXTRACT,,bleaching; emollient; skin-conditioning; skin-protecting,
TRANS-2-PHENYLPROPENYL ACETATE,37973-51-6,perfuming,
ULMUS CAMPESTRIS BARK EXTRACT,,astringent; skin-conditioning,
METHOXYPHENYLBUTANONE,104-20-1,perfuming,
CAPRYLIC ACID,124-07-2,cleansing; emulsifying; masking; perfuming; surfactant,
4-METHYL-1-PHENYL-2-PENTANOL,7779-78-4,perfuming,
4-TERT-BUTYLCYCLOHEXANE CARBALDEHYDE,20691-52-5,perfuming,
PRINSEPIA UTILIS SEED EXTRACT,,astringent; hair-conditioning; skin-conditioning,
HYDROLYZED GRAPE CALLUS EXTRACT,,antimicrobial; antioxidant; emollient; hair-conditioning; skin-conditioning,
OCTAHYDRO-3‚8-DIMETHYLAZULEN-5-YLPROPAN-2-OL,489-86-1,perfuming,
AMYL OCTANOATE,638-25-5,perfuming,
CUPRESSUS SEMPERVIRENS BARK EXTRACT,84696-07-1,astringent; perfuming,
METHYLCHLOROISOTHIAZOLINONE,26172-55-4,preservative,
TRICHOLOMA MAGNIVELARE EXTRACT,,antimicrobial; antioxidant; humectant; skin-conditioning; skin-protecting,
TRIETHYLHEXANOIN,7360-38-5,hair-conditioning; masking; perfuming; skin-conditioning,
POTASSIUM UNDECYLENATE,6159-41-7,cleansing; emulsifying; preservative,
PRUNUS SPINOSA WOOD EXTRACT,90105-94-5,antioxidant; astringent,
STEAROPTENES,1406-57-1,perfuming,
TRIMETHYL-2-CYCLOHEXENYL-3-PENTANONE/2-PROPYNOL,68611-23-4,perfuming,
O-ANISALDEHYDE,135-02-4,perfuming,
URSOLIC ACID,77-52-1,masking; perfuming; skin-conditioning,
MENTHA PIPERITA AMERICAN HERB EXTRACT,98306-02-6,perfuming,
ISOAMYL TIGLATE,10482-55-0 / 41519-18-0,perfuming,
HYDROLYZED SOYBEAN CALLUS EXTRACT,,bleaching; emollient; skin-conditioning,
DIDEHYDROMENTHANE,29350-67-2,perfuming,
SACCHAROMYCES/SERICTERIUM EXTRACT/SODIUM BICARBONATE FERMENT FILTRATE,,astringent; emollient; hair-conditioning; skin-conditioning,
PAEONIA LACTIFLORA ROOT WATER,,masking; perfuming,
ALLYL PROPIONATE,2408-20-0,perfuming,
NERYL ISOBUTYRATE,2345-24-6,perfuming,
NICOTIANA TABACUM FLOWER EXTRACT,84961-66-0,perfuming,
KLUYVEROMYCES/LACTOBACILLUS/PLUMERIA ALBA FLOWER OIL FERMENT FILTRATE,,antimicrobial; antioxidant,
PIPERITONE,89-81-6,perfuming,
ABIES BALSAMEA NEEDLE OIL,85085-34-3,masking; perfuming,
PINUS PALUSTRIS TWIG LEAF OIL,97435-14-8 / 8002-09-3,perfuming,
DIAZOLIDINYL UREA,78491-02-8,preservative,
L-ALPHA-PINENE,7785-26-4,perfuming,
CARTHAMUS TINCTORIUS FLOWER/VITIS VINIFERA FRUIT/(CAMELIA SINENSIS/DIOSPYROS KAKI) LEAF/POLYGONUM CUSPIDATUM ROOT/CASTANEA CRENATA SHELL/COFFEA ARABICA SEED WATER,,antimicrobial; antioxidant; antiseborrhoeic; skin-conditioning; skin-protecting,
HYDROLYZED PASSIFLORA ALATA FRUIT,,astringent; skin-protecting,
SCHISANDRIN,7432-28-2,bleaching,
P-ISOPROPYLPHENOL,99-89-8,perfuming,
NERYL PROPIONATE,105-91-9,perfuming,
PROROCENTRUM MINIMUM CELL EXTRACT,,antimicrobial; hair-conditioning; humectant; skin-conditioning; skin-protecting,
PSIDIUM GUAJAVA FRUIT EXTRACT,91770-12-6,astringent; skin-conditioning,
ACACIA FARNESIANA FLOWER EXTRACT,89958-31-6,perfuming,
COLLOIDAL SILVER,7440-22-4,antimicrobial,
LINALYL ISOBUTYRATE,78-35-3,perfuming,
ASPERGILLUS/ALCOHOL/RICE LEES FERMENT POWDER,,bleaching; humectant; skin-conditioning,
FERULIC ACID,1135-24-6,antimicrobial,
AMMONIUM LACTATE,515-98-0,buffering; humectant; keratolytic; skin-conditioning,
P-CRESYL 3-OXO-3-PHENYLPROPIONATE,67801-43-8,perfuming,
CITRUS NOBILIS FRUIT JUICE,84929-38-4,astringent,
IRIS FLORENTINA FLOWER WATER,90045-89-9,flavouring; masking; perfuming; skin-conditioning,
HOMOGERANYL PYRIDINE,38462-23-6,perfuming,
THYMUS CAPITATUS HERB EXTRACT,90131-59-2,perfuming,
METHYL-METHYLPROPENYLOCTENONE,67801-40-5,perfuming,
ISOAMYL HEXANOATE,2198-61-0,perfuming,
CAULERPA RACEMOSA EXTRACT,,astringent; hair-conditioning; nail-conditioning; skin-conditioning,
SODIUM IODIDE,7681-82-5,antimicrobial,
ALUMINUM IRON CALCIUM MAGNESIUM GERMANIUM SILICATES,,antimicrobial; antioxidant,
RED RICE VINEGAR,,astringent,
CIS-3-HEXENYL ISOBUTYRATE,41519-23-7,perfuming,
TORREYA NUCIFERA LEAF OIL,,antimicrobial,
2-MELOZOL FORMATE,64644-32-2,perfuming,
BACILLUS/ROSEMARY LEAF/SOYBEAN FERMENT EXTRACT FILTRATE,,antimicrobial; emollient; humectant; skin-conditioning; skin-protecting,
CETRIMONIUM SACCHARINATE,2478-29-7,antimicrobial; antistatic; hair-conditioning,
ISOPROPYL-TETRAMETHYL-DIOXANE,61920-45-4,perfuming,
PHENETHYL FORMATE,104-62-1,perfuming,
DELTA-UNDECALACTONE,710-04-3,perfuming,
CAPRIC ACID,334-48-5,cleansing; emulsifying; masking; perfuming; surfactant,
PHENYLETHYLPYRIDINE,2116-62-3,perfuming,
2-METHYLDODECANAL,37596-36-4,perfuming,
THIOCTOYL PENTAPEPTIDE-4,,antioxidant; bleaching; hair-conditioning; skin-protecting,
CIS-4-HEPTENAL,6728-31-0,perfuming,
TRIMETHYLBENZENEPROPANOL,103694-68-4,masking; perfuming,
BACILLUS/MONASCUS/RICE BRAN/TAGETES ERECTA SPROUT FERMENT FILTRATE,,antioxidant; antiseborrhoeic; hair-conditioning,
CITRONELLOL,106-22-9 / 26489-01-0 / 7540-51-4 / 1117-61-9,perfuming,
AEOLLANTHUS SUAVEOLENS LEAF OIL,,antimicrobial; flavouring; masking,
AMBREIN,473-03-0,perfuming,
2-METHYL-3-P-CRESYL-PROPIONALDEHYDE,41496-43-9,perfuming,
METHYLMETHIONINE,4727-40-6,astringent; emollient; oral-care; skin-conditioning; skin-protecting,
ETHYL 5‚5,60234-72-2,perfuming,
PAEONIA SUFFRUTICOSA CALLUS EXTRACT,,antimicrobial; antioxidant; hair-conditioning; skin-protecting,
TRANS-3-HEPTENYL ACETATE,1576-77-8,perfuming,
BUTYL ISOVALERATE,109-19-3,perfuming,
TRIDECAN-2-ONE,593-08-8,perfuming,
MENTHYL ISOVALERATE,16409-46-4,perfuming,
SPILANTHES ACMELLA FLOWER/LEAF/STEM EXTRACT,90131-24-1,antimicrobial,
CINNAMYL BUTYRATE,103-61-7,perfuming,
7-METHYL-3-METHYLENEOCT-6-ENAL,55050-40-3,perfuming,
BENZALDEHYDE DIMETHYLACETAL,1125-88-8,perfuming,
METHYLBENZYL CARBINYL ACETATE,2114-33-2,perfuming,
OCTAHYDRO-TETRAMETHYL-METHANOAZULENONE,14727-47-0,perfuming,
DIHYDROGERANYL ISOVALERATE,68922-10-1,perfuming,
METHYL CAPRYLATE,111-11-5,emollient; perfuming; skin-conditioning,
SAPONARIA OFFICINALIS LEAF EXTRACT,84775-97-3,antimicrobial; cleansing,
KUNZEA ERICOIDES LEAF EXTRACT,,antioxidant; hair-conditioning; masking; perfuming; skin-conditioning,
CAPSICUM ANNUUM FRUIT EXTRACT,84625-29-6,antidandruff; antimicrobial; antioxidant; astringent; hair-conditioning; skin-protecting,
BUTYL BUTYRATE,109-21-7,perfuming,
4-METHYL-2-PHENYL-2-PENTENAL,26643-91-4,perfuming,
CASTOR OIL BENZOATE,225927-34-4,antimicrobial; emollient; skin-conditioning,
P-TERT-BUTYLPHENYL ACETATE,3056-64-2,perfuming,
CIS-3-HEXENYL SALICYLATE,65405-77-8,perfuming,
EUCALYPTUS ACMENOIDES LEAF EXTRACT,,antioxidant; astringent; hair-conditioning; masking; skin-conditioning,
PRUNUS MUME SEED POWDER,,abrasive; absorbent; antimicrobial,
CETETHYL MORPHOLINIUM ETHOSULFATE,78-21-7,antimicrobial; antistatic; emulsifying; hair-conditioning; surfactant,
7-HYDROXY-3‚7-DIMETHYL-OCTANAL DISTILLATES,68909-04-6,perfuming,
BETA-SANTALENE,511-59-1,perfuming,
SODIUM ANISATE,536-45-8,antimicrobial; flavouring,
TOLUALDEHYDE ISOMERS,1334-78-7,perfuming,
2-METHOXY-P-CRESOL,93-51-6,perfuming,
ETHYL TETRAMETHYLCYCLOHEX-2-ENECARBOXYLATE,77851-07-1,perfuming,
2‚4-DIMETHYL-3-CYCLOHEXENE-1-METHYLACETATE,67634-26-8,perfuming,
SD ALCOHOL 36,,astringent; solvent; viscosity-controlling,
DIBUTYL MALEATE,105-76-0,perfuming,
D-PULEGONE,89-82-7,perfuming,
ARGANIA SPINOSA CALLUS EXTRACT,,antimicrobial; antioxidant; hair-conditioning; humectant; skin-protecting,
NONAPEPTIDE-27 AMIDE,,antiseborrhoeic; skin-conditioning; skin-protecting,
JUNIPERUS MEXICANA WOOD EXTRACT ACETYLATED,91053-31-5,perfuming,
NEOHESPERIDIN DIHYDROCHALCONE,20702-77-6,flavouring; masking; perfuming,
SODIUM ALUMINUM CHLOROHYDROXY LACTATE,97660-24-7 / 8038-93-5,antiperspirant; astringent; deodorant,
(ASPERGILLUS/SACCHAROMYCES)/RICE FERMENT/BARLEY GRAIN MEAL/NELUMBO NUCIFERA FLOWER EXTRACT FERMENT EXTRACT FILTRATE,,bleaching,
VACCINIUM ANGUSTIFOLIUM FRUIT JUICE,,astringent; skin-conditioning,
COIX LACRYMA-JOBI MA-YUEN SEED/PUERARIA LOBATA ROOT/GANODERMA LUCIDUM EXTRACT,,astringent; deodorant; flavouring; humectant,
ISOOCTANAL DIETHYL ACETAL,69178-43-4,perfuming,
MADROX,37514-30-0,perfuming,
PINUS MUGO TWIG LEAF EXTRACT,90082-72-7,perfuming,
LINALOOL OXIDE,1365-19-1 / 60047-17-8,perfuming,
HYDROGENATED TALLOWALKONIUM CHLORIDE,61789-72-8,antistatic; hair-conditioning; preservative,
EPIGALLOCATECHIN GALLATE SAFFLOWERATE,,antimicrobial,
TETRAMETHYL-3-CYCLOPENTENEBUTANOL,72089-08-8,perfuming,
METHOXY PEG-45 THIOCTATE,,antioxidant; bleaching; skin-conditioning,
ISOPROPYL-METHYLOXEPANONE,499-54-7,perfuming,
MYRISTALDEHYDE,124-25-4,perfuming,
GAMMA-DECALACTONE,706-14-9,perfuming,
HIEROCHLOE ALPINA HERB EXTRACT,92128-62-6,perfuming,
CIS-8-METHYL-1-OXASPIRODECANONE,91069-37-3,perfuming,
2-DECENAL,3913-71-1 / 3913-81-3,perfuming,
ANGELICA ARCHANGELICA ROOT EXTRACT,84775-41-7,masking; perfuming; skin-conditioning,
ISOPROPOXYETHYL-BENZENE,68039-47-4,perfuming,
MYRCENE,123-35-3,perfuming,
RIBES NIGRUM LEAF EXTRACT,68606-81-5,perfuming; skin-conditioning,
PINUS PUMILIO BARK EXTRACT,97676-05-6,perfuming; tonic,
USNIC ACID,125-46-2,antimicrobial,
METHYLPHENYL-1‚3-DIOXANOL,4757-23-7,perfuming,
DL-1-PHENYLPENTAN-2-OL,705-73-7,perfuming,
METHYLPENTENYLCYCLOHEXENE CARBALDEHYDE,52475-89-5,perfuming,
ETHYLPARABEN,120-47-8,preservative,
PERILLALDEHYDE,2111-75-3,masking; perfuming; skin-conditioning,
PYRUS MALUS ROOT BARK POWDER,85251-63-4,bleaching,
3-ETHYLCYCLOPENTANE-1‚2-DIONE,13494-08-1,perfuming,
DIMETHYLCYCLOHEXENYL TERT-BUTYL KETONE,69929-17-5,perfuming,
PLATYCARYA STROBILACEA BRANCH EXTRACT,,antioxidant; astringent; emollient; hair-conditioning,
EPHEDRA SINICA WATER,85940-38-1,flavouring; masking; perfuming; skin-conditioning,
PINUS DENSIFLORA LEAF POWDER,,antimicrobial,
SODIUM PARABEN,114-63-6 / 85080-04-2,preservative,
MERCAPTOISOPROPYL-5-METHYLCYCLOHEXANONE,38462-22-5,perfuming,
SILVER OXIDE,20667-12-3,antimicrobial,
4-ETHYLOCTANOIC ACID,16493-80-4,perfuming,
CASTOR OIL HYDROGENATED ETHOXYLATED,61788-85-0,perfuming,
HEXANEDIOL/PEG-2 COCOMONIUM CHLORIDE/TDI COPOLYMER,,antimicrobial; antistatic; deodorant; skin-protecting,
PAPENFUSSIELLA KUROMO EXTRACT,,antioxidant; preservative,
FUSANUS SPICATUS WOOD EXTRACT,,antiseborrhoeic; astringent; skin-conditioning,
HEXYL CROTONATE,19089-92-0,perfuming,
DIMETHYLBENZYL CARBINYL PROPIONATE,67785-77-7,perfuming,
OCTAHYDRO-METHOXY-TETRAMETHYL-METHANOAZULENE,67874-81-1,perfuming,
CINNAMALDEHYDE/METHYL ANTHRANILATE SCHIFF BASE,94386-48-8,perfuming,
6-ETHYLIDENEOCTAHYDRO-5‚8-METHANO-2H-BENZO-1-PYRAN,93939-86-7,perfuming,
POTASSIUM METHYLPARABEN,26112-07-2,preservative,
2-P-CRESYLETHANOL,699-02-5,perfuming,
DIMETHYLBICYCLO-8-OCTANONE OXIME,75147-23-8,perfuming,
DENDROPANAX MORBIFERUS STEM SAP,,antimicrobial; antiseborrhoeic; hair-conditioning; skin-conditioning,
AMYRIS BALSAMIFERA BARK OIL,8015-65-4 / 90320-49-3,masking; perfuming,
LINALYL ISOVALERRATE,1118-27-0,perfuming,
HEXYL ALCOHOL,111-27-3,antifoaming; hydrotrope; perfuming; solvent; surfactant,
ABIES HOMOLEPIS LEAF EXTRACT,,astringent; humectant,
SD ALCOHOL 27-B,,astringent; solvent; viscosity-controlling,
PICRASMA EXCELSA WOOD EXTRACT,84961-54-6,astringent; skin-conditioning,
KLUYVEROMYCES/LACTOBACILLUS/APRICOT KERNEL FERMENT OIL FILTRATE,,antioxidant; bleaching; skin-conditioning; skin-protecting,
HELICHRYSUM ANGUSTIFOLIUM FLOWER EXTRACT,90045-56-0,masking; perfuming,
TETRAHYDRO-6-PENT-2-ENYL-PYRAN-2-ONE,34686-71-0,perfuming,
TRIMETHYLTRICYCLODODECANYL FORMATE,58096-46-1,perfuming,
JUNIPERUS COMMUNIS SPROUT EXTRACT,84603-69-0,antidandruff; antimicrobial; antioxidant; masking,
LACTOBACILLUS/CAMELLIA SINENSIS CATECHINS/GELIDIUM CRINALE/LAMINARIA JAPONICA/MONOSTROMA NITIDUM/RESVERATROL FERMENT FITRATE,,antioxidant; antiseborrhoeic; skin-conditioning; uv-filter,
SCHINUS TEREBINTHIFOLIA FRUIT OIL,,antimicrobial; masking,
TAGETES ERECTA FLOWER OIL,90131-43-4 / 8016-84-0,masking; perfuming,
PHALAENOPSIS LOBBII EXTRACT,,bleaching,
KLUYVEROMYCES/LACTOBACILLUS/LYCIUM CHINENSE FRUIT OIL FERMENT FILTRATE,,antioxidant; astringent; bleaching; hair-conditioning; skin-conditioning; skin-protecting,
ACANTHOPANAX SENTICOSUS ROOT WATER,84696-12-8,antimicrobial; antioxidant; hair-conditioning; skin-conditioning,
DIETHYL CAPRYLAMIDE,996-97-4,masking; perfuming,
3-(O-ETHYLPHENYL)-2‚2-DIMETHYLPROPIONALDEHYDE,67634-14-4,perfuming,
ETHYL UNDECYLENATE,692-86-4,perfuming; skin-conditioning,
7-METHOXY-3‚7-DIMETHYLOCT-1-ENE,53767-86-5,perfuming,
PICRASMA QUASSIOIDES FRUIT EXTRACT,94167-08-5,antimicrobial; skin-conditioning,
BACILLUS/CITRUS UNSHIU PEEL EXTRACT FERMENT FILTRATE,,antimicrobial; emollient,
ZINC PYRITHIONE,13463-41-7,antidandruff; antiseborrhoeic; hair-conditioning; preservative,
AUREOBASIDIUM PULLULANS/MAGNOLIA SIEBOLDII BRANCH EXTRACT FERMENT FILTRATE,,bleaching,
CHLORELLA PYRENOIDOSA/SOROKINIANA EXTRACT,,antioxidant; bleaching; skin-conditioning; skin-protecting,
P-CRESYL OCTANOATE,59558-23-5,perfuming,
P,1195-32-0,perfuming,
OCTANAL/METHYL ANTHRANILATE SCHIFF BASE,67801-44-9,perfuming,
BEHENYL BENZOATE,103403-38-9,antimicrobial; emollient; skin-conditioning,
ATRACTYLODES JAPONICA ROOT OIL,,bleaching,
TRIMETHYL-3-CYCLOHEXENE-1-METHANETHIOL,71159-90-5,perfuming,
COCOTRIMONIUM CHLORIDE,61789-18-2,antimicrobial; antistatic; preservative; surfactant,
PINUS DENSIFLORA LEAF/SUGAR FERMENT FILTRATE,,antidandruff; antimicrobial; antioxidant; oral-care; skin-conditioning,
CURCUMA WENYUJIN/CURCUMA KWANGSIENSIS RHIZOME EXTRACT,,antiseborrhoeic,
RADIUM ORE POWDER,,abrasive; antimicrobial; antioxidant; humectant; preservative,
SPHACELARIA SCOPARIA EXTRACT,,antimicrobial,
HYDROXYETHYL PHENOXYACETATE,1984-60-7,perfuming,
CAPPARIS MOONII FRUIT EXTRACT,93333-84-7,antimicrobial; antioxidant,
SHIKIMOYL NONAPEPTIDE-11,,antioxidant; antiseborrhoeic; skin-protecting,
CHLORAMINE T,127-65-1,antimicrobial,
ZANTHOXYLUM PIPERITUM PEEL EXTRACT,97404-53-0,antimicrobial,
2-ACETONAPHTHONE,93-08-3,masking; perfuming,
CINNAMONITRILE,4360-47-8 / 1885-38-7,perfuming,
OXACYCLOHEPTADEC-10-EN-2-ONE,28645-51-4,perfuming,
LAVANDULA HYBRIDA BARREME HERB EXTRACT,93685-88-2,perfuming,
ZINC PHENOLSULFONATE,127-82-2,antimicrobial; astringent; deodorant,
SILVER/TITANIUM CARBIDE,,antimicrobial; antiplaque; deodorant; oral-care,
KRAMERIA CISTOIDES ROOT EXTRACT,94334-53-9,perfuming,
METHYL METHYLBUTYRATE,868-57-5,perfuming,
IMIDAZOLIDINYL UREA,39236-46-9,preservative,
POLYGLYCERIN-40,25618-55-7,antimicrobial; humectant,
HEXYL NEOPENTANOATE,5434-57-1,perfuming,
HYDROLYZED FISH EGG SHELL EXTRACT,,antiseborrhoeic; bleaching; skin-conditioning,
NEROL,106-25-2,perfuming,
PELARGONIUM CRISPUM LEAF OIL,90082-46-5,perfuming,
METHYLCYCLOHEXENYLPROPYL-CYCLOPENTANONE,95962-14-4,perfuming,
GAMMA-METHYLCINNAMYL ACETATE,20883-16-3,perfuming,
FERULA ASSAFETIDA GUM OIL,90028-70-9,perfuming,
POTASSIUM IODIDE,7681-11-0,antimicrobial,
SOLEIROLIA SOLEIROLII EXTRACT,,antioxidant; astringent; emollient; skin-conditioning; skin-protecting,
SAPOSHNIKOVIA DIVARICATA ROOT EXTRACT,,antimicrobial,
4-PHENYLPROPYLPYRIDINE,2057-49-0,perfuming,
PHENYLACETALDEHYDE GLYCERYL 1‚2-CYCLIC ACETAL,5694-72-4,perfuming,
ERICA ARBOREA ROOT EXTRACT,90028-36-7,perfuming,
TRANS-2-HEXENYL VALERATE,56922-74-8,perfuming,
DEDM HYDANTOIN DILAURATE,,antimicrobial,
TURPENTINE,8006-64-2 / 9005-90-7 / 8052-14-0,perfuming,
BAMBUSA VULGARIS SHOOT EXTRACT,91771-33-4,antioxidant; astringent; emollient; humectant; skin-conditioning,
METHYLPENTENYL-CYCLOHEXENE-1-METHYL ACETATE,72403-67-9,perfuming,
IONONE,8013-90-9 / 79-77-6,astringent; perfuming,
TRIS-HYDROXYMETHYLNITROMETHANE,126-11-4,antimicrobial,
2‚5,20030-30-2,perfuming,
HYACINTHUS ORIENTALIS FLOWER EXTRACT,94333-75-2,perfuming; skin-conditioning,
CUPRESSUS SEMPERVIRENS SEED EXTRACT,84696-07-1,perfuming; skin-conditioning,
THIANTHOL,135-58-0,antimicrobial; skin-conditioning,
CURCUMA LONGA ROOT OIL,84775-52-0,perfuming; skin-conditioning,
CHLOROTHYMOL,89-68-9,antimicrobial; antiplaque; denaturant; deodorant; oral-care,
ALCHEMILLA VULGARIS FLOWER/LEAF/STEM EXTRACT,84695-94-3,astringent; skin-conditioning,
3-ETHYLHEXAHYDRO-3H-BENZOFURAN-2-ONE,54491-17-7,perfuming,
MENTHA SPICATA HERB OIL,84696-51-5,perfuming,
TETRAHYDRO-5-ISOPROPENYL-2-METHYL-2-VINYLFURAN,13679-86-2,perfuming,
BENZOTHIAZOLE,95-16-9,perfuming,
CYCLOHEXYLCYCLOHEXANONE,90-42-6,perfuming,
DOCOSANE,629-97-0,perfuming,
CANANGA ODORATA MACROPHYLLA FLOWER EXTRACT,93686-30-7,perfuming,
GERANYL TIGLATE,7785-33-3,perfuming,
6‚7-DIHYDROLINALOOL,18479-49-7,perfuming,
3‚4-DIHYDRO-8-METHYLNAPHTHALENONE,51015-28-2,perfuming,
BROMOPHENYL PROPENAMINOETHYL ISOQUINOLINESULFONAMIDE HCL,127243-85-0; 910228-02-3,bleaching,
UNDECYLENYL ALCOHOL,112-43-6,antistatic; masking; perfuming; skin-conditioning,
ALPHA-METHYLDECANENITRILE,69300-15-8,perfuming,
IMIDAZOLIDINONE,120-93-4,masking; perfuming,
ISOOCTANOL,6169-06-8 / 26952-21-6,perfuming; skin-conditioning,
AMYL PROPIONATE,624-54-4,perfuming,
RHODINYL FORMATE,141-09-3,perfuming,
ARTEMISIA ABSINTHIUM HERB EXTRACT,84929-19-1,perfuming,
GAMMA-HEPTALACTONE,105-21-5,perfuming,
DIMETHYLSPIROUNDECANONE,83863-64-3,perfuming,
PIMENTA ACRIS FRUIT EXTRACT,91721-75-4,perfuming,
P-METHOXYCINNAMALDEHYDE,1963-36-6,perfuming,
CAPRAMIDOETHYL CAPRAMIDOPROPYLDIMONIUM METHOSULFATE,,antimicrobial; antistatic; cleansing; deodorant; hair-conditioning; surfactant,
PISUM SATIVUM CALLUS EXTRACT,,antimicrobial; antioxidant; hair-conditioning; humectant; skin-conditioning,
UNDECYLENAL,112-45-8,masking; perfuming,
C9-12-ISOALKANES,90622-57-4,perfuming,
MONASCUS/ANGELICA KEISKEI LEAF/SOYBEAN FERMENT FILTRATE,,antimicrobial; antioxidant; hair-conditioning; skin-conditioning,
BOSWELLIA CARTERII GUM ABSOLUTE,89957-98-2 / 8016-36-2,perfuming,
ISOBORNYL METHYL ETHER,5331-32-8,perfuming,
ANACARDOYL SH-PENTAPEPTIDE-5 TRIPEPTIDE-1,,antioxidant; bleaching; skin-protecting,
CRESYLACETALDEHYDE DIMETHYL ACETAL,42866-91-1,perfuming,
TELOPEA SPECIOSISSIMA FLOWER/LEAF EXTRACT,,antioxidant; bleaching; humectant; skin-conditioning; skin-protecting,
SD ALCOHOL 23-F,,astringent; solvent; viscosity-controlling,
PETASITES VULGARIS LEAF EXTRACT,,astringent; skin-conditioning,
BAROSMA BETULINA LEAF OIL,84649-93-4,perfuming,
TRIMETHYLUNDECADIENOL,24048-14-4,perfuming,
GUAIACOL,90-05-1,perfuming,
EUCALYPTUS PULVERULENTA LEAF WATER,90028-53-8,astringent; deodorant; flavouring; masking,
BIPHENYLHYDROXAMIC ACID,106359-54-0,antimicrobial; antioxidant; cosmetic-colorant; skin-conditioning,
SALVIA SCLAREA FLOWER OIL,84775-83-7,perfuming,
ETHYL ACETOACETATE,141-97-9,perfuming,
BORONIA MEGASTIGMA FLOWER EXTRACT,91771-36-7,perfuming,
METHYL METHYLCYCLOHEXENECARBOXYLATE,6493-80-7,perfuming,
CITRUS NOBILIS LEAF OIL,84929-38-4,perfuming,
PELARGONIUM GRAVEOLENS FLOWER/LEAF/STEM WATER,90082-51-2,masking; perfuming,
CIS-3-HEXENYL PROPIONATE,33467-74-2,perfuming,
PSIADIA ALTISSIMA LEAF OIL,,antimicrobial; masking; perfuming,
EUGENIA CARYOPHYLLUS STEM EXTRACT,84961-50-2,perfuming,
JUNIPERUS EXTRACT ACETYLATED,83984-78-5,perfuming,
3-ISOPENTENYL 2-ISOPENTENOATE,72928-35-9,perfuming,
PHENYLACETALDEHYDE HEXYLENEGLYCOL CYCLIC ACETAL,67633-94-7,perfuming,
CYMBOPOGON SCHOENANTHUS LEAF POWDER,89998-16-3,astringent; skin-conditioning,
CETEARALKONIUM BROMIDE,,antimicrobial; antistatic; preservative,
NISIN,1414-45-5,antimicrobial,
CAMELLIA SINENSIS SEEDCOAT POWDER,84650-60-2,perfuming; skin-conditioning,
DEHYDROACETIC ACID,520-45-6 / 771-03-9 / 16807-48-0,preservative,
PHYLLOSPADIX SCOULERI EXTRACT,,bleaching,
P-MENTHEN-6-YL-PROPANONE,31375-17-4,perfuming,
DODECANENITRILE,2437-25-4,perfuming,
METHYL LAURATE,111-82-0,emollient; perfuming; skin-conditioning,
EUPHORBIA PULCHERRIMA EXTRACT,,antimicrobial; antioxidant,
UNDECYLENAMIDE MEA,20545-92-0,antimicrobial; antistatic; foam-boosting; hair-conditioning; surfactant; viscosity-controlling,
HYDROLYZED STRAWBERRY FRUIT,,astringent; skin-protecting,
HEXYL SALICYLATE,6259-76-3,masking; perfuming,
SANTALUM ALBUM WOOD EXTRACT,84787-70-2,perfuming; skin-conditioning,
ISOBUTYL 2-NAPHTHYL ETHER,2173-57-1,perfuming,
PRENYL ACETATE,1191-16-8,perfuming,
APIUM GRAVEOLENS RAPACCUM LEAF OIL,89997-34-2,perfuming,
MENTHA PIPERITA FLOWER/LEAF/STEM WATER,84082-70-2,masking; perfuming,
PINUS SYLVESTRIS TWIG LEAF OIL,84012-35-1,perfuming,
METHYLPHENOXY-ACETALDEHYDE,67845-46-9,perfuming,
BETA-PINEN-3-YL ACETATE,1078-95-1,perfuming,
ISOBUTYL HEPTYLATE,7779-80-8,perfuming,
PISTACIA LENTISCUS LEAF OIL,90082-82-9,perfuming,
CARTHAMUS TINCTORIUS FLOWER/VITIS VINIFERA FRUIT/LEAF/POLYGONUM CUSPIDATUM ROOT/CASTANEA CRENATA SHELL/COFFEA ARABICA SEED WATER,,antioxidant; antiseborrhoeic; skin-conditioning; skin-protecting,
9-DECENYL ACETATE,50816-18-7,perfuming,
ELEUTHEROCOCCUS SENTICOSUS ROOT EXTRACT,84696-12-8,astringent,
FERULA GALBANIFLUA RESIN OIL,93165-40-3 / 8023-91-4,antimicrobial; perfuming; tonic,
GERANYL ETHYL ETHER,40267-72-9,perfuming,
ISOPROPYLMETHYLCYCLOHEXANE,1329-99-3,perfuming,
TITANIUM SALICYLATE,,antimicrobial,
GERANYL NONANOATE,68039-29-2,perfuming,
MORPHOLINOPROPANE SULFONIC ACID,1132-61-2,bleaching; buffering,
CUPRESSUS SEMPERVIRENS FRUIT EXTRACT,84696-07-1,hair-conditioning; perfuming; skin-conditioning,
ARTEMISIA HERBA-ALBA HERB OIL,84775-75-7,perfuming,
TRIMETHYLNORBORNAN-2-ONE,7787-20-4,perfuming,
YUCCA SCHIDIGERA STEM EXTRACT,223749-05-1,cleansing; perfuming,
TRITICUM VULGARE GERM,84012-44-2,bleaching; skin-conditioning; skin-protecting,
ORIGANUM MAJORANA LEAF EXTRACT,84082-58-6,antiseborrhoeic; refreshing; tonic,
MENTHA PULEGIUM HERB EXTRACT,90064-00-9,perfuming,
ETHYL PHENETHYL ETHER,1817-90-9,perfuming,
2-TERT-BUTYLCYCLOHEXYL PROPIONATE,40702-13-4,perfuming,
DIMETHYLHEPTENAL,106-72-9,perfuming,
DELTA-DODECALACTONE,713-95-1,perfuming,
CITRUS RETICULATA,93686-22-7,perfuming,
ISOTRIDECYL ACETATE,69103-23-7,perfuming,
BOLETUS EDULIS WHOLE PLANT EXTRACT,84649-97-8,perfuming,
METHYL-CYCLOHEXENYLIDENE-PENTANAL,32540-03-7,perfuming,
CYCLOHEXANECARBOXYLIC ACID,98-89-5,perfuming,
ETHYL SALICYLATE HEXYL ETHER,773128-75-9,bleaching,
ALPHA-CEDRENE,469-61-4,perfuming,
HOMOGERANYL NITRILE,61792-11-8,perfuming,
2-M-CRESYLETHANOL,1875-89-4,perfuming,
BENZYL CINNAMATE,103-41-3,perfuming,
ACETOIN,513-86-0,perfuming,
LIQUIDAMBAR STYRACIFLUA BALSAM EXTRACT,94891-28-8 / 8046-19-3,perfuming,
KLUYVEROMYCES/LACTOBACILLUS/CINNAMOMUM CAMPHORA BARK OIL FERMENT FILTRATE,,antimicrobial; antioxidant; bleaching; skin-conditioning; skin-protecting,
MONARDA FISTULOSA EXTRACT,,flavouring; masking; preservative,
RESORCINOL BIS-ETHYLHEXANOATE,,bleaching,
METHYL CYCLOOCTANECARBOXYLATE,3724-54-7,perfuming,
NELUMBO NUCIFERA PHYTOPLACENTA CULTURE EXTRACT,,antimicrobial; antioxidant; hair-conditioning; humectant,
MYRTENOL,515-00-4,perfuming,
3‚5-DIMETHYL CYCLOHEXENECARBONITRILE,66848-40-6,perfuming,
ABIES BALSAMEA NEEDLE EXTRACT,85085-34-3,perfuming,
GUAIACUM SANCTUM GUM OIL,91723-40-9,perfuming,
LAVANDULA HYBRIDA ABRIAL HERB OIL,93455-96-0,perfuming,
TRIMETHYLBICYCLO-2-HEPTYLOXYETHANOL,7070-15-7,perfuming,
ASCORBYL LINOLEATE,121869-32-7,antioxidant; bleaching; skin-conditioning; skin-protecting,
FOENICULUM VULGARE CAPILLACEUM FRUIT EXTRACT,92347-02-9,perfuming,
EGG SHELL MEMBRANE EXTRACT,,preservative; skin-protecting,
6‚10-DIMETHYLUNDECA-1‚5,28897-20-3,perfuming,
NONANEDIYL DIACETATE,39864-15-8,perfuming,
SODIUM ETHYLPARABEN,35285-68-8,preservative,
AUREOBASIDIUM PULLULANS/OLIVE LEAF EXTRACT FERMENT FILTRATE,,antioxidant; astringent; humectant,
ETHYL FORMATE,109-94-4,perfuming,
2-UNDECENENITRILE,22629-48-7,perfuming,
GRASS-HAY HERB OIL,100209-32-3,perfuming,
METHYLCYCLOHEXANEDIONE,3008-43-3,perfuming,
PANAX NOTOGINSENG LEAF/STEM EXTRACT,94279-78-4,astringent,
CIS-ISOOCIMENOL,18675-16-6,perfuming,
SORBITAN THEOBROMA GRANDIFLORUM SEEDATE,,bleaching; emollient; skin-conditioning,
ROSA DAVURICA CALLUS EXTRACT,,antimicrobial; hair-conditioning; humectant; skin-protecting,
CITRAL,5392-40-5,flavouring; perfuming,
RESORCINOL DIHEXYL ETHER,,bleaching,
ISODECYL ACETATE,69103-24-8,perfuming,
ISOPROPYL-METHYL-BICYCLOOCTENE-2-CARBALDEHYDE,68259-31-4,perfuming,
L-CARVYL PROPIONATE,97-45-0,perfuming,
ETHYL TRICYCLODECANECARBOXYLATE,2094-73-7,perfuming,
CITRAL-ACID ISOMERIZED,90480-35-6,perfuming,
METHYL ACETATE,79-20-9,perfuming; solvent,
NON-2-ENENITRILE,29127-83-1,perfuming,
3-METHYLPENTYL ANGELATE,53082-58-9,perfuming,
CHONDRIA CRASSICAULIS EXTRACT,,antimicrobial; antioxidant,
FERROUS AMMONIUM SULFATE,10045-89-3,antimicrobial,
R-LEUCOSPORIDIUM POLYPEPTIDE-1,,antidandruff; antimicrobial; hair-conditioning; skin-protecting,
METHYL 3-OXO-2-PENTENYLCYCLOPENTANEACETATE,1211-29-6,perfuming,
PISTACIA LENTISCUS GUM WATER,61789-92-2,antidandruff; antimicrobial; perfuming,
METHYL PHENYLMETHYLENEAMINOBENZOATE,37837-44-8 / 39129-16-3,perfuming,
BETULA LENTA BARK OIL,85251-66-7,masking; perfuming,
MALPIGHIA PUNICIFOLIA FRUIT,,astringent; skin-protecting; tonic,
BUTYL ANTHRANILATE,7756-96-9,perfuming,
OSMUNDA REGALIS LEAF EXTRACT,,antimicrobial; antioxidant,
HIBBERTIA SCANDENS LEAF EXTRACT,1415551-91-5,antioxidant; bleaching; hair-conditioning; humectant; skin-conditioning; skin-protecting,
CINNAMOMUM CAMPHORA WOOD OIL,92201-50-8 / 92704-03-5,perfuming,
CITRUS LIMON LEAF EXTRACT,84929-31-7,perfuming,
HYDROLYZED THEOBROMA GRANDIFLORUM FRUIT,394236-97-6,astringent; skin-protecting,
RHODINYL PROPIONATE,105-89-5,perfuming,
BUTYL TIGLATE,7785-66-2,perfuming,
P-CRESYL PROPIONATE,7495-84-3,perfuming,
LAGERSTROEMIA INDICA PHYTOPLACENTA EXTRACT,,antimicrobial; antioxidant; skin-conditioning; skin-protecting,
7-METHYL-3-METHYLENE-1‚6-OCTADIENE HYDROCARBONS,90480-40-3,perfuming,
SORBITYL DIMONIUM ANISATE,2097714-04-8,antimicrobial; buffering; flavouring,
CANNABIS SATIVA FLOWER/LEAF/STEM EXTRACT,,antioxidant; antiseborrhoeic; skin-conditioning; skin-protecting,
HEXAMIDINE,3811-75-4,preservative,
P-ANISYL ACETATE,104-21-2,perfuming,
METHYL ISOVALERATE,556-24-1,perfuming,
ZINC UNDECYLENATE,30773-48-9 / 557-08-4,anticaking; antimicrobial; opacifying,
JASMINUM SAMBAC FLOWER WATER,91770-14-8,perfuming; skin-conditioning,
CLOTRIMAZOLE,23593-75-1,antidandruff; antimicrobial,
CONVALLARIA MAJALIS CALLUS CULTURE EXTRACT,,antimicrobial; skin-conditioning; skin-protecting,
ARTEMISIA PRINCEPS LEAF/TRITICUM VULGARE BRAN EXTRACT,223747-95-3,antimicrobial; antioxidant; antiplaque; antiseborrhoeic; skin-protecting,
HYDROLYZED CODONOPSIS PILOSULA ROOT EXTRACT,,bleaching; humectant,
DIETHYLBENZENE,25340-17-4,perfuming,
2-CARENYL METHYL KETONE,3608-11-5,perfuming,
ISOBORNYL ISOVALERATE,7779-73-9,perfuming,
2‚6-DIMETHYL-4-HEPTANONE,108-83-8,perfuming,
MENTHA PIPERITA HERB EXTRACT,84082-70-2,perfuming,
DIBUTYL SULPHIDE,544-40-1,perfuming,
ISOBERGAMATE,68683-20-5,perfuming,
COUMAROYL TRIPEPTIDE-1,,antioxidant; bleaching; skin-protecting,
HEXAMETHYLINDAN-5-ETHANOL,1217-08-9,perfuming,
CEDRENYL ACETATE,1405-92-1,perfuming,
2-TERT-BUTYLCYCLOHEXANONE,1728-46-7,perfuming,
AMYLCINNAMYL ACETATE,7493-78-9,perfuming,
SALVIA OFFICINALIS FLOWER/LEAF/STEM WATER,84082-79-1,masking; perfuming,
DIPROPYL KETONE,123-19-3,perfuming,
CYCLOPENTADECENONE,35720-57-1,perfuming,
METHYL P-ANISATE,121-98-2,perfuming,
CIS-3-HEXENYL HEXANOATE,31501-11-8,perfuming,
ISOAMYL CROTONATE,25415-77-4,perfuming,
TAGETES PATULA FLOWER OIL,91722-29-1 / 8016-84-0,perfuming,
ETHYL HEPTANOATE,106-30-9,perfuming,
BETULA PENDULA TWIG OIL,85940-29-0,perfuming,
TRIMETHYLTRICYCLODODECANYL ACETATE,57082-24-3,perfuming,
HEXAHYDRO-TETRAMETHYL-METHANONAPHTHALENE-8-METHYL ACETATE,61826-56-0,perfuming,
P-ETHYLPHENETOLE,1585-06-4,perfuming,
CETYL RICINOLEATE BENZOATE,199277-63-9,antimicrobial; skin-conditioning,
SACCHAROMYCES/(LAVENDER/ROSEMARY/SAGE/THYME) SEED EXTRACT FERMENT FILTRATE,,antimicrobial; antioxidant; hair-conditioning; skin-protecting,
UNDECENAL/CYANO-ACETATIC ACID,124358-45-8,perfuming,
THYMUS MASTICHINA HERB EXTRACT,84837-14-9,perfuming,
CARUM CARVI FRUIT EXTRACT,85940-31-4,perfuming,
BORNYL ISOVALERATE,59672-05-8,perfuming,
DIHYDRO-ALPHA-METHYL ALPHA-IONONE,68480-17-1,perfuming,
ALUMINUM DICHLOROHYDRATE,10284-64-7,antiperspirant; astringent; deodorant,
CYCLAMEN ALDEHYDE / METHYL ANTHRANILATE SCHIFF BASE,91-50-9,perfuming,
7-HYDROXY-3‚7-DIMETHYL-OCTANAL/INDOLE,68908-82-7,perfuming,
JUNIPERUS COMMUNIS WOOD OIL,84603-69-0,perfuming,
HYDROLYZED CINNAMOMUM CASSIA BARK EXTRACT,,antimicrobial; antioxidant; bleaching,
CAPRYLYL BUTYRATE,110-39-4,masking; perfuming; skin-conditioning,
LAVANDULA INTERMEDIA FLOWER/LEAF/STEM OIL,92623-76-2,perfuming,
PINUS NIGRA TWIG LEAF EXTRACT,90082-74-9,perfuming,
ROSMARINUS OFFICINALIS PHYTOPLACENTA EXTRACT,,antimicrobial; antioxidant; humectant; skin-protecting,
PEG-15 DEDM HYDANTOIN STEARATE,,antimicrobial,
TETRAMETHYLHEXADEC-2-ENYL ACETATE,10236-16-5,perfuming,
CERA ALBA,8012-89-3,emollient; emulsifying; film-forming; perfuming,
TRANS-DIHYDROPSEUDOIONYL ACETATE,3239-35-8,perfuming,
TETRADECANE,629-59-4,perfuming,
HEXYL HEXANOATE,6378-65-0,perfuming,
OCTAHYDRO-TETRAMETHYLCYCLOPROPANAPHTHALENONE,25966-79-4,perfuming,
ISONONYL PROPIONATE,65155-45-5,perfuming,
D-TRIMETHYL-3-CYCLOHEXENE-1-METHYL ACETATE,7785-54-8,perfuming,
CINNAMALDEHYDE DIMETHYL ACETAL,4364-06-1,perfuming,
SALVIA OFFICINALIS LAVANDULIFOLIA HERB EXTRACT,97952-71-1,perfuming,
METHOXYTRIMETHYLHEPTANOL,41890-92-0,masking; perfuming,
CURCUMA ZEDOARIA ROOT OIL,84961-49-9,perfuming; skin-conditioning,
SALVIA OFFICINALIS LAVANDULIFOLIA HERB OIL,97952-71-1,perfuming,
SAURURUS CHINENSIS LEAF/ROOT EXTRACT,,antimicrobial; antioxidant; astringent; emollient; skin-conditioning; skin-protecting,
TRIMETHOXYBENZYL ACETYLSINAPATE,1469299-98-6,bleaching,
GLABRIDIN,59870-68-7,bleaching,
LAVANDULA SPICA HERB EXTRACT,97722-12-8,perfuming,
POTENTILLA CHINENSIS PHYTOPLACENTA EXTRACT,,antimicrobial; antioxidant; skin-conditioning,
HEXANAL DIETHYL ACETAL,3658-93-3,perfuming,
PIMENTA RACEMOSA LEAF/FRUIT OIL,85085-61-6,perfuming,
TETRAMETHRIN,7696-12-0,antimicrobial,
NYMPHAEA GIGANTEA FLOWER EXTRACT,,antioxidant; hair-conditioning; masking; perfuming; skin-protecting,
SILVER MAGNESIUM ALUMINUM PHOSPHATE,,antimicrobial; bulking,
LAURALKONIUM CHLORIDE,139-07-1,antistatic; preservative,
PINUS PALUSTRIS OIL,8002-09-3,masking; perfuming,
IRITONE,67801-38-1,perfuming,
WRIGHTIA TINCTORIA LEAF OIL,,antidandruff; antimicrobial; hair-conditioning,
METHYL METHYLPENTYLIDENE-AMINOBENZOATE,50607-64-2,perfuming,
CITRUS AURANTIFOLIA FLOWER EXTRACT,90063-52-8,astringent; skin-conditioning,
MORUS BOMBYCIS LEAF/ROOT EXTRACT,,astringent; skin-conditioning,
ANHYDROXYLITYL LACTATE,,antimicrobial; preservative; solvent; surfactant,
BUTYLPARABEN,94-26-8,masking; preservative,
LINDERA ERYTHROCARPA PHYTOPLACENTA EXTRACT,,antimicrobial; antioxidant; hair-conditioning; humectant; skin-protecting,
LAURTRIMONIUM BROMIDE,1119-94-4,antistatic; hair-conditioning; preservative,
TRIMETHYL-2-CYCLOHEXENE-1‚4-DIONE,1125-21-9,perfuming,
DECANAL DIMETHYL ACETAL,7779-41-1,perfuming,
LIQUIDAMBAR STYRACIFLUA OIL,8046-19-3 / 94891-28-8,masking; perfuming,
AMYL ETHYL KETONE,106-68-3,perfuming,
POLIANTHES TUBEROSA FLOWER OIL,94334-35-7,perfuming,
LEONTOPODIUM ALPINUM CALLUS POWDER,,antimicrobial; antioxidant; hair-conditioning; humectant; skin-conditioning; skin-protecting,
POLYGONUM FAGOPYRUM CALLUS CULTURE EXTRACT,89958-09-8,absorbent; antimicrobial; antioxidant; humectant; skin-conditioning,
CYMBOPOGON MARTINI HERB OIL,84649-81-0,perfuming,
3-ISOPENTENYL ISOVALERATE,54410-94-5,perfuming,
VERBENA OFFICINALIS FLOWER/LEAF WATER,84961-67-1,flavouring; masking; perfuming; skin-conditioning,
HEPTYL ACETATE,112-06-1,perfuming,
BACKHOUSIA CITRIODORA LEAF OIL,84775-80-4,masking; perfuming,
CYCLOHEXANEDIOL BIS-METHYLCROTONATE,,bleaching,
HEXADECANE,544-76-3,perfuming,
ALUMINUM ZIRCONIUM PENTACHLOROHYDRATE,98106-54-8,antiperspirant; astringent; deodorant,
ETHYL HYDROXYPYRONE,4940-11-8,masking; perfuming,
2-HEPTANOL,543-49-7,perfuming,
DECYL PROPIONATE,5454-19-3,perfuming,
RAPONTICIN GLUCOSIDE,,antioxidant; bleaching; skin-conditioning,
ANETHUM GRAVEOLENS HERB OIL,90028-03-8 / 8006-75-5,perfuming,
SH-POLYPEPTIDE-61,1637217-80-1,astringent; skin-conditioning; skin-protecting,
HEXAHYDRO-TETRAMETHYL-METHANOAZULEN-5-ONE,13794-73-5,perfuming,
STYRAX BENZOIN RESIN OIL,84929-79-3 / 84696-18-4,perfuming,
LAVANDULA ANGUSTIFOLIA FLOWER/LEAF/STEM JUICE,90063-37-9 / 84776-65-8,flavouring; masking; oral-care; perfuming; skin-conditioning,
SD ALCOHOL 31-A,,astringent; solvent; viscosity-controlling,
JUNIPERUS MEXICANA WOOD OIL,91722-61-1,perfuming,
METHYL HYDROXYPHENYLBUTYLAMINOBENZOATE,144761-91-1,perfuming,
CYSTEINYL TRIPEPTIDE-35,,antioxidant; antiseborrhoeic; chelating; skin-protecting,
TRICHLOROMETHYL PHENYL CARBINYL ACETATE,90-17-5,perfuming,
DECYLOXAZOLIDINONE,7693-82-5,antimicrobial; emollient; plasticiser; skin-conditioning; surfactant,
RUSCUS ACULEATUS ROOT EXTRACT,84012-38-4,astringent; refreshing; skin-conditioning; soothing; stabilising; tonic,
PINUS LAURICIO LEAF OIL,,flavouring; masking; perfuming,
MYRICA GALE LEAF WATER,,astringent; humectant; masking; perfuming,
CITRUS GRANDIS SEED OIL,90045-43-5 / 8016-20-4,emollient; perfuming; skin-conditioning,
D-TRIMETHYL-3-CYCLOPENTENE-1-ACETALDEHYDE,4501-58-0,perfuming,
LAURYL ACETATE,112-66-3,perfuming,
GERANYL LINALOOL,1113-21-9,perfuming,
EUCALYPTUS CINEREA LEAF WATER,98143-66-9,astringent; deodorant; flavouring; masking,
RHUS SEMIALATA LEAF EXTRACT,,antifoaming; antimicrobial; astringent; emollient; hair-conditioning,
CITRUS RETICULATA LEAF OIL,8008-31-9 / 8014-17-3,masking; perfuming; skin-conditioning,
CANANGA ODORATA LEAF OIL,83863-30-3 / 8006-81-3 / 68606-83-7,masking; perfuming,
POGOSTEMON CABLIN LEAF/STEM EXTRACT,84238-39-1,antidandruff; antimicrobial; antioxidant; astringent; skin-protecting,
AFRAMOMUM ANGUSTIFOLIUM LEAF OIL,,antimicrobial; antioxidant; flavouring; masking; perfuming,
2-METHYLBUTYRIC ACID,116-53-0,perfuming,
ETHYL BUTYRATE,105-54-4,perfuming,
GINKGO BILOBA MERISTEM CELL CULTURE CONDITIONED MEDIA,,antimicrobial; antioxidant; skin-conditioning,
GERANYL ISOVALERATE,109-20-6,perfuming,
CRYPTOCOCCUS/FILOBASIDIELLA/GRAPE EXTRACT FERMENT LEES,,antimicrobial,
PSEUDOZYMA TSUKUBAENSIS/OLIVE OIL/GLYCERIN/SOY PROTEIN FERMENT,,antimicrobial; emollient; emulsifying,
OXALIS HEDYSAROIDES CALLUS CULTURE EXTRACT,,antimicrobial; antioxidant; hair-conditioning; humectant; skin-conditioning; skin-protecting,
1-NONEN-3-OL,21964-44-3,perfuming,
ETHYL ISOVALERATE,108-64-5,perfuming,
SHOREA ROBUSTA LEAF EXTRACT,91770-61-5,astringent,
CINNAMYL ALCOHOL,104-54-1,flavouring; perfuming,
VERNALDEHYDE,66327-54-6,perfuming,
AMYLISOEUGENOL,10484-36-3,perfuming,
OCTENE HYDROFORMYLATED-DISTILLED,68527-05-9,perfuming,
COTINUS COGGYGRIA LEAF EXTRACT,,antioxidant; astringent; humectant,
PENTAPEPTIDE-62,,antimicrobial; humectant; skin-conditioning; skin-protecting,
SCHINUS MOLLE FRUIT EXTRACT,94334-31-3,humectant; perfuming,
L-TRIMETHYL-3-CYCLOHEXENE-1-METHYL ACETATE,58206-95-4,perfuming,
AMYLVINYL CARBINOL,3391-86-4,perfuming,
SODIUM SULFITE,7757-83-7,hair-waving-or-straightening; preservative,
GAMMA-METHYLENEDIHYDROCINNAMYL ACETATE,7306-12-9,perfuming,
LAURYL DIETHYLENEDIAMINOGLYCINE HCL,18205-85-1 / 36895-38-2,antimicrobial,
3-METHYL-3-OCTANOL,5340-36-3,perfuming,
PELARGONIUM ROSEUM STEM EXTRACT,90082-55-6,perfuming,
2-METHOXY-4-METHOXYMETHYL-PHENOL,5533-03-9,perfuming,
PROPYL PHENYLACETATE,4606-15-9,perfuming,
BAKUCHIOL,17015-60-0,antimicrobial,
PROPYL PROPIONATE,106-36-5,perfuming,
LANTHANUM CHLORIDE,10099-58-8,astringent,
BACILLUS/LACTOBACILLUS/MONASCUS/RICE BRAN EXTRACT/SOYBEAN EXTRACT FERMENT FILTRATE,,antimicrobial; antioxidant; depilatory,
GLYCYRRHIZA GLABRA ROOT OIL,84775-66-6,perfuming,
HAMAMELIS VIRGINIANA LEAF WATER,84696-19-5,astringent; skin-conditioning,
RIBES NIGRUM FRUIT OIL,68606-81-5,perfuming,
ISOBUTYL ANGELATE,7779-81-9,perfuming,
GLYCERIN,56-81-5,denaturant; hair-conditioning; humectant; oral-care; perfuming; skin-protecting; viscosity-controlling,
PASSIFLORA QUADRANGULARIS FRUIT JUICE,,astringent,
ACETAMINOSALOL,118-57-0,antimicrobial; uv-absorber,
O-METHOXYCINNAMALDEHYDE,1504-74-1,perfuming,
DEDM HYDANTOIN,26850-24-8,antimicrobial,
ALUMINUM PCA,59792-81-3,astringent; skin-conditioning,
T-BUTYLPHENYL IMIDAZOLYLPHENYL SULFONAMIDE,,antioxidant; bleaching; skin-protecting,
MENTHA CARDIACA HERB OIL,91770-24-0,perfuming,
BENZALKONIUM SACCHARINATE,68989-01-5,antimicrobial; antistatic; deodorant; preservative; surfactant,
1‚4-CYCLOHEXANEDIOL BIS-ETHYLHEXANOATE,,bleaching,
ROSA DAMASCENA CALLUS CULTURE CONDITIONED MEDIA,,antimicrobial; antioxidant; antiseborrhoeic; hair-conditioning; skin-protecting,
DECAHYDRO-HYDROXY-VINYL-PENTAMETHYL-1-NAPHTHALENEPROPANOL OXIDIZED,70892-62-5,perfuming,
SILVER CARBOXYMETHYLALANINATE,1632046-27-5,antiseborrhoeic,
PHENYLACETALDEHYDE DIMETHYL ACETAL,101-48-4,perfuming,
MYRISTICA FRAGRANS FRUIT OIL,84082-68-8,perfuming,
EUGENYL PHENYLACETATE,10402-33-2,perfuming,
LACTOBACILLUS/ORYZA SATIVA BRAN/SACCHAROMYCES/CAMELLIA SINENSIS LEAF EXTRACT FERMENT,,antidandruff; antioxidant; bleaching; skin-conditioning,
PINACOL,76-09-5,perfuming,
METHOXYTRIDECENE,93981-59-0,perfuming,
COMMIPHORA SCHIMPERI GUM EXTRACT,89997-88-6,perfuming,
FLUOROSALAN,4776-06-1,antimicrobial,
PHENETHYL ISOVALERATE,140-26-1,perfuming,
BURSERA BIPINNATA RESIN EXTRACT,,masking; perfuming,
2-METHYLBUTANOL,137-32-6,perfuming,
CARVEOL,99-48-9,perfuming,
BETULA PUBESCENS TWIG OIL,91745-85-6,perfuming,
ETHYL CAPRATE,110-38-3,emollient; perfuming; skin-conditioning,
2-FURYL METHYL KETONE,1192-62-7,perfuming,
HYDROLYZED BETA MARITIMA EXTRACT,,bleaching,
MELILOTUS OFFICINALIS HERB EXTRACT,84082-81-5,perfuming,
DIMETHYLPHENYL CARBINOL,617-94-7,perfuming,
CYCLOHEXYL CROTONATE,31416-78-1,perfuming,
BOLETUS EDULIS WHOLE PLANT OIL,84649-97-8,perfuming,
MENTHA SUAVEOLENS LEAF EXTRACT,,astringent; skin-conditioning,
DODECAHYDRO-TETRAMETHYL-EPOXYNAPHTHOXEPIN,57345-19-4,perfuming,
FICUS CARICA FRUIT JUICE,90028-74-3,astringent,
PERILLIC ACID,23635-14-5,preservative,
CISTUS LADANIFERUS LEAF/STEM WATER EXTRACT,,astringent,
BRASSICA OLERACEA BOTRYTIS OIL UNSAPONIFIABLES,91771-39-0 / 223749-36-8,antiseborrhoeic; emollient; hair-conditioning; skin-conditioning,
RHINACANTHUS COMMUNIS EXTRACT,,astringent,
CARPINUS TSCHONOSKII STEM EXTRACT,,antioxidant; astringent; emollient; hair-conditioning,
GALENIA AFRICANA LEAF/STEM EXTRACT,,antidandruff; antimicrobial,
DIDEHYDROPINANE,1330-16-1,perfuming,
P-VINYLPHENOL,2628-17-3,perfuming,
ACETALDEHYDE ETHYL CIS-3-HEXENYL ACETAL,28069-74-1,perfuming,
CYMBOPOGON MARTINI MOTIA HERB OIL,91722-54-2,perfuming,
COLLOIDAL GOLD,7440-57-5,antimicrobial; skin-conditioning,
TETRAMETHYLCYCLOHEXENE-1-PROPANOL,3293-47-8,perfuming,
MYRISTIC ACID,544-63-8,cleansing; emulsifying; perfuming,
TETRAHYDROGERANIAL,5988-91-0,perfuming,
TUSSILAGO FARFARA FLOWER EXTRACT,84625-50-3,astringent; emollient,
BACILLUS/MONASCUS/EQUISETUM ARVENSE LEAF/SOYBEAN SEED FERMENT FILTRATE,,antimicrobial; antioxidant; antiplaque; emollient; hair-conditioning; humectant; oral-care,
ALLYL CYCLOHEXYLPROPIONATE,2705-87-5,perfuming,
BETA-PINEN-3-OL,5947-36-4,perfuming,
CEDRENONE,30960-39-5,perfuming,
(MAGNOLIA OFFICINALIS/PHELLODENDRON AMURENSE) BARK/CAMELLIA JAPONICA LEAF/ZINGIBER OFFICINALE ROOT/CITRUS PARADISI SEED WATER,,antimicrobial; antioxidant; antiseborrhoeic; skin-conditioning,
9-DECENAL,39770-05-3,perfuming,
2-METHYLBUTYL BUTYRATE,51115-64-1,perfuming,
TAXUS (MEDIA/CUSPIDATA/BREVIFOLIA/BACCATA/CANADENSIS) MERISTEM CELL CULTURE CONDITIONED MEDIA,,antimicrobial; antioxidant; skin-conditioning,
NASTURTIUM OFFICINALE FLOWER/LEAF/STEM EXTRACT,84775-70-2,perfuming; skin-conditioning,
METHYLBENZYL ACETATE,93-92-5 / 29759-11-3,masking; perfuming,
PHENETHYL SALICYLATE,87-22-9,perfuming,
TETRAMETHYLDECENEDIONE,13851-07-5,bleaching; chelating,
HEXAHYDRO-TETRAMETHYL-METHANONAPHTHALENE-8-METHYL FORMATE,61826-52-6,perfuming,
ERYTHRINA VARIEGATA FLOWER WATER,,humectant; masking; perfuming; skin-conditioning,
MELALEUCA LEUCADENDRON CAJUPUTI LEAF OIL,85480-37-1,perfuming,
ALUMINUM SULFATE,10043-01-3,antiperspirant; astringent; deodorant,
CITRUS SINENSIS VALENCIA PEEL OIL EXPRESSED,97766-30-8,perfuming,
TETRAHYDRO-METHYL-METHYLPROPENYL-PYRAN,4610-11-1,perfuming,
SODIUM CAPROYL/LAUROYL LACTYLATE,13557-74-9/13557-75-0,antidandruff; antimicrobial; cleansing; emulsifying; surfactant,
TRICAPRYLIN,538-23-8,masking; perfuming; skin-conditioning,
EUCALYPTUS PARVULA LEAF WATER,,astringent; deodorant; flavouring,
POTASSIUM SORBATE,24634-61-5 / 590-00-1,preservative,
TETRAHYDRO-METHYL-METHYLENE-PHENYL-PYRAN,30310-41-9,perfuming,
3-ETHYL-2‚5-DIMETHYLPYRAZINE,13360-65-1,perfuming,
CITRUS PARADISI PEEL EXTRACT,8016-20-4,perfuming; skin-conditioning,
COMMIPHORA MYRRHA GUM OIL,84929-26-0,perfuming,
LEVISTICUM OFFICINALE LEAF OIL,84837-06-9,perfuming,
HEXYLRESORCINOL,136-77-6,antimicrobial,
TRANS-DIMETHYLBICYCLOHEPT-2-YLIDENE-ETHYL ACETATE,58437-69-7,perfuming,
ETHANEPEROXOIC ACID/ALUMINUM ISOPROXIDE/TRIMETHYL-CYCLODODECATRIENE,111850-00-1,perfuming,
SANTALUM ALBUM WOOD OIL,84787-70-2,perfuming,
CINNAMOMUM CAMPHORA GUM EXTRACT,92201-50-8 / 8022-91-1 / 8008-51-3,astringent; skin-conditioning,
ETHYLENE DODECANEDIOATE,54982-83-1,masking; perfuming,
TRIMETHYLBICYCLO-3-HEPTYLACRYLONITRILE,68804-00-2,perfuming,
METHYL DIMETHYLBICYCLOHEPTANE-CARBOXYLATE,52557-97-8,perfuming,
6-ETHYL-3-METHYLOCT-5-ENOL,26330-64-3,perfuming,
ISOAMYL ALLYLGLYCOLATE,67634-00-8,masking; perfuming,
UNDECYLENIC ACID,112-38-9,cleansing; emulsifying; preservative; surfactant,
DISODIUM TETRAMETHYLHEXADECENYL SUCCINOYL CYSTEINE,,antimicrobial; antiseborrhoeic; reducing; skin-conditioning; skin-protecting,
HYDROLYZED BANANA FRUIT,,astringent; skin-protecting,
CHLOROPHENE,120-32-1,antimicrobial; preservative,
CUPRESSUS SEMPERVIRENS LEAF OIL,84696-07-1,masking; perfuming; skin-conditioning,
KEPHALIS,36306-87-3,perfuming,
PHENETHYL CINNAMATE,103-53-7,perfuming,
KLUYVEROMYCES/LACTOBACILLUS/NELUMBO NUCIFERA SEED OIL FERMENT FILTRATE,,antioxidant; bleaching; skin-conditioning; skin-protecting,
BENZALKONIUM CETYL PHOSPHATE,,antimicrobial; deodorant,
LAUROYL SH-OLIGOPEPTIDE-76,,antimicrobial; antiseborrhoeic,
CYMBOPOGON MARTINI MOTIA HERB EXTRACT,91722-54-2,perfuming,
HUMAN ANTI-PROPIONIBACTERIUM ACNES MONOCLONAL ANTIBODY,,antiseborrhoeic,
RESVERATRYL TRIS-ETHYLHEXANOATE,,antioxidant; bleaching; skin-conditioning,
DIHYDROCITRONELLYLETHYL ETHER,22810-10-2,perfuming,
PEG-5 DEDM HYDANTOIN,68130-12-1,antimicrobial,
CYCLODODECYL FORMATE,59052-82-3,perfuming,
TRANEXAMOYL DIPEPTIDE-23,,bleaching,
HEXENYL TIGLATE,84060-80-0,perfuming,
2‚4-DIMETHYLBENZYLACETATE,62346-96-7,perfuming,
5-ISOPROPYL-2-METHYLANISOLE,6379-73-3,perfuming,
HYDROLYZED MULBERRY FRUIT,90064-11-2,astringent; skin-protecting,
2-METHOXYPHENOL/2‚2-DIMETHYL-3-METHYLENEBICYCLO-HEPTANE HYDROGENATED,70955-71-4,perfuming,
AVENA SATIVA LEAF EXTRACT,84012-26-0,astringent,
PHENYL MERCURIC BROMIDE,1192-89-8,preservative,
BACKHOUSIA CITRIODORA LEAF EXTRACT,84775-80-4,astringent; skin-conditioning,
DIMETHYLCYCLOHEXYL METHYL KETONE,25304-14-7,perfuming,
GERANIUM MACRORRHIZUM HERB EXTRACT,92347-05-2,perfuming,
7-ETHYLBICYCLOOXAZOLIDINE,7747-35-5,preservative,
2-HEPTYLFURAN,3777-71-7,perfuming,
ISOBUTYL METHYLAMINOBENZOATE,65505-24-0,perfuming,
ETHYL STEARATE,111-61-5,emollient; perfuming,
OENOTHERA BIENNIS FLOWER EXTRACT,90028-66-3,astringent,
CAMELLIA JAPONICA PHYTOPLACENTA EXTRACT,,antimicrobial; hair-conditioning; humectant; skin-conditioning,
P-MENTHANYL ACETATE,58985-18-5,perfuming,
CYCLOHEXYL ISOVALERATE,7774-44-9,perfuming,
MYRISTICA FRAGRANS ARIL OIL,84082-68-8,perfuming,
OCIMUM BASILICUM HERB EXTRACT,84775-71-3,perfuming,
ETHYL TRANS-3‚7-DIMETHYLOCTA-2‚6-DIENOATE,32659-21-5,perfuming,
PENTAMETHYL-SPIROBICYCLOHEPTANE-DIOXANE,121251-67-0,perfuming,
CALCIUM SALICYLATE,824-35-1,preservative,
DAMNACANTHUS MAJOR CALLUS EXTRACT,,antimicrobial; antioxidant; humectant; skin-protecting,
GLYCERYL ROSINATE,65997-13-9 / 8050-31-5,film-forming; perfuming,
ALPINIA ZERUMBET SEED EXTRACT,,antimicrobial; antioxidant,
OCTYLDODECANOL,5333-42-6,emollient; masking; perfuming,
M-TOLYL PHENYLACETATE,122-27-0,perfuming,
AMYLCYCLOPENTENONE,25564-22-1,perfuming,
2‚4-DIETHYLPHENYL METHYL KETONE,52191-01-2,perfuming,
ISOPROPYL-METHYLBICYCLOOCTENE-CARBALDEHYDE,67890-79-3,perfuming,
EUCALYPTUS DIVES LEAF OIL,90028-48-1,perfuming,
ETHYL 2-ACETYLOCTANOATE,29214-60-6,perfuming,
UNDECANOIC ACID,112-37-8,antiseborrhoeic; cleansing; emulsifying; masking; surfactant,
BUTYL FORMATE,592-84-7,perfuming,
THIOCTAMIDOETHYL DIMETHYLAMINE MALEATE,865661-00-3,antimicrobial; antioxidant; bleaching; skin-conditioning,
THYMUS CAPITATUS HERB OIL,90131-59-2,perfuming,
GERANYL ISOBUTYRATE,2345-26-8,perfuming,
KLUYVEROMYCES/LACTOBACILLUS/PHASEOLUS ANGULARIS SEED OIL FERMENT FILTRATE,,antioxidant; astringent; hair-conditioning; skin-conditioning,
EPOXYPINANE,6931-54-0,perfuming,
ALUMINUM DICHLOROHYDREX PEG,242812-79-9,antiperspirant; astringent; deodorant,
5-MELOZOL,13380-89-7,perfuming,
POTASSIUM METHOXYSALICYLATE,152312-71-5,bleaching,
3‚6-DIMETHYL-3-CYCLOHEXENE-1-CARBALDEHYDE,67801-65-4,perfuming,
SH-OLIGOPEPTIDE-87,,antiseborrhoeic; hair-conditioning,
HONEY COCOATES,,antiseborrhoeic; film-forming; skin-conditioning,
COPAIFERA RETICULATA BALSAM OIL ACETYLATED,94266-43-0,perfuming,
PYRUS CYDONIA FRUIT JUICE,90106-03-9,astringent; tonic,
HYDROLYZED ASPERGILLUS/GINSENG EXTRACT FERMENT,,antioxidant; bleaching,
CITRUS CLEMENTINA PEEL OIL,,flavouring; masking; perfuming; skin-conditioning,
QUERCUS ROBUR ROOT EXTRACT,71011-28-4,astringent,
HEXAHYDRO-METHANOINDEN-6-YL PIVALATE,68039-44-1,perfuming,
HEXAMETHYLINDANOPYRAN,1222-05-5,masking; perfuming,
2-METHYLPROPANOL,78-83-1,perfuming,
ALUMINUM ZIRCONIUM TRICHLOROHYDREX GLY,134375-99-8,antiperspirant; astringent; deodorant,
PHENYLMETHYLPENTANAL,55066-49-4,masking; perfuming,
CIS-METHOXY-DIMETHYLOCTADIENE,2565-83-5,perfuming,
TRIMETHYL-2-DECENE-6‚8-DIONE,13851-06-4,perfuming,
SELENICEREUS MONACANTHUS BUD EXTRACT,,antioxidant; bleaching; skin-conditioning; skin-protecting,
CALENDULA OFFICINALIS FLOWER WATER,84776-23-8,flavouring; masking; perfuming,
IMPATIENS CAPENSIS EXTRACT,,astringent; skin-conditioning,
DECYL VINYL ETHER,765-05-9,perfuming,
BUTYL PHENETHYL ETHER,5331-14-6,perfuming,
(ANGELICA KEISKEI/CHRYSANTHEMUM ZAWADSKII) LEAF/STEM/CINNAMOMUM CASSIA BARK/TRICHOSANTES KIRILOWII FRUIT/ULMUS DAVIDIANA BARK/ROOT/(PAEONIA JAPONICA/BUPLEURUM FALCATUM/POLYGALA TENUIFOLIA ROOT)/VISCUS ALBUM STEM EXTRACT,,antidandruff; antioxidant; antiseborrhoeic; skin-protecting,
HYDROGENATED POLYDECENE,68037-01-4,emollient; hair-conditioning; masking; perfuming; skin-conditioning; solvent,
ISOBORNYL FORMATE,1200-67-5,perfuming,
ZINC MAGNESIUM ASPARTATE,,antimicrobial; buffering; skin-protecting,
TRIMETHYL-7-OXABICYCLOHEPTYL)-3-BUTEN-2-ONE,23267-57-4,perfuming,
PHENYLETHYLIDENE-BIS-INDOLE,67801-37-0,perfuming,
2-ACETYLHYDROQUINONE,490-78-8,antioxidant; bleaching; skin-conditioning,
SODIUM DEHYDROACETATE,4418-26-2,preservative,
SODIUM METHYLPARABEN,5026-62-0,preservative,
8-ISOPROPYL-6-METHYLBICYCLOOCTENE-2-CARBALDEHYDE,67845-30-1,perfuming,
BENZOXONIUM CHLORIDE,19379-90-9,antimicrobial,
CETRIMONIUM BROMIDE,57-09-0,antimicrobial; antistatic; emulsifying; preservative; surfactant,
PINUS PUMILIO BRANCH/LEAF OIL,97676-05-6,masking; perfuming,
TRANS,3016-19-1,perfuming,
PROPYL BUTYRATE,105-66-8,perfuming,
ARALIA CONTINENTALIS CALLUS CULTURE EXTRACT,,antimicrobial; astringent; skin-conditioning; skin-protecting,
3-METHYL-5-PHENYLPENTANENITRILE,54089-83-7,perfuming,
GAULTHERIA PROCUMBENS LEAF OIL,90045-28-6,masking; perfuming,
APIUM GRAVEOLENS LEAF OIL,89997-35-3,perfuming,
ETHYL 2‚6,35044-57-6,perfuming,
DICHLORO-M-XYLENOL,133-53-9 / 30581-95-4,antimicrobial; deodorant,
ARNICA MONTANA FLOWER OIL,68990-11-4,perfuming,
ISOBUTYL-METHOXYPYRAZINE,24683-00-9,perfuming,
BAROSMA BETULINA LEAF EXTRACT,84649-93-4,perfuming; skin-conditioning,
CANARIUM LUZONICUM GUM EXTRACT,,perfuming,
P-METHOXYPROPIOPHENONE,121-97-1,perfuming,
BUTYLOXEPANONE,5579-78-2,perfuming,
VETIVERYL ACETATE,117-98-6 / 62563-80-8,perfuming,
BOSWELLIA CARTERII GUM OIL,89957-98-2,perfuming,
PROPIONIC ACID,79-09-4,preservative,
TRICAPRIN,621-71-6,masking; perfuming; skin-conditioning,
CITRONELLYL BUTYRATE,141-16-2,perfuming,
ETHYL CYCLOHEXYLACETATE,5452-75-5,perfuming,
GAMMA-TERPINENE,99-85-4,perfuming,
LIMONENE,138-86-3,deodorant; perfuming; solvent,
METHYL 3-OXO-PENTENYL-CYCLOPENTANEACETATE,39924-52-2,perfuming,
TARAXACUM BRACHYCERAS CALLUS EXTRACT,,antimicrobial; antioxidant; hair-conditioning; humectant; skin-conditioning; skin-protecting,
ACANTHOPANAX SESSILIFLORUS CALLUS EXTRACT,,antimicrobial; hair-conditioning; humectant; skin-conditioning,
PHEOPHORBIDE A AMIDO PEG-45 AMIDO DISTEAROYL GLYCEROPHOSPHOETHANE,,antimicrobial; antioxidant; antiseborrhoeic,
METHYL PROPYL DIKETONE,3848-24-6,perfuming,
METHYLSPIROBICYCLOHEPTANE-DIOXANE,87641-24-5,perfuming,
PELARGONIUM CRISPUM LEAF EXTRACT,90082-46-5,perfuming,
ARTEMISIA ANNUA CALLUS EXTRACT,,antimicrobial; antioxidant; hair-conditioning; skin-conditioning; skin-protecting,
DIETHYLDIMETHYLCYCLOHEXENONE,68845-36-3,perfuming,
DIETHOXYNONADIENE,67674-36-6,masking; perfuming,
TEA-UNDECYLENATE,84471-25-0,cleansing; preservative; surfactant,
NEROLIDYL ACETATE,56001-43-5,perfuming,
COCOALKONIUM CHLORIDE,61789-71-7,antistatic; hair-conditioning; preservative,
CYPERUS SCARIOSUS ROOT OIL,91771-62-9,perfuming,
OCTYL ACETATE/MONOMETHYL ACETATE,68683-25-0,perfuming,
TRANS-ROSE KETONE-5,39872-57-6,perfuming,
EUPHORBIA CERIFERA CERA,8006-44-8,astringent; emulsion-stabilising; film-forming; perfuming; skin-conditioning; viscosity-controlling,
ALPHA-ISOMETHYL IONONE,127-51-5,perfuming; skin-conditioning,
ORIGANUM VULGARE FLOWER EXTRACT,84012-24-8,antiseborrhoeic; masking; oral-care; refreshing,
SALICYLALDEHYDE,90-02-8,perfuming,
HYDROXYPHENYL GLYCINAMIDE,7228-00-4,antiseborrhoeic; hair-conditioning,
VANILLOSMOPSIS ERYTHROPAPPA FLOWER/LEAF OIL,,masking; perfuming; skin-conditioning,
CANANGA ODORATA FLOWER EXTRACT,83863-30-3,perfuming; skin-conditioning,
3‚5-DIMETHYL-3-CYCLOHEXENE-1-METHYL ACETATE,67634-25-7,perfuming,
ISOAMYL VALERATE,2050-09-1,perfuming,
METHYL-METHYLENE-TRICYCLODECAN-OLACETATE,122760-85-4,perfuming,
ISOPROPYLMETHYLHEXENOL,40853-53-0,perfuming,
4-TERT-BUTYLCYCLOHEXYL ACETATE,32210-23-4,perfuming,
OCTYL ISOBUTYRATE,109-15-9,perfuming,
ALUMINUM CHLOROHYDREX PEG,242812-76-6,antiperspirant; astringent; deodorant,
PHENETHYL 2-METHYLBUTYRATE,24817-51-4,perfuming,
METHYLCYCLOHEXENYL BUTANOL,15760-18-6,masking; perfuming,
ETHYL 2-METHYLPENT-4-ENOATE,53399-81-8,perfuming,
SODIUM SORBATE,7757-81-5,preservative,
ASPERGILLUS/GELATIN/RICE FERMENT FILTRATE,,antioxidant; bleaching; emollient; skin-conditioning,
CYCLOHEXANOL,108-93-0,perfuming,
HEXYL OCTANOATE,1117-55-1,perfuming,
CIS-TETRAHYDRO-6-PENT-2-ENYL-PYRAN-2-ONE,25524-95-2,perfuming,
2‚6-DIMETHYL-4-HEPTANOL,108-82-7,perfuming,
ETHYLHEXANAL,123-05-7,perfuming,
BOESENBERGIA PANDURATA RHIZOME EXTRACT,,antidandruff; antimicrobial; antioxidant; bleaching; deodorant; emollient; hair-conditioning; humectant; oral-care,
SALICYLIC ACID,69-72-7,antidandruff; hair-conditioning; keratolytic; masking; preservative; skin-conditioning,
TRANS-TRIMETHYLUNDECADIENOL,58001-88-0,perfuming,
SAPINDUS EMARGINATUS FRUIT/SUCROSE FERMENT FILTRATE,,perfuming,
HEXYL ACETATE,142-92-7,flavouring; masking; perfuming,
PINUS PALUSTRIS TWIG LEAF EXTRACT,97435-14-8,perfuming,
ROSA INDICA FLOWER EXTRACT,97281-55-5,antioxidant; flavouring; masking; perfuming,
2-METHYL-2-BUTENOL,4675-87-0,perfuming,
CITRONELLYL FORMATE,105-85-1,perfuming,
ARTEMISIA PALLENS HERB EXTRACT,91844-86-9,perfuming,
GALLOYL NONAPEPTIDE-11,,antiseborrhoeic; skin-protecting,
EUPHRASIA OFFICINALIS FLOWER/LEAF/STEM WATER,84625-36-5,flavouring; masking; perfuming,
ADAMANTANYLAMINO DIHYDROXYPROPIOPHENONE,,antioxidant; bleaching; skin-protecting,
DIETHYL MALATE,7554-12-3,perfuming,
ANTHOXANTHUM ODORATUM EXTRACT,89957-44-8,perfuming,
CYMBOPOGON NARDUS HERB EXTRACT/ ACETONE,94333-69-4,perfuming,
CORIANDRUM SATIVUM HERB OIL,84775-50-8,perfuming,
METHOXYCHALCONE,959-33-1,antioxidant; bleaching; skin-conditioning,
HEXAHYDRO-TETRAMETHYL-EPOXY-METHANOAZULENE,67710-71-8,perfuming,
CARUM PETROSELINUM SEED OIL,84012-33-9 / 8000-68-8,masking; perfuming; skin-conditioning,
MONASCUS/DIOSCOREA JAPONICA ROOT FERMENT EXTRACT FILTRATE,,antimicrobial; skin-conditioning,
METHYL OCTADECATRIENOATE,301-00-8,perfuming,
HEXAHYDRO-METHANOINDEN-6-OL,3385-61-3,perfuming,
SAMBUCUS NIGRA FRUIT JUICE,84603-58-7,astringent; skin-conditioning,
HYDROXYCITRONELLOL,107-74-4,perfuming,
ETHYL VANILLATE,617-05-0,perfuming,
BICYCLOPENTYLYL BUTENOATE,68039-73-6,perfuming,
METHOXYCYCLODODECANE,2986-54-1,perfuming,
METHYLPARABEN,99-76-3,preservative,
ZINC GLYCINATE SALICYLATE,,antidandruff; antimicrobial; skin-conditioning,
SACCHAROMYCES/CAMELLIA SINENSIS LEAF/GANODERMA LUCIDUM/PANAX GINSENG ROOT FERMENT FILTRATE,,antioxidant; astringent; bleaching; skin-protecting,
4-METHYL-1-OXASPIRO-4-UNDECANOL,57094-40-3,perfuming,
CARVONE,6485-40-1 / 99-49-0 / 2244-16-8,flavouring; masking; perfuming,
CRYPTOCARYA CRASSINERVIA BARK OIL,,antimicrobial; masking,
PROPIONALDEHYDE,123-38-6,perfuming,
SODIUM LAURYL DIETHYLENEDIAMINOGLYCINATE,,antimicrobial; cleansing; emulsifying; surfactant,
ERGOSTEROL ENDOPEROXIDE,2061-64-5,bleaching; humectant; skin-conditioning,
5-PHENYLHEX-4-EN-2-ONE,35151-11-2,perfuming,
ACETALDEHYDE DIPROPYL ACETAL,105-82-8,perfuming,
CIS-DIHYDROCARVONE,20777-49-5,perfuming,
CITRUS GRANDIS PEEL POWDER,90045-43-5 / 8016-20-4,absorbent; perfuming,
GERANYL FORMATE,105-86-2,perfuming,
EUCALYPTUS RADIATA FLOWER/LEAF/STEM EXTRACT,92201-64-4,perfuming; skin-conditioning,
SH-HEPTAPEPTIDE-18,,antioxidant; antiseborrhoeic; skin-protecting,
METHYL ROSINATE,68186-14-1,film-forming; perfuming; skin-conditioning,
BENZYLCARBAMATO CINNAMIDOISOPENTYL DIPEPTIDE-38 AMIDE,,antiseborrhoeic; film-forming,
DENDROBIUM MONILIFORME LEAF/STEM EXTRACT,,bleaching,
BIS-RETINAMIDO METHYLPENTANE,,antimicrobial; antioxidant; emollient; skin-conditioning; skin-protecting,
PHASEOLUS VULGARIS CALLUS EXTRACT,,antimicrobial; antioxidant; hair-conditioning; skin-protecting,
RUBUS PARVIFOLIUS FRUIT EXTRACT,,astringent; skin-conditioning,
HYDROGENATED PALMTRIMONIUM CHLORIDE,,antistatic; hair-conditioning; preservative,
LAVANDULA INTERMEDIA FLOWER/LEAF/STEM WATER,922623-76-2,masking; perfuming,
SODIUM PROPYLPARABEN,35285-69-9,preservative,
CAPRYLYLOXYPHENYLAMINO DIMETHYLTETRAHYDRO BENZOTHIAZINE CARBOXYLIC ACID,1629023-01-3,antioxidant; preservative; skin-protecting,
NONANE,111-84-2,perfuming,
CITRUS GRANDIS FRUIT WATER,90045-43-5 / 8016-20-4,masking; perfuming; skin-conditioning,
MAGNOLIA OBOVATA FRUIT EXTRACT,,bleaching,
RHODINYL ISOVALERATE,7778-96-3,perfuming,
SORBIC ACID,110-44-1,preservative,
P-CRESYL ISOVALERATE,55066-56-3,perfuming,
DIHYDROANETHOLE,104-45-0,perfuming,
ARTEMISIA PALLENS FLOWER OIL,91844-86-9 / 8016-03-3,masking; perfuming,
HYDROLYZED CHITOSAN FERULYL LINOLEATE,,antimicrobial; antioxidant; antiseborrhoeic; emulsion-stabilising; skin-conditioning,
METHYL 3-NONENOATE,13481-87-3,perfuming,
COGNAC OIL GREEN,8016-21-5,perfuming,
JUNIPERUS MEXICANA WOOD EXTRACT EPOXIDIZED,99811-75-3,perfuming,
OCTAHYDRO-PENTAMETHYL-INDENE,33704-60-8,perfuming,
CYMBOPOGON MARTINI SOFIA HERB EXTRACT,92704-07-9,perfuming,
PHENETHYL 2-ETHYLBUTYRATE,6315-04-4,perfuming,
2‚3-DIMETHYL-4-(2‚6,71850-78-7,perfuming,
MYRTUS COMMUNIS STEM EXTRAXT,84082-67-7,perfuming,
TRIS(N-HYDROXYPROPYL) HEXAHYDROTRIAZINE,25254-50-6,antimicrobial,
THYMUS VULGARIS FLOWER/LEAF/STEM WATER,84929-51-1,masking; perfuming,
ZINC ISOMERIZED LINOLEATE HYDROXIDE,,hair-conditioning; masking; perfuming; skin-conditioning; skin-protecting; uv-absorber,
DOCOSAHEXENOIC/DOCOSAPENTENOIC/OLEIC/PALMITIC TRIGLYCERIDE,,bleaching; skin-conditioning; skin-protecting,
2‚5-DIMETHYLPYRAZINE,123-32-0,perfuming,
ROSMARINUS OFFICINALIS FLOWER OIL,84604-14-8,perfuming,
CISTUS LADANIFERUS LEAF EXTRACT,89997-74-0,perfuming,
2-HEXYLIDENECYCLOPENTANONE,17373-89-6,perfuming,
CINNAMYL ISOBUTYRATE,103-59-3,perfuming,
ASCORBYL LACTOSIDE,,antioxidant; bleaching,
BENZYL ISOAMYL ETHER,122-73-6,perfuming,
MYROXYLON BALSAMUM PEREIRAE BALSAM EXTRACT,8007-00-9,perfuming,
ACETYLISOPROPYLTETRAMETHYLINDANE,68140-48-7,perfuming,
METHYL METHYLVALERATE,2412-80-8,perfuming,
MYRISTYL THEOBROMA GRANDIFLORUM SEEDATE,,bleaching; emollient; skin-conditioning,
PETROSELINUM CRISPUM LEAF OIL,84012-33-9,masking; perfuming,
ARTEMISIA CAPILLARIS FLOWER/LEAF/STEM WATER,223747-93-1,flavouring; masking; perfuming; skin-conditioning,
3-METHYLPENTAN-1-OL,589-35-5,perfuming,
TRISODIUM ASCORBYL HEXYLDECANOATE PHOSPHATE,635681-25-3,antioxidant; antiseborrhoeic; bleaching; humectant; surfactant,
OCTANAL ETHYLENEGLYCOL CYCLIC ACETAL,4359-57-3,perfuming,
AEROPYRUM/SOYBEAN FERMENT FILTRATE,,antiseborrhoeic; emollient; skin-conditioning; skin-protecting,
VIOLACEIN,548-54-9,antimicrobial; antioxidant; cosmetic-colorant,
5‚5,3407-42-9,perfuming,
HEXAHYDRO-METHANOINDENYL PROPIONATE,68912-13-0,perfuming,
ETHYL TIGLATE,55514-48-2 / 5837-78-5,perfuming,
ETHYL ANTHRANILATE,87-25-2,perfuming,
IMPATIENS BALSAMINA FLOWER/LEAF/STEM EXTRACT,90045-84-4,astringent; masking,
2‚4-HEXADIENOL,111-28-4,perfuming,
LITSEA CUBEBA FRUIT EXTRACT HYDROGENATED,92457-16-4,perfuming,
ALEURITES MOLUCCANUS EXTRACT,,astringent,
TRIACETIN,102-76-1,antimicrobial; film-forming; masking; plasticiser; solvent,
MELOZOL FORMATE,68039-78-1,perfuming,
ISOAMYL SALICYLATE,87-20-7,perfuming,
DECAHYDRO-TRIMETHYL-BETA-NAPHTHYL ACETATE,24238-95-7,perfuming,
ROSA DAMASCENA FLOWER WATER EXTRACT,,antioxidant; astringent,
M-TERT-BUTYLPHENYL ISOBUTYRALDEHYDE,62518-65-4,perfuming,
C10 ALKYL ACETATE,68478-36-4,perfuming,
SODIUM/ALUMINUM/IRON/SULFATE/OXALATE/HYDROXIDE,,antimicrobial; chelating; deodorant; humectant; opacifying,
HAMAMELIS VIRGINIANA BARK/TWIG EXTRACT,84696-19-5,astringent; skin-conditioning,
CEDRYL ACETATE,77-54-3,perfuming,
METHYL NONYL KETONE,112-12-9,perfuming,
5-NONEN-2-ONE,27039-84-5,perfuming,
METHYL TIGLATE,6622-76-0,perfuming,
JASMINUM OFFICINALE FLOWER/LEAF EXTRACT,90045-94-6,masking; moisturising; perfuming; skin-conditioning; soothing,
MYRISTYL CARPOTROCHE BRASILIENSIS SEEDATE,,bleaching; emollient,
PARIS VERTICILLATA LEAF EXTRACT,,antimicrobial,
THYMUS MASTICHINA HERB OIL,84837-14-9,perfuming,
POTASSIUM ALUM,10043-67-1 / 7784-24-9,astringent,
10-UNDECENYL ACETATE,112-19-6,perfuming,
OLIGOPEPTIDE-100 AMIDE,,antimicrobial; antioxidant; antiseborrhoeic; skin-protecting,
BUTYROPHENONE,495-40-9,perfuming,
THUJA PLICATA STEM OIL,94334-32-4,perfuming,
ETHYL LAEVULINATE,539-88-8,perfuming,
TIGLIC ACID,80-59-1,perfuming,
HYDROXYCITRONELLAL METHYL ANTHRANILATE,89-43-0,perfuming,
CICLOPIROX OLAMINE,41621-49-2,antidandruff; antimicrobial,
9-DECENYL PROPIONATE,68480-06-8,perfuming,
2-ETHYLPENTYL-1‚3-DIOXOLANE,4359-47-1,perfuming,
CETALKONIUM CHLORIDE,122-18-9,antimicrobial; antistatic; preservative,
ISOPROPYL-1-OXASPIRODECANONE,4625-90-5,perfuming,
ETHYL 2-METHOXYBENZYL ETHER,64988-06-3,perfuming,
CANARIUM LUZONICUM GUM OIL,,perfuming,
SALVIA SCLAREA FLOWER/LEAF/STEM WATER,84775-83-7,masking; perfuming,
ETHYL OLEATE,111-62-6,emollient; perfuming,
SACCHAROMYCES/LILIUM CANDIDUM CALLUS EXTRACT FERMENT EXTRACT FILTRATE,,antimicrobial; antioxidant; humectant; skin-conditioning; skin-protecting,
6-METHOXY-2‚6-DIMETHYLHEPTANAL,62439-41-2,perfuming,
ISOAMYL ISOBUTYRATE,2050-01-3,perfuming,
PICHIA/R-LEUCOSPORIDIUM POLYPEPTIDE-1 CONDITIONED MEDIA,,antimicrobial; antioxidant; antiseborrhoeic; hair-conditioning; skin-protecting,
2-ISOPENTENYL PHENETHYL ETHER,50638-95-4,perfuming,
1-HEXEN-3-OL,4798-44-1,perfuming,
COPAIFERA SPECIES RESIN EXTRACTS,9000-12-8,perfuming,
2-PHENYLPROPYLTETRAHYDROFURAN,3208-40-0,perfuming,
ETHYL METHYLPHENYLGLYCIDATE,77-83-8,perfuming; viscosity-controlling,
ALUMINUM DICHLOROHYDREX PG,245090-53-3,antiperspirant; astringent; deodorant,
PEGMATITE,,abrasive; absorbent; antimicrobial; bulking; skin-conditioning,
GLYCINE MAX CALLUS EXTRACT,,antimicrobial; antioxidant; hair-conditioning; skin-conditioning; skin-protecting,
HOMOLINALYL ACETATE,61931-80-4,perfuming,
GYNOSTEMMA PENTAPHYLLUM LEAF/STEM EXTRACT,,antioxidant; astringent; emollient; hair-conditioning,
OCTAHYDRO-5‚5-DIMETHYLNAPHTHALENE-2-CARBALDEHYDE,68738-96-5 / 68991-96-8,perfuming,
UNDECANAL,112-44-7,perfuming,
SH-OCTAPEPTIDE-3,,bleaching,
PELARGONIUM GRAVEOLENS STEM LEAF EXTRACT,90082-51-2,perfuming,
TETRAHYDRONAPHTHALENE-2-ETHANOL,5441-06-5,perfuming,
FUCUS VESICULOSUS THALLE OIL,84696-13-9,perfuming,
MYRISTICA FRAGRANS FRUIT EXTRACT,84082-68-8,perfuming,
NASTURTIUM OFFICINALE FLOWER EXTRACT,84775-70-2,perfuming,
METHYLHEPTENONE ISOMERS,409-02-9,perfuming,
SODIUM ISOPROPYLPARABEN,,preservative,
POTASSIUM SALICYLATE,578-36-9,preservative,
PINUS PINASTER BARK/BUD EXTRACT,90082-75-0,antidandruff; antimicrobial; antioxidant; oral-care; skin-conditioning; uv-absorber,
TERT-BUTYL ISOPENTANETHIOATE,2432-91-9,perfuming,
VIVERRA CIVETTA,68916-26-7,perfuming,
CITRUS BERGAMIA PEEL OIL EXPRESSED,89957-91-5,perfuming,
BUTYL ETHYL KETONE,106-35-4,perfuming,
CINNAMYL FORMATE,104-65-4,perfuming,
BENZYL OCTANOATE,10276-85-4,perfuming,
ARTEMISIA DRACUNCULUS HERB EXTRACT,90131-45-6,perfuming,
SODIUM BUTYLPARABEN,36457-20-2,preservative,
CHRYSANTHAL,39067-39-5,perfuming,
ATRACTYLODES CHINENSIS RHIZOME EXTRACT,,astringent,
HEXAHYDROMETHOXY-METHANOINDENE,53018-24-9,perfuming,
FERULA GALBANIFLUA GUM EXTRACT,93165-40-3 / 68916-24-5,antimicrobial; perfuming; tonic,
HYDROLYZED NYMPHAEA TETRAGONA EXTRACT,,antioxidant; bleaching; skin-conditioning,
PNA-1 CARBOXYETHYL FLUORENE,,astringent; humectant; skin-conditioning,
SULFORAPHANE,,bleaching; skin-protecting,
GAMMA-CAPROLACTONE,695-06-7,masking; perfuming,
MAGNESIUM SALICYLATE,18917-89-0,preservative,
HYALURONIC ACID/POLYGLUTAMIC ACID CROSSPOLYMER,,antioxidant; antiseborrhoeic; humectant; skin-conditioning; skin-protecting,
NICOTINOYL PEG-4 ETHYLASCORBYL SUCCINATE,,antioxidant; antiseborrhoeic; hair-conditioning,
AZELAOYL OCTAPEPTIDE-9,,antimicrobial; antiseborrhoeic; skin-protecting,
MANGANESE GLYCEROPHOSPHATE,143007-66-3,astringent,
RHEIN,478-43-3,antimicrobial,
ROSA ODORATA EXTRACT,97676-09-0,astringent; humectant,
CISTUS LADANIFERUS LEAF OIL,89997-74-0,perfuming,
LEPTACTINA SENEGAMBICA FLOWER EXTRACT,94334-14-2,perfuming,
2-METHYLBUTANE-2-THIOL,1679-09-0,perfuming,
3‚6-DIMETHYL-3-VINYLHEPT-5-EN-2-OL,85136-10-3,perfuming,
KUSHENOLS/KURARINONE,,antioxidant; bleaching,
CUMINUM CYMINUM FRUIT EXTRACT,84775-51-9,perfuming,
AMYL CINNAMAL,122-40-7,perfuming,
3‚6-DIMETHYL-3-OCTANOL,151-19-9,perfuming,
PINUS SPECIES TWIG LEAF OIL,94266-48-5,perfuming,
TERT-BUTYLHYDROQUINONE DIMETHYLETHER,21112-37-8,perfuming,
LEVISTICUM OFFICINALE ROOT EXTRACT,84837-06-9,masking; perfuming; skin-conditioning,
ROSA ALBA FLOWER EXTRACT,93334-48-6,emollient; perfuming,
ACORUS CALAMUS ROOT OIL,84775-39-3,perfuming,
CITRUS SINENSIS PEEL OIL EXPRESSED,97766-30-8 / 8028-48-6,perfuming,
FARNESENE,502-61-4 -a-- / 18794-84-8 -b--,masking; perfuming,
CISTUS LADANIFERUS TWIG EXTRACT,89997-74-0,perfuming,
XYLITYL CAPRATE/CAPRYLATE,2127407-61-6,antimicrobial; emulsion-stabilising; humectant; preservative; skin-conditioning,
FUCUS CRISPUS THALLE EXTRACT,95009-46-4,perfuming,
HEXAHYDRO-TRIMETHYL-METHANOAZULENE-6-CARBALDEHYDE,28387-62-4,perfuming,
MAGNESIUM LACTATE,18917-93-6,buffering; keratolytic; skin-conditioning,
BETA,6784-13-0,perfuming,
TRICYCLODECYLIDENE BUTANAL,30168-23-1,perfuming,
ALPINIA SPECIOSA FLOWER/LEAF/STEM WATER,,antimicrobial; emollient; skin-conditioning,
HEPTANAL DIMETHYLACETAL,10032-05-0,perfuming,
ACETYLBENZOFURAN,1646-26-0,masking; perfuming,
ACACIA SALIGNA LEAF EXTRACT,,astringent; skin-conditioning,
PELARGONIUM ROSEUM STEM OIL,90082-55-6,perfuming,
ARTOCARPUS HETEROPHYLLUS SEED EXTRACT,93333-78-9,bleaching,
4-METHYLPENT-3-EN-2-ONE,141-79-7,perfuming,
METHYL CYCLOPENTYLIDENEACETATE,40203-73-4,perfuming,
2-ETHYL-1‚3,18368-91-7,perfuming,
CITRUS BERGAMIA MELAROSA LEAF OIL,92704-01-3,perfuming,
GERMANIUM DIOXIDE,1310-53-8,antimicrobial,
PENTADECANE,629-62-9,perfuming,
ACETOPHENONE ETHYLENEGLYCOL CYCLIC ACETAL,4362-22-5,perfuming,
AR-ISOPROPYLPHENYLACETALDEHYDE,1335-44-0,perfuming,
METHOXY-METHYLBUTANETHIOL,94087-83-9,perfuming,
SODIUM TUNGSTATE ANTIMONATE,,antimicrobial; chelating; stabilising,
METHOXYPHENYL-METHYLBUTANONE,67828-19-7,perfuming,
CYCLOPENTANONE TERT-BUTYLETHYLENE GLYCOL CYCLIC ACETAL,78649-62-4,perfuming,
CITROL,624-15-7,perfuming,
IMPATIENS CAPENSIS LEAF EXTRACT,,astringent; skin-conditioning,
TRIMETHYLCYCLOHEXYLACETYL-CYCLOPENTANONE,84642-57-9,perfuming,
HEXYL BUTYRATE,2639-63-6,perfuming,
SALVIA LAVANDULIFOLIA HERB EXTRACT,90106-49-3,perfuming,
THUJOPSIS DOLABRATA WOOD EXTRACT,91722-39-3,perfuming,
HYPOXIS AUREA ROOT EXTRACT,,bleaching; skin-conditioning,
SACCHARUM OFFICINARUM FERMENT EXTRACT,91770-72-8,astringent; tonic,
CIS-2-METHYL-4-PROPYL-1‚3-OXATHIANE,59323-76-1,perfuming,
LIATRIS ODORATISSIMA LEAF EXTRACT,68602-86-8,perfuming; skin-conditioning,
ALUMINUM SESQUICHLOROHYDREX PEG,242812-86-8,antiperspirant; astringent; deodorant,
TETRAHYDROISOOCIMENOL,18479-57-7,perfuming,
NARCISSUS JONQUILLA FLOWER OIL,90064-25-8,flavouring; masking; perfuming,
METHYL-METHYLCYCLOHEXENYL-HEPTADIENE,17627-44-0,perfuming,
HEXADECA-6‚10‚14-TRIEN-3-OL,70851-60-4,perfuming,
N-BUTYL ALCOHOL,71-36-3,denaturant; perfuming; solvent,
HEXENYL-TETRAHYDRO-PYRANONE,68959-28-4,perfuming,
SALVIA HISPANICA HERB OIL,93384-40-8,perfuming,
CINNAMYL CINNAMATE,122-69-0,perfuming,
FRAGARIA VESCA LEAF EXTRACT,84929-78-2,astringent; skin-conditioning,
PHENOXYETHANOL,122-99-6,preservative,
2‚4-DIMETHYLHEPTA-2‚2-DIENAL,85136-08-9,perfuming,
ANIBA ROSAEODORA WOOD OIL,8015-77-8,astringent; masking; perfuming; skin-conditioning; tonic,
HABERLEA RHODOPENSIS CALLUS EXTRACT,,antimicrobial; antioxidant; humectant; skin-conditioning; skin-protecting,
EUCALYPTUS DUNNII LEAF EXTRACT,,astringent; hair-conditioning; masking; skin-conditioning,
DIMETHYLBENZYL CARBINYL ACETATE,151-05-3,perfuming,
JUNIPERUS OXYCEDRUS WOOD EXTRACT,90046-02-9,perfuming; skin-conditioning,
MORPHOLINOMETHYLPHENYL HYDROXYPHENYLAMINO THIENOPYRIDINE,1228102-01-9,bleaching; skin-conditioning; skin-protecting,
MAGNESIUM LITHOSPERMATE B,122021-74-3,antimicrobial; antioxidant; hair-conditioning; humectant; skin-protecting,
2-METHYL-3-(1‚7,128119-70-0,perfuming,
OXYRIA DIGYNA CALLUS EXTRACT,,antimicrobial; antioxidant; hair-conditioning; humectant; skin-conditioning; skin-protecting,
FRAGARIA VESCA JUICE,84929-78-2,astringent; skin-conditioning,
BACILLUS/MONASCUS/CAPSELLA BURSA-PASTORIS LEAF/RICE BRAN FERMENT FILTRATE,,antimicrobial; antioxidant; emollient; skin-conditioning,
METHYL-METHYLTHIOPYRAZINE,2882-20-4,perfuming,
VALERALDEHYDE,110-62-3,perfuming,
ROSA MOSCHATA OIL,,astringent; emollient; masking; tonic,
HYSSOPUS OFFICINALIS HERB EXTRACT,84603-66-7,perfuming,
STREPTOCOCCUS THERMOPHILUS/LACTOBACILLUS/BIFIDOBACTERIUM/LICORICE ROOT EXTRACT FERMENT FILTRATE,,antimicrobial; antioxidant; astringent; emollient; skin-conditioning,
JUNIPERUS COMMUNIS FRUIT EXTRACT,84603-69-0,perfuming; skin-conditioning,
DIETHYL MALONATE,105-53-3,perfuming,
DIMETHYLBENZYL CARBINOL,100-86-7,perfuming,
ISOHEXENYL CYCLOPENTENYL CARBALDEHYDE,37677-14-8,perfuming,
ETHYL MYRISTATE,124-06-1,emollient; masking; perfuming; skin-conditioning,
LAVANDULA SPICA HERB OIL,97722-12-8,perfuming,
GAMMA-METHYLDECALACTONE,7011-83-8,perfuming,
THIMEROSAL,54-64-8,preservative,
BUTYL 2-METHYLBUTYRATE,15706-73-7,perfuming,
OZONIZED TURPENTINE,,antimicrobial; oxidising; skin-conditioning,
TRIMETHYLDECENEDIONE,13851-06-4,bleaching; chelating,
ISOPROPYL CRESOLS,3228-02-2,preservative,
ILLICIUM VERUM FRUIT WATER,84650-59-9,masking; perfuming,
ISOAMYL FORMATE,110-45-2,perfuming,
4-ETHYL-GAMMA-OCTALACTONE,68188-98-7,perfuming,
PINANAL,473-54-1,perfuming,
ETHYL LINALOOL,10339-55-6,masking; perfuming,
PELARGONIUM ROSEUM LEAF OIL,90082-55-6,perfuming,
OLIVE OIL/POMEGRANATE FRUIT FERMENT FILTRATE,84961-57-9,antimicrobial; antioxidant; antiseborrhoeic,
C11-15-ISOALKANES,90622-58-5,perfuming,
BROMELAIN,9001-00-7 / 37189-34-7,keratolytic; skin-conditioning,
METHYLOCTENYL ACETATE,66008-66-0,perfuming,
P-CRESYLOXYACETALDEHYDE DIMETHYL ACETAL,6324-78-3,perfuming,
TETRAMETHYL-4-METHYLENE-2-HEPTANOL,81787-06-6,perfuming,
BUTYL CINNAMATE,538-65-8,perfuming,
NARCISSUS PSEUDO-NARCISSUS ROOT EXTRACT,90064-27-0,astringent; hair-conditioning; skin-conditioning,
MYRTENYL FORMATE,72928-52-0,perfuming,
CISTUS SPECIES RESIN OIL,84775-64-4,perfuming,
PINUS CEMBRA LEAF/TWIG OIL,92202-04-5,antimicrobial; masking; perfuming,
PHENETHYL ISOTHIOCYANATE,2257-09-2,perfuming,
2‚4-DIMETHYL-3-CYCLOHEXENE-1-METHANOL,67634-17-7,perfuming,
THIOHISTIDINE,2002-22-4,antioxidant; bleaching; chelating,
ISOCINEOLE,470-67-7,perfuming,
NELUMBO NUCIFERA CALLUS CULTURE EXTRACT,85085-51-4,antimicrobial; antioxidant; humectant,
ABIES ALBA NEEDLE EXTRACT,90028-76-5,perfuming,
ISOAMYL HEPTANOATE,109-25-1,perfuming,
3-(P-CUMENYL)-2-METHYLPROPIONALDEHYDE,6658-48-6,perfuming,
O-CYMEN-5-OL,3228-02-2 / 39660-61-2,preservative,
ISOBUTYL BENZOATE,120-50-3,perfuming; preservative; solvent,
CHLORELLA VULGARIS METHIONYL SH-POLYPEPTIDE-14 HEXAPEPTIDE-40,,antimicrobial; antioxidant; astringent; emulsion-stabilising; hair-conditioning; skin-protecting,
ETHYL ACETOXYHEXANOATE,104986-28-9,perfuming,
DIETHYLHEPTADIENAL,85136-07-8,perfuming,
INDENE,95-13-6,perfuming,
NONANAL/ METHYL ANTHRANILATE SCHIFF BASE,72894-12-3,perfuming,
KLUYVEROMYCES/LACTOBACILLUS/PINUS DENSIFLORA LEAF OIL FERMENT FILTRATE,,antimicrobial; antioxidant; bleaching; hair-conditioning; skin-conditioning,
EUGENIA CARYOPHYLLUS BARK EXTRACT,,antioxidant; antiseborrhoeic; hair-conditioning; skin-protecting,
RHODINYL BUTYRATE,141-15-1,perfuming,
LEUCONOSTOC/RADISH ROOT FERMENT FILTRATE,,antidandruff; antimicrobial,
DMDM HYDANTOIN,6440-58-0,preservative,
1-PENTEN-3-OL,616-25-1,perfuming,
3-METHYLPENT-3-EN-2-ONE,565-62-8,perfuming,
HEXAHYDROPROPENYLOXY-METHANOINDENE,26912-64-1,perfuming,
BUTENYLIDENE-TRIMETHYLCYCLOHEXENONE,13215-88-8,perfuming,
MELILOTUS OFFICINALIS FLOWER EXTRACT,84082-81-5,astringent; emollient; skin-conditioning,
HYDROCINNAMYL CINNAMATE,122-68-9,perfuming,
ICTASOL,1340-06-3,antidandruff; antimicrobial,
MICONAZOLE NITRATE,22832-87-7,antimicrobial,
3-ISOPENTENOL,763-32-6,perfuming,
BORIC ACID,10043-35-3 / 11113-50-1,antimicrobial; buffering; denaturant,
PIPER NIGRUM FRUIT OIL,84929-41-9,masking; perfuming,
HEXYL ISOVALERATE,10032-13-0,perfuming,
MELILOTUS OFFICINALIS HERB OIL,84082-81-5,perfuming,
ROSA BORBONIANA FLOWER WATER,97660-07-6,masking; perfuming; skin-conditioning,
PORIA COCOS SCLEROTIUM EXTRACT,168456-53-9,astringent,
ROSMARINUS OFFICINALIS STEM OIL,84604-14-8,perfuming,
ETHOXY-PROPENYLPHENOL,94-86-0,perfuming,
PHENYLPROPANOL,1335-12-2 / 122-97-4,masking; perfuming; solvent,
LAVANDULA LATIFOLIA HERB OIL,84837-04-7,perfuming,
KLUYVEROMYCES/LACTOBACILLUS/SAPINDUS MUKOROSSI FRUIT OIL FERMENT FILTRATE,,antimicrobial; antioxidant; bleaching; hair-conditioning; skin-conditioning,
MIBK,108-10-1,denaturant; perfuming; solvent,
CITRUS AURANTIFOLIA PEEL WATER,90063-52-8,masking; perfuming,
HEXAHYDRO-TRIMETHYLETHANONAPHTHALEN-8-YL METHYL KETONE,32388-56-0,perfuming,
2-METHYLBUTYRALDEHYDE,96-17-3,perfuming,
LAVANDULA OFFICINALIS FLOWER/EXTRACT,,antimicrobial; antiseborrhoeic; skin-conditioning; skin-protecting,
JUGLANS NIGRA SHELL EXTRACT,96690-56-1,astringent; emollient; masking,
CIS-ROSE KETONE-2,23726-92-3,perfuming,
CHLORHEXIDINE,55-56-1,antimicrobial; oral-care; preservative,
HELICHRYSUM STOECHAS FLOWER EXTRACT,91845-22-6,hair-conditioning; perfuming; skin-conditioning,
PHORMIUM TENAX LEAF EXTRACT,,antimicrobial,
HYDROLYZED ANANAS SATIVUS FRUIT,,astringent; humectant; skin-protecting,
TRANS-8-METHYL-1-OXASPIRODECANONE,91069-40-8,perfuming,
HONOKIOL,35354-74-6,antioxidant; bleaching; skin-conditioning,
DELTA-OCTALACTONE,698-76-0,perfuming,
MUSK XYLENE,81-15-2,masking; perfuming,
PSEUDOMONAS AEROGINOSA CULTURE CONDITIONED MEDIA EXTRACT,,antimicrobial; antioxidant; antiseborrhoeic; preservative,
CIRSIUM ERIOPHORUM CALLUS EXTRACT,,astringent,
RESMETHRIN,10453-86-8,antimicrobial,
HYPOCHLOROUS ACID,7790-92-3,antiseborrhoeic; deodorant; oxidising,
BIS-CAPRYLYLAMINOETHYL GLYCINE,17670-95-0,antimicrobial,
UNDECYLENOYL PEG-5 PARABEN,,antimicrobial,
5-DIETHOXYMETHYL-HEXAHYDRO-METHANO-1H-INDENE,67633-92-5,perfuming,
MYRTRIMONIUM BROMIDE,1119-97-7,preservative,
PINUS STROBUS CONE EXTRACT,90082-77-2 / 94266-48-5,masking; perfuming,
CYCLAMEN ALDEHYDE DIETHYL ACETAL,7149-24-8,perfuming,
FERULA KOKANICA GUM EXTRACT,9000-24-2,perfuming,
TETRAHYDRO-PENTAMETHYL-2-NAPHTHALENECARBALDEHYDE,113221-73-1,perfuming,
CARBOCYSTEINE,638-23-3,antiseborrhoeic; skin-conditioning,
BACILLUS/MONASCUS/PSOPHOCARPUS TETRAGONOLOBUS SEED FERMENT FILTRATE,,antiseborrhoeic; emollient; skin-conditioning,
TRANS-2‚4-DIMETHYL-2-(5‚6,131812-52-7,perfuming,
DIMETHYLBICYCLOHEPT-2-YL-METHYL-2-METHYLCYCLOHEXANONE,68901-22-4,perfuming,
ABIES SIBIRICA NEEDLE OIL,91697-89-1,perfuming,
PANAX GINSENG MERISTEM CELL CULTURE CONDITIONED MEDIA,,antimicrobial; antioxidant,
ALPHA-PHELLANDRENE,99-83-2,perfuming,
DIDEHYDRO-OCTAHYDRO-7-ISOPROPYL-1‚4-DIMETHYLAZULENE,68907-19-7,perfuming,
2-T-BUTYLCYCLOHEXYLOXYBUTANOL,139504-68-0,masking; perfuming,
AMMONIUM BENZOATE,1863-63-4,preservative,
SH-OLIGOPEPTIDE-75 AMIDE,,antioxidant; astringent; chelating; skin-protecting,
HYDROXYETHYL FURANHYDROXYNAPHTHOQUINONE,123297-90-5,antimicrobial; antioxidant,
LACTOBACILLUS/SACCHAROMYCES/PICHIA ANOMALA/CAMELLIA SINENSIS LEAF EXTRACT/HONEY FERMENT EXTRACT FILTRATE,,antioxidant; bleaching; skin-conditioning,
SODIUM CALCIUM BORON PHOSPHATE,,abrasive; antimicrobial; buffering; skin-conditioning,
PINUS MUGO TWIG OIL,90082-72-7,perfuming,
3‚5-DIMETHYLCYCLOHEXYLMETHYL ACETATE,68213-86-5,perfuming,
PINUS PINASTER TWIG LEAF OIL,90082-75-0,perfuming,
BUTYL HEXANOATE,626-82-4,perfuming,
PLATINUM,,antimicrobial; antioxidant; skin-conditioning,
THIOSALICYLIC ACID,147-93-3,antioxidant; keratolytic; reducing,
ETHOXY-ETHOXYVINYL-TETRAMETHYLCYCLOHEXENE,36306-86-2,perfuming,
ARTEMISIA ABSINTHIUM HERB OIL,84929-19-1,perfuming,
ANISYL ACETATE,1331-83-5,perfuming,
HEXYLENE GLYCOL,107-41-5,emulsifying; perfuming; skin-conditioning; solvent; surfactant,
EUGENIA CARYOPHYLLUS LEAF OIL,8015-97-2 / 8000-34-8 / 84961-50-2,masking; perfuming; skin-conditioning; tonic,
VERBENA OFFICINALIS LEAF RECTIFIED OIL,84961-67-1,perfuming,
PIPER NIGRUM SEED OIL,84929-41-9,astringent; masking,
ETHYL LAURATE,106-33-2,emollient; perfuming,
SALICYLOYL OCTAPEPTIDE-9,,antimicrobial; antioxidant; antiseborrhoeic; skin-protecting,
PAECILOMYCES JAPONICA/MORUS ALBA LEAF FERMENT FILTRATE,,antimicrobial,
HYDROXYCITRONELLAL,107-75-5,perfuming,
NASTURTIUM OFFICINALE FLOWER OIL,84775-70-2,perfuming,
NATAMYCIN,7681-93-8,antimicrobial; preservative,
TETRAMETHYL-1-OXASPIRO-6-DECENE,36431-72-8,perfuming,
ROSMARINUS OFFICINALIS FLOWER EXTRACT,84604-14-8,antioxidant; deodorant; perfuming; skin-conditioning,
CIS-6-NONENYL ACETATE,76238-22-7,perfuming,
CYPERUS SCARIOSUS ROOT EXTRACT,91771-62-9,perfuming,
XYLENE,1330-20-7 / 95-47-6 / 108-38-3,masking; perfuming; solvent,
METHYLHEXYLACETALDEHYDE,7786-29-0,perfuming,
METHYL UNDECYLENATE,111-81-9,deodorant; perfuming,
AMYLCINNAMAL/METHYL ANTHRANILATE SCHIFF BASE,68527-78-6,perfuming,
2-OCTANOL,123-96-6,perfuming,
ROSMARINUS OFFICINALIS FLOWER/LEAF/STEM WATER,84604-14-8,masking; perfuming,
FERULA KOKANICA RESIN OIL,9000-24-2,perfuming,
MEA-BENZOATE,4337-66-0,preservative,
ETHYL ACETATE,141-78-6,perfuming; solvent,
LIPPIA CITRIODORA FLOWER/LEAF/STEM EXTRACT,,perfuming; tonic,
6-METHYLQUINOLINE,91-62-3,perfuming,
SODIUM CINNAMATE,538-42-1,antimicrobial; perfuming,
PINUS DENSIFLORA LEAF EXTRACT,92202-05-6,antimicrobial; antioxidant,
UNDECYL ALCOHOL,112-42-5,antiseborrhoeic; emollient; masking; skin-conditioning; viscosity-controlling,
CARPINUS TSCHONOSKII LEAF EXTRACT,,antidandruff; antimicrobial; hair-conditioning; skin-conditioning,
4-DIHYDROMETHYL-2H-PYRAN-2-YL GUAIACOL,128489-02-1,perfuming,
CINNAMYL PROPIONATE,103-56-0,perfuming,
QUATERNIUM-8,,antimicrobial; antistatic; hair-conditioning,
(LAVANDULA ANGUSTIFOLIA/MELISSA OFFICINALIS/HYPERICUM PERFORATUM) FLOWER/(CAMELLIA SINENSIS LEAF/(GLYCYRRHIZA GLABRA/ACANTHOPANAX SENTICOSUS) ROOT/SARRACENIA COBRA NEST LEAF/FLOWER/STALK EXTRACT,,antimicrobial; antiseborrhoeic; skin-conditioning; skin-protecting,
ALUMINUM DIACETATE,142-03-0,antimicrobial; astringent,
PROPYL BENZOATE,2315-68-6,perfuming; preservative,
BENZYL ACETATE,140-11-4 / 101-41-7,masking; perfuming,
4-TERT-BUTYLTOLUENE,98-51-1,perfuming,
ALPINIA SPECIOSA LEAF/STEM FERMENT,,antioxidant; preservative,
ETHYL 2-DIMETHYLCYCLOHEXENYLMETHYL-AMINOBENZOATE,68228-09-1,perfuming,
PINANE CARBALDEHYDE,60113-43-1,perfuming,
BENZYL ACETOACETATE,5396-89-4,perfuming,
PEG-15 DEDM HYDANTOIN,68130-12-1,antimicrobial,
ETHYL ISOPROPYL-BICYCLOHEPTENE-2-CARBOXYLATE,116044-44-1,perfuming,
EUCALYPTUS DIVES LEAF EXTRACT,90028-48-1,perfuming,
SACCHAROMYCES/ZINC/IRON/GERMANIUM/COPPER/MAGNESIUM/SILICON FERMENT,,astringent,
RHODINOL,6812-78-8,perfuming,
PHENOXYACETALDEHYDE,2120-70-9,perfuming,
P-CRESOL,106-44-5,antimicrobial; perfuming,
STYRENE,100-42-5,perfuming,
ISOAMYL ISOVALERATE,659-70-1,perfuming,
FRAGARIA VESCA SEED,84929-78-2,astringent; skin-conditioning,
POTASSIUM VANADYL TUNGSTATE ANTIMONATE,,antimicrobial; antioxidant; chelating,
2-ISOPROPYL-5-METHYLANISOLE,1076-56-8,perfuming,
HEXYL METHYL KETONE,111-13-7,perfuming,
HEPTANAL,111-71-7,perfuming,
DODECENE HYDROFORMYLATION PRODUCTS,68527-06-0,perfuming,
4‚7-DIMETHYL-4-VINYLOCT-6-EN-3-OL,85136-05-6,perfuming,
CHLORPHENESIN,104-29-0,antimicrobial; preservative,
METHYLPENTENYL-CYCLOPENTENONE,6261-18-3,perfuming,
DICHLOROBENZYL ALCOHOL,1777-82-8,antimicrobial; preservative,
BENZYL ISOVALERATE,103-38-8,perfuming,
HYDROCINNAMALDEHYDE,104-53-0,perfuming,
SH-POLYPEPTIDE-108,,antimicrobial; antiseborrhoeic; skin-conditioning,
GLYCERYL OLEATE,25496-72-4 / 111-03-5,emollient; emulsifying; perfuming,
3-METHYLNON-2-ENENITRILE,53153-66-5,perfuming,
PRUNUS AMYGDALUS AMARA KERNEL OIL,8013-76-1 / 8015-75-6 / 90320-35-7,masking; perfuming,
6-METHYL-5-HEPTEN-2-ONE,110-93-0,perfuming,
ALCOHOL,64-17-5,antifoaming; antimicrobial; astringent; masking; solvent; viscosity-controlling,
ALLYLANISOLE,140-67-0,perfuming,
ISOPROPYL-METHYLBUTYROPHENONE,51556-30-0,perfuming,
DODECYLTRIPHENYLPHOSPHONIUM BROMIDE,15510-55-1,antimicrobial,
METHYLALLYL ANGELATE,61692-78-2,perfuming,
BIS-HYDROXYBENZYL SULFIDE,38204-93-2,antioxidant; bleaching; chelating; humectant; skin-protecting,
MDM HYDANTOIN,116-25-6,antimicrobial,
METHYL DECENOL,81782-77-6,masking; perfuming; skin-conditioning,
RIBES NIGRUM LEAF OIL,68606-81-5,perfuming,
TILIA AMERICANA FLOWER OIL,90063-53-9,flavouring; masking; perfuming,
THUJOPSIS DOLABRATA LEAF OIL,91722-39-3,perfuming,
CUMINYL NITRILE,13816-33-6,perfuming,
THIOCTOYL TRIPEPTIDE-35,,antioxidant; bleaching; hair-conditioning; skin-protecting,
ISOPROPYL-METHYLCYCLOHEXADIENE,4221-98-1,perfuming,
LONICERA PERICLYMENUM CALLUS CULTURE EXTRACT,,antimicrobial; skin-conditioning; skin-protecting,
HYDROXYPROPYL BISTRIMONIUM DIIODIDE,123-47-7,antimicrobial,
THUJA PLICATA STEM EXTRACT,94334-32-4,perfuming,
TUSSILAGO FARFARA LEAF EXTRACT,84625-50-3,astringent; emollient; skin-conditioning,
CIS-RETINOIC ACID,4759-48-2,antiseborrhoeic,
ETHYLACETOACETATE ETHYLENE GLYCOL KETAL,6413-10-1,perfuming,
METHYL HYDROGENATED ROSINATE,8050-15-5 / 8050-13-3,film-forming; perfuming; skin-conditioning,
GAMMA-NONALACTONE,104-61-0,masking; perfuming; skin-conditioning,
FUSEL OIL,8013-75-0,perfuming,
MELIA AZADIRACHTA BARK EXTRACT,90063-92-6,antimicrobial; skin-protecting,
ALLYL NONANOATE,7493-72-3,perfuming,
SESAMUM INDICUM MERISTEM CELL CULTURE EXTRACT,,antimicrobial; antioxidant; hair-conditioning; humectant,
VETIVEROL,68129-81-7 / 89-88-3,perfuming,
NARCISSUS JONQUILLA FLOWER WATER,90064-25-8,flavouring; masking; perfuming; skin-conditioning,
LINALYL ANTHRANILATE,7149-26-0,perfuming,
CIS-3-HEXENYL ISOVALERATE,35154-45-1,perfuming,
DICAFFEOYL LYSYL HEXAPEPTIDE-65,,antimicrobial; antioxidant; humectant; skin-conditioning; skin-protecting,
ADAMANTANYL DIHYDROXYBENZAMIDE,,antioxidant; bleaching; skin-protecting,
SODIUM USNATE,39012-86-7 / 34769-44-3,antimicrobial; antiseborrhoeic,
CINNAMOMUM CAMPHORA LINALOOLIFERUM LEAF OIL,91745-89-0,perfuming,
AJUGA REPTANS LEAF EXTRACT,90320-26-6,antimicrobial; antioxidant; antiseborrhoeic; chelating,
5‚9-DIMETHYL-8-DECEN-3-OL,19550-54-0,perfuming,
OCTAHYDRO-TETRAMETHYL-METHANO-CYCLOPENTACYCLOPROPABENZENE-4-METHANOL,59056-64-3,perfuming,
LACTOCOCCUS/BEAN SEED EXTRACT FERMENT FILTRATE,,antidandruff; antimicrobial; hair-conditioning; skin-conditioning,
ALUMINUM CHLOROHYDRATE,12042-91-0,antiperspirant; astringent; deodorant,
MENTHYL SUCCINATE,77341-67-4,astringent,
2-ETHYL-3‚5-DIMETHYLPYRAZINE,13925-07-0,perfuming,
HYDROCINNAMYL ACETATE,122-72-5,perfuming,
EUGENIA CARYOPHYLLUS STEM OIL,84961-50-2,perfuming; skin-conditioning,
ALLYL CYCLOHEXYLACETATE,4728-82-9,perfuming,
PROPOLIS CERA,85665-41-4,antiseborrhoeic; moisturising; smoothing,
HYDROXYMETHYLHEXYL ETHYL KETONE,59191-78-5,perfuming,
DONKEY SKIN EXTRACT,,astringent,
MYRICA RUBRA LEAF/STEM EXTRACT,,antioxidant; bleaching; emollient; skin-conditioning; skin-protecting,
ZINC LINOLEATE HYDROXIDE,,hair-conditioning; masking; perfuming; skin-conditioning; skin-protecting; uv-absorber,
NEROLIDOL,142-50-7,perfuming,
DIMETHYL HYDROXYMETHYL PYRAZOLE,85264-33-1,antimicrobial,
HYDROLYZED TABEBUIA IMPETIGINOSA LEAF EXTRACT,,antimicrobial,
FREESIA ARMSTRONGII EXTRACT,,astringent,
MONASCUS/EUTERPE OLERACEA FRUIT/RICE BRAN FERMENT FILTRATE,,antimicrobial; antioxidant; emollient; hair-conditioning; skin-conditioning,
VETIVERIA ZIZANOIDES ROOT OIL,8016-96-4 / 84238-29-9,masking; perfuming; tonic,
HYDROLYZED GLOSSOCARDIA BIDENS EXTRACT,,antioxidant; antiseborrhoeic; skin-conditioning,
MOLYBDIC ACID,7782-91-4,preservative,
2‚6-XYLENOL,576-26-1,perfuming,
SODIUM UNDECYLENATE,3398-33-2,cleansing; emulsifying; preservative; surfactant,
SACCHAROMYCES/JUNIPERUS COMMUNIS FRUIT WATER FERMENT FILTRATE,,antimicrobial; antioxidant; skin-protecting,
ETHYLHEXYL PALMITATE,29806-73-3,emollient; perfuming,
DIBUTYLDIHYDROFURANONE,7774-47-2,perfuming,
METHYL CINNAMATE,103-26-4,perfuming,
5-HEXEN-2-ONE,109-49-9,perfuming,
AMINOPROPYL MAGNESIUM POLYSILSESQUIOXANE CHLORIDE,,antimicrobial; humectant; skin-conditioning,
TRANS-2-HEXENYL PROPIONATE,53398-80-4,perfuming,
2-HEPTYLIDENECYCLOPENTANONE,39189-74-7,perfuming,
SD ALCOHOL 1,8048-19-9,astringent; solvent; viscosity-controlling,
MENTHA SPICATA CRISPA HERB OIL,98561-44-5,perfuming,
HEXENYLDIHYDROFURANONE,63095-33-0,perfuming,
APHLOIA THEIFORMIS LEAF EXTRACT,,astringent; skin-protecting,
LACTOBACILLUS/AGASTACHE RUGOSA LEAF/STEM EXTRACT FERMENT FILTRATE,,antioxidant; astringent; hair-conditioning,
ISOBORNEOL,124-76-5,perfuming,
SAURURUS CHINENSIS ROOT EXTRACT,,bleaching,
CINNAMOMUM CAMPHORA FORMOSANA LEAF OIL RECTIFIED,92704-03-5,perfuming,
MELILOTUS ALBUS FLOWER/LEAF/STEM EXTRACT,,antimicrobial; antioxidant,
BACILLUS/PRUNUS MUME FRUIT EXTRACT FERMENT FILTRATE,,antimicrobial; antioxidant,
ISOPROPYL PHENYLACETALDEHYDE,4395-92-0,perfuming,
MONASCUS/MECONOPSIS HORRIDULA FLOWER/RICE BRAN FERMENT FILTRATE,,antioxidant; antiseborrhoeic; emollient; hair-conditioning,
PERMETHRIN,52645-53-1,antimicrobial,
2‚3-XYLENOL,526-75-0,perfuming,
TBHQ,1948-33-0,antioxidant; masking; perfuming,
TRIMETHYL-6-METHYLENECYCLOHEXYLPROPYL ACETATE,68479-99-2,perfuming,
HYDROXYCITRYL PALMITATE,863922-14-9,antidandruff; astringent; deodorant; skin-conditioning,
PHENOXYETHYLPARABEN,55468-88-7,antimicrobial,
MEA-UNDECYLENATE,56532-40-2,cleansing; preservative,
XEROCHRYSUM BRACTEATUM FLOWER EXTRACT,,astringent; hair-conditioning; masking; skin-conditioning,
HEXYL METHACRYLATE,142-09-6,perfuming,
PROPYL VALERATE,141-06-0,perfuming,
CUPRESSUS SEMPERVIRENS LEAF EXTRACT,84696-07-1,perfuming; skin-conditioning,
CAMPHYLCYCLOHEXANOL,68877-29-2,masking; perfuming,
OCTAHYDRO-TRIMETHYL-ETHANO-NAPHTHOXIRENE,51115-88-9,perfuming,
TRIMETHYLBICYCLOHEPTANE,473-55-2 / 6876-13-7,perfuming,
ACETYL TRIBUTYL CITRATE,77-90-7,masking; perfuming; plasticiser,
TRIMETHYL-3-CYCLOPENTENYLACETONITRILE,15373-31-6,perfuming,
CLIMBAZOLE,38083-17-9,antimicrobial; preservative,
SD ALCOHOL 38-C,,astringent; solvent; viscosity-controlling,
FAGRAEA BERTEROANA FLOWER WATER,,flavouring; masking; perfuming,
PENTADECALACTONE,106-02-5,masking; perfuming,
ETHYL OCTANOATE,106-32-1,perfuming,
ALPHA-ARBUTIN,84380-01-8,antioxidant; bleaching; skin-conditioning,
TUBER MELANOSPORUM WHOLE PLANT OIL,85085-76-3,perfuming,
OCIMUM BASILICUM LEAF WATER,84775-71-3,flavouring; masking; perfuming; skin-conditioning,
PAPAVER RHOEAS FLOWER WATER,84696-43-5,astringent; masking,
PHENETHYL TIGLATE,55719-85-2,perfuming,
CYMBOPOGON MARTINI HERB EXTRACT FORMATE,94266-45-2,perfuming,
CINNAMOMUM CAMPHORA WOOD EXTRACT,92201-50-8,perfuming,
STEARTRIMONIUM CHLORIDE,112-03-8,antistatic; hair-conditioning; preservative,
CIS-3-HEXENYL BUTYRATE,16491-36-4,perfuming,
SD ALCOHOL 38-F,,astringent; solvent; viscosity-controlling,
8-ETHYL-1‚5-DIMETHYLBICYCLO-8-OCTANOL,84681-92-5,perfuming,
SHIKIMOYL SH-NONAPEPTIDE-12,,antidandruff; antimicrobial; antioxidant; hair-conditioning; skin-protecting,
SANTALYL ACETATE,1323-00-8,perfuming,
ISOPROPYL-CYCLOHEXADIENE-ACETALDEHYDE,93941-67-4,perfuming,
NARCISSUS TAZETTA BULB EXTRACT,,astringent; hair-conditioning; skin-conditioning,
BLETILLA STRIATA ROOT WATER,,flavouring; masking; perfuming,
ALPINIA SPECIOSA LEAF WATER,,antimicrobial; emollient; hair-conditioning; skin-conditioning,
LINALOOL ACID ISOMERIZED,73018-51-6,perfuming,
SILENE ACAULIS CALLUS CULTURE EXTRACT,,antimicrobial; antioxidant; hair-conditioning; skin-protecting,
HEXYL METHYLBUTYRATE,10032-15-2,perfuming,
ETHYL 2-METHYL-4-OXO-6-PENTYLCYCLOHEX-2-ENECARBOXYLATE,59151-19-8,perfuming,
CINNAMOMUM CAMPHORA FORMOSANA LEAF EXTRACT,92704-03-5,perfuming,
FICUS RELIGIOSA STEM EXTRACT,,antimicrobial; skin-conditioning,
ETHYL DIMETHYL-METHYLENECYCLOHEXENECARBOXYLATE,35044-58-7,perfuming,
MELALEUCA ALTERNIFOLIA LEAF WATER,85085-48-9,antimicrobial; antiseborrhoeic; astringent; tonic,
NITRILES COCO,61789-53-5,perfuming,
ETHYL GERANYL ETHER,22882-91-3,perfuming,
CIS-2-PHENYLPROPENYL ACETATE,37973-52-7,perfuming,
PIMENTA OFFICINALIS FRUIT OIL,84929-57-7 / 8006-77-7,perfuming,
AMMONIUM GLYCOLATE,35249-89-9,buffering; keratolytic,
PSEUDOTSUGA MENZIESII WOOD EXTRACT,,antimicrobial,
TOCOPHERYL ETHYLASCORBYL PEG-4 BIS-SUCCINATE,,antioxidant; antiseborrhoeic,
NYMPHAEA ALBA LEAF CELL EXTRACT,84696-27-5,flavouring; masking; perfuming; skin-protecting,
VITIS AMURENSIS ROOT EXTRACT,,antimicrobial; antioxidant; hair-conditioning; humectant; skin-protecting,
BUTYL SALICYLATE,2052-14-4,perfuming,
CITRONELLIC ACID,502-47-6,antidandruff; antimicrobial; masking,
LARIX SIBIRICA WOOD EXTRACT,90046-20-1,antidandruff; antimicrobial; antioxidant; skin-protecting,
SCHIZANDRA SPHENANTHERA FRUIT EXTRACT,,antioxidant; antiseborrhoeic; skin-conditioning; skin-protecting,
EUCALYPTUS SMITHII LEAF OIL,91771-68-5,perfuming,
CITRUS PARADISI SEED OIL,90045-43-5,perfuming; skin-conditioning,
FRAGARIA VESCA FLOWER EXTRACT,84929-78-2,astringent; skin-conditioning,
MURDANNIA KEISAK EXTRACT,,antimicrobial; antioxidant; emollient; humectant; skin-protecting,
THUJA ORIENTALIS LEAF EXTRACT,91770-83-1,antioxidant; bleaching; hair-conditioning; skin-protecting,
METHYL O-ANISATE,606-45-1,perfuming,
OSTRYA JAPONICA LEAF EXTRACT,,antimicrobial; antioxidant; emollient; skin-conditioning; skin-protecting,
PETROSELINUM CRISPUM SEED EXTRACT,84012-33-9,masking; perfuming,
FORMYL ETHYL TETRAMETHYL TETRALIN,58243-85-9,perfuming,
METHYLOCTENOL,24089-00-7,perfuming,
BENZALDEHYDE GLYCERYL 1‚3-CYCLIC ACETAL,1319-88-6,perfuming,
POLYAMINOPROPYL BIGUANIDE,32289-58-0 [1]/27083-27-8 [2]/28757-47-3 [3]/ 133029-32-0 [4],preservative,
PINUS SYLVESTRIS LEAF WATER,84012-35-1,perfuming; skin-conditioning,
POTENTILLA CHINENSIS CALLUS EXTRACT,,antimicrobial; antioxidant; skin-conditioning,
METHYL TRANS-1‚4-DIMETHYL-CYCLOHEXANECARBOXYLATE,23250-42-2,perfuming,
HEDERA HELIX LEAF/STEM,84082-54-2,anticaking; antimicrobial; astringent; skin-conditioning; soothing; tonic,
CIS-2-PENTENOL,1576-95-0,perfuming,
CYCLOHEXYL-4-METHYLPENTAN-2-ONE,4927-39-3,perfuming,
PRUNUS TOMENTOSA FRUIT EXTRACT,,antimicrobial; antioxidant; astringent; hair-conditioning; skin-conditioning,
ISOAMYL PHENYLACETATE,102-19-2,perfuming,
AMINOLEVULINOYL TRIPEPTIDE-35,,bleaching; hair-conditioning; skin-protecting,
DIHYDROEUGENOL,2785-87-7,perfuming,
HELICHRYSUM ANGUSTIFOLIUM FLOWER OIL,90045-56-0,masking; perfuming,
R-BOVINE OLIGOPEPTIDE-1,,astringent; humectant; skin-conditioning,
LAVANDULA HYBRIDA HERB EXTRACT,91722-69-9,perfuming,
BACILLUS/MONASCUS/HOUTTUYNIA CORDATA LEAF/RICE BRAN FERMENT FILTRATE,,antimicrobial; antiseborrhoeic; cosmetic-colorant,
PHYTOL,150-86-7 / 7541-49-3,emollient; masking; perfuming,
ISOPROPYL-METHYLBICYCLOHEXANONE,546-80-5,perfuming,
COMMIPHORA SCHIMPERI GUM OIL,89997-88-6,perfuming,
GERANYL PROPIONATE,105-90-8,perfuming,
METHYLENEDIOXYPHENYL METHYLPROPANAL,1205-17-0,perfuming,
3‚6-NONADIENOL,76649-25-7,perfuming,
CAPRYLIC/CAPRIC TRIGLYCERIDE,73398-61-5 / 65381-09-1,masking; perfuming; skin-conditioning,
VIBURNUM DILATATUM LEAF/STEM EXTRACT,,antimicrobial; antioxidant; emollient; skin-conditioning; skin-protecting,
CINNAMOMUM CAMPHORA ADVENTITIOUS ROOT EXTRACT,,antimicrobial; antioxidant; hair-conditioning; refreshing; skin-conditioning; skin-protecting,
BACILLUS/MONASCUS/TYPHA ANGUSTIFOLIA FLOWER/SOYBEAN FERMENT FILTRATE,,antimicrobial; antioxidant; emollient; hair-conditioning,
HELIOTROPINE,120-57-0,masking; perfuming; skin-conditioning,
L-MENTHYL FORMATE,61949-23-3,perfuming,
SKATOLE,83-34-1,perfuming,
CASTANOPSIS CUSPIDATA STEM EXTRACT,,antimicrobial; antioxidant; astringent; emollient,
LAUROYLOXY ISOBUTYROYLOXY ISOHEXANOIC ACID,,antiseborrhoeic,
LOLIUM PERENNE FRUIT EXTRACT,90063-63-1,perfuming,
QUERCUS ROBUR BARK EXTRACT,71011-28-4,astringent,
CYMBOPOGON NARDUS HERB EXTRACT,89998-15-2,perfuming,
CIS-3-HEXENYL TIGLATE,67883-79-8,perfuming,
HYSSOPUS OFFICINALIS HERB OIL,84603-66-7,perfuming,
SALICYLAMIDE,65-45-2,keratolytic,
5-AMINO-6-CHLORO-O-CRESOL,84540-50-1,antimicrobial; hair-dyeing,
METHYL 2‚6,28043-10-9,perfuming,
DIHYDRO-ALPHA-TERPINOL,498-81-7,perfuming,
KLUYVEROMYCES/LACTOBACILLUS/WALNUT SEED OIL FERMENT FILTRATE,,antioxidant; bleaching; hair-conditioning; skin-conditioning,
CYCLOHEXANONE DIETHYL ACETAL,1670-47-9,perfuming,
BORNEOL,507-70-0,masking; perfuming,
3-ISOPENTENYL ACETATE,5205-07-2,perfuming,
ETHYL BENZOATE,93-89-0,perfuming; preservative,
HIBISCOLIDE,6707-60-4,perfuming,
ISOBUTYL PHENYLACETATE,102-13-6,perfuming,
DIMETHYLHEXYL ACETATE,67952-57-2,perfuming,
CITRAL DIETHYL ACETAL,7492-66-2,perfuming,
BETAINE SALICYLATE,,antimicrobial; keratolytic,
ARBUTINYL UNDECYLENATE,,antimicrobial; antioxidant; bleaching,
CYCLODODECYL ACETATE,6221-92-7,perfuming,
S-SCORPION OLIGOPEPTIDE-1 AMIDE,,antiseborrhoeic,
10-HYDROXY-1‚8-P-MENTHADIENE,15766-66-2,perfuming,
METHOXY PEG-100 PROPYL MELITTIN AMIDE,,antiseborrhoeic,
2-ETHYLBUTANOL,97-95-0,perfuming,
2-NONYN-1-AL DIMETHYLACETAL,13257-44-8,perfuming,
CALCIUM THIOGLYCOLATE,814-71-1,depilatory; keratolytic; reducing,
OCTAHYDRO-TETRAMETHYL-METHANO-CYCLOPENTACYCLOPROPABENZENE-4-METHANOL FORMATE,59056-70-1,perfuming,
BACILLUS/MONASCUS/ENGELHARDIA ROXBURGHIANA LEAF/SOYBEAN FERMENT FILTRATE,,antioxidant; antiseborrhoeic; emollient; skin-conditioning,
CAMELLIA SINENSIS LEAF WATER,84650-60-2,masking; perfuming; tonic,
BICYCLOPENTYLONE,4884-24-6,perfuming,
VACCINIUM MACROCARPON FRUIT WATER,91770-88-6,masking; perfuming,
BUTYL RESORCINOL BIS-SUCCINOYLPHYTOSPHINGOSINE,,antimicrobial; skin-protecting,
LAVANDULA HYBRIDA BARREME HERB OIL,93685-88-2,perfuming,
1‚1-DIMETHYL-3-PHENYLPROPYL ISOBUTYRATE,10031-71-7,perfuming,
KLUYVEROMYCES/LACTOBACILLUS/PEACH KERNEL FERMENT OIL FILTRATE,,antioxidant; bleaching; hair-conditioning; skin-conditioning; skin-protecting,
OXOBUTYLPHENYL ACETATE,3572-06-3,perfuming,
NARCISSUS PSEUDO-NARCISSUS FLOWER WATER,90064-27-0,flavouring; masking; perfuming; skin-conditioning,
TERT-BUTYL DIMETHYL ACETOPHENONE,2040-10-0,perfuming,
HYDROXYMETHYL DIOXOAZABICYCLOOCTANE,6542-37-6,antimicrobial,
MORUS BOMBYCIS WOOD EXTRACT,,antimicrobial; antioxidant; astringent; emollient,
ALLYL HEPTINE CARBONATE,73157-43-4,perfuming,
RESORCINOL DIMETHYL ETHER,151-10-0,perfuming,
ORIGANUM CRETIUM HERB EXTRACT,91722-83-7,perfuming,
BIFONAZOLE,60628-96-8,antidandruff; antimicrobial,
LACTOBACILLUS/RICE/CAMELLIA SINENSIS LEAF/TARAXACUM PLATYCARPUM FERMENT EXTRACT,,bleaching; skin-conditioning,
CIS-3-HEPTENYL ACETATE,1576-78-9,perfuming,
ALPHA-METHYL-ALPHA-VINYL-BENZENEPROPANENITRILE,97384-48-0,perfuming,
HYDROLYZED GLUCOSYL STEVIOSIDE,,antidandruff; antioxidant; antiseborrhoeic; skin-conditioning,
ISOAMYL PHENETHYL ETHER,56011-02-0,perfuming,
METHOXYACETOPHENONE,100-06-1,perfuming,
5-METHYL-5-PHENYL-3-HEXANONE,4927-36-0,perfuming,
CELLULOSE GUM,9004-32-4,binding; emulsion-stabilising; film-forming; fragrance; viscosity-controlling,
DIMETHYL BENZENEBUTANOL,92585-24-5,perfuming,
ISOBUTYLAMIDO THIAZOLYL RESORCINOL,1428450-95-6,bleaching,
5-BROMO-5-NITRO-1‚3-DIOXANE,30007-47-7,preservative,
ONONIS ARVENSIS ROOT EXTRACT,,antiseborrhoeic; soothing,
TRICLOSAN,3380-34-5,deodorant; preservative,
SILVER BICARBONATE,534-16-7,antidandruff; antimicrobial,
4-METHYL-2-PHENYLETHYL-1‚3-DIOXOLANE,67634-23-5,perfuming,
ALUMINUM ZIRCONIUM TETRACHLOROHYDRATE,98106-52-6,antiperspirant; astringent; deodorant,
P-TERT-BUTYLPHENYL ACETONITRILE,3288-99-1,perfuming,
METHYL2-PHENYLMETHYLENEOCTYLIDENEAMINO BENZOATE,67924-13-4,perfuming,
HEXAHYDRO-BENZOFURANONE,6051-03-2,perfuming,
CYCLOOCTYL METHYL CARBONATE,61699-38-5,perfuming,
TRIMETHYLCYCLOPENTENYL DIMETHYLISOPENTENOL,107898-54-4,perfuming,
PHENYL BENZOATE,93-99-2,preservative,
2‚5-DIMETHYL-2-VINYLHEX-4-ENAL,56134-05-5,perfuming,
PINUS MUGO LEAF OIL,90082-72-7 / 8000-26-8,masking; perfuming,
BENZYL VALERATE,10361-39-4,perfuming,
BUTYL ISOHEXANOATE,6297-41-2,perfuming,
O-TOLUALDEHYDE,529-20-4,perfuming,
TRANS-ROSE KETONE-3,71048-82-3,perfuming,
L-MENTHANONE,14073-97-3,perfuming,
ZINC CYSTEINATE,,antimicrobial,
CARVACROL,499-75-2,perfuming,
4-ETHYLPHENOL,123-07-9,perfuming,
O-PHENYLPHENOL,90-43-7,preservative,
AMYLVINYLCARBINYL ACETATE,2442-10-6,perfuming,
LAVANDULA ANGUSTIFOLIA HERB EXTRACT,90063-37-9,perfuming,
SODIUM SALICYLATE,54-21-7,denaturant; preservative,
BURSERA FAGAROIDES WOOD OIL,92874-96-9,perfuming,
2-DIMETHYLCYCLOHEXENYL-5-METHYL-5-METHYLPROPYL-1‚3-DIOXANE,117933-89-8,perfuming,
HEXAHYDRO-METHANOINDEN-6-YL ISOBUTYRATE,68039-39-4,perfuming,
LAVANDULA OFFICINALIS EXTRACT SULFURIZED PALLADIUM SALT,97660-01-0,perfuming,
OCTAHYDRO-HEXAMETHYL-NAPHTHOXIRENE,94400-98-3,perfuming,
CITRUS NOBILIS PEEL EXTRACT,90063-83-5 / 84929-38-4,masking; perfuming; skin-conditioning,
2-MELOZOL ACETATE,64644-34-4,perfuming,
3‚7-DIMETHYL-3‚6-OCTADIENAL,55722-59-3,perfuming,
PHENYL MERCURIC ACETATE,62-38-4,preservative,
BETA-PINENES,127-91-3,perfuming,
1-METHYL-4-METHYLVINYL-CYCLOHEXENE,7705-14-8 / 6876-12-6,perfuming,
DAEMONOROPS DRACO EXTRACT,84776-31-8,astringent,
AMYLCINNAMAL DIMETHYL ACETAL,91-87-2,perfuming,
METHOXYCITRONELLAL,3613-30-7,perfuming,
CANNABIDIOL,13956-29-1,antioxidant; antiseborrhoeic; skin-conditioning; skin-protecting,
DIMETHYLAMINOSTYRYL HEPTYL METHYL THIAZOLIUM IODIDE,,antimicrobial,
ASPERGILLUS/POTATO STARCH/WHEAT FLOUR FERMENT FILTRATE,,antimicrobial; antiseborrhoeic,
NICOTIANA TABACUM LEAF OIL,84961-66-0,perfuming,
COUMAROYL TRIPEPTIDE-35,,antioxidant; bleaching; skin-protecting,
2-METHOXY-3-METHYLPYRAZINE,2847-30-5,perfuming,
EUCALYPTUS CINEREA LEAF OIL,98143-66-9,astringent; deodorant; flavouring; masking,
DIHYDROJASMONE,1128-08-1,perfuming,
AMYL CINNAMATE,3487-99-8,perfuming,
POTASSIUM PROPYLPARABEN,84930-16-5,preservative,
VERATROLE,91-16-7,perfuming,
LIPPIA ORIGANOIDES LEAF/FLOWER/STEM OIL,,antimicrobial; antioxidant; flavouring; masking; preservative,
PHYSOCARPUS AMURENSIS STEM EXTRACT,,antidandruff; antimicrobial; antioxidant; emollient; skin-conditioning,
METHOXYPHENYLAMINO PHENYLPYRAZOLE,103141-09-9,antiseborrhoeic,
CYMBOPOGON SCHOENANTHUS WATER,89998-16-3,flavouring; masking; perfuming; skin-conditioning,
DISODIUM DIHYDROXYETHYL SULFOSUCCINYLUNDECYLENATE,109840-16-6,antimicrobial; cleansing; deodorant; surfactant,
PIPER ANGUSTIFOLIUM LEAF EXTRACT,,antioxidant; astringent; skin-conditioning; skin-protecting,
EUGENIA CARYOPHYLLUS BUD WATER,,antimicrobial; antioxidant; antiplaque,
TERPENES AND TERPENOIDS SINPINE,68917-63-5,perfuming,
ISOPROPYLPHENYL-PROPIONALDEHYDE,34291-99-1,perfuming,
COMMIPHORA ERYTHREA GLABRESCENS GUM OIL,93686-00-1 / 100084-96-6,perfuming,
AMMONIUM SULFITE,10196-04-0,hair-waving-or-straightening; preservative; reducing,
CORDYLINE TERMINALIS LEAF EXTRACT,,astringent; skin-conditioning,
LAVANDULA ANGUSTIFOLIA ANGUSTIFOLIA HERB EXTRACT ACETYLATED,94334-13-1,perfuming,
METHYLENE GLYCOL,463-57-0,antimicrobial; nail-conditioning,
JUGLANS NIGRA LEAF EXTRACT,96690-56-1,astringent,
CALCIUM UNDECYLENATE,1322-14-1,antimicrobial; preservative; viscosity-controlling,
DIMETHYL-3-METHYLPENTADIENYL-OXIRANE,69103-20-4,perfuming,
CITRAL / METHYL ANTHRANILATE SCHIFF BASE,67801-47-2,perfuming,
DIHYDROTERPINYL ACETATE,80-25-1,perfuming,
ABIES ALBA SEED EXTRACT,,antimicrobial; antioxidant; bleaching; skin-conditioning; skin-protecting,
COPAIFERA RETICULATA BALSAM OIL,8001-61-4,perfuming,
ISOPROPYL PALMITATE,142-91-6,binding; emollient; masking; perfuming,
TRIMETHYLBICYCLOHEPT-3-YLIDENEPROPIONONITRILE,68804-02-4,perfuming,
ADESMIA BORONIOIDES FLOWER/LEAF/STEM OIL,,flavouring; masking; perfuming,
VERBASCOSIDE,61276-17-3,antioxidant; bleaching; chelating; skin-protecting,
SHINORINE,73112-73-9,antimicrobial; antioxidant; hair-conditioning; skin-protecting; stabilising,
ORIGANUM VULGARE FLOWER/LEAF/STEM WATER,84012-24-8,masking; perfuming,
ANIGOZANTHOS FLAVIDUS FLOWER EXTRACT,223749-17-5,antiseborrhoeic; emollient; hair-conditioning; skin-conditioning,
VIOLA MANDSHURICA FLOWER/SYRINGA VULGARIS/(SOLANUM MELONGENA/VITIS VINIFERA) FRUIT WATER,,antioxidant; antiseborrhoeic; skin-conditioning; skin-protecting,
MAHONIA AQUIFOLIUM ROOT EXTRACT,90063-76-6,astringent,
METHYL ACETYLAMINOBENZOATE,2719-08-6,perfuming,
BACILLUS/MONASCUS/VANDA COERULEA CALLUS/RICE BRAN FERMENT FILTRATE,,antiseborrhoeic; emollient; skin-conditioning,
4-THUJANOL,546-79-2,perfuming,
ABIES SIBIRICA NEEDLE EXTRACT,91697-89-1,perfuming,
LACTOBACILLUS/ALOE LEAF/ANGELICA KEISKEI/BRASSICA OLERACEA ACEPHALA LEAF/CARROT LEAF/CARROT ROOT/CUCUMBER FRUIT/GRAPEFRUIT FRUIT/LAVANDER LEAF/MELISSA OFFICINALIS LEAF/ROSEMARY LEAF/TOMATO FRUIT FERMENT FILTRATE,,antioxidant; astringent; humectant; skin-protecting,
CEDROL METHYL ETHER,19870-74-7,perfuming,
PINUS MUGO PUMILIO TWIG LEAF EXTRACT,90082-73-8,perfuming,
RH-OLIGOPEPTIDE-33,,antimicrobial; skin-protecting,
EUPHORBIA JOLKINII EXTRACT,,antimicrobial; antioxidant; antiseborrhoeic; astringent; emollient; hair-conditioning; skin-conditioning,
CENTELLA ASIATICA CALLUS EXTRACT,,antimicrobial; antioxidant; hair-conditioning; humectant; skin-protecting,
AMENTOFLAVONE,1617-53-4,antioxidant; bleaching,
ISOPROPYL-P-CRESOL,4427-56-9,perfuming,
REYNOUTRIA SACHALINENSIS SPROUT EXTRACT,,antimicrobial; antiplaque; astringent; masking; skin-conditioning; skin-protecting,
IRIS GERMANICA FLORENTINA ROOT OIL,90045-89-9,perfuming,
GUAIACUM SANCTUM GUM EXTRACT,91723-40-9,perfuming,
PHALAENOPSIS AMABILIS FLOWER EXTRACT,,bleaching; skin-protecting,
KLUYVEROMYCES/LACTOBACILLUS/EVENING PRIMROSE FLOWER OIL FERMENT FILTRATE,,antioxidant; astringent; bleaching; hair-conditioning; skin-conditioning; skin-protecting,
HYDROLYZED CAMELLIA SINENSIS LEAF EXTRACT,,antioxidant; antiseborrhoeic; bleaching; skin-conditioning,
CALCIUM PARABEN,69959-44-0,preservative,
IRIS GERMANICA FLORENTINA ROOT EXTRACT,90045-89-9,perfuming,
BACILLUS/MONASCUS/PRUNELLA VULGARIS FLOWER/LEAF/SOYBEAN FERMENT FILTRATE,,antiseborrhoeic; emollient; hair-conditioning; skin-conditioning,
ISOPENTYLCYCLOHEXANONE,16587-71-6,masking; perfuming,
AMYL CYCLOPENTANONE PROPANONE,40942-73-2,perfuming,
TRICYCLOPENTADIENE,7158-25-0,perfuming,
BUTYL PHENYLACETATE,122-43-0,perfuming,
MELISSA OFFICINALIS LEAF OIL,84082-61-1 / 8014-71-9,masking; perfuming; tonic,
ISODODECANE,31807-55-3 / 93685-81-5 / 13475-82-6,emollient; perfuming; solvent,
HEXETIDINE,141-94-6,oral-care; preservative,
TRIMETHYL-PENTYL-DIOXANE,63449-89-8,perfuming,
TRIMETHYLBICYCLO-3-HEPTEN-2-ONE,18309-32-5,perfuming,
EUCALYPTUS SMITHII LEAF EXTRACT,91771-68-5,perfuming,
POTHOMORPHE UMBELLATA LEAF EXTRACT,,antioxidant; astringent; skin-protecting,
LAVANDULA ANGUSTIFOLIA HERB OIL,90063-37-9,perfuming,
PARAFFIN,8002-74-2; 64742-51-4,perfuming; skin-conditioning; viscosity-controlling,
ALLYL CAPROATE,123-68-2,astringent; emollient; masking; perfuming,
PELARGONIUM CRISPUM STEM EXTRACT,90082-46-5,perfuming,
HETEROSIGMA AKASHIWO CELL EXTRACT,,antimicrobial; antioxidant; hair-conditioning; skin-protecting,
TRIMETHYLUNDECENAL,141-13-9,perfuming,
BULNESIA SARMIENTOI EXTRACT ACETYLATED,94333-88-7,perfuming,
DIMETHYL-4-ISOHEPTENAL DIMETHYL ACETAL,67674-46-8,perfuming,
OSTRICH EGG YOLK EXTRACT,,antimicrobial; emollient; skin-conditioning,
PHENYLACETALDEHYDE DIETHYL ACETAL,6314-97-2,perfuming,
COPAIFERA RETICULATA BALSAM EXTRACT,8001-61-4,perfuming,
LINALYL BUTYRATE,78-36-4,perfuming,
METHYL SALICYLATE,119-36-8,denaturant; perfuming; soothing,
HAMAMELIS VIRGINIANA WATER,84696-19-5,astringent; hair-conditioning; skin-conditioning; soothing,
FEVILLEA TRILOBATA SEED OIL,,astringent; skin-protecting,
BISABOLENE,495-62-5,perfuming,
ADAMANTANYL DIHYDROCAFFEAMIDE,,antioxidant; bleaching; skin-protecting,
PREGNADIENOL,21321-88-0,masking; perfuming,
RHEUM TANGUTICUM ROOT EXTRACT,,antimicrobial; humectant,
NYMPHAEA LOTUS ROOT EXTRACT,91723-04-5,astringent,
ALPINIA SPECIOSA FLOWER/ LEAF/SEED/ STEM EXTRACT,,antioxidant; preservative,
HEPTANOL,111-70-6,perfuming,
CLEOME GYNANDRA LEAF EXTRACT,,antiseborrhoeic,
CHAMOMILLA RECUTITA FLOWER/LEAF/STEM WATER,84082-60-0,masking; perfuming,
TETRAMETHYLPYRAZINE,1124-11-4,perfuming,
2‚6,432-25-7,perfuming,
PROPYL ACETATE,109-60-4,perfuming; solvent,
ROSE KETONE-3,57378-68-4,perfuming,
BENZYL BENZOATE,120-51-4,antimicrobial; perfuming; solvent,
PARFUM,,deodorant; masking; perfuming,
ROSA WICHURAIANA STEM EXTRACT,,antioxidant; astringent; emollient; hair-conditioning,
CITRONELLYL PHENYLACETATE,139-70-8,perfuming,
GERANYL BENZOATE,94-48-4,perfuming,
TRICYCLODECENYL PROPIONATE,17511-60-3,deodorant; masking; perfuming,
HEXYLOXYACETALDEHYDE DIMETHYL ACETAL,17597-95-4,perfuming,
TRIMETHYLBICYCLO-2-HEPTANONE,4695-62-9,perfuming,
ZOSTERA MARINA CALLUS EXTRACT,,antimicrobial; antioxidant; skin-conditioning,
PTEROCARPUS SOYAUXII WOOD EXTRACT,,astringent,
METHOXY-TETRAHYDRO-METHYLENEPYRANYL-PHENOL,128489-04-3,perfuming,
ANGELICA KEISKEI CALLUS EXTRACT,,antimicrobial; antioxidant; hair-conditioning; skin-conditioning,
P-ANISYL FORMATE,122-91-8,perfuming,
SALIX ALBA BARK WATER,84082-82-6,astringent; skin-conditioning; soothing; tonic,
LIQUIDAMBAR ORIENTALIS BALSAM OIL,94891-27-7,perfuming,
DECAHYDRO-HYDROXY-TETRAMETHYL-NAPHTHALENE-ETHANOL,55881-96-4,perfuming,
CITRONELLYL CROTONATE,68039-38-3,perfuming,
ISOBUTYLTHIAZOLE,18640-74-9,perfuming,
GUAIACOL PHENYLACETATE,4112-89-4,perfuming,
DECANENITRILE,1975-78-6,perfuming,
ZINC BORATE,1332-07-6,antimicrobial,
3-HEXENAL,4440-65-7,perfuming,
FOENICULUM VULGARE DULCE FRUIT OIL,84455-29-8,perfuming,
LOLIUM PERENNE LEAF EXTRACT,90063-63-1,perfuming,
2‚4-HEXADIENYL ACETATE,1516-17-2,perfuming,
PRUNUS AMYGDALUS SATIVA KERNEL OIL,90320-37-9,perfuming,
ALLYL OCTANOATE,4230-97-1,perfuming,
HEXAHYDRO-TETRAMETHYL-METHANOAZULEN-5-YL METHYL KETONE,68039-35-0,perfuming,
NERYL BUTYRATE,999-40-6,perfuming,
HELICHRYSUM ITALICUM FLOWER EXTRACT,90045-56-0,perfuming,
1-METHYL-4-METHYLVINYL-CYCLOHEXANOL,138-87-4,perfuming,
LACTOFERRICIN,146897-68-9,antimicrobial,
ZINGERONE,122-48-5,perfuming,
HYDROXYNONANONE,67801-46-1,perfuming,
8-TERT-BUTYLQUINOLINE,67634-06-4,perfuming,
BACCHARIS DRACUNCULIFOLIA HERB OIL,94406-01-6,perfuming,
FORMALDEHYDE CYCLODECYL METHYL ACETAL,42604-12-6,perfuming,
TETRAMETHYLCYCLOHEXANEPROPANOL,4361-23-3,perfuming,
AMYL ISOVALERATE,25415-62-7,perfuming,
RHEUM PALMATUM ROOT/STALK EXTRACT,90106-27-7 / 8016-55-5,astringent; skin-conditioning; tonic,
EUCALYPTUS PARVULA LEAF OIL,,astringent; deodorant; flavouring; masking,
3-DODECYLDIHYDROFURANONE,73263-36-2,perfuming,
2-HEPTYLCYCLOPENTANONE,137-03-1,masking; perfuming,
SD ALCOHOL 39-D,,astringent; solvent; viscosity-controlling,
SANTALOL,11031-45-1,perfuming,
M-TOLUALDEHYDE,620-23-5,perfuming,
TETRAHYDROLINALOOL,78-69-3,perfuming,
ISOEUGENYL ACETATE,93-29-8,perfuming,
RHODOPSEUDOMONAS SPHAEROIDES FERMENT FILTRATE,,bleaching,
ARTEMISININ,63968-64-9,antimicrobial; skin-conditioning,
ISOPROPYL BUTYRATE,638-11-9,perfuming,
GERANYLGERANIOL,24034-73-9,antimicrobial; antioxidant; humectant,
SILVER BENZOATE,532-31-0,antimicrobial,
HYDROGEN PEROXIDE,7722-84-1,antimicrobial; oxidising,
JUNIPERUS VIRGINIANA,94334-11-9,perfuming,
CISTUS SPECIES RESIN,84775-64-4,perfuming,
PHENOXYETHYL ISOBUTYRATE,103-60-6,perfuming,
PHENYLACETALDEHYDE DIHYDROGERANYL ACETAL,67634-04-2,perfuming,
4-TERT-BUTYLDIHYDROCINNAMALDEHYDE,18127-01-0,perfuming,
TETRAMETHYLBICYCLO-2-HEPTENE-2-PROPIONALDEHYDE,33885-52-8,perfuming,
HEMOCYANIN,9013-72-3,antimicrobial; antiseborrhoeic,
CYMBOPOGON WINTERIANUS HERB EXTRACT,91771-61-8,perfuming,
SAMBUCUS WILLIAMSII PHYTOPLACENTA EXTRACT,,antimicrobial; antioxidant; hair-conditioning; skin-protecting,
PIPERONYL ACETATE,326-61-4,perfuming,
7-ISOPROPYL-5-METHYLBICYCLOOCTENE-2-CARBONITRILE,68311-05-7,perfuming,
BUTETH-2 ACETATE,124-17-4,masking; perfuming; solvent; viscosity-controlling,
PROPENYL P-CYMENE,14374-92-6,perfuming,
DIBROMOCYANOACETAMIDE,10222-01-2,antimicrobial,
ANIBA ROSODORA WOOD OIL,8015-77-8,astringent; masking; skin-conditioning,
O-ALLYLOXYANISOLE,4125-43-3,perfuming,
DIANTHUS CARYOPHYLLUS FLOWER WATER,89958-29-2,masking; perfuming,
ERIGERON CANADENSIS FLOWER EXTRACT,85166-76-3,antioxidant; astringent; emollient,
CORIANDRUM SATIVUM FRUIT OIL,8008-52-4 / 84775-50-8,masking; perfuming,
BIS-RETINOYL GEROTINE BIS-HYDROXYSUCCINIMIDE,666854-47-3,antioxidant; antiseborrhoeic,
PINUS PINASTER LEAF/TWIG OIL,,antimicrobial; antiperspirant; deodorant,
TETRAMETHYL-4‚8-DECADIENENITRILE,58260-78-9,perfuming,
PINUS PUMILIO LEAF EXTRACT,97676-05-6,perfuming; tonic,
BUTYL PROPIONATE,590-01-2,perfuming,
ETHYL TRIMETHYLCYCLOPENTENE BUTENOL,28219-61-6,masking; perfuming,
JUNIPERUS OXYCEDRUS FRUIT EXTRACT,90046-02-9,masking; perfuming; tonic,
BORAGO OFFICINALIS/LAVANDULA ANGUSTIFOLIA/HYACINTHUS ORIENTALIS/SALVIA SCLAREA/(CENTAUREA CYANUS/CHAMOMILLA RECUTITA) FLOWER/CHAMOMILLA RECUTITA LEAF WATER,,antioxidant; antiseborrhoeic; skin-conditioning; skin-protecting,
DIMETHYLCYCLOHEXENYL 3-BUTENYL KETONE,56973-85-4,perfuming,
CYCLOHEXYLIDENECYCLOHEXANONE,1011-12-7,perfuming,
LYCIUM CHINENSE FRUIT/SAFFLOWER FLOWER/ROOT/PORIA COCOS EXTRACT,,bleaching,
TETRAHYDRO-DIMETHYL-BENZOFURAN-2-ONE,13341-72-5,perfuming,
METHYL OLEATE,112-62-9,emollient; perfuming; skin-conditioning,
2-DODECENOL,22104-81-0,perfuming,
HEXAHYDRO-METHANOINDEN-6-YL-ISOPENTENOL,126646-06-8,perfuming,
ISOCYCLOCITRAL,1335-66-6 / 1423-46-7 / 67634-07-5,perfuming,
CITRUS SUNKI SEED OIL,,antioxidant; bleaching; skin-conditioning,
ACETALDEHYDE ETHYL LINALYL ACETAL,40910-49-4,perfuming,
HAMAMELIS VIRGINIANA BARK/LEAF EXTRACT,84696-19-5,astringent; skin-conditioning,
THIAMINE BIS-LAURYLSULFATE,,preservative,
2-P-CRESYLOXYETHYL ACETATE,6807-11-0,perfuming,
DIISOPROPYL BENZALDEHYDE,68459-95-0,perfuming,
ETHYL VALERATE,539-82-2,perfuming,
KLUYVEROMYCES/LACTOBACILLUS/JUNIPERUS COMMUNIS FRUIT OIL FERMENT FILTRATE,,antioxidant; astringent; bleaching; skin-conditioning,
CHAMAECYPARIS FORMOSENSIS WOOD OIL,,antimicrobial; antioxidant,
JASMINUM OFFICINALE FLOWER EXTRACT,90045-94-6,masking; perfuming,
MENTHONE,89-80-5,perfuming,
TRIMETHOXY-2-VINYLTETRAHYDROPYRAN,7392-19-0,perfuming,
MENTHA CITRATA LEAF EXTRACT,85085-49-0,astringent; perfuming,
SCHISANDRA CHINENSIS PHYTOPLACENTA EXTRACT,,antimicrobial; antioxidant; antiseborrhoeic; hair-conditioning; skin-protecting,
BOTRYCHIUM TERNATUM EXTRACT,,antimicrobial; antioxidant; humectant; skin-conditioning,
AJUGA REPTANS CELL CULTURE EXTRACT,90320-26-6,antioxidant; bleaching; chelating,
PANDURATIN A,,antimicrobial; antioxidant; bleaching; deodorant; oral-care; skin-conditioning,
NERYL ISOVALERATEATE,3915-83-1,perfuming,
2-FURYLMETHANETHIOL,98-02-2,perfuming,
CARYOPHYLLENE ALCOHOL,56747-96-7,perfuming,
CHLORHEXIDINE DIGLUCONATE,18472-51-0,antimicrobial; oral-care; preservative,
HYDROLYZED COCOA FRUIT,,astringent; skin-protecting,
MAGNOLIA GRANDIFLORA BARK EXTRACT,85085-47-8,antimicrobial; antioxidant; skin-conditioning,
2‚3-DIHYDRO-2‚2,116-26-7,perfuming,
CIS-METHOXYPROPOXYHEXENE,97358-55-9,perfuming,
4-TERT-BUTYLCYCLOHEXANONE,98-53-3,perfuming,
RHEUM UNDULATUM ROOT/STALK/STEM EXTRACT,90106-31-3 / 8016-55-5,astringent; emollient; skin-conditioning; tonic,
TERMINALIA SERICEA BARK/ROOT EXTRACT,90131-49-0,astringent; skin-conditioning,
MUSK KETONE,81-14-1,masking; perfuming,
4-METHYLPENTANE-2‚3-DIONE,7493-58-5,perfuming,
TRANS-TRIMETHYLDODECATRIEN-3-OL,40716-66-3,perfuming,
MUSK CYCLOPENTENYL PROPIONATE,84012-64-6,perfuming,
PINANYL METHYL KETONE,23361-88-8,perfuming,
KLUYVEROMYCES/LACTOBACILLUS/ADANSONIA DIGITATA SEED OIL/CALOPHYLLUM INOPHYLLUM SEED OIL/OLIVE SEED OIL/ORBIGNYA OLEIFERA SEED OIL/PHASEOLUS RADIATUS SEED OIL FERMENT FILTRATE,,antioxidant; astringent; hair-conditioning; skin-conditioning,
ARTEMISIA ARBORESCENS HERB OIL,92113-09-2,perfuming,
SR-RICE POLYPEPTIDE-1,,antimicrobial; antioxidant; hair-conditioning; humectant; skin-conditioning; skin-protecting,
DIHYDROMYRCENYL ACETATE,53767-93-4,perfuming,
METHYLOCTANEDIYL DIACETATE,67634-09-7,perfuming,
DIHEXYLOXY CYCLOHEXANE,,bleaching,
2-ETHYLBUTYRIC ACID,88-09-5,perfuming,
NICOTIANA TABACUM FLOWER OIL,84961-66-0,perfuming,
DELTA-NONALACTONE,3301-94-8,perfuming,
3-HEXENYL 2-METHYLBUTYRATE,10094-41-4,perfuming,
OCTYLISOTHIAZOLINONE,26530-20-1,antimicrobial,
ALPHA-PINANOL,4948-28-1,perfuming,
DODECANE,112-40-3,perfuming,
PROPYL OCTANOATE,624-13-5,perfuming,
PHENETHYL BENZOATE,94-47-3,emollient; perfuming,
PSEUDOTSUGA MENZIESII BRANCH/LEAF OIL,97926-19-7,perfuming,
DIPTEROCARPUS TURBINATUS BALSAM EXTRACT,8030-55-5 / 93165-18-5,perfuming,
ISOBUTYL ISOBUTYRATE,97-85-8,perfuming,
5-METHOXY-M-CRESOL,3209-13-0,perfuming,
PHENYLACETALDEHYDE DIGERANYL ACETAL,67634-02-0 / 7149-23-7,perfuming,
ACETALDEHYDE DIETHYL ACETAL,105-57-7,perfuming,
LAUROYL SH-OLIGOPEPTIDE-33,,antimicrobial; antiseborrhoeic,
CITRUS MEDICA ACIDA PEEL OIL EXPRESSED,93685-55-3,perfuming,
MENTHA VIRIDIS LEAF EXTRACT,84696-51-5,flavouring; masking; perfuming,
4-ETHYL-ALPHA,134123-93-6,perfuming,
CIS-3-HEXENYL FORMATE,33467-73-1,perfuming,
TRANS-NON-2-ENAL,18829-56-6,perfuming,
CHLOROACETAMIDE,79-07-2,preservative,
P-ANISYL PROPIONATE,7549-33-9,perfuming,
2-ISOPENTENYL SALICYLATE,68555-58-8,perfuming,
ALUMINUM BENZOATE,555-32-8,antimicrobial; viscosity-controlling,
METHYL BENZODIOXOLYLETHYL-PROPENYLAMINOBENZOATE,104037-85-6,perfuming,
BRACHYCHITON ACERIFOLIUS LEAF EXTRACT,,antioxidant; flavouring; hair-conditioning; masking; perfuming; skin-conditioning,
CYPERUS SCARIOSUS RHIZOME EXTRACT,,antimicrobial,
METHYLHEPTANONE,541-85-5,perfuming,
FORMALDEHYDE CYCLODECYL ETHYL ACETAL,58567-11-6,perfuming,
PAPAVER RADICATUM CALLUS EXTRACT,,antimicrobial; antioxidant; hair-conditioning; humectant; skin-conditioning; skin-protecting,
ACHYRANTHES JAPONICA ROOT/RHUS SEMIALATA GALL/TERMINALIA CHEBULA FRUIT/GLYCYRRHIZA URALENSIS ROOT/STEM EXTRACT,,antimicrobial,
2-TERT-BUTYLCYCLOHEXANOL,13491-79-7,perfuming,
LIGUSTICUM ACUTILOBUM BRANCH EXTRACT,,bleaching,
CITRUS AURANTIUM CURRASSUVIENSIS PEEL OIL,,masking; perfuming,
ISOPENTENONE BUTYLENEGLYCOL CYCLIC ACETAL,53338-05-9,perfuming,
DIMETHYL PHENETHYL BUTYRATE,10094-34-5,perfuming,
CANDIDA BOMBICOLA/GLUCOSE/METHYL RAPESEEDATE FERMENT,,antimicrobial; antiseborrhoeic; cleansing; deodorant; skin-protecting; surfactant,
POTASSIUM SULFITE,10117-38-1 / 23873-77-0,preservative; reducing,
CIS-OCTAHYDRONAPHTHALENONE,1579-21-1,perfuming,
PENTAMETHYLHEPTENONE,81786-73-4 / 81786-74-5,perfuming,
LYSINE AZELATE,,bleaching; chelating,
1‚2-DIHYDROLINALOOL,18479-51-1,perfuming,
DECAHYDROCYCLODODECAOXAZOLE,38303-23-0,perfuming,
TILLANDSIA USNEOIDES CALLUS EXTRACT,,antimicrobial; antioxidant; hair-conditioning; skin-protecting,
RHODINYL ACETATE,141-11-7,perfuming,
2-HEXYL-1‚3-DIOXOLANE-4-METHANOL,1708-35-6,perfuming,
2-METHYLFURAN-3-THIOL,28588-74-1,perfuming,
DECAHYDRO-TETRAMETHYLAZULENE-5-METHANOL,3526-75-8,perfuming,
PODOCARPUS TOTARA WOOD EXTRACT,,antimicrobial,
ABIES ALBA LEAF OIL,90028-76-5,masking; perfuming; tonic,
ALLO-OCIMENOL,22451-63-4,perfuming,
R-(METHIONYL TRIPEPTIDE-46 HEXAPEPTIDE-40 TETRAPEPTIDE-66 SYNECHOCOCCUS POLYPEPTIDE-1),,antimicrobial; antioxidant; astringent; cosmetic-colorant; humectant; skin-conditioning; uv-filter,
ARTOCARPUS LAKOOCHA WOOD EXTRACT,,antimicrobial; antioxidant; bleaching; skin-conditioning,
OPUNTIA HUMIFUSA FLOWER/STEM EXTRACT,,astringent; hair-conditioning; humectant; skin-conditioning,
BENZYL ISOBUTYRATE,103-28-6,perfuming,
ZINC ACETATE,557-34-6,antimicrobial,
LAURTRIMONIUM CHLORIDE,112-00-5,antistatic; emulsifying; preservative,
ANIBA ROSAEODORA AMAZONICA WOOD OIL,93685-34-8,perfuming,
TRIMETHYLPENTADECATRIEN-2-ONE,762-29-8,perfuming,
KLUYVEROMYCES/LACTOBACILLUS/ABIES GRANDIS LEAF OIL FERMENT FILTRATE,,antimicrobial; antioxidant; bleaching; hair-conditioning; skin-conditioning,
D-ALLO-OCIMENOL,126-91-0,perfuming,
HYDROXYCITRONELLAL DIMETHYL ACETAL,141-92-4,perfuming,
ISOLONGIFOLANONE,23787-90-8,perfuming,
DIHYDROPSEUDOIONONE,689-67-8,perfuming,
3-HEPTANOL,589-82-2,perfuming,
FOENICULUM VULGARE DULCE FRUIT EXTRACT,84455-29-8,perfuming,
ANADARA KAGOSHIMENSIS SHELL POWDER,,abrasive; antimicrobial; antioxidant,
6-ISOBUTYLQUINOLINE,68141-26-4,perfuming,
ETHYL 3-HYDROXYBUTYRATE,5405-41-4,perfuming,
BIOTINOYL PENTAPEPTIDE-4,,antimicrobial; antioxidant; antiseborrhoeic; hair-conditioning; skin-protecting,
DECAHYDRO-BETA-NAPHTHYL ISOBUTYRATE,67874-78-6,perfuming,
ETHYLCYCLOHEXENE-1-CARBOXYLATE,15111-56-5,perfuming,
TETRAMETHYLOLGLYCOLURIL,5395-50-6,antimicrobial,
SACCHAROMYCES/SAUSSUREA INVOLUCRATA FLOWER/ARTEMISIA PRINCEPS LEAF/HOUTTUYNIA CORDATA/LEONURUS SIBIRICUS/SALICORNIA HERBACEA FERMENT EXTRACT FILTRATE,,antimicrobial; emollient; skin-conditioning,
CIS-TRIDECEN-2-AL,7069-41-2,perfuming,
HEPTYL BUTYRATE,5870-93-9,perfuming,
METHYL 4-T-BUTYLBENZOATE,26537-19-9,flavouring; masking; perfuming,
BUTYLPHTHALIDE,6066-49-5,perfuming,
2-METHYLBUTYL ISOVALERATE,2445-77-4,perfuming,
ETHYL P-TOLUATE,94-08-6,perfuming,
ISOPROPYLQUINOLINE,1333-53-5 / 135-79-5,perfuming,
GUAIAZULENE,489-84-9,antimicrobial; perfuming,
3-ETHYL-2‚4-DIOXASPIRO(5.5)UNDEC-8-ENE,64165-57-7,perfuming,
POTENTILLA CHINENSIS CALLUS CULTURE CONDITIONED MEDIA,,antimicrobial; antioxidant; skin-conditioning,
STEARALKONIUM CHLORIDE,122-19-0,antistatic; preservative; surfactant,
ISONONYL ACETATE,40379-24-6,perfuming,
CIS-2-TERT-BUTYLCYCLOHEXANOL,7214-18-8,perfuming,
PICEA MARIANA LEAF OIL,91722-19-9,masking; perfuming,
TORILIS JAPONICA SEED EXTRACT,,antimicrobial; astringent; skin-conditioning,
METHYLHEPTADIENONE,1604-28-0,perfuming,
TRANS-2-METHYLPENT-2-ENOIC ACID,16957-70-3,perfuming,
DIANTHUS CARYOPHYLLUS FLOWER EXTRACT,89958-29-2,masking; perfuming; skin-conditioning,
5-ETHYL-4-HYDROXY-2-METHYLFURAN-3(2H)-ONE,27538-09-6,perfuming,
STYRALYL PROPIONATE,120-45-6,perfuming,
BUTYRALDEHYDE,123-72-8,perfuming,
BACILLUS/MONASCUS/PUNICA GRANATUM FRUIT/RICE BRAN FERMENT FILTRATE,,antiseborrhoeic; emollient; hair-conditioning; skin-conditioning,
5-METHYL-2-HEPTEN-4-ONE,81925-81-7,perfuming,
DIMETHYL-2-METHYLENEOCT-6-ENAL,22418-66-2,perfuming,
EPOXYGUAIENE,68071-23-8,perfuming,
BUDDLEJA AXILLARIS LEAF EXTRACT,608134-67-4,antioxidant; bleaching; skin-conditioning; skin-protecting,
HEXAHYDRO-4‚6,1922-67-4,perfuming,
HEXADECANOLACTONE,109-29-5,masking; perfuming,
TETRAHYDROMUGYL ACETATE,20780-48-7,perfuming,
POLYOXYMETHYLENE GLYCOL UREA,64334-59-4,preservative,
ACETYL RHEUM RHAPONTICUM ROOT EXTRACT,,bleaching,
CURCUMA XANTHORRHIZA ROOT POWDER,,antimicrobial; antioxidant,
CALCIUM HYPOCHLORITE,7778-54-3,antimicrobial,
DRYAS OCTOPETALA CALLUS CULTURE EXTRACT,,antimicrobial; antioxidant; hair-conditioning; skin-protecting,
JUNIPERUS PHOENICEA WOOD OIL RECTIFIED,90046-03-0,perfuming,
BENZOXIQUINE,86-75-9,antimicrobial,
THYMOL ACETATE,528-79-0,perfuming,
CYMBOPOGON CITRATUS LEAF EXTRACT OXIDIZED,84238-19-7,perfuming,
ALPHA-SANTALOL,115-71-9,perfuming,
BETULA LENTA TWIG EXTRACT,85251-66-7,perfuming,
TOLNAFTATE,2398-96-1,antimicrobial,
ELETTARIA CARDAMOMUM SEED EXTRACT,85940-32-5,perfuming; tonic,
CIS-3-HEXENYL CIS-HEXENOATE,61444-38-0,perfuming,
ISOBORNYL PROPIONATE,2756-56-1,perfuming,
CETONAL,65405-84-7,perfuming,
MALLOTUS JAPONICUS LEAF EXTRACT,,antidandruff; antimicrobial; antioxidant; hair-conditioning; skin-protecting,
NON-2-ENAL,2463-53-8,perfuming,
METHYLBENZYL ALCOHOL,589-18-4,masking; perfuming; skin-conditioning,
GLYOXAL,107-22-2,antimicrobial; perfuming,
NEOMENTHOL,3623-51-6,perfuming,
NERYL ACETATE,141-12-8,perfuming,
HYDRATROPYL ACETATE,10402-52-5,perfuming,
ROSA RUGOSA FLOWER WATER,92347-25-6,masking; perfuming,
VACCINIUM MYRTILLUS STEM EXTRACT,84082-34-8,antioxidant; astringent,
ABIES ALBA CONE EXTRACT,90028-76-5,perfuming,
CUMINALDEHYDE,122-03-2,perfuming,
PITTOSPORUM VIRIDIFLORUM FLOWER EXTRACT,93348-49-3,perfuming,
ARTHROSPIRA PLATENSIS CULTURE CONDITIONED MEDIA,,antimicrobial; antioxidant; hair-conditioning; humectant; skin-conditioning; skin-protecting,
SUTHERLANDIA FRUTESCENS LEAF EXTRACT,,antimicrobial,
LILIUM CANDIDUM CALLUS CULTURE EXTRACT,,antimicrobial; antioxidant; hair-conditioning; skin-protecting,
METHYL-METHYLBICYCLOHEPTENYL-PENTENOL,85232-76-4,perfuming,
ARTOCARPUS ALTILIS WOOD EXTRACT,,antimicrobial; antioxidant; antiseborrhoeic; bleaching,
CANANGA ODORATA FLOWER OIL,83863-30-3 / 8006-81-3 / 68606-83-7,masking; perfuming,
TRIMETHYLBICYCLO-4-HEPTEN-3-YLMETHYL ACETATE,15103-33-0,perfuming,
2-ETHYL-5-METHOXY-BICYCLOHEPTANE,122795-41-9,perfuming,
CALCIUM PROPIONATE,4075-81-4,preservative,
DIMETHYLBICYCLO-5-HEPTEN-2-YLETHANONE,42370-06-9,perfuming,
ALEURITES MOLUCCANUS BAKOLY SEED OIL,,antimicrobial; hair-waving-or-straightening; oral-care; skin-conditioning,
DOMIPHEN BROMIDE,538-71-6,antimicrobial; antiplaque; deodorant; oral-care,
ETHYLHEXYL ACETATE,103-09-3,perfuming; solvent,
QUERCUS ACUTISSIMA FRUIT POWDER,,astringent; skin-conditioning,
3‚4-DIMETHYLCYCLOPENTANE-1‚2-DIONE,13494-06-9,perfuming,
KOJYLMETHYL DICHLOROBENZYL PIPERAZINE,2056101-70-1,bleaching,
HYDROCINNAMYL PROPIONATE,122-74-7,perfuming,
LAVANDULA OFFICINALIS FLOWER OIL,84776-65-8,perfuming,
ALPHA,639-99-6,perfuming,
GRACILARIA CONFERTA POWDER,,astringent; film-forming; humectant; skin-conditioning; viscosity-controlling,
ARCTOSTAPHYLOS UVA URSI LEAF POWDER,84776-10-3,bleaching; skin-conditioning,
SODIUM PHENOXIDE,139-02-6,antimicrobial,
MELITTIN,20449-79-0,antiseborrhoeic,
LAVANDULA HYBRIDA GROSSO HERB OIL,93455-97-1,perfuming,
GUAIACUM OFFICINALE WOOD OIL,84650-13-5,flavouring; masking; perfuming,
PHYLLOSTACHYS PUBESCENS/EDULIS SHOOT SHEATH EXTRACT,,antimicrobial; antioxidant; skin-conditioning,
CETYLPYRIDINIUM CHLORIDE,123-03-5,antimicrobial; antistatic; deodorant; emulsifying; hair-conditioning; oral-care; surfactant,
POLYGLYCERIN-20,25618-55-7,antimicrobial; humectant,
JASMOPYRANE,18871-14-2,perfuming,
DIHYDROCITRONELLYLBUTYRATE,67874-80-0,perfuming,
SODIUM MANNITYLPHYTATE,1415551-44-8,antioxidant; chelating; preservative,
OVEX,80-33-1,antimicrobial,
PHENYLACETALDEHYDE DIISOAMYL ACETAL,68555-28-2,perfuming,
CINNAMOMUM ZEYLANICUM LEAF OIL,84649-98-9,masking; perfuming,
CUSPARIA FEBRIFUGA BARK EXTRACT,84775-53-1,perfuming,
4-ETHYLBENZALDEHYDE,4748-78-1,perfuming,
WOGONIN,632-85-9,bleaching,
PHYTOSPHINGOSINE ACETAMIDE,,antidandruff; antimicrobial; hair-conditioning; skin-conditioning,
HEDEOMA PULEGIOIDES AMERICAN HERB EXTRACT,98306-02-6,perfuming,
NAGEIA NAGI SEED OIL,,antidandruff; antiseborrhoeic; skin-protecting,
CYMBOPOGON MARTINI HERB EXTRACT,84649-81-0,perfuming,
PHENOXYETHYL PROPIONATE,23495-12-7,perfuming,
LAURYLPYRIDINIUM CHLORIDE,104-74-5,antimicrobial; antistatic; deodorant; surfactant,
PHENYLACETALDEHYDE,122-78-1,perfuming,
AMBERGRIS TINCTURE,8038-65-1,perfuming,
2‚7-DIMETHYL-10-ISOPROPYL-1-OXASPIRO-3‚6-DECADIENE,89079-92-5,perfuming,
3‚4-METHYLENEDIOXYBENZYL METHYLSULFONE,,antioxidant; bleaching; skin-conditioning,
2-BENZYLHEPTANOL,92368-90-6,masking; perfuming,
PROTOCATECHUICALDEHYDE,139-85-5,antioxidant; bleaching; skin-conditioning,
TRANS-OCTAHYDRONAPHTHALENONE,16021-08-2,perfuming,
ALUMINUM ZIRCONIUM OCTACHLOROHYDREX GLY,174514-58-0,antiperspirant; astringent; deodorant,
JUNIPERUS VIRGINIANA WOOD OIL,85085-41-2,perfuming,
PHENYLACETALDEHYDE GLYCERYL 1‚3-CYCLIC ACETAL,4740-79-8,perfuming,
CITRUS SPECIES LEAF EXTRACT,94266-47-4,perfuming,
TRANS-2-HEXENYL PHENYLACETATE,68133-78-8,perfuming,
ANTHEMIS NOBILIS FLOWER OIL,84649-86-5 / 8015-92-7,masking; perfuming; skin-conditioning,
PELARGONIUM GRAVEOLENS WATER,90082-51-2,astringent; deodorant; hair-conditioning,
CYCLOVIROBUXINE,,antioxidant; bleaching,
ALUMINUM PHENOLSULFONATE,1300-35-2,antimicrobial; astringent; deodorant,
TAED,10543-57-4,bleaching,
CITRONELLYL ETHYLOXALATE,60788-25-2,perfuming,
EICOSANE,112-95-8,emollient; masking; perfuming; solvent,
CINNAMOMUM CULILAWAN WOOD EXTRACT,91771-48-1,perfuming,
CEDRUS ATLANTICA WOOD EXTRACT,92201-55-3,perfuming,
PSEUDOWINTERA COLORATA LEAF EXTRACT,,antimicrobial,
HYDROXYISOHEXYL 3-CYCLOHEXENE CARBOXALDEHYDE,31906-04-4 / 51414-25-6,masking; perfuming,
6‚8-DIMETHYL-2-NONANOL,70214-77-6,perfuming,
ARBUTIN,497-76-7,antioxidant; bleaching; skin-conditioning,
3‚7-DIMETHYL-OCTANENITRILE,40188-41-8,perfuming,
BURSERA GRAVEOLENS FRUIT OIL,,antiperspirant; flavouring; masking; perfuming,
3‚4-DIHYDRO-6-METHYLNAPHTHALENONE,51015-29-3,perfuming,
METHYL DIMETHYL-OCTENYLIDENEAMINO-BENZOATE,67845-42-5,perfuming,
TRANS-METHYLBUTENYL TIGLATE,72845-40-0,perfuming,
HEXAHYDRO-TETRAMETHYL-BENZOPYRAN,72429-08-4,perfuming,
COPPER USNATE,94246-73-8,antimicrobial,
CITRUS JABARA PEEL WATER,,flavouring; masking; perfuming; skin-conditioning,
5-METHYL-1-(2‚2,139539-66-5,perfuming,
S-ALLYLCYSTEINE,21593-77-1,bleaching,
2-METHYLPENTYL 2-METHYLVALERATE,90397-38-9,perfuming,
GAMMA-METHYLBENZENEHEXANENITRILE,68555-31-7,perfuming,
BENZYL ALCOHOL,100-51-6,perfuming; preservative; solvent; viscosity-controlling,
ISOBUTYL FORMATE,542-55-2,perfuming,
METHYL AMINOLEVULINATE HCL,79416-27-6,antimicrobial; antioxidant; skin-protecting,
3-ETHYL-3‚7-DIMETHYLOCT-6-ENAL,34687-43-9,perfuming,
OLIGOPEPTIDE-115,,antimicrobial; antiseborrhoeic; cleansing; surfactant,
MORUS BOMBYCIS STEM EXTRACT,,antimicrobial; antioxidant; astringent; emollient,
COPROSMA GRANDIFOLIA LEAF/STEM EXTRACT,,antimicrobial,
SODIUM/ALUMINUM/IRON/SULFATE/TARTARATE/HYDROXIDE,,antimicrobial; chelating; deodorant; humectant; opacifying; uv-absorber,
LONICERA CAPRIFOLIUM FLOWER EXTRACT,84603-62-3,perfuming; skin-conditioning,
CORIANDRUM SATIVUM FRUIT/LEAF EXTRACT,84775-50-8,antiseborrhoeic; masking,
MENTHA ARVENSIS HERB OIL,90063-97-1,perfuming,
BETULA ALBA TWIG OIL,84012-15-7,perfuming,
CYMBOPOGON WINTERIANUS HERB EXTRACT MODIFIED,94349-74-3,perfuming,
LESPEDEZA CYRTOBOTRYA CALLUS EXTRACT,,antimicrobial; antiperspirant; hair-conditioning; humectant; skin-protecting,
CHLOROBUTANOL,57-15-8,preservative,
LAVANDULA HYBRIDA EXTRACT ACETYLATED,92502-71-1,perfuming,
CITRONELLYLOXY ACETALDEHYDE,7492-67-3,perfuming,
NARCISSUS JONQUILLA CALLUS EXTRACT,,antimicrobial; antioxidant; emollient; hair-conditioning; skin-protecting,
METHYLCINNAMYL ALCOHOL,1504-55-8,perfuming,
THUJOPSIS DOLABRATA WOOD OIL,91722-39-3,masking; perfuming,
FENCHONE,1195-79-5,perfuming,
METHYLCYCLOHEXENYL-BUTENYL ACETATE,6819-19-8,perfuming,
TERPENE ALCOHOLS ACETATES,69103-01-1,perfuming,
METHOXYHYDRATROPALDEHYDE,5462-06-6,perfuming,
ISOPROPYLMETHYLHEXENYL ACETATE,40853-56-3,perfuming,
CINNAMYL BENZOATE,5320-75-2,perfuming,
SAURURUS CHINENSIS FLOWER EXTRACT,,antioxidant; astringent,
HEPTYL METHACRYLATE,5459-37-0,perfuming,
DIMETHYLBUTYL ACETATE,108-84-9,perfuming,
ALLYL ISOVALERATE,2835-39-4,perfuming,
ISOPENTYL CYCLOHEXYL ACETATE,67874-72-0,masking; perfuming,
PROPOXYPROPANEDIOL,98524-54-0,antimicrobial,
HEXYL BENZOATE,6789-88-4,perfuming,
BENZYL BUTYRATE,103-37-7,perfuming,
1-TRIMETHYL-3-CYCLOHEXENYLETHANONE,68480-14-8,perfuming,
PEG-45 BIS-(TOCOPHERYL SUCCINATE),,antioxidant; antiseborrhoeic,
CITRUS JUNOS FRUIT WATER,,masking; perfuming,
TAGETES MINUTA FLOWER EXTRACT,91770-75-1,perfuming,
3-METHYL-4-(2‚4,67801-29-0,perfuming,
MENTHA PULEGIUM HERB OIL,90064-00-9,perfuming,
6-TERT-BUTYLQUINOLINE,65442-31-1,perfuming,
DIMETHYLPHENYL METHYL KETONE,1335-42-8,perfuming,
LAURAMINE OXIDE,1643-20-5,antistatic; cleansing; foam-boosting; hair-conditioning; hydrotrope; perfuming; surfactant; viscosity-controlling,
HYPERICUM PERFORATUM FLOWER/TWIG EXTRACT,84082-80-4,antimicrobial; antiperspirant; skin-conditioning,
MAYTENUS MACROCARPA BARK EXTRACT,,antimicrobial; antioxidant,
AGAVE TEQUILANA LEAF EXTRACT,,astringent,
EUGENIA CARYOPHYLLUS EXTRACT ACETYLATED,91771-52-7,perfuming,
TETRAHYDROCURCUMIN DIACETATE,52199-86-7,antioxidant; bleaching; skin-protecting; uv-absorber,
LAVANDULYL ACETATE,25905-14-0,perfuming,
CASTOREUM OIL,8023-83-4,perfuming,
PHENOXYISOPROPANOL,770-35-4,preservative; solvent,
METHYL-METHYLENE-OCTADIENE ALPHA-TERPINEOLS,72869-31-9,perfuming,
DACRYDIUM FRANKLINI WOOD EXTRACT,94334-02-8,perfuming,
RUBUS DELICIOSUS FRUIT JUICE,,astringent; skin-conditioning,
4-METHYLVINYLCYCLOHEXENE-1-METHYL ACETATE,15111-96-3,perfuming,
TRIMETHYL-3-PHENYLINDAN,3910-35-8,perfuming,
HYDRATROPIC ALCOHOL,1123-85-9,perfuming,
PHENYLACETALDEHYDE ETHYLENEGLYCOL CYCLIC ACETAL,101-49-5,perfuming,
TRIMETHYL-1-CYCLOHEXENYLBUTAN-2-ONE,17283-81-7,perfuming,
TETRAHYDROINDENO-DIOXIN,18096-62-3,perfuming,
MYRCENE METHOXYLATION DISTILLATE,68989-91-3,perfuming,
ALPINIA URAIENSIS LEAF OIL,,flavouring; masking; perfuming,
BUTYL ISOBUTYRATE,97-87-0,perfuming,
HELICHRYSUM STOECHAS FLOWER OIL,91845-22-6,perfuming,
EPOXYCYCLODODECANE,286-99-7,perfuming,
ISODECYL ALCOHOL,25339-17-7,perfuming,
BUTYLIDENEPHTHALIDE,551-08-6,perfuming,
CITRUS TANGERINA PEEL EXTRACT,223748-44-5,astringent,
3-METHYL-1-PHENYL-2-HEXENE 1‚5-EPOXIDE,68039-40-7,perfuming,
PINUS SYLVESTRIS BUD EXTRACT,84012-35-1,perfuming; tonic,
LINDERA ERYTHROCARPA ADVENTITIOUS ROOT EXTRACT,,antimicrobial; antioxidant; hair-conditioning; skin-protecting,
CYCLOHEXANEDIOL BIS-ETHYLHEXANOATE,,bleaching,
PROPIONIBACTERIUM ACIDIPROPIONICI/SOYBEAN EXTRACT FERMENT FILTRATE,,antimicrobial; skin-conditioning,
DODECENYL OLEYLSUCCINAMIDE,1637582-29-6,antiseborrhoeic; emulsion-stabilising; skin-conditioning; skin-protecting,
DODECYLBENZYLTRIMONIUM CHLORIDE,19014-05-2,antimicrobial; antistatic; cleansing; hair-conditioning; surfactant,
POLYGONUM FAGOPYRUM SPROUT EXTRACT,,antioxidant; astringent; bleaching; skin-conditioning,
MENTHA ARVENSIS HERB EXTRACT,90063-97-1,perfuming,
SUNFLOWER SEED OIL ETHYL FERULATE ESTERS,,antioxidant; bleaching; emollient; emulsion-stabilising; uv-absorber,
BENZISOTHIAZOLINONE,2634-33-5,antimicrobial,
OCTAHYDRO-TRIMETHYL-NAPHTHOXIREN-7-OL,68845-01-2,perfuming,
ETHYL HYDROXYHEPTYL KETONE,67633-95-8,perfuming,
RAVENSARA AROMATICA TWIG OIL,91770-56-8,perfuming,
OXYQUINOLINE BENZOATE,7091-57-8,antimicrobial,
ISOBUTYL CINNAMATE,122-67-8,perfuming,
TRANS-3-HEXENYL ISOBUTYRATE,84682-20-2,perfuming,
UNDECYLENOYL SARCOSINE,777033-26-8,antidandruff; antiseborrhoeic; preservative,
P-METHOXYBUTYLIDENE-CYCLOHEXANE,93777-41-4,perfuming,
ROSE KETONE-5,33673-71-1,perfuming,
AMMONIUM PROPIONATE,17496-08-1,preservative,
TRICYCLODECANE-8-ONE,13380-94-4,perfuming,
TRANS-2-UNDECENAL,53448-07-0,perfuming,
EUGENYL FORMATE,10031-96-6,perfuming,
ISOBUTYL SALICYLATE,87-19-4,perfuming,
CYCLOHEXYL BUTYRATE,1551-44-6,perfuming,
GINKGO BILOBA LEAF WATER,90045-36-6,flavouring; masking; perfuming; skin-conditioning,
OCTYL FORMATE,112-32-3,perfuming,
DIIODOMETHYLTOLYLSULFONE,20018-09-1,antimicrobial,
ALPHA-IONYL ACETATE,52210-18-1,perfuming,
THEOBROMA CACAO CALLUS POWDER,,antioxidant; bleaching; skin-conditioning; skin-protecting; stabilising,
TRIMETHYL-6-METHYLENECYCLOHEXANEPROPANOL,13720-13-3,perfuming,
LENS CULINARIS SEED EXTRACT,,antimicrobial; antiseborrhoeic,
STYRAX TONKINENSIS RESIN EXTRACT,9000-72-0 / 84012-39-5,perfuming; skin-conditioning,
TRIMETHYLHEXYL PROPIONATE,68991-95-7,perfuming,
METHYL DIMETHYLOCTADIENOATE,1189-09-9,perfuming,
FERRIC CHLORIDE,7705-08-0,astringent,
CHLORHEXIDINE DIHYDROCHLORIDE,3697-42-5,antimicrobial; oral-care; preservative,
POLYMETHOXY BICYCLIC OXAZOLIDINE,56709-13-8,antimicrobial,
SODIUM P-CHLORO-M-CRESOL,15733-22-9,antimicrobial,
CENTAUREA CYANUS FLOWER EXTRACT,84012-18-0,astringent; skin-conditioning,
ISOPROPYL HEXANOATE,2311-46-8,perfuming,
STYRALYL ALCOHOL,98-85-1,perfuming,
3-OCTANOL,589-98-0,perfuming,
DICTAMNUS ALBUS ROOT EXTRACT,89998-27-6,astringent; hair-conditioning; skin-conditioning,
STEPHANANDRA INCISA STEM EXTRACT,,antimicrobial; antioxidant; astringent; emollient; hair-conditioning,
1‚4-BUTANEDIOL BISDECANOATE,,bleaching,
PHENOXYACETIC ACID,122-59-8,perfuming,
DIMETHYL PHENYLPROPANOL,13351-61-6,masking; perfuming,
CAPRYLOYL OCTAPEPTIDE-33 D-METHIONINE,,antimicrobial; antioxidant; antiseborrhoeic; skin-conditioning,
QUATERNIUM-14,27479-28-3,antimicrobial; antistatic; hair-conditioning; surfactant,
PHORMIUM TENAX LEAF WATER,,antioxidant; astringent; humectant; skin-conditioning; skin-protecting,
CISTUS CYPRIUS EXTRACT ETHYL ESTERS,73138-66-6,perfuming,
ALLYL BUTYRATE,2051-78-7,perfuming,
2-(1-ETHYLPROPYL)PYRIDINE,7399-50-0,perfuming,
HYDROXYRESVERATROL,4721-07-7,bleaching; skin-conditioning; skin-protecting,
METHYL ISOPROPYL-METHYLBICYCLOOCTENE-2-CARBOXYLATE,68966-86-9,perfuming,
LOLIUM PERENNE LEAF OIL,90063-63-1,perfuming,
VALERIANA JATAMANSI RHIZOME OIL,94280-15-6,antimicrobial; antiseborrhoeic; emollient; humectant; masking; skin-conditioning,
OZONIZED PEG-14 OLEATE,,antimicrobial; cleansing; surfactant,
CALCIUM BENZOATE,2090-05-3,preservative,
TANACETUM VULGARE FLOWER EXTRACT,84961-64-8,perfuming,
ROSA GALLICA FLOWER WATER,84604-13-7,flavouring; masking; perfuming,
SODIUM PHOSPHORUS/ZINC/CALCIUM/SILICON/ALUMINUM/SILVER OXIDES,,antimicrobial; antiseborrhoeic; preservative,
POTASSIUM BENZOATE,582-25-2,preservative,
TRIGONELLA FOENUM-GRAECUM SEED OIL,84625-40-1,perfuming,
P-TERT-BUTYLPHENYLISOBUTANOL,56107-04-1,perfuming,
P-ANISYL ISOBUTYRATE,71172-26-4,perfuming,
GERANYL PHENYLACETATE,102-22-7,perfuming,
LYCIUM CHINENSE FRUIT/(ANGELICA DAHURICA/REHMANNIA GLUTINOSA/SCUTELLARIA BAICALENSIS) ROOT EXTRACT,,bleaching; skin-conditioning,
CASSYTHA FILIFORMIS POWDER,,antioxidant; antiseborrhoeic; preservative; skin-conditioning; skin-protecting,
ISOAMYL PROPIONATE,105-68-0,perfuming,
COMMIPHORA GILEADENSIS SAP EXTRACT,,antimicrobial; antioxidant; astringent; uv-filter,
LIPPIA CITRIODORA LEAF CELL CULTURE EXTRACT,,masking; perfuming,
TRANS-5-OCTENONE,19093-20-0,perfuming,
ACACIA DECURRENS FLOWER EXTRACT,98903-76-5,masking; perfuming,
2-TERT-BUTYLHYDROQUINONE METHYL ETHER,121-00-6,perfuming,
METHYL HYDROXY-METHYLPENTYLCYCLOHEXENYL-METHYLENEAMINOBENZOATE,67634-12-2,perfuming,
NARCISSUS POETICUS FLOWER WATER,90064-26-9,flavouring; masking; perfuming,
2-METHYLPENT-3-ENOIC ACID,37674-63-8,perfuming,
3-CARENE,13466-78-9,perfuming,
METHYL-METHYLENE-TRICYCLODECANOL,122760-84-3,perfuming,
OZONIZED GLYCERIN,,astringent,
CARUM CARVI FRUIT OIL,85940-31-4 / 8000-42-8,masking; perfuming,
3‚6-DIMETHYL-3-OCTYL ACETATE,60763-42-0,perfuming,
CUPRESSUS FUNEBRIS WOOD OIL,85085-29-6,perfuming,
METHYL ISOEUGENOL,93-16-3,perfuming,
2-FURANCARBALDEHYDE/HEPTANAL HYDROGENATED,68411-59-6,perfuming,
CITRUS GRANDIS PEEL/SEED EXTRACT,,antimicrobial; preservative,
CITRAL DIMETHYL ACETAL,7549-37-3,perfuming,
ETHYL DIMETHYLOCTADIENOATE,13058-12-3,perfuming,
HEXAMIDINE DIISETHIONATE,659-40-5,antifoaming; emollient; preservative; skin-conditioning,
ISOBUTYL PROPIONATE,540-42-1,perfuming,
LACTOBACCILLUS/HIBISCUS SABDARIFFA CALLUS CULTURE FERMENT FILTRATE,,antimicrobial; antioxidant; humectant; skin-conditioning,
PHYLLOSTACHYS EDULIS STEM EXTRACT,,antimicrobial; deodorant,
MENTHA ARVENSIS PIPERASCENS HERB EXTRACT,91722-84-8,perfuming,
2‚3-DIETHYLPYRAZINE,15707-24-1,perfuming,
SODIUM BISULFITE,7631-90-5,antioxidant; preservative; reducing,
METHYLVALERIC ACID,97-61-0,perfuming,
CITRUS AURANTIUM DULCIS PEEL EXTRACT,8028-48-6,binding; emulsion-stabilising; perfuming; skin-conditioning; viscosity-controlling,
METHYLCYCLOPENTENOLONE,80-71-7,perfuming,
C11-14 ALKYL ACETATE,84712-50-5,perfuming,
MENTHA ARVENSIS PIPERASCENS HERB OIL,91722-84-8,perfuming,
3-METHYL-5-PHENYL-2-PENTENENITRILE,93893-89-1,perfuming,
SH-OLIGOPEPTIDE-88,,antiseborrhoeic; hair-conditioning; humectant,
PELARGONIUM GRAVEOLENS STEM LEAF OIL,90082-51-2,perfuming,
EXCOECARIA BICOLOR LEAF EXTRACT,,antioxidant; bleaching,
ACACIA FARNESIANA FLOWER/STEM EXTRACT,89958-31-6,astringent; viscosity-controlling,
DIMETHOXYBENZAMIDO PHENYLHYDROXYLACETAMIDE,,antioxidant; antiseborrhoeic; skin-conditioning; skin-protecting,
GERANYL ACETATE,105-87-3,perfuming; tonic,
CAPRYLOYL HEPTAPEPTIDE-33,,antimicrobial; antioxidant; antiseborrhoeic; skin-conditioning,
5-ETHYL-3-HYDROXY-4-METHYLFURAN-2-ONE,698-10-2,perfuming,
BEHENTRIMONIUM CHLORIDE,17301-53-0,antistatic; hair-conditioning; preservative,
BRASSICA RAPA CALLUS EXTRACT,,antimicrobial; antioxidant; hair-conditioning; humectant,
ACETALDEHYDE ETHYL ISOEUGENYL ACETAL,84029-92-5,perfuming,
OLIGOPEPTIDE-98 AMIDE,,antimicrobial; antioxidant; antiseborrhoeic; skin-protecting,
THUJA OCCIDENTALIS LEAF OIL,90131-58-1 / 8007-20-3,masking; perfuming; tonic,
CYCLOHEXANEDIOL DICAPRYLATE,,bleaching,
DAUCUS CAROTA FRUIT OIL,84929-61-3,perfuming,
2-ISOPENTENAL,107-86-8,perfuming,
PYRUS MALUS BARK EXTRACT,,astringent,
ELETTARIA CARDAMOMUM SEED OIL,8000-66-6 / 85940-32-5,masking; perfuming; tonic,
IODOFORM,75-47-8,antimicrobial,
CALENDULA OFFICINALIS FLOWER OIL,84776-23-8 / 70892-20-5,masking; perfuming; skin-conditioning,
MACELIGNAN,107534-93-0,antimicrobial; antioxidant; deodorant; oral-care,
JUNIPERUS PHOENICEA WOOD EXTRACT,90046-03-0,perfuming,
CITRUS HYSTRIX LEAF WATER,,antioxidant; antiseborrhoeic; astringent; masking; skin-conditioning,
TETRAMETHYL-4-METHYLENEHEPTAN-2-ONE,81786-75-6,perfuming,
ISOAMYL ALCOHOL,123-51-3,flavouring; perfuming,
HEPTYLTETRAHYDROFURAN,2435-16-7,perfuming,
NEROL OXIDE,1786-08-9,perfuming,
SODIUM PHENOLSULFONATE,1300-51-2,antimicrobial; deodorant,
TRIMETHYLBICYCLO-3-HEPTEN-2-OL,473-67-6,perfuming,
PERILLA FRUTESCENS FLOWER EXTRACT,90082-61-4,perfuming,
LIPPIA CITRIODORA FLOWER EXTRACT,,perfuming; skin-conditioning,
METHYL TETRAHYDROAZEPINYL ETHER,2525-16-8,perfuming,
ISATIS TINCTORIA ROOT POWDER,,astringent; hair-conditioning; skin-conditioning,
LACTOBACILLUS/SCUTELLARIA BAICALENSIS ROOT/CAMELLIA SINENSIS LEAF/ARTEMISIA PRINCEPS LEAF/HOUTTUYNIA CORDATA LEAF/CITRUS JUNOS FRUIT EXTRACT FERMENT FILTRATE,,antimicrobial; antioxidant,
EVERNIA PRUNASTRI LICHEN EXTRACT,90028-68-5 / 9000-50-4 / 68917-10-2,perfuming,
HYDROXYCYCLOHEXYL METHYL KETONE,1123-27-9,perfuming,
CAFFEIC/COCO/COUMARIC/MANGOSTEEN PERICARP ESTERS,,antimicrobial; antioxidant; hair-conditioning; skin-conditioning,
HEXADIENAL DIETHYL ACETAL,27310-22-1,perfuming,
ISOPROPYL-DIMETHYL-DIOXANE,3583-00-4,perfuming,
ETHYL AMINOLEVULINATE HCL,183151-37-3,antimicrobial; antioxidant; antiseborrhoeic; skin-conditioning,
DIHYDROGERANYLACETONE,1322-58-3 / 4433-36-7,perfuming,
RAPESEED SOPHOROLIPIDS,,antimicrobial; cleansing; deodorant; surfactant,
2-METHYL-3-OXOPROPOXY-PYRAN-4-ONE,68555-63-5,perfuming,
DIHYDROXYBENZYLIDENE SUCCINIMIDE,,antioxidant; bleaching; reducing; skin-protecting,
CYSTOSEIRA COMPRESSA POWDER,,bleaching; humectant; skin-conditioning,
TRIMETHYL-5‚7-DECADIEN-2-ONE,67801-41-6,perfuming,
5-METHYL-BETA-IONONE,79-70-9,perfuming,
SODIUM HYDROXYMETHYLGLYCINATE,70161-44-3,hair-conditioning; preservative,
SUCCINOYL ASCORBATE PENTAPEPTIDE-6,,antioxidant; bleaching; skin-conditioning; skin-protecting,
METHYL AMYL KETONE,110-43-0,perfuming,
TRIMETHYL-4‚9-DECADIENAL,32803-39-7,perfuming,
ACETALDEHYDE PHENETHYL PROPYL ACETAL,7493-57-4,perfuming,
DIPROPYLENE GLYCOL ETHYL ETHER,10143-32-5,perfuming,
ISOPULEGYL FORMATE,10588-15-5,perfuming,
AMYL BUTYRATE,540-18-1,perfuming,
NONADIENOL,7786-44-9,perfuming,
2-ETHYL-3-METHYLPYRAZINE,15707-23-0,perfuming,
ETHYL 2-METHYLPENT-3-ENOATE,1617-23-8,perfuming,
MADHUCA LONGIFOLIA SOPHOROLIPIDS,,antioxidant; antiseborrhoeic; cleansing; emulsifying; surfactant,
ALLYL CYCLOHEXYLOXYACETATE,68901-15-5,perfuming,
HEXAHYDRO-TETRAMETHYL-SPIRODIOXOLANE-METHANONAPHTHALENE,154171-77-4,perfuming,
C16-17 ALKYL BENZOATE,,antimicrobial; emollient; skin-conditioning; solvent,
MAGNESIUM BENZOATE,553-70-8,preservative,
2-HEXYL-1‚3-DIOXANOL,1708-36-7,perfuming,
2-METHYLPENT-2-ENYL ACETATE,1838-88-6,perfuming,
CINNAMOMUM CULILAWAN LEAF OIL,91771-48-1,perfuming,
TRIMETHYL-3-NONENOL,93882-22-5,perfuming,
TERPINEOL,8000-41-7,masking; perfuming,
HIEROCHLOE ALPINA HERB OIL,92128-62-6,perfuming,
HEXYLDIHYDROFURANONE,18436-37-8,perfuming,
MELOZOL ACETATE,30772-69-1,perfuming,
ABIES ALBA NEEDLE OIL,90028-76-5,perfuming,
CAMELLIA SINENSIS FLOWER/LEAF/STEM JUICE,84650-60-2,antioxidant; perfuming,
HEXENYLOXY-PROPANENITRILE,142653-61-0,perfuming,
RAVENSARA AROMATICA TWIG EXTRACT,91770-56-8,perfuming,
DECAHYDROSPIROFURAN-METHANO-5H-INDENE,68480-11-5,perfuming,
HEXAMIDINE DIPARABEN,93841-83-9,preservative,
ETHYL 3-HYDROXY-3-PHENYLPROPIONATE,5764-85-2,perfuming,
ALPHA-METHYL-BETA-IONONE,127-43-5,perfuming,
PALMITOYL HEXAPEPTIDE-26,,antimicrobial,
1-ETHYL-3-METHOXY-TRICYCLOHEPTANE,31996-78-8,perfuming,
CAFFEOYL HEXAPEPTIDE-65,,antimicrobial; antioxidant; skin-conditioning; skin-protecting,
AMINOPROPYL MENTHYL PHOSPHATE,,antidandruff; antiseborrhoeic; skin-conditioning,
2-ETHYLBUTYL CYCLOPENT-1-ENEACETATE,68092-41-1,perfuming,
CYCLOHEXYLPROPANOL,5442-00-2,perfuming,
METHOXYHEXANETHIOL,94291-50-6,perfuming,
PRENOL,556-82-1,perfuming,
LOTUS CORNICULATUS FLOWER WATER,84696-24-2,flavouring; masking; perfuming,
CURCUMA LONGA ROOT EXTRACT,84775-52-0,masking; perfuming,
ALUMINUM ZIRCONIUM PENTACHLOROHYDREX GLY,125913-22-6,antiperspirant; astringent; deodorant,
SAUSSUREA LAPPA EXTRACT HYDROGENATED,99098-35-8,perfuming,
PYRUS COMMUNIS FRUIT JUICE,90082-43-2,astringent; skin-conditioning,
COCHLEARIA GROENLANDICA CALLUS EXTRACT,,antimicrobial; antioxidant; hair-conditioning; humectant; skin-conditioning; skin-protecting,
FOENICULUM VULGARE PIPERITUM FRUIT EXTRACT,93685-73-5,perfuming,
TRIMETHYLBICYCLOHEPT-2-YL PROPIONATE,20279-25-8,perfuming,
LAURALDEHYDE DIMETHYL ACETAL,14620-52-1,perfuming,
ETHYL RICINOLEATE,55066-53-0,perfuming; skin-conditioning,
BLETILLA STRIATA ROOT POWDER,,antimicrobial; humectant; skin-conditioning,
2-HEXYLIDENECYCLOHEXAN-1-ONE,16429-07-5,perfuming,
GLUCONIC ACID,526-95-4,chelating; perfuming,
PHENYLACETIC ACID,103-82-2,perfuming,
CITRUS NOBILIS LEAF EXTRACT,84929-38-4,perfuming,
BENZALDEHYDE,100-52-7,denaturant; flavouring; masking; perfuming,
7-ISOPROPYL-5-METHYLBICYCLOOCTENYL-DIOXOLANE,94087-23-7,perfuming,
QUINOYL TRIPEPTIDE-7,,antioxidant; bleaching; skin-protecting,
LACTOBACILLUS/NELUMBO NUCIFERA SEED FERMENT FILTRATE,,bleaching; skin-conditioning,
ETHYL TRANS-3-HEXENOATE,26553-46-8,perfuming,
TRIMETHYL-8-METHYLENEBICYCLO-4-UNDECENE,118-65-0,perfuming,
LACTOBACILLUS/TURMERIC LEAF EXTRACT FERMENT LYSATE FILTRATE,,antimicrobial; antioxidant; hair-conditioning,
QUATERNIUM-24,32426-11-2,antimicrobial; antistatic; surfactant,
CUPRESSUS FUNEBRIS WOOD EXTRACT ACETYLATED,90990-04-8,perfuming,
3-ETHOXY-1‚1,67583-77-1,perfuming,
ARTEMISIA ANNUA HERB OIL,84775-74-6,perfuming,
ISOPROPYLIDENE-METHYL-CYCLOHEXYL ACETATE,10235-63-9,perfuming,
VALERIC ACID,109-52-4,perfuming,
LACTOBACILLUS/APRICOT KERNEL/(ASPARAGUS COCHINCHINENSIS/ACONITUM KOREANUM/ANGELICA DAHURICA/CNIDIUM OFFICINALE) ROOT EXTRACT FERMENT FILTRATE,,antimicrobial,
SD ALCOHOL 46,,astringent; solvent; viscosity-controlling,
ETHYL 2-OCTENOATE,2351-90-8,perfuming,
2-METHYLPROPANAL,78-84-2,nail-conditioning; perfuming,
AMYLCINNAMAL DIETHYL ACETAL,60763-41-9,perfuming,
SUBTILISIN,9014-01-1,keratolytic; skin-conditioning,
VERDYL ACETATE,2500-83-6 / 5413-60-5,perfuming,
ABIES PECTINATA WOOD OIL,92128-34-2,antimicrobial; antioxidant,
CISTUS SPECIES RESIN EXTRACT,84775-64-4,perfuming,
BETA-HYDROXYPHENETHYL ACETATE,10522-41-5,perfuming,
SACCHAROMYCES/VACCINIUM VITIS-IDAEA FRUIT FERMENT EXTRACT,,bleaching; skin-conditioning,
OZONIZED OLETH-10,,antimicrobial; cleansing; surfactant,
ROSMARINUS OFFICINALIS CALLUS EXTRACT,,antimicrobial; antioxidant; hair-conditioning; skin-protecting,
PANAX GINSENG FLOWER/LEAF/STEM EXTRACT,,astringent; humectant,
OLIGOPEPTIDE-124 AMIDE,,antimicrobial; antiseborrhoeic,
P-ANISYL PHENYLACETATE,102-17-0,perfuming,
DECAHYDRO-BETA-NAPHTHOL,825-51-4,perfuming,
2-ETHOXY-2‚6,68845-00-1,perfuming,
TRIMETHYLBICYCLOHEPTANE-2-METHANOL,66062-78-0,perfuming,
CAMELLIA SINENSIS SPROUT EXTRACT,,antimicrobial; antioxidant; astringent; oral-care; skin-conditioning,
TERT-BUTYLQUINOLINE,61702-91-8,perfuming,
5-METHYL-ALPHA-IONONE,79-69-6,perfuming,
CYCLAMEN ALDEHYDE ETHYLENEGLYCOL CYCLIC ACETAL,72845-85-3,perfuming,
ACACIA DECURRENS EXTRACT,98903-76-5,astringent; skin-conditioning; tonic,
NONA-2‚4-DIENAL,6750-03-4,perfuming,
UNDECYLENAMIDE DEA,25377-64-4,antidandruff; antimicrobial; antistatic; foam-boosting; hair-conditioning; viscosity-controlling,
ZINC SULFATE,7446-19-7 / 7733-02-0 / 7746-20-0,antimicrobial; antiplaque; astringent; oral-care,
PIPERINE,94-62-2,perfuming,
4-METHYLEN-2‚6-EPOXYDECANE,24237-02-3,perfuming,
DEQUALINIUM ACETATE,4028-98-2,antimicrobial; deodorant,
PELARGONIUM GRAVEOLENS LEAF EXTRACT,90082-51-2,perfuming,
CALCIUM LACTATE,814-80-2,astringent; buffering; keratolytic,
BENZYL METHYL ETHER,538-86-3,perfuming,
CINNAMOMUM CAMPHORA LINALOOLIFERUM WOOD OIL,91745-89-0,perfuming,
METHYL HEXYL ETHER,4747-07-3,perfuming; solvent,
BRASSICA OLERACEA GEMMIFERA EXTRACT,,astringent,
CALCIUM CHLORIDE,10043-52-4,astringent; viscosity-controlling,
TAXUS MEDIA/TAXUS CUSPIDATA/TAXUS BREVIFOLIA/TAXUS BACCATA/TAXUS CANADENSIS MERISTEM CELL CULTURE EXTRACT,,antimicrobial; antioxidant; skin-conditioning,
DIHYDROGERANIAL DIPHENETHYL ACETAL,68140-52-3,perfuming,
4-ETHYLOCTA-2‚4-DIENOIC ACID,72928-47-3,perfuming,
ISOBUTYL FURYLPROPIONATE,105-01-1,perfuming,
ISOBUTENYL METHYLTETRAHYDROPYRAN,16409-43-1,masking; perfuming,
EUGENIA CARYOPHYLLUS EXTRACT/ FORMALDEHYDE,94333-73-0,perfuming,
8-METHOXYETHOXY-2‚6-DIMETHYLOCT-2-ENE,68039-24-7,perfuming,
BRASSICA CAMPESTRIS FLOWER EXTRACT,90989-79-0,antidandruff; antimicrobial; emollient; skin-conditioning,
NARCISSUS PSEUDONARCISSUS ROOT EXTRACT,,astringent; hair-conditioning; nail-conditioning; skin-conditioning,
3-METHYL-5-(2‚2,67801-20-1,perfuming,
ACORUS CALAMUS ROOT EXTRACT HYDROGENATED,85480-47-3,perfuming,
PHENYLACETALDEHYDE ISOHEXYLENEGLYCOL CYCLIC ACETAL,65416-20-8,perfuming,
HYDROXYCITRONELLAL-INDOLE SCHIFF BASE,68527-79-7,perfuming,
BETULA ALBA BARK/LEAF EXTRACT,84012-15-7,astringent; cleansing; soothing; tonic,
3-METHYL-5-PROPYL-2-CYCLOHEXENONE,3720-16-9,perfuming,
4'-METHOXYCHALCONE,959-23-9,antioxidant; bleaching; skin-conditioning,
AMYL HEXANOATE,540-07-8,perfuming,
DIACETYL BENZOYL LATHYROL,218916-52-0,bleaching; skin-conditioning,
NONYL ALCOHOL,143-08-8,perfuming,
PENTAMETHYL-CYCLOPENT-1-ENYL METHYL KETONE,13144-88-2,perfuming,
LACTOBACILLUS/PHASEOLUS ANGULARIS SEED EXTRACT FERMENT EXTRACT FILTRATE,,antioxidant; bleaching; emollient; humectant; skin-conditioning,
BENZYL PROPIONATE,122-63-4,perfuming,
ISOPROPYLINDANONE,53446-63-2,perfuming,
LIATRIS ODORATISSIMA LEAF OIL,68602-86-8,perfuming,
TRANS-2-TERT-BUTYLCYCLOHEXANOL,5448-22-6,perfuming,
BENZYL PHENYLACETATE,102-16-9,perfuming,
TETRAHYDROPYRANYLOXY PHENOL,53936-56-4,bleaching,
APIUM GRAVEOLENS RAPACCUM LEAF EXTRACT,89997-34-2,perfuming,
CYMBOPOGON FLEXUOSUS HERB EXTRACT,91844-92-7,perfuming,
MURRAYA KOENIGII LEAF OIL,,preservative,
VALERIANA OFFICINALIS COLLINA ROOT EXTRAXT,97927-02-1,perfuming,
3‚5-DIETHYLDIMETHYLCYCLOHEXENONE,65416-17-3,perfuming,
ANISALDEHYDE,123-11-5,masking; perfuming,
ALLANTOIN BIOTIN,4492-73-3,antiseborrhoeic; skin-conditioning; skin-protecting; soothing,
SALIX POLARIS CALLUS CULTURE EXTRACT,,antimicrobial; antioxidant; hair-conditioning; skin-protecting,
ETHYL TRAVOPROSTAMIDE,1005193-64-5,antimicrobial; antioxidant; hair-conditioning; skin-conditioning,
MONASCUS/DIOSCOREA JAPONICA ROOT FERMENT,,antimicrobial; skin-conditioning,
P-MENTHADIENE,555-10-2,perfuming,
BURSERA GRAVEOLENS WOOD OIL,,flavouring; masking; perfuming,
SODIUM FORMATE,141-53-7,buffering; preservative,
LILIUM HYBRID EXTRACT,,astringent; skin-conditioning,
PHYLLOSTACHYS EDULIS STEM POWDER,,abrasive; antimicrobial; deodorant,
DENDROPANAX MORBIFERUS ADVENTITIOUS ROOT EXTRACT,,antimicrobial; antioxidant; hair-conditioning; humectant; skin-protecting,
TRIMETHYL-3-CYCLOHEXENYL-3-BUTEN-2-ONE,67801-39-2,perfuming,
QUINOYL TRIPEPTIDE-1,,antioxidant; bleaching; hair-conditioning; skin-protecting,
DICHLOROPHENYL IMIDAZOLDIOXOLAN,85058-43-1,antimicrobial,
4-BUTYL-5-METHYLTHIAZOLE,57246-60-3,perfuming,
