inci_name,function
SAFFLOWER SEED OIL PIPERONYL ESTERS,skin-conditioning
ETHYLHEXYL POLYRICINOLEATE,emollient
CYCLOPIA GENISTOIDES FLOWER/LEAF/STEM EXTRACT,antioxidant
CYCLOPIA GENISTOIDES FLOWER/LEAF/STEM EXTRACT,humectant
CYCLOPIA GENISTOIDES FLOWER/LEAF/STEM EXTRACT,skin-conditioning
ORYZA SATIVA LEES WATER,skin-conditioning
CETEARYL PALMATE,emollient
CETEARYL PALMATE,emulsifying
NEMACYSTUS DECIPIENS POWDER,humectant
NEMACYSTUS DECIPIENS POWDER,skin-protecting
ALLANTOIN GLYCYRRHETINIC ACID,skin-protecting
ALLANTOIN GLYCYRRHETINIC ACID,soothing
KLUYVEROMYCES/LACTOBACILLUS/OPHIOPOGON JAPONICUS ROOT OIL FERMENT FILTRATE,antioxidant
KLUYVEROMYCES/LACTOBACILLUS/OPHIOPOGON JAPONICUS ROOT OIL FERMENT FILTRATE,skin-conditioning
KLUYVEROMYCES/LACTOBACILLUS/OPHIOPOGON JAPONICUS ROOT OIL FERMENT FILTRATE,skin-protecting
EPIPHYLLUM OXYPETALUM FLOWER EXTRACT,skin-conditioning
RUBUS COREANUS ROOT EXTRACT,skin-conditioning
EUTERPE OLERACEA PULP POWDER,abrasive
EUTERPE OLERACEA PULP POWDER,antioxidant
EUTERPE OLERACEA PULP POWDER,skin-conditioning
PASSIFLORA EDULIS PEEL EXTRACT,humectant
SODIUM SUCCINOYL GELATIN,skin-conditioning
OLEA EUROPAEA FRUIT OIL ETHYL ESTER,emollient
OLEA EUROPAEA FRUIT OIL ETHYL ESTER,skin-conditioning
OLEA EUROPAEA FRUIT OIL ETHYL ESTER,skin-protecting
POUZOLZIA ZEYLANICA LEAF/STEM EXTRACT,humectant
ZIZIPHUS JUJUBA FRUIT EXTRACT,skin-conditioning
TRIBULUS TERRESTRIS FRUIT/STEM EXTRACT,skin-conditioning
CITRUS LIMON/FUCUS SERRATUS EXTRACT,skin-conditioning
TRIPEPTIDE-46 HEXAPEPTIDE-40 DECAPEPTIDE-27 METHIONYL OLIGOPEPTIDE-91 DIPEPTIDE-19 SH-POLYPEPTIDE-2 DIPEPTIDE-34 SH-POLYPEPTIDE-11 DIPEPTIDE-19 OLIGOPEPTIDE-91,skin-conditioning
OXALIS HEDYSAROIDES EXTRACT,skin-conditioning
ACETYLATED HYDROGENATED VEGETABLE GLYCERIDE,emollient
ACETYLATED HYDROGENATED VEGETABLE GLYCERIDE,skin-conditioning
BIS-HYDROXYPROPYL DIMETHICONE,emollient
BIS-HYDROXYPROPYL DIMETHICONE,skin-conditioning
ROSA CANINA FLOWER OIL,emollient
ROSA CANINA FLOWER OIL,masking
HYDROGENATED TALLOWAMINE OXIDE,antistatic
HYDROGENATED TALLOWAMINE OXIDE,cleansing
HYDROGENATED TALLOWAMINE OXIDE,foam-boosting
HYDROGENATED TALLOWAMINE OXIDE,hydrotrope
HYDROGENATED TALLOWAMINE OXIDE,surfactant
HYDROGENATED TALLOWAMINE OXIDE,viscosity-controlling
OLEOYL EPOXY RESIN,film-forming
SH-PENTAPEPTIDE-40,skin-conditioning
THUJA KORAIENSIS EXTRACT,antioxidant
THUJA KORAIENSIS EXTRACT,skin-conditioning
ACETYL OCTAPEPTIDE-2,skin-conditioning
MYCOLEPTODONOIDES AITCHISONII MYCELIUM EXTRACT,skin-conditioning
GUANIDINE PHOSPHATE,skin-conditioning
ANSERINE,antioxidant
ANSERINE,humectant
ANSERINE,skin-conditioning
ERIOCAULON BUERGARIANUM FLOWER/STEM EXTRACT,antioxidant
ERIOCAULON BUERGARIANUM FLOWER/STEM EXTRACT,skin-conditioning
ZINC HYDROLYZED HYALURONATE,humectant
ZINC HYDROLYZED HYALURONATE,skin-conditioning
PEDIOCOCCUS FERMENT FILTRATE,skin-conditioning
TRIPEPTIDE-35,skin-conditioning
PEG-115M,binding
PEG-115M,emulsion-stabilising
PEG-115M,viscosity-controlling
GRATELOUPIA LIVIDA POWDER,viscosity-controlling
LACTOBACILLUS/PUERARIA LOBATA ROOT EXTRACT FERMENT FILTRATE,skin-conditioning
NONAPEPTIDE-29 PENTAPEPTIDE-4,emollient
NONAPEPTIDE-29 PENTAPEPTIDE-4,skin-conditioning
NONAPEPTIDE-29 PENTAPEPTIDE-4,skin-protecting
OLIVE OIL PROPYLENE GLYCOL ESTERS,emollient
PINUS RIGIDA BARK EXTRACT,skin-conditioning
SAFFLOWER OIL/PALM OIL AMINOPROPANEDIOL ESTERS,skin-conditioning
ETHYL OLIVATE,emollient
ISOSTEAROYL EPOXY RESIN,film-forming
AILANTHUS ALTISSIMA FRUIT EXTRACT,skin-protecting
ALPINIA FORMOSANA LEAF OIL,humectant
ALPINIA FORMOSANA LEAF OIL,skin-conditioning
GOSSYPIUM HERBACEUM SEEDCAKE EXTRACT,skin-conditioning
GOSSYPIUM HERBACEUM SEEDCAKE EXTRACT,uv-absorber
SH-OCTAPEPTIDE-4,antidandruff
SH-OCTAPEPTIDE-4,antioxidant
SH-OCTAPEPTIDE-4,chelating
SH-OCTAPEPTIDE-4,reducing
SH-OCTAPEPTIDE-4,skin-protecting
COPTIS JAPONICA RHIZOME EXTRACT,antimicrobial
COPTIS JAPONICA RHIZOME EXTRACT,skin-conditioning
AMMONIUM ACRYLOYLDIMETHYLTAURATE/CARBOXYETHYL ACRYLATE CROSSPOLYMER,viscosity-controlling
C12-15 ALKYL ETHYLHEXANOATE,emollient
C12-15 ALKYL ETHYLHEXANOATE,skin-conditioning
LUPEOL,skin-conditioning
POLYGLYCERYL-2 DIPOLYHYDROXYSTEARATE,skin-conditioning
AMOMUM AROMATICUM FRUIT EXTRACT,skin-conditioning
CITRUS TANKAN FRUIT WATER,humectant
HEXYLDECYL BENZOATE,emollient
HEXYLDECYL BENZOATE,plasticiser
HEXYLDECYL BENZOATE,solvent
CAFFEINE CARBOXYLOYL SH-DECAPEPTIDE-1,skin-conditioning
MENTHYL PCA,humectant
MENTHYL PCA,skin-conditioning
DIMETHICONOL/STEARYL METHICONE/PHENYL TRIMETHICONE COPOLYMER,skin-conditioning
DIMETHICONOL/STEARYL METHICONE/PHENYL TRIMETHICONE COPOLYMER,stabilising
KAEMPFERIA GALANGA RHIZOME/ROOT EXTRACT,skin-conditioning
MYROTHAMNUS FLABELLIFOLIA LEAF EXTRACT,emollient
CARTHAMUS TINCTORIUS FLOWER WATER,skin-conditioning
PHASEOLUS COCCINEUS SEED EXTRACT,skin-conditioning
CORIANDRUM SATIVUM CALLUS CULTURE CONDITIONED MEDIA,antioxidant
CORIANDRUM SATIVUM CALLUS CULTURE CONDITIONED MEDIA,skin-conditioning
CORIANDRUM SATIVUM CALLUS CULTURE CONDITIONED MEDIA,skin-protecting
BETA-CAROTENE,skin-conditioning
MYRISTAMIDOBUTYL GUANIDINE ACETATE,antistatic
MYRISTAMIDOBUTYL GUANIDINE ACETATE,skin-conditioning
MYRISTAMIDOBUTYL GUANIDINE ACETATE,surfactant
THERMUS THERMOPHILUS PUTATIVE ESTERASE,skin-conditioning
BRASSICA ALBA SPROUT EXTRACT,skin-conditioning
ASPERGILLUS/HIPPOPHAE RHAMNOIDES SEED FERMENT FILTRATE,antioxidant
ASPERGILLUS/HIPPOPHAE RHAMNOIDES SEED FERMENT FILTRATE,humectant
ASPERGILLUS/HIPPOPHAE RHAMNOIDES SEED FERMENT FILTRATE,skin-conditioning
ERYTHRODIOL,antioxidant
ERYTHRODIOL,skin-conditioning
ACRYLATES/BEHENETH-25 METHACRYLATE/STEARETH-30 METHACRYLATE COPOLYMER,film-forming
SODIUM ACRYLATE/ACROLEIN COPOLYMER,binding
SODIUM ACRYLATE/ACROLEIN COPOLYMER,film-forming
SODIUM ACRYLATE/ACROLEIN COPOLYMER,viscosity-controlling
DIHYDROLANOSTEROL,emulsifying
DIHYDROLANOSTEROL,emulsion-stabilising
DIHYDROLANOSTEROL,skin-conditioning
DIPENTAERYTHRITYL HEXAHYDROXYSTEARATE,emulsifying
DIPENTAERYTHRITYL HEXAHYDROXYSTEARATE,skin-conditioning
DIPENTAERYTHRITYL HEXAHYDROXYSTEARATE,smoothing
DIPENTAERYTHRITYL HEXAHYDROXYSTEARATE,viscosity-controlling
OXIDIZED STARCH ACETATE,skin-conditioning
PAKAU WHITE CLAY,humectant
PAKAU WHITE CLAY,skin-conditioning
SAPINDUS MUKOROSSI PEEL EXTRACT,skin-conditioning
MAGNESIUM GLUCOHEPTONATE,skin-conditioning
SACCHAROMYCES/SOYBEAN EXTRACT FILTRATE FERMENT,antioxidant
SACCHAROMYCES/SOYBEAN EXTRACT FILTRATE FERMENT,skin-protecting
SH-DECAPEPTIDE-1 SH-POLYPEPTIDE-2,skin-conditioning
FRAGARIA CHILOENSIS FRUIT EXTRACT,skin-conditioning
BETA-ALANYL HYDROXYPROLYLDIAMINOBUTYROYL BENZYLAMIDE,skin-conditioning
TRIACONTANYL PVP,film-forming
TRIACONTANYL PVP,humectant
TRIACONTANYL PVP,viscosity-controlling
ORMENIS MULTICAULIS FLOWER CERA,emollient
HYDROGENATED SODIUM CYCLIC LYSOPHOSPHATIDIC ACID,skin-conditioning
HEMA MALEATE,film-forming
CETYL DIMETHYLOCTANOATE,emollient
CETYL DIMETHYLOCTANOATE,skin-conditioning
HYDROXYETHYL ACRYLATE/SODIUM ACRYLOYLDIMETHYL TAURATE COPOLYMER,emulsion-stabilising
HYDROXYETHYL ACRYLATE/SODIUM ACRYLOYLDIMETHYL TAURATE COPOLYMER,viscosity-controlling
METHOXY PEG-22/DODECYL GLYCOL COPOLYMER,emulsion-stabilising
METHOXY PEG-22/DODECYL GLYCOL COPOLYMER,viscosity-controlling
HYPERICUM PERFORATUM FLOWER/LEAF EXTRACT,skin-conditioning
HYDROLYZED BRASSICA NAPUS SEEDCAKE EXTRACT,skin-conditioning
TILIA EUROPAEA FLOWER/LEAF EXTRACT,skin-conditioning
ETHOXYDIGLYCOL ISOSTEARATE,emollient
C9-11 ISOPARAFFIN,solvent
C9-11 ISOPARAFFIN,viscosity-controlling
R-MUSSEL OLIGOPEPTIDE-1,skin-conditioning
SH-NONAPEPTIDE-1,skin-conditioning
KURUMI KAKU EKISU,skin-conditioning
SH-POLYPEPTIDE-41,skin-conditioning
SODIUM PCA METHYLSILANOL,humectant
SODIUM PCA METHYLSILANOL,skin-conditioning
MEDICAGO SATIVA OIL UNSAPONIFIABLES,skin-conditioning
UNDARIA PETERSENIANA EXTRACT,skin-conditioning
OCTYLDODECYL ETHYLHEXANOATE,emollient
EUSTOMA GRANDIFLORUM EXTRACT,antioxidant
EUSTOMA GRANDIFLORUM EXTRACT,skin-conditioning
COLEUS FORSKOHLII FLOWER EXTRACT,skin-conditioning
ARALIA ELATA ROOT EXTRACT,skin-conditioning
OLIGOPEPTIDE-48,skin-conditioning
STEARAMIDE AMP,foam-boosting
STEARAMIDE AMP,viscosity-controlling
ACETYL HEXAPEPTIDE-38,skin-conditioning
KLUYVEROMYCES/LACTOBACILLUS/LACTOCOCCUS/LEUCONOSTOC/SACCHAROMYCES/HYDROLYZED HIBISCUS ESCULENTUS SEED EXTRACT FERMENT FILTRATE,skin-conditioning
OCTAPEPTIDE-21 AMIDE,skin-conditioning
DIISOCETYL ADIPATE,emollient
DIISOCETYL ADIPATE,plasticiser
DIISOCETYL ADIPATE,skin-conditioning
DIISOCETYL ADIPATE,solvent
ASCOPHYLLUM NODOSUM POWDER,skin-conditioning
PUERARIA MONTANA ROOT EXTRACT,skin-conditioning
TILIA CORDATA FLOWER WATER,masking
TILIA CORDATA FLOWER WATER,skin-conditioning
TILIA CORDATA FLOWER WATER,tonic
C12-14 SEC-PARETH-12,emulsifying
C12-14 SEC-PARETH-12,emulsion-stabilising
C12-14 SEC-PARETH-12,surfactant
SACCHAROMYCES/SILICON FERMENT,skin-conditioning
AMMONIUM SHELLACATE,emulsifying
AMMONIUM SHELLACATE,emulsion-stabilising
POLYGLYCERYL-4 SWEET ALMONDATE,emulsifying
POLYGLYCERYL-4 SWEET ALMONDATE,skin-conditioning
DAIDZEIN,skin-conditioning
STEARYL METHACRYLATE/PERFLUOROOCTYLETHYL METHACRYLATE COPOLYMER,film-forming
STEARYL METHACRYLATE/PERFLUOROOCTYLETHYL METHACRYLATE COPOLYMER,viscosity-controlling
HYDROXYPROPYL DIMETHICONE ISOSTEARATE,emollient
TROMETHAMINE ACRYLATES/ACRYLONITROGENS COPOLYMER,film-forming
TROMETHAMINE ACRYLATES/ACRYLONITROGENS COPOLYMER,viscosity-controlling
C18-36 ACID GLYCOL ESTER,emollient
C18-36 ACID GLYCOL ESTER,emulsifying
C18-36 ACID GLYCOL ESTER,skin-conditioning
C18-36 ACID GLYCOL ESTER,surfactant
PRUNUS SERRULATA LEAF CELL EXTRACT,masking
PRUNUS SERRULATA LEAF CELL EXTRACT,skin-conditioning
PALMITOYL HYALURONATE,emollient
RICINOLEOYL EPOXY RESIN,film-forming
BIPHENYL AZEPANYL METHANONE,skin-conditioning
BIPHENYL AZEPANYL METHANONE,skin-protecting
ARGANIA SPINOSA KERNEL EXTRACT,skin-conditioning
MENYANTHES TRIFOLIATA LEAF EXTRACT,skin-conditioning
SCYLLII PELLIS EXTRACT,skin-conditioning
ASCORBYL NICOTINATE,humectant
ASCORBYL NICOTINATE,skin-conditioning
METHYLSULFONYLPIPERIDINYLAMINO DIOXOTHIOMORPHOLINOMETHYL PHENYLINDOLE,antioxidant
METHYLSULFONYLPIPERIDINYLAMINO DIOXOTHIOMORPHOLINOMETHYL PHENYLINDOLE,reducing
METHYLSULFONYLPIPERIDINYLAMINO DIOXOTHIOMORPHOLINOMETHYL PHENYLINDOLE,skin-protecting
VITIS LABRUSCA VINE SAP,humectant
VITIS LABRUSCA VINE SAP,skin-conditioning
BRASSICA OLERACEA CAPITATA (CABBAGE) LEAF WATER,skin-conditioning
SH-POLYPEPTIDE-98 HEXAPEPTIDE-40,humectant
SH-POLYPEPTIDE-98 HEXAPEPTIDE-40,skin-conditioning
POLYMETHACRYLOYL LYSINE,skin-conditioning
PENTAERYTHRITYL TETRABENZOATE,emollient
RESVERATRYL ACETATE,antioxidant
RESVERATRYL ACETATE,emollient
RESVERATRYL ACETATE,skin-conditioning
HYDROXYLATED LECITHIN,emulsifying
HYDROXYLATED LECITHIN,skin-conditioning
HYDROXYLATED LECITHIN,surfactant
LACTOBACILLUS/SOYBEAN EXTRACT FERMENT FILTRATE,skin-conditioning
ETHYL CANOLATE,skin-conditioning
HYDROGENATED TALLOW ACID,cleansing
HYDROGENATED TALLOW ACID,emollient
HYDROGENATED TALLOW ACID,emulsifying
HYDROGENATED TALLOW ACID,opacifying
HYDROGENATED TALLOW ACID,surfactant
POLYGONATUM ODORATUM RHIZOME POWDER,skin-conditioning
TROLOXOYL DECAPEPTIDE-18,skin-conditioning
CEDRUS DEODARA WOOD EXTRACT,skin-conditioning
SODIUM ACRYLOYLDIMETHYLTAURATE/VP CROSSPOLYMER,emulsion-stabilising
CASTANEA CRENATA CUPULE EXTRACT,antioxidant
CASTANEA CRENATA CUPULE EXTRACT,emollient
CASTANEA CRENATA CUPULE EXTRACT,skin-conditioning
CASTANEA CRENATA CUPULE EXTRACT,skin-protecting
BIS-CAPRYLOYLOXYPALMITAMIDO ISOPROPANOL,emollient
BIS-CAPRYLOYLOXYPALMITAMIDO ISOPROPANOL,skin-conditioning
BIS-CAPRYLOYLOXYPALMITAMIDO ISOPROPANOL,skin-protecting
PEG-15 GLYCERYL TRIOLEATE,emollient
PEG-15 GLYCERYL TRIOLEATE,emulsifying
3-ASCORBYL CARBONYL DIPEPTIDE-17,skin-conditioning
SCHINZIOPHYTON RAUTANENII KERNEL OIL,emollient
TETRACARBOXYMETHYL PALMITOYL DIPEPTIDE-12,skin-conditioning
METHOXY PEG-100,humectant
METHOXY PEG-100,solvent
TRIPEPTIDE-62,antioxidant
TRIPEPTIDE-62,antiplaque
TRIPEPTIDE-62,oral-care
TRIPEPTIDE-62,skin-protecting
CENTIPEDA CUNNINGHAMII LEAF/STEM EXTRACT,antioxidant
CENTIPEDA CUNNINGHAMII LEAF/STEM EXTRACT,antiseborrhoeic
CENTIPEDA CUNNINGHAMII LEAF/STEM EXTRACT,skin-protecting
HYDROGEN DIPHENYL DIMETHICONE,binding
HYDROGEN DIPHENYL DIMETHICONE,emulsion-stabilising
HYDROGEN DIPHENYL DIMETHICONE,plasticiser
BIS-HYDROXYLAURYL DIMETHICONE/IPDI COPOLYMER,binding
BIS-HYDROXYLAURYL DIMETHICONE/IPDI COPOLYMER,film-forming
BIS-HYDROXYLAURYL DIMETHICONE/IPDI COPOLYMER,humectant
BIS-HYDROXYLAURYL DIMETHICONE/IPDI COPOLYMER,skin-conditioning
BIS-HYDROXYLAURYL DIMETHICONE/IPDI COPOLYMER,viscosity-controlling
CAPSAICINYL SUCCINOYL TRIPEPTIDE-1,antioxidant
CAPSAICINYL SUCCINOYL TRIPEPTIDE-1,skin-protecting
REHMANNIA GLUTINOSA RHIZOME EXTRACT,skin-conditioning
ACRYLATES/CETETH-20 ITACONATE COPOLYMER,viscosity-controlling
RICE SH-OLIGOPEPTIDE-2,humectant
RICE SH-OLIGOPEPTIDE-2,opacifying
RICE SH-OLIGOPEPTIDE-2,skin-conditioning
STEARYL ERUCAMIDE,opacifying
STEARYL ERUCAMIDE,viscosity-controlling
PALMITOYL HEXAPEPTIDE-52,skin-conditioning
ASPERGILLUS/RICE/SOYMILK FERMENT FILTRATE,skin-conditioning
MACHILUS THUNBERGII SEED OIL,skin-conditioning
BUTYLENE GLYCOL MYRISTATE,emollient
BUTYLENE GLYCOL MYRISTATE,emulsifying
BUTYLENE GLYCOL MYRISTATE,skin-conditioning
BUTYLENE GLYCOL MYRISTATE,surfactant
STEARYL TRIMETHICONE,emollient
STEARYL TRIMETHICONE,skin-conditioning
CNICUS JAPONICUS EXTRACT,skin-conditioning
PROPYLENE GLYCOL DILAURATE,emollient
PROPYLENE GLYCOL DILAURATE,viscosity-controlling
MONASCUS/PAEONIA SUFFRUTICOSA FLOWER/RICE BRAN FERMENT FILTRATE,antiseborrhoeic
MONASCUS/PAEONIA SUFFRUTICOSA FLOWER/RICE BRAN FERMENT FILTRATE,skin-conditioning
C18-38 ALKYL BEESWAX,emollient
C18-38 ALKYL BEESWAX,skin-conditioning
SH-POLYPEPTIDE-6,humectant
SH-POLYPEPTIDE-6,skin-conditioning
10-HYDROXYDECANOIC ACID,skin-conditioning
VACCINIUM MACROCARPON SEEDCAKE POWDER,skin-conditioning
ACACIA CONCINNA FRUIT EXTRACT,skin-conditioning
NARDOSTACHYS CHINENSIS ROOT EXTRACT,skin-conditioning
SH-POLYPEPTIDE-57,skin-protecting
AMMONIUM STYRENE/ACRYLATES/ETHYLHEXYL ACRYLATE/LAURYL ACRYLATE COPOLYMER,film-forming
C1-8 ALKYL TETRAHYDROXYCYCLOHEXANOATE,skin-conditioning
PRUNUS CAMPANULATA/YEDOENSIS FLOWER EXTRACT,skin-conditioning
ISODECYL HYDROXYSTEARATE,emollient
ISODECYL HYDROXYSTEARATE,skin-conditioning
TOCOPHEROL,antioxidant
TOCOPHEROL,masking
TOCOPHEROL,skin-conditioning
HYDROGENATED CASTOR OIL STEARATE,skin-conditioning
HYDROGENATED CASTOR OIL STEARATE,viscosity-controlling
LYSOZYME,skin-conditioning
BACILLUS/MONASCUS/PLUKENETIA VOLUBILIS SEED/RICE BRAN FERMENT FILTRATE,antimicrobial
BACILLUS/MONASCUS/PLUKENETIA VOLUBILIS SEED/RICE BRAN FERMENT FILTRATE,antioxidant
BACILLUS/MONASCUS/PLUKENETIA VOLUBILIS SEED/RICE BRAN FERMENT FILTRATE,skin-protecting
PENTAISOSTEAROYL 3-GLYCERYL ASCORBATE,antioxidant
PENTAISOSTEAROYL 3-GLYCERYL ASCORBATE,humectant
PENTAISOSTEAROYL 3-GLYCERYL ASCORBATE,skin-conditioning
TETRAPEPTIDE-58,skin-conditioning
METSCHNIKOWIA AGAVES EXTRACT,skin-protecting
SILICA CAPRYLYL SILYLATE,viscosity-controlling
ELEUTHEROCOCCUS NODIFLORUS ROOT EXTRACT,emollient
ELEUTHEROCOCCUS NODIFLORUS ROOT EXTRACT,humectant
ELEUTHEROCOCCUS NODIFLORUS ROOT EXTRACT,skin-conditioning
COSCINIUM FENESTRATUM STEM OIL,skin-conditioning
SUCROSE TRIBEHENATE,emollient
SUCROSE TRIBEHENATE,emulsifying
SUCROSE TRIBEHENATE,skin-conditioning
PETROSELINUM CRISPUM MERISTEM CELL,antioxidant
PETROSELINUM CRISPUM MERISTEM CELL,skin-protecting
TENACIBACULUM DISCOLOR FERMENT EXTRACT,humectant
TENACIBACULUM DISCOLOR FERMENT EXTRACT,skin-conditioning
MYRISTOYL TETRAPEPTIDE-8,skin-conditioning
DIHYDROABIETYL BEHENATE,emollient
HYDROLYZED FISH EGG MEMBRANE EXTRACT FILTRATE,skin-conditioning
SODIUM GLYCOGEN OCTENYLSUCCINATE,humectant
SODIUM GLYCOGEN OCTENYLSUCCINATE,skin-conditioning
RH-POLYPEPTIDE-64,skin-conditioning
RH-POLYPEPTIDE-64,skin-protecting
ABIES VEITCHII LEAF EXTRACT,astringent
ABIES VEITCHII LEAF EXTRACT,humectant
GLYCYRRHIZA GLABRA ROOT JUICE,skin-conditioning
CHENOPODIUM PALLIDICAULE SEED EXTRACT,skin-protecting
MACROPIPER EXCELSUM LEAF EXTRACT,skin-conditioning
MACROPIPER EXCELSUM LEAF EXTRACT,skin-protecting
PICHIA ANOMALA EXTRACT,skin-protecting
HEXAPEPTIDE-56,skin-conditioning
KLUYVEROMYCES/LACTOBACILLUS/LACTOCOCCUS/LEUCONOSTOC/SACCHAROMYCES LAC FERMENT,skin-conditioning
HEILMOOR CLAY,skin-conditioning
FUCOXANTHIN,skin-conditioning
OXIDIZED MICROCRYSTALLINE CERA,viscosity-controlling
ARGANIA SPINOSA SEEDCAKE EXTRACT,humectant
EUGENIA EDULIS FRUIT JUICE,skin-conditioning
CAPRYLYL TRIMETHICONE,skin-conditioning
BERBERIS VULGARIS ROOT/FRAGARIA CHILOENSIS FRUIT/LYCIUM CHINENSE FRUIT/MORUS NIGRA FRUIT EXTRACT,skin-protecting
HYDROLYZED FISH CARTILAGE,skin-conditioning
ISOSTEAROYLOXY CAPRYLYLBUTYRAMIDE,emollient
ISOSTEAROYLOXY CAPRYLYLBUTYRAMIDE,skin-conditioning
HYDROGENATED SOY POLYGLYCERIDES,skin-conditioning
HYDROGENATED SOY POLYGLYCERIDES,viscosity-controlling
LEDEBOURIELLA SESELOIDES ROOT EXTRACT,skin-conditioning
DIHEXYL ADIPATE,emollient
DIHEXYL ADIPATE,skin-conditioning
DIHEXYL ADIPATE,solvent
PEG-12 DIMETHICONE/BIS-ISOBUTYL PPG-20 CROSSPOLYMER,film-forming
ERYTHROXYLUM CATUABA EXTRACT,skin-protecting
LITSEA GLUTINOSA LEAF EXTRACT,humectant
LITSEA GLUTINOSA LEAF EXTRACT,skin-conditioning
DISODIUM LAURYL SULFOSUCCINATE,cleansing
DISODIUM LAURYL SULFOSUCCINATE,foam-boosting
DISODIUM LAURYL SULFOSUCCINATE,foaming
DISODIUM LAURYL SULFOSUCCINATE,hydrotrope
DISODIUM LAURYL SULFOSUCCINATE,skin-conditioning
DISODIUM LAURYL SULFOSUCCINATE,surfactant
CITRUS NOBILIS WATER,skin-conditioning
CYNODON DACTYLON POWDER,skin-conditioning
DIMETHICONE/PPG-20 CROSSPOLYMER,emollient
DIMETHICONE/PPG-20 CROSSPOLYMER,viscosity-controlling
PORPHYRIDIUM/ZINC FERMENT,skin-protecting
CARBOXYMETHYL CHITOSAN MYRISTAMIDE,humectant
ETHOXYETHYL CYANOACRYLATE,film-forming
LACTOBACILLUS/ALFALFA LEAF/BRASSICA NAPUS SPROUT/CABBAGE LEAF/PANAX GINSENG BERRY/WHEAT GERM EXTRACT FERMENT FILTRATE,skin-conditioning
METHOXYETHYL ACRYLATE,film-forming
PENTAPEPTIDE-57 DIMER,skin-conditioning
CITRUS AURANTIUM BERGAMIA LEAF CELL EXTRACT,antioxidant
CITRUS AURANTIUM BERGAMIA LEAF CELL EXTRACT,skin-protecting
RHODODENDRON MUCRONULATUM FLOWER EXTRACT,antioxidant
RHODODENDRON MUCRONULATUM FLOWER EXTRACT,astringent
RHODODENDRON MUCRONULATUM FLOWER EXTRACT,emollient
RHODODENDRON MUCRONULATUM FLOWER EXTRACT,skin-conditioning
RHODODENDRON MUCRONULATUM FLOWER EXTRACT,skin-protecting
IRIS GERMANICA ROOT EXTRACT,skin-conditioning
CASSIA ANGUSTIFOLIA SEED POLYSACCHARIDE,skin-conditioning
N-CAPROYL DOPAMINE,antioxidant
N-CAPROYL DOPAMINE,skin-protecting
CUPRESSUS SEMPERVIRENS LEAF/NUT/STEM OIL,emollient
CUPRESSUS SEMPERVIRENS LEAF/NUT/STEM OIL,masking
CUPRESSUS SEMPERVIRENS LEAF/NUT/STEM OIL,skin-conditioning
CNIDIUM MONNIERI SEED POWDER,abrasive
CNIDIUM MONNIERI SEED POWDER,masking
CNIDIUM MONNIERI SEED POWDER,skin-protecting
COCOGLYCERIDES,emollient
COCOGLYCERIDES,emulsifying
COCOGLYCERIDES,skin-conditioning
HEXAPEPTIDE-50,skin-conditioning
CAPSICUM FRUTESCENS FRUIT EXTRACT,skin-conditioning
CARPINUS LAXIFLORA STEM EXTRACT,antimicrobial
CARPINUS LAXIFLORA STEM EXTRACT,antioxidant
CARPINUS LAXIFLORA STEM EXTRACT,astringent
CARPINUS LAXIFLORA STEM EXTRACT,emollient
CITRUS LIMON FLOWER WATER,humectant
CITRUS LIMON FLOWER WATER,skin-conditioning
R-CLOSTRIDIUM HISTOLYTICUM COLLAGENASE H HEXAPEPTIDE-40,skin-conditioning
ESCHERICHIA COLI/GLUCOSE FERMENT FILTRATE,skin-conditioning
COMMIPHORA GILEADENSIS BRANCH/FRUIT/LEAF EXTRACT,antimicrobial
COMMIPHORA GILEADENSIS BRANCH/FRUIT/LEAF EXTRACT,antioxidant
COMMIPHORA GILEADENSIS BRANCH/FRUIT/LEAF EXTRACT,astringent
COMMIPHORA GILEADENSIS BRANCH/FRUIT/LEAF EXTRACT,uv-filter
DIPEPTIDE-41 NICOTINATE,skin-conditioning
DI-PPG-2 MYRETH-10 ADIPATE,emollient
DI-PPG-2 MYRETH-10 ADIPATE,skin-conditioning
DI-PPG-2 MYRETH-10 ADIPATE,surfactant
SH-POLYPEPTIDE-7 SH-OLIGOPEPTIDE-1,skin-protecting
TRIOLEIN PEG-6 ESTERS,emollient
TRIOLEIN PEG-6 ESTERS,emulsifying
TRIOLEIN PEG-6 ESTERS,skin-conditioning
TRIOLEIN PEG-6 ESTERS,surfactant
TROMETHAMINE MAGNESIUM ALUMINUM SILICATE,viscosity-controlling
SH-OLIGOPEPTIDE-81 AMIDE,antimicrobial
SH-OLIGOPEPTIDE-81 AMIDE,antiplaque
SH-OLIGOPEPTIDE-81 AMIDE,antiseborrhoeic
SH-OLIGOPEPTIDE-81 AMIDE,humectant
SH-OLIGOPEPTIDE-81 AMIDE,oral-care
TRIMETHYLPENTANEDIOL/ADIPIC ACID COPOLYMER,skin-conditioning
GLYCYL SH-OLIGOPEPTIDE-4,skin-conditioning
LATHYRUS ODORATUS FLOWER EXTRACT,skin-conditioning
ALLYL METHACRYLATES CROSSPOLYMER,emulsion-stabilising
ALLYL METHACRYLATES CROSSPOLYMER,opacifying
ALLYL METHACRYLATES CROSSPOLYMER,viscosity-controlling
CANDELILLA WAX HYDROCARBONS,film-forming
CANDELILLA WAX HYDROCARBONS,viscosity-controlling
CICHORIUM INTYBUS ROOT OLIGOSACCHARIDES,skin-conditioning
PHASEOLUS RADIATUS SEED POWDER,viscosity-controlling
PROPAGERMANIUM,skin-conditioning
CARPOTROCHE BRASILIENSIS SEED OIL,skin-protecting
AQUAMARINE POWDER,binding
AQUAMARINE POWDER,skin-protecting
STAPHYLOCOCCUS EPIDERMIDIS,skin-conditioning
RIBES RUBRUM CALLUS POWDER,antioxidant
RIBES RUBRUM CALLUS POWDER,skin-protecting
THIOCTOYL DIPEPTIDE-36 AMIDE PEG-2 ETHYLAMINE,antioxidant
THIOCTOYL DIPEPTIDE-36 AMIDE PEG-2 ETHYLAMINE,emollient
THIOCTOYL DIPEPTIDE-36 AMIDE PEG-2 ETHYLAMINE,skin-conditioning
COSTUS SPECIOSUS RHIZOME/ROOT EXTRACT,skin-conditioning
HYDROLYZED MILLET,skin-conditioning
PEG/PPG/POLYBUTYLENE GLYCOL-8/5/3 GLYCERIN,humectant
SODIUM PALMITOYL PROLINE,skin-conditioning
POLYGONATUM OFFICINALE EXTRACT,skin-conditioning
TALLOWAMIDE DEA,antistatic
TALLOWAMIDE DEA,emulsifying
TALLOWAMIDE DEA,emulsion-stabilising
TALLOWAMIDE DEA,foam-boosting
TALLOWAMIDE DEA,surfactant
TALLOWAMIDE DEA,viscosity-controlling
CENTAUREA CYANUS FLOWER WATER,skin-conditioning
GLEDITSIA TRIACANTHOS WOOD EXTRACT,skin-conditioning
CORDYCEPS MILITARIS FERMENT FILTRATE,humectant
CORDYCEPS MILITARIS FERMENT FILTRATE,skin-conditioning
S-MUSSEL OLIGOPEPTIDE-2,emollient
S-MUSSEL OLIGOPEPTIDE-2,humectant
S-MUSSEL OLIGOPEPTIDE-2,skin-conditioning
ACETYLATED HYDROGENATED TALLOW GLYCERIDE,emollient
ACETYLATED HYDROGENATED TALLOW GLYCERIDE,emulsifying
ACETYLATED HYDROGENATED TALLOW GLYCERIDE,skin-conditioning
ASPERGILLUS/LACTOBACILLUS/SACCHAROMYCES/ACTINIDIA ARGUTA FRUIT/AKEBIA QUINATA FRUIT/CORYLUS HETEROPHYLLA FRUIT/DIOSPYROS LOTUS FRUIT/MORUS ALBA FRUIT/PRUNUS DAVIDIANA FRUIT/PYRUS LINDLEJI FRUIT/RUBUS CRATAEGIFOLIUS FRUIT/VITIS AMURENSIS FRUIT FERMENT FILTRATE,skin-conditioning
DITRIMETHYLOLPROPANE TETRAHYDROXYSTEARATE,emollient
DITRIMETHYLOLPROPANE TETRAHYDROXYSTEARATE,skin-conditioning
OZONIZED MACADAMIA SEED OIL,skin-conditioning
VANILLA PLANIFOLIA FRUIT OIL,emollient
VANILLA PLANIFOLIA FRUIT OIL,skin-conditioning
SUNFLOWER SEED OIL PEG-8 ESTERS,emollient
SUNFLOWER SEED OIL PEG-8 ESTERS,emulsifying
SUNFLOWER SEED OIL PEG-8 ESTERS,skin-conditioning
SUNFLOWER SEED OIL PEG-8 ESTERS,surfactant
HYDROLYZED PRUNE SEEDCAKE/MDI COPOLYMER,skin-protecting
OCTYLDODECYL ISOSTEARATE,skin-conditioning
MINOXIDIL SUCCINOYL OLIGOPEPTIDE-143,skin-conditioning
CUPRIC CHLORIDE,skin-conditioning
POPULUS NIGRA BARK/BUD/LEAF/TWIG EXTRACT,skin-conditioning
UNDECYL DIMETHYL OXAZOLINE,skin-conditioning
EMMEISOU EKISU,skin-conditioning
R-(METHIONYL SH-POLYPEPTIDE-31 DECAPEPTIDE-40),skin-conditioning
R-(METHIONYL SH-POLYPEPTIDE-31 DECAPEPTIDE-40),skin-protecting
VERBASCUM DENSIFLORUM ROOT EXTRACT,skin-conditioning
XANTHOCERAS SORBIFOLIUM SEED OIL,antioxidant
XANTHOCERAS SORBIFOLIUM SEED OIL,skin-conditioning
PROPYLENE GLYCOL DIETHYLHEXANOATE,emollient
SORBETH-12 HEXACOCOATE,emollient
SOLANUM LYCOPERSICUM MERISTEM CELL CULTURE CONDITIONED MEDIA,antioxidant
SOLANUM LYCOPERSICUM MERISTEM CELL CULTURE CONDITIONED MEDIA,skin-conditioning
VANILLA TAHITENSIS FRUIT EXTRACT,skin-conditioning
HEXACOSYL GLYCOL,humectant
HEXACOSYL GLYCOL,skin-conditioning
AMOMUM BIFLORUM LEAF EXTRACT,antioxidant
AMOMUM BIFLORUM LEAF EXTRACT,humectant
AMOMUM BIFLORUM LEAF EXTRACT,skin-conditioning
ORCHIS MACULATA FLOWER EXTRACT,skin-conditioning
ALBATRELLUS CONFLUENS EXTRACT,humectant
ALBATRELLUS CONFLUENS EXTRACT,skin-conditioning
DIHYDROXYETHYL LAURAMINE OXIDE,antistatic
DIHYDROXYETHYL LAURAMINE OXIDE,cleansing
DIHYDROXYETHYL LAURAMINE OXIDE,emulsion-stabilising
DIHYDROXYETHYL LAURAMINE OXIDE,foam-boosting
DIHYDROXYETHYL LAURAMINE OXIDE,hydrotrope
DIHYDROXYETHYL LAURAMINE OXIDE,surfactant
ACRYLATES/ACETOACETOXYETHYL METHACRYLATE COPOLYMER,film-forming
HYDROLYZED MONASCUS/RICE FERMENT FILTRATE,skin-conditioning
TRIPEPTIDE-46 HEXAPEPTIDE-40 DECAPEPTIDE-27 METHIONYL OLIGOPEPTIDE-91 DIPEPTIDE-19 SH-POLYPEPTIDE-2,skin-conditioning
ECLIPTA PROSTRATA STEM EXTRACT,skin-conditioning
PEG-200 HYDROGENATED CASTOR OIL/IPDI COPOLYMER,skin-conditioning
SYZYGIUM LUEHMANNII SEED OIL,antioxidant
SYZYGIUM LUEHMANNII SEED OIL,emollient
SYZYGIUM LUEHMANNII SEED OIL,humectant
SYZYGIUM LUEHMANNII SEED OIL,skin-conditioning
SYZYGIUM LUEHMANNII SEED OIL,skin-protecting
LIMNOPHILA CHINENSIS LEAF EXTRACT,skin-conditioning
CODONOPSIS PILOSULA ROOT POWDER,abrasive
CODONOPSIS PILOSULA ROOT POWDER,masking
CODONOPSIS PILOSULA ROOT POWDER,skin-protecting
GINKGO BILOBA LEAF POWDER,skin-conditioning
ACER NIKOENSE BRANCH/STEM EXTRACT,skin-conditioning
CALANTHE DISCOLOR EXTRACT,skin-conditioning
PEG/PPG-35/40 DIMETHYL ETHER,skin-conditioning
STYRENE/MA COPOLYMER,binding
STYRENE/MA COPOLYMER,emulsion-stabilising
STYRENE/MA COPOLYMER,film-forming
RUMEX CRISPUS FLOWER/LEAF/STEM EXTRACT,skin-conditioning
METHYL GLUCOSE CAPRYLATE/CAPRATE,skin-conditioning
ASTROCARYUM TUCUMA SEED OIL,skin-protecting
POLYVINYL STEARYL ETHER,film-forming
POLYVINYL STEARYL ETHER,skin-conditioning
MORUS NIGRA ROOT EXTRACT,skin-conditioning
TETRAPEPTIDE-3,skin-conditioning
HYLOCEREUS COSTARICENSIS FRUIT EXTRACT,skin-conditioning
T-BUTYLPHENYL ETHYL GLYCERYL DIETHER,antioxidant
T-BUTYLPHENYL ETHYL GLYCERYL DIETHER,humectant
PUERARIA TUBEROSA LEAF CELL EXTRACT,antioxidant
PUERARIA TUBEROSA LEAF CELL EXTRACT,skin-protecting
KOJYL CARBOXY SH-NONAPEPTIDE-2,antioxidant
KOJYL CARBOXY SH-NONAPEPTIDE-2,chelating
KOJYL CARBOXY SH-NONAPEPTIDE-2,skin-protecting
PALMITOYL CARNOSINE,emollient
ISOPROPYL STEARATE,binding
ISOPROPYL STEARATE,emollient
ISOPROPYL STEARATE,skin-conditioning
TROLOXOYL OLIGOPEPTIDE-143,skin-conditioning
CARYA ILLINOINENSIS SEED OIL,skin-conditioning
TRIPEPTIDE-69,humectant
TRIPEPTIDE-69,skin-conditioning
QUERCETIN CAPRYLATE,antioxidant
QUERCETIN CAPRYLATE,skin-conditioning
ARBUTUS UNEDO FRUIT EXTRACT,antioxidant
ARBUTUS UNEDO FRUIT EXTRACT,skin-conditioning
CORYNANTHE YOHIMBE BARK EXTRACT,humectant
CORYNANTHE YOHIMBE BARK EXTRACT,skin-conditioning
ASTER SPATHULIFOLIUS LEAF/STEM OIL,emollient
ASTER SPATHULIFOLIUS LEAF/STEM OIL,skin-conditioning
BIS-ISOPROPYLACETOMETHYL BENZATHINE,antioxidant
BIS-ISOPROPYLACETOMETHYL BENZATHINE,skin-conditioning
DISODIUM COCO-SULFOSUCCINATE,cleansing
DISODIUM COCO-SULFOSUCCINATE,emollient
DISODIUM COCO-SULFOSUCCINATE,hydrotrope
SACCHAROMYCES/LEUCONOSTOC/APPLE FRUIT/CARROT ROOT/RADISH ROOT/CABBAGE LEAF/CELERY LEAF/CUCUMBER FRUIT/BANANA FRUIT/ONION BULB/ARCTIUM LAPPA ROOT/SPINACH LEAF/ ORANGE PEEL/TOMATO FRUIT/PHASEOLUS RADIATUS SPROUT/PUMPKIN FRUIT EXTRACT FERMENT FILTRATE,humectant
SACCHAROMYCES/LEUCONOSTOC/APPLE FRUIT/CARROT ROOT/RADISH ROOT/CABBAGE LEAF/CELERY LEAF/CUCUMBER FRUIT/BANANA FRUIT/ONION BULB/ARCTIUM LAPPA ROOT/SPINACH LEAF/ ORANGE PEEL/TOMATO FRUIT/PHASEOLUS RADIATUS SPROUT/PUMPKIN FRUIT EXTRACT FERMENT FILTRATE,skin-conditioning
POLYQUATERNIUM-43,antistatic
POLYQUATERNIUM-43,film-forming
HYDROLYZED LAGENARIA SICERARIA FRUIT JUICE,skin-conditioning
SPARASSIS CRISPA MYCELIUM/USNEA LONGISSIMA FERMENT EXTRACT FILTRATE,skin-conditioning
SENECIO VULGARIS EXTRACT,skin-conditioning
OENOTHERA BIENNIS OIL,emollient
TEA-CARBOMER,gel-forming
TEA-CARBOMER,viscosity-controlling
C12-18 ACID TRIGLYCERIDE,emollient
C12-18 ACID TRIGLYCERIDE,emulsifying
C12-18 ACID TRIGLYCERIDE,skin-conditioning
C12-18 ACID TRIGLYCERIDE,solvent
C12-18 ACID TRIGLYCERIDE,viscosity-controlling
PRUNUS ARMENIACA KERNEL WAX,skin-conditioning
NARINGIN,skin-protecting
PALMAMIDE MIPA,emulsifying
PALMAMIDE MIPA,emulsion-stabilising
PALMAMIDE MIPA,foam-boosting
PALMAMIDE MIPA,surfactant
PALMAMIDE MIPA,viscosity-controlling
STELLERA CHAMAEJASME FLOWER/LEAF/STEM EXTRACT,humectant
STELLERA CHAMAEJASME FLOWER/LEAF/STEM EXTRACT,skin-conditioning
ARTEMISIA TRIDENTATA LEAF/STEM OIL,skin-conditioning
PHYLLOSTACHYS HETEROCYCLA STEM EXTRACT,skin-conditioning
PHYLLOSTACHYS AUREOSULCATA LEAF EXTRACT,emollient
PHYLLOSTACHYS AUREOSULCATA LEAF EXTRACT,skin-conditioning
ECKLONIA MAXIMA POWDER,skin-conditioning
PINUS DENSIFLORA BRANCH/LEAF EXTRACT,humectant
PINUS DENSIFLORA BRANCH/LEAF EXTRACT,skin-conditioning
HYDROGENATED RETINOL,skin-conditioning
BACILLUS/TAGETES PATULA FLOWER/SOYBEAN FERMENT FILTRATE,antioxidant
BACILLUS/TAGETES PATULA FLOWER/SOYBEAN FERMENT FILTRATE,antiseborrhoeic
BACILLUS/TAGETES PATULA FLOWER/SOYBEAN FERMENT FILTRATE,skin-protecting
SCHIZOPHYLLUM COMMUNE MYCELIUM/RICE FERMENT EXTRACT FILTRATE,antioxidant
SCHIZOPHYLLUM COMMUNE MYCELIUM/RICE FERMENT EXTRACT FILTRATE,humectant
SCHIZOPHYLLUM COMMUNE MYCELIUM/RICE FERMENT EXTRACT FILTRATE,skin-conditioning
VITIS VINIFERA FRUIT CELL EXTRACT,skin-conditioning
SKELETONEMA COSTATUM EXTRACT,skin-conditioning
LACTOBACILLUS/DANDELION LEAF/ROOT EXTRACT FERMENT FILTRATE,antioxidant
LACTOBACILLUS/DANDELION LEAF/ROOT EXTRACT FERMENT FILTRATE,skin-conditioning
NYLON-12/6/66 COPOLYMER,film-forming
DENDROBIUM CATENATUM LEAF/STEM EXTRACT,skin-conditioning
DENDROBIUM CATENATUM LEAF/STEM EXTRACT,skin-protecting
CIMICIFUGA ACERINA EXTRACT,skin-conditioning
AILANTHUS ALTISSIMA BARK/ROOT EXTRACT,antioxidant
AILANTHUS ALTISSIMA BARK/ROOT EXTRACT,emollient
AILANTHUS ALTISSIMA BARK/ROOT EXTRACT,humectant
AILANTHUS ALTISSIMA BARK/ROOT EXTRACT,skin-conditioning
GREYIA RADLKOFERI LEAF EXTRACT,skin-conditioning
LACTOBACILLUS/HONEY/MATRICARIA CHAMOMILLA FLOWER FERMENT FILTRATE,humectant
LACTOBACILLUS/HONEY/MATRICARIA CHAMOMILLA FLOWER FERMENT FILTRATE,skin-conditioning
VINCETOXICUM ATRATUM EXTRACT,skin-conditioning
CHRYSANTHEMUM PARTHENIUM FLOWER POWDER,skin-conditioning
LINDERA UMBELLATA LEAF/TWIG OIL,antimicrobial
LINDERA UMBELLATA LEAF/TWIG OIL,emollient
LINDERA UMBELLATA LEAF/TWIG OIL,masking
LINDERA UMBELLATA LEAF/TWIG OIL,skin-conditioning
SODIUM BISCHLOROPHENYL SULFAMINE,skin-conditioning
SODIUM BISCHLOROPHENYL SULFAMINE,viscosity-controlling
PIPERONYL GLUCOSIDE,skin-protecting
ISOAMYL MEADOWFOAMATE,emollient
ISOAMYL MEADOWFOAMATE,skin-conditioning
OLIGOPEPTIDE-91,skin-conditioning
LYCIUM CHINENSE STEM EXTRACT,skin-conditioning
ISOPROPYL LAUROYL SARCOSINATE,skin-conditioning
SEDUM KAMTSCHATICUM CALLUS CULTURE EXTRACT,antioxidant
SEDUM KAMTSCHATICUM CALLUS CULTURE EXTRACT,skin-conditioning
ARCTOSTAPHYLOS VISCIDA LEAF EXTRACT,humectant
ARCTOSTAPHYLOS VISCIDA LEAF EXTRACT,skin-conditioning
FURCELLARIA LUMBRICALIS EXTRACT,skin-conditioning
PRUNUS AMYGDALUS DULCIS FRUIT WATER,skin-conditioning
CERATOSTIGMA WILLMOTTIANUM FLOWER EXTRACT,skin-conditioning
SIRAITIA GROSVENORII FRUIT EXTRACT,skin-conditioning
POLY(DIMER HEMPSEED OIL),film-forming
POLY(DIMER HEMPSEED OIL),skin-conditioning
POLY(DIMER HEMPSEED OIL),viscosity-controlling
ENTEROCOCCUS FAECIUM,antiplaque
ENTEROCOCCUS FAECIUM,skin-conditioning
TRIPOTASSIUM URSOLYL PHOSPHATE,emollient
RHUS VERNICIFLUA PEEL CERA,emollient
RHUS VERNICIFLUA PEEL CERA,stabilising
PSEUDOWINTERA COLORATA FLOWER/LEAF EXTRACT,skin-conditioning
PPG-4 LAURETH-5,emulsion-stabilising
PPG-4 LAURETH-5,skin-conditioning
PPG-4 LAURETH-5,surfactant
PRIMULA VERIS SEED OIL,skin-conditioning
THELYPTERIS INTERRUPTA LEAF EXTRACT,humectant
THELYPTERIS INTERRUPTA LEAF EXTRACT,skin-conditioning
ZANTHOXYLUM PIPERITUM BRANCH/LEAF EXTRACT,skin-conditioning
CAFFEOYL METHOXYTRYPTAMINE,skin-conditioning
MYRISTYL METHICONE,emollient
AESCULUS HIPPOCASTANUM FLOWER EXTRACT,skin-conditioning
FORSYTHIA KOREANA BRANCH/LEAF EXTRACT,skin-conditioning
PHYMATOLITHON CALCAREUM EXTRACT,skin-conditioning
SACCHAROMYCES/LAMINARIA SACCHARINA FERMENT,skin-conditioning
SOLANUM INDICUM ROOT POWDER,skin-conditioning
CYATHUSAL C,antioxidant
CYATHUSAL C,skin-conditioning
PINUS PINEA KERNEL OIL,skin-conditioning
TRIMETHYLCYCLOHEXYL BUTYLCARBAMATE,skin-conditioning
HOUTTUYNIA CORDATA POWDER,skin-conditioning
MENTHA VIRIDIS LEAF,skin-conditioning
POLYGONUM MULTIFLORUM SPROUT EXTRACT,skin-conditioning
VIGNA ANGULARIS SEED EXTRACT,skin-protecting
ERIODICTYON CRASSIFOLIUM LEAF EXTRACT,skin-conditioning
LAMINARIA JAPONICA POWDER,skin-conditioning
HYDRATED SILICA,abrasive
HYDRATED SILICA,absorbent
HYDRATED SILICA,anticaking
HYDRATED SILICA,bulking
HYDRATED SILICA,opacifying
HYDRATED SILICA,viscosity-controlling
LACTOBACILLUS/BRASSICA NIGRA SEED FERMENT EXTRACT,skin-conditioning
GLYCOL,humectant
GLYCOL,solvent
GLYCOL,viscosity-controlling
GLUCOSE,humectant
CAMELLIA JAPONICA ALBIPETALA LEAF EXTRACT,skin-conditioning
CALAMINTHA OFFICINALIS FLOWER/LEAF/STEM EXTRACT,skin-conditioning
HYDROXYPROPYLTRISILOXYL IPDI/PEG-23 COPOLYMER,binding
HYDROXYPROPYLTRISILOXYL IPDI/PEG-23 COPOLYMER,cleansing
HYDROXYPROPYLTRISILOXYL IPDI/PEG-23 COPOLYMER,skin-conditioning
ULEX EUROPAEUS FLOWER EXTRACT,skin-conditioning
ORIGANUM MAJORANA LEAF WATER,skin-conditioning
VITIS FICIFOLIA LEAF EXTRACT,humectant
NUPHAR LUTEUM LEAF,skin-conditioning
AVOCADO OIL PROPYLENE GLYCOL ESTERS,emollient
AVOCADO OIL PROPYLENE GLYCOL ESTERS,emulsifying
AVOCADO OIL PROPYLENE GLYCOL ESTERS,skin-conditioning
AVOCADO OIL PROPYLENE GLYCOL ESTERS,surfactant
ABRUS PRECATORIUS MERISTEM CELL CULTURE EXTRACT,skin-conditioning
LYSINE CARBOXYMETHYL CYSTEINATE,skin-conditioning
ALUMINUM DICETYL PHOSPHATE,emulsion-stabilising
VITEX ROTUNDIFOLIA FRUIT OIL,humectant
VITEX ROTUNDIFOLIA FRUIT OIL,skin-conditioning
VITEX ROTUNDIFOLIA FRUIT OIL,skin-protecting
BEHENYL DIMETHICONE,skin-conditioning
HYLOCEREUS COSTARICENSIS FRUIT JUICE,skin-conditioning
RUBUS IDAEUS SEED OIL,emollient
SHIKIMOYL SH-PENTAPEPTIDE-5,skin-protecting
BIS-ARACHIDYL PEG-400/SMDI COPOLYMER,viscosity-controlling
PRUNUS SARGENTII FRUIT EXTRACT,antioxidant
PRUNUS SARGENTII FRUIT EXTRACT,skin-conditioning
WATANABEA RENIFORMIS OIL,skin-conditioning
POLYSTYRENE,film-forming
POLYVINYL CHLORIDE,film-forming
XANTHIUM SIBIRICUM FRUIT EXTRACT,skin-conditioning
PPG-2 LAURYL ETHER MALEAMIDE,foam-boosting
PPG-2 LAURYL ETHER MALEAMIDE,surfactant
PPG-2 LAURYL ETHER MALEAMIDE,viscosity-controlling
MYRISTOYL PENTAPEPTIDE-14,skin-conditioning
PEG-18 PALM GLYCERIDES,emollient
PEG-18 PALM GLYCERIDES,emulsifying
LYSOPHOSPHATIDYLGLYCEROL,emulsifying
LYSOPHOSPHATIDYLGLYCEROL,humectant
PPG-2 ARGININE,humectant
PPG-2 ARGININE,skin-conditioning
MICHELIA ALBA FLOWER EXTRACT,skin-conditioning
POLY(DIMER GRAPESEED OIL),film-forming
POLY(DIMER GRAPESEED OIL),skin-conditioning
POLY(DIMER GRAPESEED OIL),skin-protecting
POLY(DIMER GRAPESEED OIL),viscosity-controlling
KOJYL CARBOXY DIPEPTIDE-23,antioxidant
KOJYL CARBOXY DIPEPTIDE-23,chelating
KOJYL CARBOXY DIPEPTIDE-23,skin-protecting
PEG/PPG-18/12 DIMETHICONE,emollient
TETRASODIUM ETIDRONATE,chelating
TETRASODIUM ETIDRONATE,emulsion-stabilising
TETRASODIUM ETIDRONATE,viscosity-controlling
R-SALMON OLIGOPEPTIDE-1 SH-OLIGOPEPTIDE-1,antioxidant
R-SALMON OLIGOPEPTIDE-1 SH-OLIGOPEPTIDE-1,skin-protecting
PEG-75 LANOLIN,emollient
PEG-75 LANOLIN,emulsifying
PEG-75 LANOLIN,surfactant
PHYTOSTEROLS,skin-conditioning
MIRABILIS JALAPA CALLUS POWDER,skin-conditioning
LITSEA JAPONICA BRANCH/LEAF EXTRACT,emollient
LITSEA JAPONICA BRANCH/LEAF EXTRACT,skin-conditioning
SACCHAROMYCES/MAGNESIUM/POTASSIUM/SODIUM/SULFUR/ZINC FERMENT LYSATE FILTRATE,skin-conditioning
AMMONIUM ACRYLOYLDIMETHYLTAURATE/BEHENETH-25 METHACRYLATE CROSSPOLYMER,emulsion-stabilising
DECYLTETRADECETH-200 BEHENATE,viscosity-controlling
WHEY,skin-conditioning
DIOSGENIN ARGININATE,skin-conditioning
DIOSGENIN ARGININATE,skin-protecting
PENTAPEPTIDE-56 DIMER,skin-conditioning
POLYQUATERNIUM-1,film-forming
HYDROXYBUTYL METHYLCELLULOSE,binding
HYDROXYBUTYL METHYLCELLULOSE,emulsion-stabilising
HYDROXYBUTYL METHYLCELLULOSE,film-forming
HYDROXYBUTYL METHYLCELLULOSE,stabilising
HYDROXYBUTYL METHYLCELLULOSE,viscosity-controlling
ISOSTEARYL STEAROYL STEARATE,emollient
ISOSTEARYL STEAROYL STEARATE,skin-conditioning
ISOSTEARYL STEAROYL STEARATE,viscosity-controlling
RHODIOLA ROSEA CALLUS EXTRACT,skin-protecting
NORBORNENE/TRIS(TRIMETHYLSILOXY)SILYLNORBORNENE COPOLYMER,film-forming
NORBORNENE/TRIS(TRIMETHYLSILOXY)SILYLNORBORNENE COPOLYMER,viscosity-controlling
(ANGELICA GIGAS/GLYCYRRHIZA URALENSIS/REHMANNIA GLUTINOSA ROOT)/ANGELICA GIGAS STEM/CARTHAMUS TINCTORIUS FLOWER/(CARTHAMUS TINCTORIUS/PRUNUS PERSICA SEED)PORIA COCOS WATER,humectant
(ANGELICA GIGAS/GLYCYRRHIZA URALENSIS/REHMANNIA GLUTINOSA ROOT)/ANGELICA GIGAS STEM/CARTHAMUS TINCTORIUS FLOWER/(CARTHAMUS TINCTORIUS/PRUNUS PERSICA SEED)PORIA COCOS WATER,skin-conditioning
(ANGELICA GIGAS/GLYCYRRHIZA URALENSIS/REHMANNIA GLUTINOSA ROOT)/ANGELICA GIGAS STEM/CARTHAMUS TINCTORIUS FLOWER/(CARTHAMUS TINCTORIUS/PRUNUS PERSICA SEED)PORIA COCOS WATER,skin-protecting
CAPRYLIC/CAPRIC/SUCCINIC TRIGLYCERIDE,emollient
CAPRYLIC/CAPRIC/SUCCINIC TRIGLYCERIDE,emulsifying
CAPRYLIC/CAPRIC/SUCCINIC TRIGLYCERIDE,skin-conditioning
DIMETHICONE/POLYGLYCERIN-3 CROSSPOLYMER,cleansing
DIMETHICONE/POLYGLYCERIN-3 CROSSPOLYMER,emulsifying
DIMETHICONE/POLYGLYCERIN-3 CROSSPOLYMER,skin-conditioning
DIMETHICONE/POLYGLYCERIN-3 CROSSPOLYMER,surfactant
DIMETHICONE/POLYGLYCERIN-3 CROSSPOLYMER,viscosity-controlling
NYMPHAEA LOTUS LEAF CELL CULTURE POWDER,skin-conditioning
HYDROXYPHENYL DIHYDROXYBENZAMIDE,antioxidant
HYDROXYPHENYL DIHYDROXYBENZAMIDE,skin-protecting
HYDROLYZED POLYGONUM TATARICUM BUD/SEED EXTRACT,skin-conditioning
ARTEMISIA DRACUNCULUS ROOT EXTRACT,skin-conditioning
EPILOBIUM ROSEUM EXTRACT,skin-conditioning
THEANINE,emollient
THEANINE,humectant
THEANINE,skin-conditioning
CITRUS AURANTIUM AMARA FLOWER WATER,masking
CITRUS AURANTIUM AMARA FLOWER WATER,skin-conditioning
CITRUS AURANTIUM AMARA FLOWER WATER,tonic
HYDROLYZED CICER SEED EXTRACT,skin-protecting
POLYSIPHONIA ELONGATA EXTRACT,humectant
POLYSIPHONIA ELONGATA EXTRACT,skin-conditioning
LACTOBACILLUS/CAPSICUM ANNUUM FRUIT FERMENT FILTRATE,antioxidant
LACTOBACILLUS/CAPSICUM ANNUUM FRUIT FERMENT FILTRATE,humectant
LACTOBACILLUS/CAPSICUM ANNUUM FRUIT FERMENT FILTRATE,skin-conditioning
OLIGOPEPTIDE-151,skin-conditioning
RHODOSORUS MARINUS EXTRACT,antioxidant
RHODOSORUS MARINUS EXTRACT,emollient
RHODOSORUS MARINUS EXTRACT,skin-conditioning
OLEA EUROPAEA FLOWER EXTRACT,skin-conditioning
DAUCUS CAROTA SATIVA ROOT PROTOPLASTS,emollient
DAUCUS CAROTA SATIVA ROOT PROTOPLASTS,humectant
DAUCUS CAROTA SATIVA ROOT PROTOPLASTS,skin-conditioning
LINUM USITATISSIMUM FLOWER EXTRACT,skin-conditioning
DIMETHICONOL MEADOWFOAMATE,emollient
DIMETHICONOL MEADOWFOAMATE,skin-conditioning
ETHYLARGININOATE ACETAMIDOMETHIONAMIDE,skin-protecting
AGROCYBE CYLINDRACEA FERMENT FILTRATE,antioxidant
AGROCYBE CYLINDRACEA FERMENT FILTRATE,skin-conditioning
ORNITHINE,skin-conditioning
STYRENE/DVB CROSSPOLYMER,film-forming
STYRENE/DVB CROSSPOLYMER,opacifying
DIHYDROCHOLESTEROL,emollient
DIHYDROCHOLESTEROL,skin-conditioning
POLYGLYCERYL-20 PENTACAPRYLATE/CAPRATE,cleansing
POLYGLYCERYL-20 PENTACAPRYLATE/CAPRATE,emollient
POLYGLYCERYL-20 PENTACAPRYLATE/CAPRATE,emulsifying
POLYGLYCERYL-20 PENTACAPRYLATE/CAPRATE,skin-conditioning
POLYGLYCERYL-20 PENTACAPRYLATE/CAPRATE,surfactant
HYPERICUM PERFORATUM LEAF EXTRACT,skin-conditioning
TETRAPEPTIDE-45,skin-conditioning
PROSOPIS VELUTINA SEED EXTRACT,skin-conditioning
GLYCIDOXYPROPYL POLYSILSESQUIOXANE,emollient
GLYCIDOXYPROPYL POLYSILSESQUIOXANE,film-forming
GLYCIDOXYPROPYL POLYSILSESQUIOXANE,skin-conditioning
SCUTELLARIA ALPINA FLOWER/LEAF/STEM EXTRACT,skin-conditioning
NYCTANTHES ARBOR-TRISTIS SEED EXTRACT,humectant
DIMETHYL SULFONE,solvent
DIMETHYL SULFONE,viscosity-controlling
TROPAEOLUM MAJUS SEED EXTRACT,skin-conditioning
GINKGO BILOBA ROOT EXTRACT,skin-conditioning
HEXETH-4 CARBOXYLIC ACID,emollient
HEXETH-4 CARBOXYLIC ACID,humectant
HEXETH-4 CARBOXYLIC ACID,surfactant
GANODERMA LUCIDUM/PLATYCODON GRANDIFLORUS ROOT FERMENT EXTRACT FILTRATE,emollient
GANODERMA LUCIDUM/PLATYCODON GRANDIFLORUS ROOT FERMENT EXTRACT FILTRATE,humectant
GANODERMA LUCIDUM/PLATYCODON GRANDIFLORUS ROOT FERMENT EXTRACT FILTRATE,skin-conditioning
ISOPROPYL THIOXANTHONE,skin-conditioning
PEG-4 DICOCOATE,emollient
PEG-4 DICOCOATE,emulsifying
LAUDANOSINE,skin-conditioning
HYDROGENATED SWEET ALMOND OIL,skin-conditioning
HYDROGENATED SWEET ALMOND OIL,viscosity-controlling
WELAN GUM,binding
WELAN GUM,emulsion-stabilising
WELAN GUM,film-forming
WELAN GUM,viscosity-controlling
ISOPHORONE DIISOCYANATE,film-forming
PALMITOYL HEXAPEPTIDE-27 ACETATE,humectant
ROSA BORBONIANA FLOWER EXTRACT,skin-conditioning
HYDROLYZED HORSE PLACENTA EXTRACT,skin-protecting
CAPRYLIC/CAPRIC/LINOLEIC TRIGLYCERIDE,emollient
CAPRYLIC/CAPRIC/LINOLEIC TRIGLYCERIDE,skin-conditioning
JASMINUM OFFICINALE FLOWER CERA,emollient
JASMINUM OFFICINALE FLOWER CERA,skin-conditioning
PEG-45/DODECYL GLYCOL COPOLYMER,emulsion-stabilising
ZIZIPHUS SATIVA EXTRACT,skin-conditioning
C12-13 ALKYL ETHYLHEXANOATE,emollient
C12-13 ALKYL ETHYLHEXANOATE,skin-conditioning
SORBITAN SESQUICAPRYLATE,skin-conditioning
SORBITAN SESQUICAPRYLATE,surfactant
SORBITAN SESQUICAPRYLATE,viscosity-controlling
PASSIFLORA INCARNATA SEED POWDER,abrasive
PASSIFLORA INCARNATA SEED POWDER,skin-conditioning
SACCHAROMYCES/ARTEMISIA PRINCEPS LEAF FERMENT FILTRATE,skin-conditioning
TRIMETHYLSILYL TRIMETHYLSILOXY SALICYLATE,skin-conditioning
VA/BUTYL MALEATE/ISOBORNYL ACRYLATE COPOLYMER,film-forming
POLYVINYLIDENE DIFLUORIDE,binding
POLYVINYLIDENE DIFLUORIDE,skin-conditioning
PRUNUS TRILOBA FRUIT WATER,emollient
PRUNUS TRILOBA FRUIT WATER,skin-conditioning
ENDOMYCES/APRICOT FERMENT FILTRATE,skin-conditioning
HYDROLYZED FURCELLARAN,skin-protecting
SODIUM LINOLEATE,cleansing
SODIUM LINOLEATE,emulsifying
SODIUM LINOLEATE,surfactant
SODIUM LINOLEATE,viscosity-controlling
HYDROXYMETHOXYPHENYL PROPYLMETHYLMETHOXYBENZOFURAN,skin-conditioning
AMINOPROPYL CALCIUM/MAGNESIUM POLYSILSESQUIOXANE CHLORIDE,humectant
AMINOPROPYL CALCIUM/MAGNESIUM POLYSILSESQUIOXANE CHLORIDE,skin-conditioning
SH-POLYPEPTIDE-95,skin-conditioning
POLYGLYCERIN-3,humectant
LACTOBACILLUS/ERIODICTYON CALIFORNICUM FERMENT FILTRATE,skin-conditioning
ACACIA DEALBATA FLOWER CERA,emollient
ACACIA DEALBATA FLOWER CERA,skin-conditioning
AESCULUS HIPPOCASTANUM BUD EXTRACT,skin-conditioning
HEXANETRIOL BEESWAX,humectant
HEXANETRIOL BEESWAX,viscosity-controlling
DIMETHICONE/BIS-VINYLDIMETHICONE/SILSESQUIOXANE CROSSPOLYMER,skin-conditioning
NYMPHAEA CAERULEA FLOWER EXTRACT,skin-conditioning
HYDROLYZED MALT EXTRACT,skin-conditioning
C4-24 ALKYL DIMETHICONE/DIVINYLDIMETHICONE CROSSPOLYMER,film-forming
C4-24 ALKYL DIMETHICONE/DIVINYLDIMETHICONE CROSSPOLYMER,skin-conditioning
C4-24 ALKYL DIMETHICONE/DIVINYLDIMETHICONE CROSSPOLYMER,viscosity-controlling
COIX LACRYMA-JOBI SEED WATER,skin-conditioning
DI-PPG-3 MYRISTYL ETHER ADIPATE,emollient
DI-PPG-3 MYRISTYL ETHER ADIPATE,film-forming
DI-PPG-3 MYRISTYL ETHER ADIPATE,skin-conditioning
DI-PPG-3 MYRISTYL ETHER ADIPATE,solvent
SANTALUM SPICATUM SEED OIL,skin-conditioning
OCTADECENE,solvent
OCTADECENE,viscosity-controlling
MACADAMIA INTEGRIFOLIA/TETRAPHYLLA SEED OIL,emollient
MACADAMIA INTEGRIFOLIA/TETRAPHYLLA SEED OIL,skin-conditioning
PPG-67 GLYCERYL ETHER,skin-conditioning
PPG-67 GLYCERYL ETHER,solvent
DIPHENOLIC ACID,viscosity-controlling
CASSIA OBTUSIFOLIA SEED POWDER,humectant
BIS-HYDROXYETHYL TOCOPHERYLSUCCINOYLAMIDO HYDROXYPROPANE,antioxidant
BIS-HYDROXYETHYL TOCOPHERYLSUCCINOYLAMIDO HYDROXYPROPANE,humectant
BIS-HYDROXYETHYL TOCOPHERYLSUCCINOYLAMIDO HYDROXYPROPANE,skin-conditioning
TITANIUM NITRIDE,skin-conditioning
PEG-2 SUNFLOWER GLYCERIDES,emollient
PEG-2 SUNFLOWER GLYCERIDES,emulsifying
PEG-5 GLYCERYL TRIOLEATE,emollient
PEG-5 GLYCERYL TRIOLEATE,emulsifying
PHYTOSTERYL/OCTYLDODECYL LAUROYL GLUTAMATE,skin-conditioning
RHODODENDRON SCHLIPPENBACHII BRANCH/LEAF EXTRACT,skin-conditioning
MONASCUS/TURMERIC ROOT/RICE BRAN FERMENT,skin-conditioning
MONASCUS/TURMERIC ROOT/RICE BRAN FERMENT,skin-protecting
VICIA SATIVA EXTRACT,skin-conditioning
SOPHORA TETRAPTERA FLOWER,skin-conditioning
ROSA CENTIFOLIA FLOWER JUICE,skin-conditioning
HYPSIZYGUS ULMARIUS MYCELIUM EXTRACT,skin-conditioning
HYDROGENATED TETRADECENYL/METHYLPENTADECENE,plasticiser
HYDROGENATED TETRADECENYL/METHYLPENTADECENE,solvent
HYDROGENATED TETRADECENYL/METHYLPENTADECENE,viscosity-controlling
CAPRAE LAC,skin-conditioning
MERTENSIA MARITIMA EXTRACT,skin-conditioning
PORPHYRA 334,skin-conditioning
PORPHYRA 334,stabilising
POLYQUATERNIUM-44,antistatic
POLYQUATERNIUM-44,film-forming
C22-24 PARETH-33,cleansing
C22-24 PARETH-33,emulsifying
C22-24 PARETH-33,emulsion-stabilising
C22-24 PARETH-33,surfactant
AQUILARIA AGALLOCHA OIL,skin-conditioning
AQUILARIA AGALLOCHA OIL,skin-protecting
ASPERGILLUS/BACILLUS/LACTOBACILLUS/LACTOCOCCUS/SACCHAROMYCES/CARCIA PAPAYA FRUIT/CLADOSIPHON OKAMURANUS/LAMINARIA JAPONICA/RICE BRAN/RICE FERMENT EXTRACT FILTRATE,skin-conditioning
ADEPS SUILLUS,emollient
LACTOBACILLUS/HONEYSUCKLE FLOWER/LICORICE ROOT/MORUS ALBA ROOT/PUERARIA LOBATA ROOT/SCHISANDRA CHINENSIS FRUIT/SCUTELLARIA BAICALENSIS ROOT/SOPHORA JAPONICA FLOWER EXTRACT FERMENT FILTRATE,skin-conditioning
METHIONYL HEXAPEPTIDE-40 SH-DECAPEPTIDE-1 TRIPEPTIDE-44 RH-POLYPEPTIDE-3,skin-conditioning
HYDROLYZED AMARANTH PROTEIN,skin-conditioning
BACILLUS/MONASCUS/PSILOTUM NUDUM LEAF/RICE BRAN FERMENT FILTRATE,antiplaque
BACILLUS/MONASCUS/PSILOTUM NUDUM LEAF/RICE BRAN FERMENT FILTRATE,antiseborrhoeic
BACILLUS/MONASCUS/PSILOTUM NUDUM LEAF/RICE BRAN FERMENT FILTRATE,emollient
BACILLUS/MONASCUS/PSILOTUM NUDUM LEAF/RICE BRAN FERMENT FILTRATE,oral-care
BACILLUS/MONASCUS/PSILOTUM NUDUM LEAF/RICE BRAN FERMENT FILTRATE,skin-protecting
NONAPEPTIDE-32,skin-conditioning
RHIZOPHORA APICULATA LEAF EXTRACT,humectant
SODIUM STANNATE,stabilising
SODIUM STANNATE,viscosity-controlling
PEG-5 TRILAURYL CITRATE,emollient
OLEOYL DIPEPTIDE-15,skin-conditioning
KUNZEA POMIFERA FRUIT POWDER,skin-conditioning
METHYLTRIMETHOXYSILANE,film-forming
EQUISETUM ARVENSE POWDER,humectant
MATRICARIA MARITIMA EXTRACT,antioxidant
MATRICARIA MARITIMA EXTRACT,skin-conditioning
VITIS VINIFERA FLOWER CELL EXTRACT,masking
VITIS VINIFERA FLOWER CELL EXTRACT,skin-protecting
RIBES NIGRUM CALLUS EXTRACT,antioxidant
RIBES NIGRUM CALLUS EXTRACT,skin-conditioning
RIBES NIGRUM CALLUS EXTRACT,skin-protecting
MAGNOLIA KOBUS FLOWER EXTRACT,antioxidant
MAGNOLIA KOBUS FLOWER EXTRACT,emollient
MAGNOLIA KOBUS FLOWER EXTRACT,skin-conditioning
SOYOU EKISU,skin-conditioning
INULA BRITANNICA CALLUS EXTRACT,skin-conditioning
LIGUSTICUM SINENSE ROOT EXTRACT,skin-conditioning
FRAGILARIA PINNATA EXTRACT,antioxidant
FRAGILARIA PINNATA EXTRACT,skin-conditioning
ASPERGILLUS/ASPIDOSPERMA QUEBRACHO FERMENT,skin-conditioning
OLEA EUROPAEA SAP EXTRACT,skin-conditioning
TOSYLAMIDE/FORMALDEHYDE RESIN,film-forming
TOSYLAMIDE/FORMALDEHYDE RESIN,plasticiser
ACER PSEUDOPLATANUS EXTRACT,skin-conditioning
DICAPRYL ADIPATE,emollient
DICAPRYL ADIPATE,film-forming
DICAPRYL ADIPATE,plasticiser
PEG-60 SHEA BUTTER GLYCERIDES,emollient
PEG-60 SHEA BUTTER GLYCERIDES,emulsifying
PEG-60 SHEA BUTTER GLYCERIDES,surfactant
C10-11 ISOPARAFFIN,solvent
C10-11 ISOPARAFFIN,viscosity-controlling
PEDIOCOCCUS/DIOSPYROS KAKI FRUIT FERMENT FILTRATE,emollient
PEDIOCOCCUS/DIOSPYROS KAKI FRUIT FERMENT FILTRATE,skin-conditioning
STEARYL DIMETHICONE,emollient
STEARYL DIMETHICONE,skin-conditioning
AQUILARIA MALACCENSIS WOOD OIL,antioxidant
AQUILARIA MALACCENSIS WOOD OIL,masking
AQUILARIA MALACCENSIS WOOD OIL,skin-conditioning
AQUILARIA MALACCENSIS WOOD OIL,skin-protecting
PHYTOSPHINGOSINE HCL,skin-conditioning
NEPHELIUM LAPPACEUM BRANCH/FRUIT/LEAF EXTRACT,skin-conditioning
QUERCUS SERRATA SEED EXTRACT,skin-conditioning
HELICONIA ROSTRATA LEAF EXTRACT,humectant
QUINOA STARCH OCTENYLSUCCINATE,emulsion-stabilising
QUINOA STARCH OCTENYLSUCCINATE,viscosity-controlling
SH-POLYPEPTIDE-58,emollient
SH-POLYPEPTIDE-58,skin-conditioning
SH-POLYPEPTIDE-58,skin-protecting
GLYCOL DIMETHACRYLATE/VINYL ALCOHOL CROSSPOLYMER,film-forming
SIDERITIS SCARDICA LEAF/STEM/FLOWER WATER,skin-conditioning
PYRUS MALUS PEEL CERA,skin-conditioning
MELALEUCA LEUCADENDRON FRUIT EXTRACT,skin-conditioning
UREASE,viscosity-controlling
LILIUM POLYPHYLLUM FLOWER EXTRACT,skin-conditioning
BUTYLENE CARBONATE,skin-conditioning
RETINYL PROPIONATE,skin-conditioning
HOSTA LONGIPES EXTRACT,skin-conditioning
LACTOBACILLUS/SACCHAROMYCES/POLYGONATUM MULTIFLORUM ROOT FERMENT EXTRACT,skin-conditioning
HYDROLYZED EUTERPE OLERACEAE FRUIT,skin-conditioning
METHYL CAPROOYL TYROSINATE,skin-protecting
RHODOCHROSITE,skin-conditioning
ISOCETYL SALICYLATE,emollient
ISOCETYL SALICYLATE,skin-conditioning
ISOCETYL SALICYLATE,solvent
AMARANTHUS CAUDATUS SEED OIL,emollient
AMARANTHUS CAUDATUS SEED OIL,skin-conditioning
MANNITOL,binding
MANNITOL,humectant
MANNITOL,masking
MANNITOL,moisturising
MANNITOL,skin-conditioning
RH-POLYPEPTIDE-63,antioxidant
RH-POLYPEPTIDE-63,skin-protecting
PICEA ABIES LEAF CELL EXTRACT,antioxidant
PICEA ABIES LEAF CELL EXTRACT,skin-protecting
RHODODENDRON SCHLIPPENBACHII FLOWER EXTRACT,skin-conditioning
JUGLANS REGIA SEED EXTRACT,skin-conditioning
VERBENA OFFICINALIS LEAF EXTRACT,masking
VERBENA OFFICINALIS LEAF EXTRACT,skin-conditioning
SACCHAROMYCES/PANAX GINSENG FERMENT FILTRATE,skin-conditioning
AUREOBASIDIUM PULLULANS FERMENT EXTRACT,film-forming
NYMPHAEA RUBRA FLOWER EXTRACT,emollient
NYMPHAEA RUBRA FLOWER EXTRACT,skin-conditioning
PEG-7 SUNFLOWER GLYCERIDES,emollient
PEG-7 SUNFLOWER GLYCERIDES,emulsifying
ROSA DAMASCENA PHYTOPLACENTA CULTURE EXTRACT,antioxidant
ROSA DAMASCENA PHYTOPLACENTA CULTURE EXTRACT,skin-protecting
CAMELLIA OLEIFERA LEAF EXTRACT,astringent
CAMELLIA OLEIFERA LEAF EXTRACT,skin-conditioning
PPG-4-CETETH-1,skin-conditioning
PPG-4-CETETH-1,surfactant
SPILANTHES ACMELLA LEAF EXTRACT,skin-conditioning
SODIUM POLYSTYRENE SULFONATE,emulsion-stabilising
SODIUM POLYSTYRENE SULFONATE,film-forming
SODIUM POLYSTYRENE SULFONATE,gel-forming
SODIUM POLYSTYRENE SULFONATE,surfactant
SODIUM POLYSTYRENE SULFONATE,viscosity-controlling
SEQUOIADENDRON GIGANTEUM STEM EXTRACT,skin-conditioning
GLUTAMOYL AMINOGUANIDINE,emollient
GLUTAMOYL AMINOGUANIDINE,skin-conditioning
HEXYLDECYL ETHYLHEXANOATE,emollient
HEXYLDECYL ETHYLHEXANOATE,skin-conditioning
ACRYLATES/DIMETHICONE COPOLYMER,anticaking
ACRYLATES/DIMETHICONE COPOLYMER,binding
ACRYLATES/DIMETHICONE COPOLYMER,film-forming
ACRYLATES/DIMETHICONE COPOLYMER,skin-conditioning
METHOXY PEG-113 ASCORBIC ACID,antioxidant
METHOXY PEG-113 ASCORBIC ACID,humectant
METHOXY PEG-113 ASCORBIC ACID,skin-conditioning
SALIX DAPHNOIDES BUD/LEAF/STEM EXTRACT,skin-conditioning
COLOSTRUM,skin-conditioning
COLOSTRUM,skin-protecting
BIS-HYDROXYETHOXYPROPYL DIMETHICONE/LACTIDE COPOLYMER,binding
BIS-HYDROXYETHOXYPROPYL DIMETHICONE/LACTIDE COPOLYMER,bulking
BIS-HYDROXYETHOXYPROPYL DIMETHICONE/LACTIDE COPOLYMER,emollient
BIS-HYDROXYETHOXYPROPYL DIMETHICONE/LACTIDE COPOLYMER,film-forming
BIS-HYDROXYETHOXYPROPYL DIMETHICONE/LACTIDE COPOLYMER,skin-conditioning
XIMENIA AMERICANA SEED OIL POLYGLYCERYL-6 ESTERS,emollient
XIMENIA AMERICANA SEED OIL POLYGLYCERYL-6 ESTERS,emulsifying
XIMENIA AMERICANA SEED OIL POLYGLYCERYL-6 ESTERS,skin-conditioning
XIMENIA AMERICANA SEED OIL POLYGLYCERYL-6 ESTERS,surfactant
METHYLBUTYLPHENYL OCTYLOXYBENZOATE,skin-conditioning
CITRUS IYO FRUIT EXTRACT,emollient
CITRUS IYO FRUIT EXTRACT,humectant
LACTOBACILLUS/SACCHAROMYCES/MAGNOLIA OFFICINALIS BARK FERMENT EXTRACT,antistatic
LACTOBACILLUS/SACCHAROMYCES/MAGNOLIA OFFICINALIS BARK FERMENT EXTRACT,skin-conditioning
ACETYL TRIPEPTIDE-59 AMIDE,skin-conditioning
CHRYSANTHEMUM MORIFOLIUM FLOWER/CRATAEGUS OXYACANTHA FRUIT/(ARTEMISIA PRINCEPS/MORUS ALBA/PORTULACA OLERACEA) LEAF/PORTULACA OLERACEA STEM/PUERARIA THUNBERGIANA ROOT/(ACTINIDIA ARGUTA/PHRAGMITES COMMUNIS) SPROUT/CIRSIUM JAPONICUM/TARAXACUM OFFICINALE/SUCROSE FERMENT FILTRATE,antioxidant
CHRYSANTHEMUM MORIFOLIUM FLOWER/CRATAEGUS OXYACANTHA FRUIT/(ARTEMISIA PRINCEPS/MORUS ALBA/PORTULACA OLERACEA) LEAF/PORTULACA OLERACEA STEM/PUERARIA THUNBERGIANA ROOT/(ACTINIDIA ARGUTA/PHRAGMITES COMMUNIS) SPROUT/CIRSIUM JAPONICUM/TARAXACUM OFFICINALE/SUCROSE FERMENT FILTRATE,emollient
CHRYSANTHEMUM MORIFOLIUM FLOWER/CRATAEGUS OXYACANTHA FRUIT/(ARTEMISIA PRINCEPS/MORUS ALBA/PORTULACA OLERACEA) LEAF/PORTULACA OLERACEA STEM/PUERARIA THUNBERGIANA ROOT/(ACTINIDIA ARGUTA/PHRAGMITES COMMUNIS) SPROUT/CIRSIUM JAPONICUM/TARAXACUM OFFICINALE/SUCROSE FERMENT FILTRATE,skin-conditioning
PAPAVER ORIENTALE SEED OIL,skin-conditioning
OCTYLDODECYL PCA,emollient
GLYCERYL POLYACRYLATE,film-forming
NICOTINOYL SH-PENTAPEPTIDE-19,skin-conditioning
BIS-DODECYLHEXADECYL DIMER DILINOLEATE/PROPANEDIOL COPOLYMER,emollient
BIS-DODECYLHEXADECYL DIMER DILINOLEATE/PROPANEDIOL COPOLYMER,skin-conditioning
AMMONIUM ACRYLOYLDIMETHYLTAURATE/STEARETH-8 METHACRYLATE COPOLYMER,emulsion-stabilising
AMMONIUM ACRYLOYLDIMETHYLTAURATE/STEARETH-8 METHACRYLATE COPOLYMER,viscosity-controlling
RIBOFLAVIN TETRAACETATE,skin-conditioning
CARNOSINE,skin-conditioning
STEARYL CAPRYLATE,emollient
STEARYL CAPRYLATE,skin-conditioning
BACILLUS/FOLIC ACID/SOYBEAN FERMENT EXTRACT,skin-conditioning
HEXYL AMINOLEVULINATE HCL,skin-conditioning
VITIS VINIFERA VINE EXTRACT,skin-conditioning
POLYQUATERNIUM-83,emulsion-stabilising
POLYQUATERNIUM-83,flavouring
POLYQUATERNIUM-83,viscosity-controlling
DIISOBUTYL MALEATE,emollient
DIISOBUTYL MALEATE,plasticiser
DIISOBUTYL MALEATE,skin-conditioning
CITRUS AURANTIUM DULCIS FLOWER EXTRACT,skin-conditioning
EUCHEUMA SERRA/SACCHARINA ANGUSTATA/ULVA LINZA EXTRACT,skin-conditioning
CEDRUS DEODARA SEED EXTRACT,skin-conditioning
PROTAMINE SULFATE,skin-conditioning
BAILEYA MULTIRADIATA SEED EXTRACT,skin-conditioning
TECOMA LAPACHO BARK EXTRACT,skin-conditioning
ACRYLATES/TRIDECYL ACRYLATE/TRIETHOXYSILYLPROPYL METHACRYLATE/DIMETHICONE METHACRYLATE COPOLYMER,skin-conditioning
SORBETH-2/OLEATE/DIMER DILINOLEATE CROSSPOLYMER,emollient
SORBETH-2/OLEATE/DIMER DILINOLEATE CROSSPOLYMER,skin-conditioning
HYDROLYZED GADIDAE PROTEIN,emollient
HYDROLYZED GADIDAE PROTEIN,film-forming
HYDROLYZED GADIDAE PROTEIN,skin-conditioning
CITRUS AURANTIUM DULCIS FLOWER,skin-conditioning
COCAMIDE METHYL MEA,foam-boosting
COCAMIDE METHYL MEA,surfactant
COCAMIDE METHYL MEA,viscosity-controlling
SEPIOLITE,viscosity-controlling
TOURMALINE,viscosity-controlling
POLYGLYCERYL-3 PROPYL ETHER,humectant
AMMONIUM STYRENE/MA COPOLYMER,emulsion-stabilising
MALUS BACCATA PHYTOPLACENTA CULTURE EXTRACT,antimicrobial
MALUS BACCATA PHYTOPLACENTA CULTURE EXTRACT,antioxidant
MALUS BACCATA PHYTOPLACENTA CULTURE EXTRACT,skin-conditioning
MALUS BACCATA PHYTOPLACENTA CULTURE EXTRACT,skin-protecting
POLYQUATERNIUM-24,antistatic
POLYQUATERNIUM-24,film-forming
HYDROGENATED PALMITIC/STEARIC/OLEIC/LINOLEIC GLYCERIDES,viscosity-controlling
PLATINUM THIOETHYLAMINO HYALURONIC ACID,skin-conditioning
TRIFLUOROPROPYLDIMETHYL/TRIMETHYLSILOXYSILICATE,binding
TRIFLUOROPROPYLDIMETHYL/TRIMETHYLSILOXYSILICATE,emollient
TRIFLUOROPROPYLDIMETHYL/TRIMETHYLSILOXYSILICATE,skin-conditioning
PEG-10 HYDROGENATED CASTOR OIL ISOSTEARATE,emulsifying
PEG-10 HYDROGENATED CASTOR OIL ISOSTEARATE,viscosity-controlling
LEUCANTHEMUM VULGARE FLOWER/LEAF/STEM EXTRACT,antioxidant
LEUCANTHEMUM VULGARE FLOWER/LEAF/STEM EXTRACT,humectant
LEUCANTHEMUM VULGARE FLOWER/LEAF/STEM EXTRACT,skin-conditioning
TRICHOSANTHES KIRILOWII FRUIT EXTRACT,skin-conditioning
CYCNOCHES COOPERI FLOWER/LEAF EXTRACT,skin-conditioning
SHEA BUTTER CETYL ESTERS,skin-conditioning
BIFIDA/CORNUS OFFICINALIS FRUIT/ANGELICA ACUTILOBA ROOT/DEER ANTLER/THYMUS VULGARIS LEAF FERMENT FILTRATE,skin-conditioning
ASTROCARYUM VULGARE KERNEL OIL,skin-conditioning
EEL SKIN MUCUS EXTRACT,emollient
EEL SKIN MUCUS EXTRACT,skin-conditioning
ETHYLENEDIAMINE/DIMER TALLATE COPOLYMER BIS-HYDROGENATED TALLOW AMIDE,oral-care
ETHYLENEDIAMINE/DIMER TALLATE COPOLYMER BIS-HYDROGENATED TALLOW AMIDE,skin-conditioning
ETHYLENEDIAMINE/DIMER TALLATE COPOLYMER BIS-HYDROGENATED TALLOW AMIDE,viscosity-controlling
ASCOPHYLLUM NODOSUM/FUCUS VESICULOSUS/HIZIKIA FUSIFORME/KJELLMANIELLA GYRATA/LESSONIA NIGRESCENS/SACCHARINA ANGUSTATA/SACCHARINA JAPONICA/UNDARIA PINNATIFIDA EXTRACT,skin-conditioning
LIMONIA ACIDISSIMA SHELL POWDER,abrasive
LIMONIA ACIDISSIMA SHELL POWDER,skin-conditioning
SODIUM TAMANUSEEDATE,cleansing
SODIUM TAMANUSEEDATE,emulsifying
SODIUM TAMANUSEEDATE,viscosity-controlling
PANICUM MILIACEUM SEED EXTRACT,skin-conditioning
PANICUM MILIACEUM SEED EXTRACT,smoothing
CEDRELOPSIS GREVEI BARK EXTRACT,skin-protecting
MACHILUS ODORATISSIMA BARK EXTRACT,skin-conditioning
JUNIPERUS COMMUNIS FRUIT/ROSMARINUS OFFICINALIS EXTRACT,skin-conditioning
PROPANEDIOL DIISOSTEARATE,emollient
DISODIUM FLAVINE ADENINE DINUCLEOTIDE,viscosity-controlling
POLY(C20-28 OLEFIN),binding
POLY(C20-28 OLEFIN),film-forming
POLY(C20-28 OLEFIN),skin-conditioning
POLY(C20-28 OLEFIN),viscosity-controlling
CAESALPINIA SAPPAN STEM EXTRACT,skin-conditioning
ALBIZIA JULIBRISSIN SEED EXTRACT,skin-conditioning
BUTYLOCTYL BEHENATE,emollient
CAROTENOIDS,antioxidant
CAROTENOIDS,skin-protecting
CAROTENOIDS,uv-absorber
PICHIA/SEA SALT FERMENT EXTRACT,skin-conditioning
POLYSORBATE 80 DICINNAMATE,emulsifying
POLYSORBATE 80 DICINNAMATE,emulsion-stabilising
POLYSORBATE 80 DICINNAMATE,stabilising
R-BOVINE OCTAPEPTIDE-1,skin-conditioning
HYDROLYZED MANGO FRUIT,skin-conditioning
HYDROLYZED MANGO FRUIT,skin-protecting
DI-C20-40 ALKYL DIMER DILINOLEATE,skin-conditioning
DI-C20-40 ALKYL DIMER DILINOLEATE,viscosity-controlling
ALANINE/HISTIDINE/LYSINE POLYPEPTIDE COPPER HCL,skin-conditioning
ARACHIDYL GLYCOL ISOSTEARATE,emollient
ARACHIDYL GLYCOL ISOSTEARATE,skin-conditioning
ETHYLHEXYL PCA,humectant
ETHYLHEXYL PCA,skin-conditioning
ACRYLATES/LAURETH-25 METHACRYLATE COPOLYMER,viscosity-controlling
OLIGOPEPTIDE-149,skin-conditioning
ALOE FEROX LEAF JUICE POWDER,skin-conditioning
GARCINIA ATROVIRIDIS FRUIT EXTRACT,skin-conditioning
R-PORCINE POLYPEPTIDE-1,astringent
R-PORCINE POLYPEPTIDE-1,humectant
R-PORCINE POLYPEPTIDE-1,skin-conditioning
CYCLOETHOXYMETHICONE,emollient
CYCLOETHOXYMETHICONE,skin-conditioning
CYCLOETHOXYMETHICONE,solvent
LILIUM CANDIDUM BULB/CYMBIDIUM GRANDIFLORUM FLOWER/MALVA SYLVESTRIS EXTRACT,skin-conditioning
DEFINED CELL CULTURE MEDIA 14,skin-conditioning
CAMPHANEDIOL,skin-conditioning
CALCIUM KETOGLUCONATE,skin-conditioning
PEG-50 HYDROGENATED CASTOR OIL ISOSTEARATE,emulsifying
PEG-50 HYDROGENATED CASTOR OIL ISOSTEARATE,viscosity-controlling
CAPSICUM ANNUUM RESIN,skin-conditioning
OZONIZED MEADOWFOAM SEED OIL,skin-conditioning
RETINYL GLYCOLYL SHIKIMATE,emollient
RETINYL GLYCOLYL SHIKIMATE,skin-conditioning
CUCUMIS MELO INODORUS FRUIT EXTRACT,skin-conditioning
DISODIUM ISOSTEARAMIDO MIPA-SULFOSUCCINATE,cleansing
DISODIUM ISOSTEARAMIDO MIPA-SULFOSUCCINATE,foam-boosting
DISODIUM ISOSTEARAMIDO MIPA-SULFOSUCCINATE,foaming
DISODIUM ISOSTEARAMIDO MIPA-SULFOSUCCINATE,hydrotrope
DISODIUM ISOSTEARAMIDO MIPA-SULFOSUCCINATE,skin-conditioning
DISODIUM ISOSTEARAMIDO MIPA-SULFOSUCCINATE,surfactant
SODIUM ACETYLATED HYALURONATE,humectant
HYDROGENATED BRASSICA CAMPESTRIS/ALEURITES FORDII OIL COPOLYMER,film-forming
HYDROGENATED BRASSICA CAMPESTRIS/ALEURITES FORDII OIL COPOLYMER,skin-conditioning
SATUREJA HORTENSIS LEAF EXTRACT,skin-conditioning
PEG-90M,binding
PEG-90M,emulsion-stabilising
PEG-90M,viscosity-controlling
EQUI LIPIDA,skin-conditioning
R-MUSSEL POLYPEPTIDE-1,skin-conditioning
NYLON-6,bulking
NYLON-6,viscosity-controlling
POLYGLYCERIN-6,humectant
GLYCERETH-6 TRIISOSTEARATE,emollient
CALCIUM ASCORBATE,antioxidant
CALCIUM ASCORBATE,skin-conditioning
ACRYLATES/DIACETONEACRYLAMIDE COPOLYMER,film-forming
ACRYLATES/DIACETONEACRYLAMIDE COPOLYMER,viscosity-controlling
C13-14 ISOPARAFFIN,emollient
C13-14 ISOPARAFFIN,solvent
SACCHAROMYCES/MOLASSES/CABBAGE LEAF/(ARCTIUM LAPPA/CARROT/NELUMBO NUCIFERA/RADISH) ROOT FERMENT FILTRATE,antioxidant
SACCHAROMYCES/MOLASSES/CABBAGE LEAF/(ARCTIUM LAPPA/CARROT/NELUMBO NUCIFERA/RADISH) ROOT FERMENT FILTRATE,skin-conditioning
AMYLOGLUCOSIDASE,skin-conditioning
ACONITUM CILIARE ROOT EXTRACT,skin-conditioning
AZURITE EXTRACT,skin-conditioning
GERANIUM CANTABRIGIENSE HYBRID FLOWER/LEAF EXTRACT,skin-conditioning
GERANIUM CANTABRIGIENSE HYBRID FLOWER/LEAF EXTRACT,skin-protecting
POLYALTHIA LONGIFOLIA WOOD EXTRACT,skin-conditioning
LACTOBACILLUS/LEUCONOSTOC/BROCCOLI EXTRACT FERMENT FILTRATE,humectant
LACTOBACILLUS/LEUCONOSTOC/BROCCOLI EXTRACT FERMENT FILTRATE,skin-conditioning
AGARDHIELLA SUBULATA EXTRACT,skin-conditioning
SAXIFRAGA SARMENTOSA EXTRACT,skin-conditioning
ARACHIDYL PROPIONATE,emollient
ARACHIDYL PROPIONATE,skin-conditioning
HASLEA OSTREARIA EXTRACT,skin-conditioning
GYMNASTER SAVATIERI EXTRACT,skin-conditioning
PINUS BUNGEANA LEAF EXTRACT,skin-conditioning
TETRADECYLOCTADECYL BEHENATE,binding
TETRADECYLOCTADECYL BEHENATE,emulsion-stabilising
TETRADECYLOCTADECYL BEHENATE,film-forming
TETRADECYLOCTADECYL BEHENATE,opacifying
TETRADECYLOCTADECYL BEHENATE,skin-conditioning
NAFTALAN OIL EXTRACT,skin-conditioning
LAMINARIA DIGITATA POWDER,skin-conditioning
DIPENTAERYTHRITYL HEXAHEPTANOATE/HEXACAPRYLATE/HEXACAPRATE,emulsifying
DIPENTAERYTHRITYL HEXAHEPTANOATE/HEXACAPRYLATE/HEXACAPRATE,skin-conditioning
DIPENTAERYTHRITYL HEXAHEPTANOATE/HEXACAPRYLATE/HEXACAPRATE,smoothing
DIPENTAERYTHRITYL HEXAHEPTANOATE/HEXACAPRYLATE/HEXACAPRATE,viscosity-controlling
TAMARINDUS INDICA SEED GUM,emulsion-stabilising
TAMARINDUS INDICA SEED GUM,viscosity-controlling
CAMELLIA OLEIFERA SEED OIL /HYDROGENATED CAMELLIA OLEIFERA SEED OIL ESTERS,emollient
CAMELLIA OLEIFERA SEED OIL /HYDROGENATED CAMELLIA OLEIFERA SEED OIL ESTERS,skin-conditioning
CAMELLIA OLEIFERA SEED OIL /HYDROGENATED CAMELLIA OLEIFERA SEED OIL ESTERS,skin-protecting
CAMELLIA OLEIFERA SEED OIL /HYDROGENATED CAMELLIA OLEIFERA SEED OIL ESTERS,viscosity-controlling
PRUNUS AMYGDALUS DULCIS BARK EXTRACT,skin-conditioning
TULIPA GESNERIANA FLOWER WATER,skin-conditioning
METHYL GLUCOSE SESQUIOLEATE,emollient
METHYL GLUCOSE SESQUIOLEATE,emulsifying
METHYL GLUCOSE SESQUIOLEATE,skin-conditioning
ANNONA RETICULATA JUICE,skin-conditioning
PLACENTAL PROTEIN,humectant
METHYL GLUCOSE SESQUILAURATE,emollient
METHYL GLUCOSE SESQUILAURATE,emulsifying
METHYL GLUCOSE SESQUILAURATE,skin-conditioning
SENECIO CANNABIFOLIUS EXTRACT,humectant
ASARUM SIEBOLDII RHIZOME/ROOT EXTRACT,skin-conditioning
PIPER RETROFRACTUM FRUIT EXTRACT,humectant
PIPER RETROFRACTUM FRUIT EXTRACT,skin-conditioning
LAURYL COCOATE,emollient
LAURYL COCOATE,skin-conditioning
OCTYLDODECYL ERUCATE,emollient
PRUNUS ARMENIACA FLOWER EXTRACT,emollient
PRUNUS ARMENIACA FLOWER EXTRACT,skin-conditioning
BRASSICA OLERACEA ACEPHALA SPROUT EXTRACT,antioxidant
BRASSICA OLERACEA ACEPHALA SPROUT EXTRACT,skin-conditioning
RUBUS CHAMAEMORUS SEED EXTRACT,skin-conditioning
RHODODENDRON CHRYSANTHUM LEAF EXTRACT,masking
RHODODENDRON CHRYSANTHUM LEAF EXTRACT,skin-protecting
RHODODENDRON CHRYSANTHUM LEAF EXTRACT,soothing
GLUTAMYLAMIDOETHYL INDOLE,skin-protecting
OLEYL ARACHIDATE,emollient
CITRUS AURANTIUM DULCIS SEED EXTRACT,skin-conditioning
SPONDIAS MOMBIN PULP EXTRACT,skin-conditioning
ROSA CENTIFOLIA BUD EXTRACT,emollient
ROSA CENTIFOLIA BUD EXTRACT,skin-conditioning
GLYCINE MAX PULP,humectant
GLYCINE MAX PULP,skin-conditioning
AVERRHOA CARAMBOLA LEAF EXTRACT,humectant
AVERRHOA CARAMBOLA LEAF EXTRACT,skin-conditioning
PEG-4 PROLINE LINOLEATE,emollient
SHINANOKI EKISU,skin-conditioning
VALERIANA FAURIEI ROOT EXTRACT,skin-conditioning
PEG-7 BETA-NAPHTHOL,viscosity-controlling
ACRYLATES/HYDROXYETHYL ACRYLATE/LAURYL ACRYLATE COPOLYMER,film-forming
MAHONIA AQUIFOLIUM FLOWER/LEAF/STEM EXTRACT,skin-conditioning
SACCHAROMYCES/RICE KERNEL FERMENT,skin-conditioning
EUONYMUS SACHALINENSIS BARK EXTRACT,skin-conditioning
SH-POLYPEPTIDE-99,skin-conditioning
CAMELLIA JAPONICA CALLUS EXTRACT,antioxidant
CAMELLIA JAPONICA CALLUS EXTRACT,emollient
CAMELLIA JAPONICA CALLUS EXTRACT,skin-conditioning
HYDROGENATED RHUS VERNICIFLUA PEEL CERA,skin-conditioning
HIBISCUS ABELMOSCHUS FLOWER EXTRACT,skin-conditioning
VITIS FLEXUOSA STEM EXTRACT,humectant
VITIS FLEXUOSA STEM EXTRACT,skin-conditioning
ARALIA ELATA BRANCH/LEAF EXTRACT,skin-conditioning
VETIVERIA ZIZANOIDES EXTRACT,skin-conditioning
MYRISTOYL TETRAPEPTIDE-6,skin-conditioning
SPHINGOMYELIN,skin-conditioning
CITRUS JUNOS PEEL WATER,skin-conditioning
HYDROGENATED MORINGA OLEIFERA SEED OIL,emollient
HYDROGENATED MORINGA OLEIFERA SEED OIL,skin-conditioning
OXIDIZED GRAPE SKIN FERMENT EXTRACT,antioxidant
OXIDIZED GRAPE SKIN FERMENT EXTRACT,skin-conditioning
PPG-1-CETETH-20,skin-conditioning
PPG-1-CETETH-20,surfactant
HYDROGENATED ROSA CANINA FRUIT OIL,emollient
OLIGOPEPTIDE-101 AMIDE,antimicrobial
OLIGOPEPTIDE-101 AMIDE,antioxidant
OLIGOPEPTIDE-101 AMIDE,antiseborrhoeic
OLIGOPEPTIDE-101 AMIDE,skin-protecting
RED JUNGLEFOWL INDUCED PLURIPOTENT CELL CULTURE CONDITIONED MEDIA,humectant
SODIUM COCOYL BARLEY AMINO ACIDS,emulsifying
SODIUM COCOYL BARLEY AMINO ACIDS,emulsion-stabilising
SODIUM COCOYL BARLEY AMINO ACIDS,skin-conditioning
SODIUM COCOYL BARLEY AMINO ACIDS,surfactant
AMINOBENZOYL TRIPEPTIDE-39 HYDROXAMIC ACID,skin-protecting
CAFFEOYL SH-OCTAPEPTIDE-4,antioxidant
CAFFEOYL SH-OCTAPEPTIDE-4,skin-protecting
PONCIRUS TRIFOLIATA FRUIT/HOUTTYUNIA CORDATA/HEMEROCALLIS FULVA ROOT EXTRACT,skin-conditioning
PALM KERNELAMIDE MEA,emulsifying
PALM KERNELAMIDE MEA,emulsion-stabilising
PALM KERNELAMIDE MEA,foam-boosting
PALM KERNELAMIDE MEA,surfactant
PALM KERNELAMIDE MEA,viscosity-controlling
STEAROYL METHYLGLUCAMIDE STEARATE,emollient
STEAROYL METHYLGLUCAMIDE STEARATE,humectant
STEAROYL METHYLGLUCAMIDE STEARATE,skin-conditioning
EICOSAPENTAENOIC ACID,emollient
EICOSAPENTAENOIC ACID,skin-conditioning
SUNFLOWER SEED OIL POLYGLYCERYL-10 ESTERS,emulsifying
SUNFLOWER SEED OIL POLYGLYCERYL-10 ESTERS,emulsion-stabilising
GENTIANELLA FLORIDA EXTRACT,skin-conditioning
PRUNUS AVIUM SEED EXTRACT,skin-conditioning
SODIUM TALLOWATE,cleansing
SODIUM TALLOWATE,emulsifying
SODIUM TALLOWATE,foam-boosting
SODIUM TALLOWATE,surfactant
SODIUM TALLOWATE,viscosity-controlling
ALNUS FIRMIFOLIA FRUIT EXTRACT,skin-conditioning
DECYL OLEATE,emollient
DECYL OLEATE,skin-conditioning
TAXIRESINOL,skin-conditioning
CITRUS UNSHIU FLOWER OIL,humectant
CITRUS UNSHIU FLOWER OIL,skin-conditioning
CITRUS UNSHIU FLOWER OIL,skin-protecting
TELOSMA CORDATA FLOWER EXTRACT,humectant
COPAIFERA OFFICINALIS RESIN,film-forming
COPAIFERA OFFICINALIS RESIN,masking
PHASEOLUS VULGARIS PHYTOPLACENTA EXTRACT,antimicrobial
PHASEOLUS VULGARIS PHYTOPLACENTA EXTRACT,antioxidant
PHASEOLUS VULGARIS PHYTOPLACENTA EXTRACT,skin-protecting
TALLOW ALCOHOL,emollient
TALLOW ALCOHOL,emulsifying
TALLOW ALCOHOL,emulsion-stabilising
TALLOW ALCOHOL,refatting
TALLOW ALCOHOL,viscosity-controlling
GARDENIA FLORIDA FLOWER EXTRACT,skin-conditioning
LYSINE THIAZOLIDINE CARBOXYLATE,skin-conditioning
LYSINE THIAZOLIDINE CARBOXYLATE,surfactant
TEA-HYDROCHLORIDE,viscosity-controlling
DIOSCOREA PANTHAICA ROOT EXTRACT,emollient
DIOSCOREA PANTHAICA ROOT EXTRACT,humectant
GLYCOL DILAURATE,emollient
GLYCOL DILAURATE,skin-conditioning
GLYCOL DILAURATE,viscosity-controlling
PELTOPHORUM DASYRHACHIS BARK EXTRACT,humectant
PELTOPHORUM DASYRHACHIS BARK EXTRACT,skin-conditioning
MEALWORM LARVA EXTRACT,emollient
MEALWORM LARVA EXTRACT,humectant
MEALWORM LARVA EXTRACT,skin-conditioning
SODIUM COCOYL HYDROLYZED AMARANTH PROTEIN,skin-conditioning
SIPHONOSTEGIA CHINENSIS EXTRACT,skin-conditioning
DIETHYLHEXYL CARBONATE,emollient
DIETHYLHEXYL CARBONATE,skin-conditioning
AZELAMIDOPROPYL DIMETHYL AMINE,antimicrobial
AZELAMIDOPROPYL DIMETHYL AMINE,antiseborrhoeic
AZELAMIDOPROPYL DIMETHYL AMINE,skin-conditioning
PICHIA MINUTA EXTRACT,skin-protecting
BETA VULGARIS SPROUT EXTRACT,skin-conditioning
GINKGO BILOBA MERISTEM CELL,antimicrobial
GINKGO BILOBA MERISTEM CELL,antioxidant
GINKGO BILOBA MERISTEM CELL,skin-conditioning
OPUNTIA FICUS-INDICA STEM WATER,skin-conditioning
VINCETOXICUM ATRATUM ROOT EXTRACT,emollient
VINCETOXICUM ATRATUM ROOT EXTRACT,skin-conditioning
PENTAPEPTIDE-44,skin-protecting
LENS ESCULENTA FRUIT EXTRACT,skin-conditioning
CISTUS LADANIFERUS LEAF/STEM EXTRACT,masking
CISTUS LADANIFERUS LEAF/STEM EXTRACT,skin-conditioning
PPG-14 LAURETH-60 ISOPHORYL DICARBAMATE,viscosity-controlling
C18-38 ALKYL HYDROXYSTEAROYL STEARATE,emollient
C18-38 ALKYL HYDROXYSTEAROYL STEARATE,emulsion-stabilising
C18-38 ALKYL HYDROXYSTEAROYL STEARATE,viscosity-controlling
VIGNA RADIATA SEED OIL,skin-conditioning
C15-18 GLYCOL,emollient
C15-18 GLYCOL,emulsion-stabilising
C15-18 GLYCOL,skin-conditioning
SACCHAROMYCES/ANGELICA DAHURICA ROOT FERMENT EXTRACT,skin-conditioning
TRIFLUOROPROPYLDIMETHYLSILOXY/TRIMETHYLSILOXY SILSESQUIOXANE,film-forming
SAMBUCUS NIGRA FLOWER WATER,skin-conditioning
MACLURA COCHINCHINENSIS LEAF EXTRACT,skin-conditioning
SODIUM ZINC CETYL PHOSPHATE,astringent
SODIUM ZINC CETYL PHOSPHATE,skin-conditioning
SODIUM ZINC CETYL PHOSPHATE,skin-protecting
ACANTHOPANAX SENTICOSUS STEM EXTRACT,skin-conditioning
SH-OLIGOPEPTIDE-71,antiseborrhoeic
SH-OLIGOPEPTIDE-71,skin-protecting
HYDROLYZED QUINOA,skin-conditioning
RASPBERRY SEED OIL/PALM OIL AMINOPROPANEDIOL ESTERS,skin-conditioning
DISODIUM LAURAMIDO PEG-2 SULFOSUCCINATE,cleansing
DISODIUM LAURAMIDO PEG-2 SULFOSUCCINATE,foam-boosting
DISODIUM LAURAMIDO PEG-2 SULFOSUCCINATE,foaming
DISODIUM LAURAMIDO PEG-2 SULFOSUCCINATE,hydrotrope
DISODIUM LAURAMIDO PEG-2 SULFOSUCCINATE,skin-conditioning
DISODIUM LAURAMIDO PEG-2 SULFOSUCCINATE,surfactant
PEG-25 MORINGA GLYCERIDES,emollient
PEG-25 MORINGA GLYCERIDES,emulsifying
BIS-TRIMETHOXYSILYLETHYL TETRAMETHYLDISILOXYETHYL DIMETHICONE,film-forming
CEDROL,emollient
CEDROL,masking
CEDROL,skin-conditioning
DIOSCOREA MEXICANA ROOT EXTRACT,skin-conditioning
TRICHODESMA ZEYLANICUM OIL,emollient
TRICHODESMA ZEYLANICUM OIL,skin-conditioning
NEOFINETIA FALCATA CALLUS CULTURE EXTRACT,skin-conditioning
ASCORBYL TOCOPHERYL MALEATE,antioxidant
ASCORBYL TOCOPHERYL MALEATE,emollient
ASCORBYL TOCOPHERYL MALEATE,skin-conditioning
PPG-23 OLEYL ETHER,emollient
PPG-23 OLEYL ETHER,skin-conditioning
TOURMALINE EXTRACT,skin-conditioning
NEOLITSEA ACICULATA STEM EXTRACT,antioxidant
NEOLITSEA ACICULATA STEM EXTRACT,skin-conditioning
TALL OIL,skin-conditioning
OLUS OIL,emollient
LACTOBACILLUS/SPARASSIS CRISPA FRUITING BODY/GLUCOSE FERMENT EXTRACT,humectant
LACTOBACILLUS/SPARASSIS CRISPA FRUITING BODY/GLUCOSE FERMENT EXTRACT,skin-conditioning
RUBUS IDAEUS FRUIT WATER,masking
RUBUS IDAEUS FRUIT WATER,skin-conditioning
POLYGLYCERYL-10 TRISTEARATE,skin-conditioning
HYDROGENATED POLYISOPRENE CROSSPOLYMER,viscosity-controlling
NITROCELLULOSE,film-forming
CUMINUM CYMINUM SEED POWDER,skin-conditioning
STEARETH-5 STEARATE,emulsifying
STEARETH-5 STEARATE,skin-conditioning
HYDROLYZED CAVIAR EXTRACT,skin-conditioning
DAPHNETIN,skin-conditioning
MAGNESIUM ASCORBYLBORATE,antioxidant
MAGNESIUM ASCORBYLBORATE,humectant
MAGNESIUM ASCORBYLBORATE,skin-conditioning
CRYPTOLEPIS BUCHANANI FLOWER/LEAF EXTRACT,masking
CRYPTOLEPIS BUCHANANI FLOWER/LEAF EXTRACT,skin-conditioning
CRYPTOLEPIS BUCHANANI FLOWER/LEAF EXTRACT,skin-protecting
SAXIFRAGA SARMENTOSA WATER,skin-conditioning
MASLINIC ACID,antioxidant
MASLINIC ACID,skin-conditioning
PEDIOCOCCUS/GYNOSTEMMA PENTAPHYLLUM FERMENT FILTRATE,skin-conditioning
TILIA PLATYPHYLLOS FLOWER WATER,skin-conditioning
DIPHENYL ACETAMIDOTRICHLOROETHYL FLUORONITROPHENYL THIOUREA,skin-protecting
GRIFOLA FRONDOSA/ARCTIUM LAPPA FRUIT EXTRACT FERMENT FILTRATE,skin-conditioning
DILAURYL ETHER,skin-conditioning
BIS-HEXYLDIOXODECYL METHYL LYSINATE,skin-protecting
AGROPYRON REPENS ROOT EXTRACT,masking
AGROPYRON REPENS ROOT EXTRACT,skin-conditioning
SR-OCEAN POUT POLYPEPTIDE-1,skin-conditioning
HYDROGENATED SOY GLYCERIDE,emollient
HYDROGENATED SOY GLYCERIDE,stabilising
RODGERSIA PODOPHYLLA ROOT EXTRACT,skin-conditioning
ARACHIDYL BEHENATE,emollient
ARACHIDYL BEHENATE,skin-conditioning
ARACHIDYL BEHENATE,viscosity-controlling
GENISTEIN METHYL ETHER,humectant
GENISTEIN METHYL ETHER,skin-conditioning
GENISTEIN METHYL ETHER,skin-protecting
PRUNUS PERSICA GUM,viscosity-controlling
OLIGOPEPTIDE-62,skin-conditioning
SCHINZIOPHYTON RAUTANENII KERNEL OIL PEG-8 ESTERS,emollient
SCHINZIOPHYTON RAUTANENII KERNEL OIL PEG-8 ESTERS,emulsifying
SCHINZIOPHYTON RAUTANENII KERNEL OIL PEG-8 ESTERS,skin-conditioning
SCHINZIOPHYTON RAUTANENII KERNEL OIL PEG-8 ESTERS,surfactant
CLEMATIS ALPINA CALLUS EXTRACT,antioxidant
CLEMATIS ALPINA CALLUS EXTRACT,skin-protecting
TRIDECYL LAURATE,skin-conditioning
MONASCUS/HIPPOPHAE RHAMNOIDES FRUIT/SOYBEAN EXTRACT FERMENT FILTRATE,skin-conditioning
ZINGIBER CASSUMUNAR ROOT OIL,skin-conditioning
PARACHLORELLA BEIJERINCKII EXOPOLYSACCHARIDES,film-forming
PARACHLORELLA BEIJERINCKII EXOPOLYSACCHARIDES,skin-protecting
DILAUROYL 3-GLYCERYL ASCORBATE,antioxidant
DILAUROYL 3-GLYCERYL ASCORBATE,emollient
DILAUROYL 3-GLYCERYL ASCORBATE,humectant
DILAUROYL 3-GLYCERYL ASCORBATE,skin-conditioning
TRISTEARIN,skin-conditioning
TRISTEARIN,viscosity-controlling
ISOSORBIDE DISUNFLOWERSEEDATE,humectant
ISOSORBIDE DISUNFLOWERSEEDATE,plasticiser
ISOSORBIDE DISUNFLOWERSEEDATE,skin-conditioning
PHENYL PROPYL TRIMETHICONE/DIPHENYLMETHICONE,anticaking
PHENYL PROPYL TRIMETHICONE/DIPHENYLMETHICONE,emollient
ISOSORBIDE LAURATE,emulsifying
ISOSORBIDE LAURATE,skin-conditioning
POTENTILLA FRAGARIOIDES EXTRACT,skin-conditioning
ARUNCUS AETHUSIFOLIUS EXTRACT,skin-conditioning
HYDROGENATED VEGETABLE GLYCERIDE,emollient
HYDROGENATED VEGETABLE GLYCERIDE,emulsifying
HYDROGENATED VEGETABLE GLYCERIDE,stabilising
HYDROGENATED VEGETABLE GLYCERIDE,surfactant
HYDROGENATED VEGETABLE GLYCERIDE,viscosity-controlling
SODIUM SCYMNOL SULFATE,skin-conditioning
PPG-4-CETETH-5,skin-conditioning
PPG-4-CETETH-5,surfactant
ARTEMISIA ANNUA/CITRUS JUNOS FRUIT/PINUS DENSIFLORA LEAF EXTRACT,skin-protecting
CITRUS AURANTIUM DULCIS FLOWER WATER,skin-conditioning
MORCHELLA ESCULENTA FERMENT FILTRATE,emollient
MORCHELLA ESCULENTA FERMENT FILTRATE,skin-conditioning
GLYCINE MAX FLOWER/LEAF/STEM JUICE,skin-conditioning
ISOSTEAROYL HYDROLYZED SILK,skin-conditioning
DROMICEIUS OIL,emollient
FICIN,skin-conditioning
DROSERA ROTUNDIFOLIA EXTRACT,skin-conditioning
DROSERA ROTUNDIFOLIA EXTRACT,tonic
IODIZED GARLIC EXTRACT,skin-conditioning
NIACINAMIDE HYDROXYCITRATE,skin-conditioning
LACTOBACILLUS/CODIUM FRAGILE/ECKLONIA CAVA/UNDARIA PINNATIFIDA FERMENT FILTRATE,skin-conditioning
CHITOSAN BENZAMIDE,antimicrobial
CHITOSAN BENZAMIDE,skin-protecting
ALEURITES MOLUCCANUS SEED OIL,skin-conditioning
POLYGLYCERYL-3 BEHENATE,emulsion-stabilising
RETINAL,skin-conditioning
CITRUS IYO OIL,emollient
CITRUS IYO OIL,skin-conditioning
CAULERPA LENTILLIFERA/ENTEROMORPHA PROLIFERA EXTRACT,skin-conditioning
BUTYL POLYDIMETHYLSILOXYL ETHYLENE/PROPYLENE/VINYLNORBORNENE COPOLYMER,viscosity-controlling
LECYTHIS MINOR SEED OIL,skin-protecting
CAFFEOYL TRIPEPTIDE-7,antioxidant
CAFFEOYL TRIPEPTIDE-7,skin-protecting
TRIFLUOROPROPYL METHICONE,skin-conditioning
OLIVE OIL GLYCERETH-8 ESTERS,emollient
OLIVE OIL GLYCERETH-8 ESTERS,emulsifying
SH-POLYPEPTIDE-34,skin-conditioning
LARIX LEPTOLEPIS WOOD EXTRACT,humectant
LARIX LEPTOLEPIS WOOD EXTRACT,skin-conditioning
SALMON OIL,skin-conditioning
ACRYLATES/LAURYL METHACRYLATE/TRIDECYL METHACRYLATE CROSSPOLYMER,film-forming
FICUS SYCOMORUS LEAF CELL EXTRACT,masking
FICUS SYCOMORUS LEAF CELL EXTRACT,skin-protecting
MURRAYA EXOTICA LEAF EXTRACT,antioxidant
MURRAYA EXOTICA LEAF EXTRACT,oral-care
MURRAYA EXOTICA LEAF EXTRACT,skin-conditioning
BIS-ETHYLHEXYL HYDROXYDIMETHOXY BENZYLMALONATE,antioxidant
BIS-ETHYLHEXYL HYDROXYDIMETHOXY BENZYLMALONATE,skin-conditioning
BIS-ETHYLHEXYL HYDROXYDIMETHOXY BENZYLMALONATE,skin-protecting
RAPESEED OIL SORBITOL ESTERS,emollient
RAPESEED OIL SORBITOL ESTERS,emulsifying
RAPESEED OIL SORBITOL ESTERS,surfactant
PENTAERYTHRITYL HYDROGENATED ROSINATE,film-forming
ABRONIA VILLOSA LEAF EXTRACT,skin-conditioning
PEG-12 GLYCERYL LINOLEATE,cleansing
PEG-12 GLYCERYL LINOLEATE,emollient
PEG-12 GLYCERYL LINOLEATE,emulsion-stabilising
PEG-12 GLYCERYL LINOLEATE,solvent
PEG-12 GLYCERYL LINOLEATE,surfactant
SACCHAROMYCES/SOY PROTEIN FERMENT,skin-conditioning
C32-36 ISOALKYL ACID,skin-conditioning
HEXAPEPTIDE-34,skin-conditioning
SCLEROCARYA BIRREA SEED OIL PEG-8 ESTERS,emulsifying
SCLEROCARYA BIRREA SEED OIL PEG-8 ESTERS,skin-conditioning
LAURYL/MYRISTYL BENZOATE,skin-conditioning
LESPEDEZA BICOLOR BARK EXTRACT,skin-conditioning
PEG/PPG-18/18 LAURATE,emulsifying
PEG/PPG-18/18 LAURATE,emulsion-stabilising
SWEET ALMOND OIL POLYGLYCERYL-6 ESTERS,emollient
SWEET ALMOND OIL POLYGLYCERYL-6 ESTERS,emulsifying
ISOPROPYLIDENEDIPHENOL PEG-2 DIMETHACRYLATE,film-forming
CINNAMOMUM CAMPHORA BRANCH/LEAF EXTRACT,skin-conditioning
OLEYL LANOLATE,antistatic
OLEYL LANOLATE,emollient
PRUNUS AMYGDALUS DULCIS BARK POWDER,skin-conditioning
CANOLA OIL,skin-conditioning
CANOLA OIL,skin-conditioning-emollient
ISOBUTYL MYRISTATE,emollient
ISOBUTYL MYRISTATE,skin-conditioning
ACHYROCLINE SATUREIOIDES LEAF EXTRACT,skin-conditioning
PENTYLENE GLYCOL,skin-conditioning
PENTYLENE GLYCOL,solvent
DIETHYL KETOGLUTARATE,skin-conditioning
DIETHYL KETOGLUTARATE,skin-protecting
BETULA ALBA LEAF WATER,skin-conditioning
HYDROLYZED CAMELLIA SINENSIS LEAF/PHYLLOSTACHYS BAMBUSOIDES LEAF/STEM/PANAX GINSENG ROOT,humectant
HYDROLYZED CAMELLIA SINENSIS LEAF/PHYLLOSTACHYS BAMBUSOIDES LEAF/STEM/PANAX GINSENG ROOT,skin-conditioning
ULVA LINZA EXTRACT,emollient
ULVA LINZA EXTRACT,skin-conditioning
DIBUTYLENE TETRAFURFURAL,antioxidant
DIBUTYLENE TETRAFURFURAL,viscosity-controlling
GLYCERETH-12,humectant
GLYCERETH-12,viscosity-controlling
SODIUM HEPAROSAN,humectant
SODIUM HEPAROSAN,skin-protecting
SODIUM HEPAROSAN,viscosity-controlling
HYDROGENATED SUNFLOWER SEED OIL POLYGLYCERYL-3 ESTERS,emulsifying
HYDROGENATED SUNFLOWER SEED OIL POLYGLYCERYL-3 ESTERS,emulsion-stabilising
HYDROGENATED SUNFLOWER SEED OIL POLYGLYCERYL-3 ESTERS,skin-conditioning
HYDROGENATED SUNFLOWER SEED OIL POLYGLYCERYL-3 ESTERS,surfactant
HYDROLYZED ASPERGILLUS/BRASSICA NAPUS SEED FERMENT FILTRATE EXTRACT,skin-conditioning
PROPYLENE GLYCOL BEHENATE,skin-conditioning
PROPYLENE GLYCOL BEHENATE,surfactant
POTASSIUM COCOYL PCA,humectant
POTASSIUM COCOYL PCA,skin-conditioning
POTASSIUM COCOYL PCA,surfactant
COMANTHOSPHACE STELLIPILA LEAF/STEM EXTRACT,humectant
COMANTHOSPHACE STELLIPILA LEAF/STEM EXTRACT,skin-conditioning
ACINETOBACTER FERMENT EXTRACT,skin-conditioning
PALMITOYL TRIPEPTIDE-5,skin-conditioning
C20-30 GLYCOL,emollient
C20-30 GLYCOL,emulsion-stabilising
C20-30 GLYCOL,skin-conditioning
DEXTRIN ISOSTEARATE,skin-conditioning
ACINETOBACTER/SOYBEAN SEED EXTRACT FERMENT,humectant
ACINETOBACTER/SOYBEAN SEED EXTRACT FERMENT,skin-conditioning
DIETHYLENE GLYCOL ROSINATE,binding
DIETHYLENE GLYCOL ROSINATE,bulking
DIETHYLENE GLYCOL ROSINATE,depilatory
DIETHYLENE GLYCOL ROSINATE,film-forming
DIETHYLENE GLYCOL ROSINATE,plasticiser
LITSEA GLUTINOSA BARK EXTRACT,skin-conditioning
TABEBUIA SERRATIFOLIA WOOD EXTRACT,skin-conditioning
SH-POLYPEPTIDE-1 NONAPEPTIDE-29,emollient
SH-POLYPEPTIDE-1 NONAPEPTIDE-29,skin-conditioning
SH-POLYPEPTIDE-1 NONAPEPTIDE-29,skin-protecting
POLYPHOSPHORYLCHOLINE GLYCOL ACRYLATE,film-forming
COELASTRELLA VACUOLATA OIL,skin-conditioning
JUNCUS EFFUSUS STALK EXTRACT,humectant
JUNCUS EFFUSUS STALK EXTRACT,skin-conditioning
HEXAPEPTIDE-61 DIMER,skin-conditioning
METHYL SUNFLOWERSEEDATE,emollient
METHYL SUNFLOWERSEEDATE,solvent
PANTOLACTONE,humectant
PANTOLACTONE,skin-conditioning
DAUCUS CAROTA SATIVA LEAF EXTRACT,skin-conditioning
ISOSTEARYL ISOSTEAROYL STEARATE,skin-conditioning
ENDOMYCES FERMENT FILTRATE,skin-conditioning
TAMBOURISSA TRICHOPHYLLA BARK EXTRACT,skin-conditioning
ETHYLHEXYL ACRYLATE/VP/DIMETHICONE METHACRYLATE COPOLYMER,skin-conditioning
ETHYLHEXYL ACRYLATE/VP/DIMETHICONE METHACRYLATE COPOLYMER,viscosity-controlling
MAGNESIUM PALMITOYL GLUTAMATE,skin-conditioning
HYDROGENATED SHEA OIL,emollient
HYDROGENATED SHEA OIL,opacifying
HYDROGENATED SHEA OIL,skin-conditioning
METHOXYCINNAMIC ACID,stabilising
METHOXYCINNAMIC ACID,uv-filter
CYMBIDIUM GREAT FLOWER FLOWER/STEM WATER,emollient
CYMBIDIUM GREAT FLOWER FLOWER/STEM WATER,skin-conditioning
SALACIA RETICULATA ROOT/STEM POWDER,skin-conditioning
ETHYLHEXYL ACRYLATE/METHYL METHACRYLATE COPOLYMER,film-forming
PEG/PPG-2/5 TOCOPHERYL ETHER,anticaking
PEG/PPG-2/5 TOCOPHERYL ETHER,antioxidant
PEG/PPG-2/5 TOCOPHERYL ETHER,binding
PEG/PPG-2/5 TOCOPHERYL ETHER,emulsifying
PEG/PPG-2/5 TOCOPHERYL ETHER,emulsion-stabilising
PEG/PPG-2/5 TOCOPHERYL ETHER,plasticiser
PEG/PPG-2/5 TOCOPHERYL ETHER,skin-conditioning
PEG/PPG-2/5 TOCOPHERYL ETHER,surfactant
PEG/PPG-2/5 TOCOPHERYL ETHER,uv-absorber
PENTAERYTHRITYL STEARATE,emollient
DIPEPTIDE DIAMINOBUTYROYL BENZYLAMIDE DIACETATE,skin-conditioning
ARGANIA SPINOSA LEAF CELL EXTRACT,skin-conditioning
LANETH-10,emulsifying
LANETH-10,surfactant
LANETH-10,viscosity-controlling
MYRISTYL ISOSTEARATE,emollient
MYRISTYL ISOSTEARATE,skin-conditioning
ARGANIA SPINOSA KERNEL OIL/HYDROGENATED ARGANIA SPINOSA KERNEL OIL ESTERS,emollient
ARGANIA SPINOSA KERNEL OIL/HYDROGENATED ARGANIA SPINOSA KERNEL OIL ESTERS,humectant
ARGANIA SPINOSA KERNEL OIL/HYDROGENATED ARGANIA SPINOSA KERNEL OIL ESTERS,skin-conditioning
CUCUMIS MELO PHYTOPLACENTA EXTRACT,skin-conditioning
HYDROXYBUTYRIC ACID/HYDROXYPENTANOIC ACID COPOLYMER,abrasive
HYDROXYBUTYRIC ACID/HYDROXYPENTANOIC ACID COPOLYMER,skin-conditioning
HYDROXYBUTYRIC ACID/HYDROXYPENTANOIC ACID COPOLYMER,viscosity-controlling
CARALLUMA FIMBRIATA STEM EXTRACT,skin-conditioning
POLYGLYCERYL-10 HEPTAOLEATE,skin-conditioning
SYNEPHRINE,skin-protecting
SILT,absorbent
SILT,astringent
SILT,humectant
SACCHAROMYCES/RICE FERMENT LEES EXTRACT FILTRATE,humectant
SACCHAROMYCES/RICE FERMENT LEES EXTRACT FILTRATE,skin-conditioning
PTYCHOPETALUM OLACOIDES BARK EXTRACT,skin-conditioning
CYNARA CARDUNCULUS SEED OIL,antioxidant
CYNARA CARDUNCULUS SEED OIL,emollient
TRIPEPTIDE-9 CITRULLINE,skin-conditioning
CHENOPODIUM QUINOA SEEDCAKE EXTRACT,skin-conditioning
CROCUS CHRYSANTHUS BULB EXTRACT,skin-conditioning
FLAVOBACTERIUM THERMOPHILUM FERMENT FILTRATE LYSATE,skin-conditioning
TRIMETHYLOL PROPANE CYCLOHEXENE DICARBOXYLATE,film-forming
GLYCERYL STEARATE,emollient
GLYCERYL STEARATE,emulsifying
DECYLTETRADECANOL,emollient
DECYLTETRADECANOL,skin-conditioning
DECYLTETRADECANOL,viscosity-controlling
PPG-77 TRIMETHYLOLPROPANE ETHER,skin-conditioning
LUFFA CYLINDRICA STEM SAP,skin-conditioning
PORPHOBILINOGEN LACTAM,skin-conditioning
STEARYL GLYCYRRHETINATE,skin-conditioning
STEARYL GLYCYRRHETINATE,soothing
EUCALYPTUS ALBA LEAF EXTRACT,skin-conditioning
PASSIFLORA EDULIS SEED OIL,emollient
PRUNUS CERASUS BUD EXTRACT,humectant
PEG-2 DIROSINATE,skin-conditioning
PEG-2 DIROSINATE,viscosity-controlling
HYDROLYZED RASPBERRY FRUIT,skin-conditioning
HYDROGENATED ISOCETYL OLIVATE,skin-conditioning
VACCINIUM CORYMBOSUM FRUIT EXTRACT,skin-conditioning
SMITHSONITE EXTRACT,antioxidant
SMITHSONITE EXTRACT,skin-conditioning
BIS-STEAROXYDIMETHYLSILANE,skin-conditioning
HYDROLYZED ALPINIA ZERUMBET,skin-conditioning
ILEX ROTUNDA LEAF EXTRACT,skin-protecting
CAPRYLAMIDE MEA,antioxidant
CAPRYLAMIDE MEA,emollient
CAPRYLAMIDE MEA,emulsifying
CAPRYLAMIDE MEA,skin-conditioning
CAPRYLAMIDE MEA,skin-protecting
CAPRYLAMIDE MEA,surfactant
LILIUM JAPONICUM EXTRACT,skin-conditioning
SEDUM TAKESIMENSE LEAF/STEM EXTRACT,antimicrobial
SEDUM TAKESIMENSE LEAF/STEM EXTRACT,skin-conditioning
MAGNOLIA CHAMPACA FLOWER WATER,skin-conditioning
HEXYLDECANOL,emollient
HEXYLDECANOL,skin-conditioning
SODIUM CHOLATE,skin-conditioning
SODIUM CHOLATE,skin-protecting
STIGMASTERYL ISOSTEARATE,skin-conditioning
POLYGLYCERYL-10 DIDECANOATE,emollient
POLYGLYCERYL-10 DIDECANOATE,emulsifying
GLYCOLIPIDS,skin-conditioning
DACTYLORHIZA FUCHSII EXTRACT,skin-conditioning
TAXUS CUSPIDATA MERISTEM CELL CULTURE CONDITIONED MEDIA,skin-protecting
POTASSIUM GLYCYRRHETINATE,masking
POTASSIUM GLYCYRRHETINATE,skin-conditioning
DIMETHICONOL SAL BUTTERATE,emollient
DIMETHICONOL SAL BUTTERATE,skin-conditioning
ACETYL OCTAPEPTIDE-3 OLIGOPEPTIDE-133,skin-conditioning
CITRUS UNSHIU PERICARP EXTRACT,skin-conditioning
SACCHAROMYCES/APPLE FRUIT/APRICOT KERNEL/PEACH KERNEL/COIX LACRYMA-JOBI MA-YUEN SEED/SUCROSE FERMENT FILTRATE,skin-conditioning
HYDROXYCINNAMOYL DIPEPTIDE-27 AMIDE,skin-conditioning
HYDROXYCINNAMOYL DIPEPTIDE-27 AMIDE,skin-protecting
BACILLUS/HOUTTUYNIA CORDATA LEAF EXTRACT/VOLCANIC ASH FERMENT FILTRATE,skin-conditioning
NONANOYL TRYPTAMINE,skin-conditioning
DEFATTED EGG YOLK POWDER,skin-conditioning
WHEAT GERM OIL/PALM OIL AMINOPROPANEDIOL ESTERS,skin-conditioning
SODIUM POLYACRYLATE CROSSPOLYMER-1,emollient
SODIUM POLYACRYLATE CROSSPOLYMER-1,film-forming
SODIUM POLYACRYLATE CROSSPOLYMER-1,skin-conditioning
PHYTOLACCA BOGOTENSIS LEAF EXTRACT,humectant
PHYTOLACCA BOGOTENSIS LEAF EXTRACT,skin-conditioning
PHYTOLACCA BOGOTENSIS LEAF EXTRACT,skin-protecting
CLADOSIPHON NOVAE-CALEDONIAE POLYSACCHARIDE,humectant
CLADOSIPHON NOVAE-CALEDONIAE POLYSACCHARIDE,skin-protecting
TRANSGENIC NEMATODE RH-POLYPEPTIDE-47,emollient
TRANSGENIC NEMATODE RH-POLYPEPTIDE-47,humectant
TRANSGENIC NEMATODE RH-POLYPEPTIDE-47,skin-conditioning
CASTANEA SATIVA SEED EXTRACT,skin-conditioning
ZINC ACETYLMETHIONATE,skin-conditioning
SACCHAROMYCES/WHEAT GERM FERMENT FILTRATE,antioxidant
SACCHAROMYCES/WHEAT GERM FERMENT FILTRATE,emollient
SACCHAROMYCES/WHEAT GERM FERMENT FILTRATE,humectant
SACCHAROMYCES/WHEAT GERM FERMENT FILTRATE,skin-conditioning
GLYCERYL UNDECYL DIMETHICONE,film-forming
DIMETHYL OXOBENZO DIOXASILANE,skin-conditioning
THYMUS VULGARIS LEAF/STEM POWDER,skin-conditioning
SODIUM DISTEAROYL GLYCERYL ASCORBATE,antioxidant
SODIUM DISTEAROYL GLYCERYL ASCORBATE,humectant
SODIUM DISTEAROYL GLYCERYL ASCORBATE,skin-conditioning
BIS-HEMA POLY(BUTYLENE/HEXAMETHYLENE CARBONATE)/IPDI COPOLYMER,film-forming
MYRISTOYL HEXAPEPTIDE-5,skin-conditioning
PEG-5 PENTAERYTHRITYL ETHER,emollient
C12-15 PARETH-12 OLEATE,emollient
C12-15 PARETH-12 OLEATE,skin-conditioning
ROSA GALLICA CALLUS POWDER,skin-conditioning
SH-POLYPEPTIDE-56 TRIPEPTIDE-44 RH-POLYPEPTIDE-7,skin-conditioning
HEPTAPEPTIDE-34,skin-conditioning
DITRIMETHYLOLPROPANE TETRAISOSTEARATE/HYDROXYSTEARATE,emollient
DITRIMETHYLOLPROPANE TETRAISOSTEARATE/HYDROXYSTEARATE,skin-conditioning
MYRICA PUBESCENS FRUIT CERA,film-forming
MYRICA PUBESCENS FRUIT CERA,skin-conditioning
MYRICA PUBESCENS FRUIT CERA,viscosity-controlling
KRAMERIA TRIANDRA ROOT EXTRACT,skin-conditioning
ROSA DAMASCENA BUD EXTRACT,skin-conditioning
SACCHAROMYCES LYSATE EXTRACT,humectant
SACCHAROMYCES LYSATE EXTRACT,skin-conditioning
CHENOPODIUM ALBUM FLOWER EXTRACT,skin-conditioning
BENZYLCARBAMOYL NAPHTHYLMETHYL LAUROYLBENZOATEMETHYL DIOXOMETHYLPYRAZINOPYRIMIDINE,skin-conditioning
AMARANTHUS CRUENTUS SEED OIL,skin-conditioning
AMARANTHUS CRUENTUS SEED OIL,skin-protecting
PEAT,skin-conditioning
PERSEA GRATISSIMA CALLUS POWDER,skin-conditioning
OLIGOPEPTIDE-116,skin-conditioning
CYCLOPIA INTERMEDIA LEAF EXTRACT,humectant
CYCLOPIA INTERMEDIA LEAF EXTRACT,skin-conditioning
LYSINE OCTATRIENOATE,skin-protecting
SCHIZOTHRIX CALCICIOLA EXTRACT,skin-conditioning
DECYL MYRISTATE,emollient
DECYL MYRISTATE,skin-conditioning
POLYURETHANE-62,binding
POLYURETHANE-62,viscosity-controlling
LEPISTA NUDA FERMENT FILTRATE POWDER,antioxidant
LEPISTA NUDA FERMENT FILTRATE POWDER,skin-conditioning
LEPISTA NUDA FERMENT FILTRATE POWDER,skin-protecting
HEXAPEPTIDE-53,skin-conditioning
PHORMIUM TENAX ROOT EXTRACT,skin-conditioning
SALT MINE MUD,abrasive
SALT MINE MUD,absorbent
SALT MINE MUD,astringent
SALT MINE MUD,skin-conditioning
ROSMARINYL GLUCOSIDE,antioxidant
ROSMARINYL GLUCOSIDE,skin-conditioning
MYRICA CERIFERA FRUIT WAX,emollient
MYRICA CERIFERA FRUIT WAX,film-forming
MYRICA CERIFERA FRUIT WAX,skin-conditioning
MYRICA CERIFERA FRUIT WAX,viscosity-controlling
POLYQUATERNIUM-102,emulsion-stabilising
POLYQUATERNIUM-102,opacifying
POLYQUATERNIUM-102,viscosity-controlling
ANGELICA CARTILAGINOMARGINATA EXTRACT,skin-conditioning
SH-PENTAPEPTIDE-35,skin-conditioning
ETHIODIZED OIL,emollient
ALOE BARBADENSIS LEAF JUICE POWDER,skin-conditioning
ALOE BARBADENSIS PHYTOPLACENTA EXTRACT,humectant
ALOE BARBADENSIS PHYTOPLACENTA EXTRACT,skin-conditioning
ASTER GLEHNII EXTRACT,humectant
SODIUM MALATE,humectant
SODIUM MALATE,skin-conditioning
NARCISSUS TAZETTA CALLUS EXTRACT,antimicrobial
NARCISSUS TAZETTA CALLUS EXTRACT,antioxidant
NARCISSUS TAZETTA CALLUS EXTRACT,skin-conditioning
SAMBUCUS NIGRA BRANCH EXTRACT,emollient
SAMBUCUS NIGRA BRANCH EXTRACT,skin-conditioning
CUCUMIS MELO ROOT EXTRACT,humectant
CUCUMIS MELO ROOT EXTRACT,skin-conditioning
RH-POLYPEPTIDE-20,skin-conditioning
CORN STARCH/MALTODEXTRIN CROSSPOLYMER,film-forming
KUMMEROWIA STRIATA ROOT EXTRACT,emollient
KUMMEROWIA STRIATA ROOT EXTRACT,humectant
KUMMEROWIA STRIATA ROOT EXTRACT,skin-conditioning
OLEAMIDE DIPA,emulsifying
OLEAMIDE DIPA,surfactant
OLEAMIDE DIPA,viscosity-controlling
NELUMBO NUCIFERA FLOWER WAX,skin-conditioning
NELUMBO NUCIFERA FLOWER WAX,viscosity-controlling
LESSONIA NIGRESCENS POWDER,binding
LESSONIA NIGRESCENS POWDER,viscosity-controlling
JUNIPERUS SCOPULORUM EXTRACT,skin-conditioning
ARGANIA SPINOSA FRUIT EXTRACT,skin-conditioning
PERILLA OCYMOIDES LEAF POWDER,skin-conditioning
NIPRADILOL,skin-conditioning
RUBUS ELLIPTICUS ROOT EXTRACT,humectant
SODIUM LACTATE,buffering
SODIUM LACTATE,humectant
SODIUM LACTATE,keratolytic
MIRABILIS JALAPA CALLUS EXTRACT,skin-protecting
MALVA MOSCHATA FLOWER EXTRACT,humectant
MALVA MOSCHATA FLOWER EXTRACT,skin-conditioning
GLYCERYL STEARATE LACTATE,emollient
GLYCERYL STEARATE LACTATE,emulsifying
GLYCERYL STEARATE LACTATE,skin-conditioning
TAISOU EKISU,skin-conditioning
AMBROSIA TRIFIDA LEAF EXTRACT,antioxidant
AMBROSIA TRIFIDA LEAF EXTRACT,humectant
AMBROSIA TRIFIDA LEAF EXTRACT,skin-conditioning
CHOLESTERYL NONANOATE,emollient
PHORMIUM TENAX LEAF POWDER,emollient
PHORMIUM TENAX LEAF POWDER,humectant
PHORMIUM TENAX LEAF POWDER,skin-conditioning
ISORHAMNETIN,skin-protecting
POLYGLYCERYL-10 PENTAISOSTEARATE,emollient
POLYGLYCERYL-10 PENTAISOSTEARATE,emulsifying
LACTOBACILLUS/PUNICA GRANATUM FRUIT JUICE FERMENT FILTRATE,humectant
PROPIONYL COLLAGEN AMINO ACIDS,skin-conditioning
PIPER ANGUSTIFOLIUM EXTRACT,skin-protecting
ISOSTEARAMIDE MIPA,antistatic
ISOSTEARAMIDE MIPA,foam-boosting
ISOSTEARAMIDE MIPA,surfactant
ISOSTEARAMIDE MIPA,viscosity-controlling
TETRAPEPTIDE-6,skin-conditioning
SACCHAROMYCES/HYDROLYZED GERMINATED RICE GRAIN FERMENT FILTRATE,humectant
SACCHAROMYCES/HYDROLYZED GERMINATED RICE GRAIN FERMENT FILTRATE,skin-conditioning
DI-C12-15 ALKYL MALEATE,emollient
DI-C12-15 ALKYL MALEATE,skin-conditioning
DI-C12-15 ALKYL MALEATE,solvent
TRIETHOXYSILYLETHYL POLYDIMETHYLSILOXYETHYL HEXYL DIMETHICONE,skin-conditioning
GALACTOMYCES FERMENT FILTRATE,humectant
GLYCERYL ERUCATE,emollient
GLYCERYL ERUCATE,emulsifying
LAURYL DIMETHICONE,skin-conditioning
BIS-HEMA IPDI/PEG-4 COPOLYMER,film-forming
POLYQUATERNIUM-31,antistatic
POLYQUATERNIUM-31,film-forming
LAURDIMONIUMHYDROXYPROPYL LAURYLGLUCOSIDES CHLORIDE,cleansing
LAURDIMONIUMHYDROXYPROPYL LAURYLGLUCOSIDES CHLORIDE,emulsifying
LAURDIMONIUMHYDROXYPROPYL LAURYLGLUCOSIDES CHLORIDE,skin-conditioning
LAURDIMONIUMHYDROXYPROPYL LAURYLGLUCOSIDES CHLORIDE,surfactant
POLYGLYCERYL-10 HEPTASTEARATE,skin-conditioning
POLYGLYCERYL-10/SEBACIC ACID/SHEA BUTTER CROSSPOLYMER,humectant
POLYGLYCERYL-10/SEBACIC ACID/SHEA BUTTER CROSSPOLYMER,skin-conditioning
R-SALMON OLIGOPEPTIDE-1,antioxidant
R-SALMON OLIGOPEPTIDE-1,skin-protecting
DIHYDROQUERCETIN TETRACAPRYLATE,antioxidant
DIHYDROQUERCETIN TETRACAPRYLATE,emollient
DIHYDROQUERCETIN TETRACAPRYLATE,humectant
DIHYDROQUERCETIN TETRACAPRYLATE,skin-conditioning
BUTYROSPERMUM PARKII NUT EXTRACT,emollient
HYDROLYZED SACCHAROMYCES EXTRACT OCTENYLSUCCINATE,skin-protecting
ALLANTOIN CALCIUM PANTOTHENATE,skin-conditioning
ALLANTOIN CALCIUM PANTOTHENATE,skin-protecting
ALLANTOIN CALCIUM PANTOTHENATE,soothing
S-SYRINGOYL ACETYL METHYL CYSTEINATE,skin-conditioning
RIBES RUBRUM (CURRANT) FRUIT WATER,skin-conditioning
RHUS GLABRA BARK/BERRY/ROOT EXTRACT,antiseborrhoeic
RHUS GLABRA BARK/BERRY/ROOT EXTRACT,astringent
RHUS GLABRA BARK/BERRY/ROOT EXTRACT,skin-conditioning
BELLIS PERENNIS FLOWER EXTRACT,skin-conditioning
PPG-36 OLEATE,emollient
PPG-36 OLEATE,skin-conditioning
COCONUT OIL PEG-10 ESTERS,emollient
COCONUT OIL PEG-10 ESTERS,emulsifying
COCONUT OIL PEG-10 ESTERS,skin-conditioning
COCONUT OIL PEG-10 ESTERS,surfactant
RHEUM RHABARBARUM STALK EXTRACT,skin-conditioning
PRUNUS AMYGDALUS AMARA SEED EXTRACT,skin-conditioning
ORBIGNYA SPECIOSA KERNEL OIL,emollient
LACTOBACILLUS/SOYBEAN SEED FERMENT EXTRACT FILTRATE,humectant
ASCOPHYLLUM NODOSUM,skin-conditioning
HYDROLYZED SALMON OVARY EXTRACT,emollient
HYDROLYZED SALMON OVARY EXTRACT,skin-conditioning
MAGNOLIA ACUMINATA BARK EXTRACT,skin-conditioning
YOUNGIA SONCHIFOLIA CALLUS CULTURE CONDINIONED MEDIA,antioxidant
YOUNGIA SONCHIFOLIA CALLUS CULTURE CONDINIONED MEDIA,skin-conditioning
YOUNGIA SONCHIFOLIA CALLUS CULTURE CONDINIONED MEDIA,skin-protecting
POLYDIETHYLENEGLYCOL ADIPATE/IPDI COPOLYMER,film-forming
SODIUM ACRYLATE/SODIUM ACRYLOYLDIMETHYL TAURATE COPOLYMER,anticaking
SODIUM ACRYLATE/SODIUM ACRYLOYLDIMETHYL TAURATE COPOLYMER,emulsion-stabilising
SODIUM ACRYLATE/SODIUM ACRYLOYLDIMETHYL TAURATE COPOLYMER,film-forming
SODIUM ACRYLATE/SODIUM ACRYLOYLDIMETHYL TAURATE COPOLYMER,opacifying
SODIUM ACRYLATE/SODIUM ACRYLOYLDIMETHYL TAURATE COPOLYMER,viscosity-controlling
HYDROGENATED METHYL ABIETATE,viscosity-controlling
CISSAMPELOS PAREIRA BARK EXTRACT,skin-conditioning
CARLINA ACAULIS ROOT EXTRACT,skin-conditioning
SR-PECTOBACTERIUM POLYPEPTIDE-1 ARGINYL SR-SPIDER OLIGOPEPTIDE-1 DIPEPTIDE-19 HEXAPEPTIDE-40,antioxidant
SR-PECTOBACTERIUM POLYPEPTIDE-1 ARGINYL SR-SPIDER OLIGOPEPTIDE-1 DIPEPTIDE-19 HEXAPEPTIDE-40,skin-protecting
PEG-8 HYDROGENATED FISH GLYCERIDES,emollient
PEG-8 HYDROGENATED FISH GLYCERIDES,emulsifying
SODIUM STEAROYL HYDROLYZED SWEET ALMOND PROTEIN,antistatic
SODIUM STEAROYL HYDROLYZED SWEET ALMOND PROTEIN,emollient
SODIUM STEAROYL HYDROLYZED SWEET ALMOND PROTEIN,emulsifying
SODIUM STEAROYL HYDROLYZED SWEET ALMOND PROTEIN,skin-conditioning
SODIUM STEAROYL HYDROLYZED SWEET ALMOND PROTEIN,surfactant
LAURYL ALCOHOL DIPHOSPHONIC ACID,emulsion-stabilising
DIISOSTEARYL SEBACATE,emollient
DIISOSTEARYL SEBACATE,skin-conditioning
STARCH TALLOWATE,emollient
STARCH TALLOWATE,skin-conditioning
SH-POLYPEPTIDE-92,skin-conditioning
CITRUS LIMON FRUIT WATER,masking
CITRUS LIMON FRUIT WATER,skin-conditioning
CAPRYLYL DIMETHICONE ETHOXY GLUCOSIDE,emulsifying
CAPRYLYL DIMETHICONE ETHOXY GLUCOSIDE,emulsion-stabilising
CAPRYLYL DIMETHICONE ETHOXY GLUCOSIDE,surfactant
SODIUM STYRENE/ACRYLATES/ETHYLHEXYL ACRYLATE/LAURYL ACRYLATE COPOLYMER,film-forming
ORYZA SATIVA BRAN WAX,skin-conditioning
RUBUS DELICIOSUS EXTRACT,skin-conditioning
TETRADECYLOCTADECYL MYRISTATE,binding
TETRADECYLOCTADECYL MYRISTATE,emulsion-stabilising
TETRADECYLOCTADECYL MYRISTATE,film-forming
TETRADECYLOCTADECYL MYRISTATE,opacifying
TETRADECYLOCTADECYL MYRISTATE,skin-conditioning
PHOLIOTA MICROSPORA POLYSACCHARIDES,emollient
PHOLIOTA MICROSPORA POLYSACCHARIDES,humectant
PHOLIOTA MICROSPORA POLYSACCHARIDES,skin-conditioning
BUDDLEJA GLOBOSA LEAF EXTRACT,skin-conditioning
S-MUSSEL OLIGOPEPTIDE-1,skin-conditioning
SACCHAROMYCES/BARLEY SEED FERMENT FILTRATE,humectant
MACLURA POMIFERA FRUIT EXTRACT,skin-conditioning
SOY MILK,skin-conditioning
NICOTINOYL SH-DECAPEPTIDE-9,skin-conditioning
NICOTINOYL SH-DECAPEPTIDE-9,skin-protecting
PINUS THUNBERGII BRANCH/LEAF EXTRACT,skin-protecting
C16-24 ALKYL C16-24 ACIDATE,bulking
C16-24 ALKYL C16-24 ACIDATE,film-forming
C16-24 ALKYL C16-24 ACIDATE,skin-conditioning
C16-24 ALKYL C16-24 ACIDATE,viscosity-controlling
LACTOBACILLUS/CORIANDRUM SATIVUM SEED FERMENT FILTRATE,skin-conditioning
MONARDA DIDYMA LEAF EXTRACT,skin-conditioning
CETRARIA ISLANDICA THALLUS/POLYPODIUM VULGARE RHIZOME/SPHAGNUM MAGELLANICUM EXTRACT,humectant
CETRARIA ISLANDICA THALLUS/POLYPODIUM VULGARE RHIZOME/SPHAGNUM MAGELLANICUM EXTRACT,skin-conditioning
PHELLINUS LINTEUS/ROYAL JELLY EXTRACT,skin-conditioning
MYRISTOYL PENTAPEPTIDE-17,skin-conditioning
DIHEPTYL SUCCINATE,emollient
DIHEPTYL SUCCINATE,skin-conditioning
C4-6 OLEFIN/STYRENE COPOLYMER,depilatory
C4-6 OLEFIN/STYRENE COPOLYMER,skin-conditioning
RETINYL PALMITATE/CARROT POLYPEPTIDE,skin-conditioning
MAMUSHI OIL,skin-conditioning
PENTAERYTHRITYL TETRAMYRISTATE,emollient
MARSDENIA CUNDURANGO ROOT EXTRACT,skin-conditioning
ISOPROPYLIDENEDIPHENYL BISOXYHYDROXYPROPYL ACRYLATE,film-forming
CELLOBIOSE OCTANONANOATE,viscosity-controlling
POLYHYDROXYBUTYRATE,abrasive
POLYHYDROXYBUTYRATE,skin-conditioning
GANODERMA JAPONICUM MYCELIUM FERMENT EXTRACT FILTRATE,antioxidant
GANODERMA JAPONICUM MYCELIUM FERMENT EXTRACT FILTRATE,skin-conditioning
GANODERMA JAPONICUM MYCELIUM FERMENT EXTRACT FILTRATE,skin-protecting
DRACOCEPHALUM MOLDAVICA FLOWER/LEAF/STEM EXTRACT,skin-conditioning
AVENA SATIVA FLOWER/LEAF/STEM JUICE,skin-conditioning
COCOYL PENTAPEPTIDE-41,skin-conditioning
CORCHORUS CAPSULARIS EXTRACT,skin-conditioning
SR-CLOSTRIDIUM BOTULINUM POLYPEPTIDE-1,skin-conditioning
VITEX ROTUNDIFOLIA SEED EXTRACT,antioxidant
VITEX ROTUNDIFOLIA SEED EXTRACT,humectant
VITEX ROTUNDIFOLIA SEED EXTRACT,skin-conditioning
VITEX ROTUNDIFOLIA SEED EXTRACT,skin-protecting
ISOPROPYLIDENEDIPHENYL BISOXYHYDROXYPROPYL METHACRYLATE,film-forming
HYDROXYAPATITE,abrasive
HYDROXYAPATITE,bulking
HYDROXYAPATITE,emulsion-stabilising
SEDUM ROSEA ROOT EXTRACT,antioxidant
SEDUM ROSEA ROOT EXTRACT,astringent
SEDUM ROSEA ROOT EXTRACT,skin-conditioning
CYPRIPEDIUM PUBESCENS EXTRACT,skin-conditioning
CYPRIPEDIUM PUBESCENS EXTRACT,tonic
PEI-1500,viscosity-controlling
PELARGONIUM SIDOIDES ADVENTITIOUS ROOT EXTRACT,antimicrobial
PELARGONIUM SIDOIDES ADVENTITIOUS ROOT EXTRACT,antioxidant
PELARGONIUM SIDOIDES ADVENTITIOUS ROOT EXTRACT,humectant
PELARGONIUM SIDOIDES ADVENTITIOUS ROOT EXTRACT,skin-protecting
LANSIUM DOMESTICUM PERICARP EXTRACT,skin-conditioning
THEOBROMA CACAO FRUIT POWDER,skin-conditioning
C16-17 ISOALCOHOLS,emollient
C16-17 ISOALCOHOLS,skin-conditioning
ISOHEXYL NEOPENTANOATE,emollient
ISOHEXYL NEOPENTANOATE,skin-conditioning
PANAX GINSENG MERISTEM CELL,skin-conditioning
CLAY MINERALS,astringent
CLAY MINERALS,binding
CLAY MINERALS,buffering
CLAY MINERALS,humectant
ADENOSINE CYCLIC PHOSPHATE,skin-conditioning
ELAIDOYL TRIPEPTIDE-37,skin-conditioning
SYNECHOCOCCUS ELONGATUS LYSATE FILTRATE,skin-conditioning
RESVERATRYL GLUCOSIDE,humectant
VIBURNUM PRUNIFOLIUM EXTRACT,masking
VIBURNUM PRUNIFOLIUM EXTRACT,skin-conditioning
GLYCERYL ACETATE,skin-conditioning
OLIGOPEPTIDE-56 AMIDO PEG-240 METHYL ETHER,skin-conditioning
MOTHER OF PEARL EXTRACT,skin-conditioning
CAMELLIA JAPONICA SEED OIL,emollient
CAMELLIA JAPONICA SEED OIL,skin-conditioning
NELUMBO NUCIFERA STEM EXTRACT,antioxidant
NELUMBO NUCIFERA STEM EXTRACT,skin-conditioning
ALCOHOL DENAT.,antifoaming
ALCOHOL DENAT.,antimicrobial
ALCOHOL DENAT.,astringent
ALCOHOL DENAT.,masking
ALCOHOL DENAT.,solvent
ALCOHOL DENAT.,viscosity-controlling
TILIA PLATYPHYLLOS FLOWER,skin-conditioning
CETEARETH-7 STEARATE,skin-conditioning
DIMETHICONE/VINYL DIMETHICONE CROSSPOLYMER,viscosity-controlling
10-HYDROXYSTEARIC ACID,skin-conditioning
10-HYDROXYSTEARIC ACID,skin-protecting
EUTERPE OLERACEA SEED POWDER,abrasive
EUTERPE OLERACEA SEED POWDER,skin-conditioning
LEVAN/FRUCTOSE/GLUCOSE/SUCROSE,emollient
LEVAN/FRUCTOSE/GLUCOSE/SUCROSE,skin-conditioning
MELISSA OFFICINALIS LEAF WATER,skin-conditioning
FERROUS ASPARTATE,skin-conditioning
LACTOBACILLUS/SCHIZOSACCHAROMYCES/CAMELLIA SINENSIS LEAF EXTRACT FERMENT FILTRATE,humectant
LACTOBACILLUS/SCHIZOSACCHAROMYCES/CAMELLIA SINENSIS LEAF EXTRACT FERMENT FILTRATE,skin-conditioning
NIGERO OLIGOSACCHARIDES,humectant
BIOTINOYL HISTIDYL D-TRYPTOPHANYL DIPEPTIDE-29 D-PHENYLALANYL LYSINAMIDE TRIFLUOROACETATE,skin-conditioning
ANETHUM GRAVEOLENS LEAF POWDER,skin-conditioning
ADANSONIA DIGITATA SEED OIL POLYGLYCERYL-6 ESTERS,emollient
ADANSONIA DIGITATA SEED OIL POLYGLYCERYL-6 ESTERS,emulsifying
PHASEOLUS RADIATUS SPROUT EXTRACT,humectant
PHASEOLUS RADIATUS SPROUT EXTRACT,skin-conditioning
QUERCUS AEGILOPS CUPULE EXTRACT,skin-conditioning
PHYTANTRIOL,humectant
DECYL JOJOBATE,emollient
DECYL JOJOBATE,skin-conditioning
CLADONIA RANGIFERINA EXTRACT,skin-conditioning
RH-POLYPEPTIDE-79,antioxidant
RH-POLYPEPTIDE-79,skin-protecting
SACCHAROMYCES/CUCUMIS MELO FRUIT/FRAGARIA CHILOENSIS FRUIT/VITIS VINIFERA FRUIT/AKEBIA QUINATA FRUIT/PYRUS MALUS FRUIT/FICUS CARICA FRUIT/MUSA PARADISIACA FRUIT/SUCROSE FERMENT FILTRATE,humectant
C20-40 ALKYL CRYLENE,emulsion-stabilising
C20-40 ALKYL CRYLENE,film-forming
C20-40 ALKYL CRYLENE,viscosity-controlling
HEXYL METHICONE,emollient
HEXYL METHICONE,skin-conditioning
ADENOSINE PHOSPHATE,skin-conditioning
SH-OLIGOPEPTIDE-1 SR-OCEAN POUT OLIGOPEPTIDE-1 DIPEPTIDE-39,skin-protecting
BRIAREUM EXCAVATUM EXTRACT,skin-conditioning
LACHANCEA/HYDROLYZED RICE FERMENT FILTRATE,humectant
LACHANCEA/HYDROLYZED RICE FERMENT FILTRATE,skin-conditioning
MUSA SAPIENTUM PULP EXTRACT,skin-conditioning
BALIOSPERMUM MONTANUM ROOT POWDER,skin-conditioning
ZIZIPHUS JOAZEIRO BARK EXTRACT,antidandruff
ZIZIPHUS JOAZEIRO BARK EXTRACT,skin-conditioning
HYDROGENATED BUTYLENE/ETHYLENE/STYRENE COPOLYMER,emollient
HYDROGENATED BUTYLENE/ETHYLENE/STYRENE COPOLYMER,skin-conditioning
HYDROGENATED BUTYLENE/ETHYLENE/STYRENE COPOLYMER,viscosity-controlling
CROSCARMELLOSE,binding
CROSCARMELLOSE,bulking
CROSCARMELLOSE,gel-forming
CROSCARMELLOSE,viscosity-controlling
CALENDULA OFFICINALIS FLOWER/LEAF/STEM JUICE,skin-conditioning
PSICOSE,humectant
PSICOSE,skin-conditioning
DIHYDROPHYTOSTERYL OCTYLDECANOATE,emollient
DIHYDROPHYTOSTERYL OCTYLDECANOATE,skin-conditioning
CAMELLIA JAPONICA SEED POWDER,skin-conditioning
MATRINE,antioxidant
MATRINE,skin-conditioning
POLYGLYCERYL-10 PENTALAURATE,emollient
POLYGLYCERYL-10 PENTALAURATE,emulsifying
HYDROLYZED PHYLLOSTACHYS HETEROCYCLA/CHARCOAL/PAPAIN/BOYSENBERRY FRUIT FERMENT FILTRATE,emollient
HYDROLYZED PHYLLOSTACHYS HETEROCYCLA/CHARCOAL/PAPAIN/BOYSENBERRY FRUIT FERMENT FILTRATE,skin-conditioning
LEUCONOSTOC/SORBUS AUCUPARIA FRUIT FERMENT FILTRATE,skin-conditioning
MYRISTOYL PENTAPEPTIDE-10,skin-conditioning
PEG-7 GLYCERYL LAURATE,emollient
PEG-7 GLYCERYL LAURATE,emulsifying
CETYL CAPRYLATE,emollient
CETYL CAPRYLATE,skin-conditioning
FORSYTHIA VIRIDISSIMA FRUIT/(ANGELICA ACUTILOBA/ACTAEA DAHURICA/GLYCYRRHIZA GLABRA/PAEONIA LACTIFLORA/PLATYCODON GRANDIFLORUS/PUERARIA MONTANA) ROOT EXTRACT,emollient
FORSYTHIA VIRIDISSIMA FRUIT/(ANGELICA ACUTILOBA/ACTAEA DAHURICA/GLYCYRRHIZA GLABRA/PAEONIA LACTIFLORA/PLATYCODON GRANDIFLORUS/PUERARIA MONTANA) ROOT EXTRACT,skin-conditioning
HUMULUS JAPONICUS FLOWER/LEAF/STEM EXTRACT,skin-conditioning
OLIGOPEPTIDE-107 SH-POLYPEPTIDE-7,skin-conditioning
SACCHAROMYCES/MAGNESIUM FERMENT HYDROLYSATE,skin-conditioning
TETRAPEPTIDE-44 NICOTINATE,skin-conditioning
ULMUS DAVIDIANA ROOT EXTRACT,skin-conditioning
RUBUS CHAMAEMORUS SEED OIL,skin-conditioning
COIX LACRYMA-JOBI MA-YUEN SEED EXTRACT,skin-conditioning
ONYCHIUM JAPONICUM EXTRACT,skin-conditioning
OLIGOPEPTIDE-114 ACETATE,absorbent
OLIGOPEPTIDE-114 ACETATE,skin-conditioning
TARAKTOGENOS KURZII SEED OIL,skin-conditioning
GLYCERYL BEHENATE,emollient
GLYCERYL BEHENATE,emulsifying
ISOPROPYL HYDROXYCETYL ETHER,skin-conditioning
ISOPROPYL HYDROXYCETYL ETHER,surfactant
MARIS AQUA,humectant
MARIS AQUA,solvent
CICHORIUM INTYBUS LEAF EXTRACT,masking
CICHORIUM INTYBUS LEAF EXTRACT,skin-conditioning
CURCUMA LONGA LEAF POWDER,skin-conditioning
ADIPIC ACID/DIGLYCOL CROSSPOLYMER,film-forming
SCLEROTIUM GUM,emulsion-stabilising
SCLEROTIUM GUM,skin-conditioning
SCLEROTIUM GUM,viscosity-controlling
PHASEOLUS RADIATUS MERISTEM CELL CULTURE EXTRACT,skin-conditioning
MALVA SYLVESTRIS SEED,skin-conditioning
INDOLEACETYL GLUTAMIC ACID,skin-protecting
LEONTOPODIUM ALPINUM FLOWER/LEAF WATER,emollient
LEONTOPODIUM ALPINUM FLOWER/LEAF WATER,humectant
LEONTOPODIUM ALPINUM FLOWER/LEAF WATER,skin-conditioning
WASABIA JAPONICA ROOT POWDER,skin-conditioning
PERFLUORONONYLETHYL CARBOXYDECYL PEG-8 DIMETHICONE,skin-conditioning
GRACILARIA VERMICULOPHYLLA EXTRACT,skin-conditioning
ARGANIA SPINOSA SPROUT CELL EXTRACT,skin-conditioning
LAMIUM ALBUM FLOWER EXTRACT,astringent
LAMIUM ALBUM FLOWER EXTRACT,skin-conditioning
CARUM PETROSELINUM EXTRACT,skin-conditioning
CITRUS TAMURANA PEEL EXTRACT,humectant
CITRUS TAMURANA PEEL EXTRACT,skin-conditioning
LINDERA UMBELLATA LEAF OIL,skin-conditioning
LIMNANTHES ALBA SEED OIL,skin-conditioning
CHALK,abrasive
CHALK,absorbent
CHALK,bulking
CHALK,opacifying
CHALK,viscosity-controlling
SANTALUM ALBUM SEED EXTRACT,skin-conditioning
STYRENE/ACRYLATES/AMMONIUM METHACRYLATE COPOLYMER,film-forming
STYRENE/ACRYLATES/AMMONIUM METHACRYLATE COPOLYMER,opacifying
AGLAIA ODORATA FLOWER OIL,emollient
AZURITE,skin-conditioning
POLYACRYLATE-33,viscosity-controlling
POLY C10-30 ALKYL ACRYLATE,emulsion-stabilising
POLY C10-30 ALKYL ACRYLATE,viscosity-controlling
SD ALCOHOL 37,astringent
SD ALCOHOL 37,solvent
SD ALCOHOL 37,viscosity-controlling
POLYPERFLUOROETHOXYMETHOXY DIFLUOROETHYL PEG DIISOSTEARATE,skin-conditioning
ACIDOPHILUS/GRAPE FERMENT,skin-conditioning
APRICOT KERNEL OIL POLYGLYCERYL-4 ESTERS,emollient
APRICOT KERNEL OIL POLYGLYCERYL-4 ESTERS,emulsifying
APRICOT KERNEL OIL POLYGLYCERYL-4 ESTERS,skin-conditioning
APRICOT KERNEL OIL POLYGLYCERYL-4 ESTERS,surfactant
OENOTHERA BIENNIS SEED EXTRACT,skin-conditioning
SACCHAROMYCES/BORAGO OFFICINALIS SEED OIL/GLYCERIN FERMENT FILTRATE,emollient
SACCHAROMYCES/BORAGO OFFICINALIS SEED OIL/GLYCERIN FERMENT FILTRATE,skin-conditioning
HUMAN URINE DERIVED STEM CELL CONDITIONED MEDIA,emollient
HUMAN URINE DERIVED STEM CELL CONDITIONED MEDIA,humectant
HUMAN URINE DERIVED STEM CELL CONDITIONED MEDIA,skin-conditioning
HUMAN URINE DERIVED STEM CELL CONDITIONED MEDIA,skin-protecting
CITRUS MEDICA SARCODACTYLIS FRUIT EXTRACT,skin-conditioning
CETEARETH-6 OLIVATE,emulsifying
CETEARETH-6 OLIVATE,emulsion-stabilising
CETEARETH-6 OLIVATE,skin-conditioning
MANILKARA MULTINERVIS LEAF EXTRACT,skin-conditioning
POLLEN,skin-conditioning
HYDROLYZED LIMONIUM LATIFOLIUM,skin-protecting
(LEPIDIUM MEYENII/SARCODON ASPRATUS) ROOT WATER,antioxidant
(LEPIDIUM MEYENII/SARCODON ASPRATUS) ROOT WATER,antiseborrhoeic
(LEPIDIUM MEYENII/SARCODON ASPRATUS) ROOT WATER,skin-conditioning
(LEPIDIUM MEYENII/SARCODON ASPRATUS) ROOT WATER,skin-protecting
PHTHALIC ACID DENATURED WITH EPOXY RESIN ALKYD RESIN,film-forming
HIBISCUS CANNABINUS STEM POWDER,skin-conditioning
PORPHYRIDIUM POLYSACCHARIDE HYDROXYPROPYLTRIMONIUM CHLORIDE,antimicrobial
PORPHYRIDIUM POLYSACCHARIDE HYDROXYPROPYLTRIMONIUM CHLORIDE,antioxidant
PORPHYRIDIUM POLYSACCHARIDE HYDROXYPROPYLTRIMONIUM CHLORIDE,humectant
PORPHYRIDIUM POLYSACCHARIDE HYDROXYPROPYLTRIMONIUM CHLORIDE,skin-protecting
C12-14 SEC-PARETH-50,emulsifying
C12-14 SEC-PARETH-50,emulsion-stabilising
C12-14 SEC-PARETH-50,surfactant
BIS-HEMA POLY(1‚4-BUTANEDIOL)-9/IPDI COPOLYMER,film-forming
GRINDELIA ROBUSTA EXTRACT,skin-conditioning
GRINDELIA ROBUSTA EXTRACT,tonic
CERASUS YOUKOU LEAF EXTRACT,skin-conditioning
PASSIFLORA COCCINEA CALLUS EXTRACT,antioxidant
PASSIFLORA COCCINEA CALLUS EXTRACT,skin-conditioning
PASSIFLORA COCCINEA CALLUS EXTRACT,skin-protecting
LACTOBACILLUS/PEAR JUICE FERMENT FILTRATE,skin-conditioning
ASPERGILLUS/LACTOBACILLUS/LEUCONOSTOC/PEDIOCOCCUS/SACCHAROMYCES/ZYGOSACCHAROMYCES/HORDEUM VULGARE SEED/SOYBEAN SEED/RICE SEED/PHASEOLUS ANGULARIS SEED/CANAVALIA GLADIATA SEED/COIX LACHRYMA-JOBI MA-YUEN SEED/ECHINOCHLOA UTILIS SEED/SETARIA ITALICA SEED/MILLET SEED/VITIS LABRUSCA FRUIT/APPLE FRUIT/CITRUS UNSHIU FRUIT/VITIS COIGNETIAE FRUIT/MUSA SAPIENTUM FRUIT/PEACH FRUIT/PRUNUS MUME FRUIT/PYRUS PYRIFOLIA FRUIT/FIG FRUIT/WATERMELON FRUIT/CUCURBITA MAXIMA FRUIT/DIOSPYROS KAKI FRUIT/PAPAYA FRUIT/APRICOT FRUIT/FORTUNELLA CRASSIFOLIA FRUIT/CHAENOMELES SINENSIS FRUIT/RUBUS IDAEUS FRUIT/CASTANEA CRENATA FRUIT/ERIOBOTRYA JAPONICA FRUIT/LYCIUM CHINENSE FRUIT/ZIZYPHUS JUJUBA FRUIT/CITRUS JUNOS FRUIT/MOMORDICA GROSVENORII FRUIT/PANAX GINSENG FRUIT/CABBAGE LEAF/STEM/PERILLA OCYMOIDES LEAF/MORUS BOMBYCIS LEAF/HOUTTUYNIA CORDATA/ARTEMISIA PRINCEPS/HEMEROCALLIS FULVA KWANSO FLOWER/IPOMOEA BATATAS ROOT/HELIANTHUS TUBEROSUS TUBER/CARROT ROOT/RADISH ROOT/NELUMBO NUCIFERA RHIZOME/ONION BULB/TURNIP ROOT/ARCTIUM LAPPA ROOT/LILIUM AURATUM BULB/COLOCASIA ESCULENTA TUBER/DIOSCOREA JAPONICA RHIZOME/SAGITTARIA TRIFOLIA EDULIS TUBER/GLYCYRRHIZA GLABRA ROOT/RHODOGLOSSUM PULCHERUM LEAF/LAMINARIA JAPONICA LEAF/UNDARIA PINNATIFIDA LEAF/NEMACYSTUS DECIPIENS/JUGLANS SIEBOLDIANA SEED/GINKGO BILOBA SEED/ACTINIDIA POLYGAMA FRUIT/SESAME SEED/HERICIUM ERINACEUM FRUITING BODY/GRIFOLA FRONDOSA FRUITING BODY/LENTINUS EDODES FRUITING BODY FERMENT EXTRACT,skin-conditioning
SODIUM POLYGLUTAMATE CROSSPOLYMER,emulsion-stabilising
SODIUM POLYGLUTAMATE CROSSPOLYMER,film-forming
SODIUM POLYGLUTAMATE CROSSPOLYMER,skin-conditioning
CITRUS HYSTRIX LEAF EXTRACT,skin-conditioning
HYDROGENATED BISABOLOL,skin-conditioning
HIPPOPHAE RHAMNOIDES LEAF POWDER,antimicrobial
HIPPOPHAE RHAMNOIDES LEAF POWDER,emollient
HIPPOPHAE RHAMNOIDES LEAF POWDER,humectant
HIPPOPHAE RHAMNOIDES LEAF POWDER,skin-conditioning
TILIA PLATYPHYLLOS BARK EXTRACT,skin-conditioning
CLERODENDRON TRICHOTOMUM STEM EXTRACT,skin-conditioning
HEDYCHIUM CORONARIUM FLOWER EXTRACT,skin-conditioning
ROSA DAMASCENA LEAF CELL EXTRACT,flavouring
ROSA DAMASCENA LEAF CELL EXTRACT,skin-protecting
SASA KURILENSIS LEAF/STEM EXTRACT,antimicrobial
SASA KURILENSIS LEAF/STEM EXTRACT,humectant
COCAMIDE MEA,emulsifying
COCAMIDE MEA,emulsion-stabilising
COCAMIDE MEA,foam-boosting
COCAMIDE MEA,surfactant
COCAMIDE MEA,viscosity-controlling
ZANTEDESCHIA AETHIOPICA FLOWER EXTRACT,skin-conditioning
ACETYLATED GLYCERYL STEARATE/PALMITATE,skin-conditioning
BIS-METHOXY PEG-13 PEG-438/PPG-110 SMDI COPOLYMER,viscosity-controlling
TRITICUM VULGARE FLOUR LIPIDS,skin-conditioning
EARTHWORM CONDITIONED SOIL EXTRACT,skin-conditioning
OLIGOPEPTIDE-81,skin-protecting
BIS-HYDROGEN DIMETHICONE,film-forming
GLYCEROPHOSPHOINOSITOL CHOLINE,skin-protecting
ARABINOSE,humectant
ARABINOSE,skin-conditioning
PYRUS PYRIFOLIA FRUIT EXTRACT,emollient
HYALURONATE RH-OLIGOPEPTIDE-1,skin-protecting
POLYGLYCERYL-20 LAURYL ETHER,cleansing
POLYGLYCERYL-20 LAURYL ETHER,emulsifying
POLYGLYCERYL-20 LAURYL ETHER,emulsion-stabilising
POLYGLYCERYL-20 LAURYL ETHER,foam-boosting
POLYGLYCERYL-20 LAURYL ETHER,stabilising
POLYGLYCERYL-20 LAURYL ETHER,surfactant
DISODIUM SOYAMPHODIACETATE,cleansing
DISODIUM SOYAMPHODIACETATE,surfactant
DISODIUM SOYAMPHODIACETATE,viscosity-controlling
FRAXINUS CHINENSIS BARK EXTRACT,skin-conditioning
TARAXACUM MONGOLICUM ROOT EXTRACT,humectant
TARAXACUM MONGOLICUM ROOT EXTRACT,skin-conditioning
CAMELLIA SINENSIS SEED POWDER,antioxidant
CAMELLIA SINENSIS SEED POWDER,skin-conditioning
METHYLSILANOL PCA,humectant
METHYLSILANOL PCA,skin-conditioning
SILVER SALICYLATE,skin-protecting
LACTOBACILLUS EXTRACT FILTRATE,humectant
LACTOBACILLUS EXTRACT FILTRATE,skin-conditioning
S-CENTIPEDE OLIGOPEPTIDE-1 AMIDE,antimicrobial
S-CENTIPEDE OLIGOPEPTIDE-1 AMIDE,skin-conditioning
S-CENTIPEDE OLIGOPEPTIDE-1 AMIDE,skin-protecting
TARAXACUM PLATYCARPUM EXTRACT,skin-conditioning
PYCNANTHUS ANGOLENSIS NUT OIL,emollient
SH-POLYPEPTIDE-33,skin-conditioning
SILICA METHACRYLOYLOXYPROPYL SILYLATE,viscosity-controlling
OLIGOPEPTIDE-131,skin-conditioning
PEI-35,viscosity-controlling
OCTYLDODECYL MEADOWFOAMATE,skin-conditioning
NEOHESPERIDIN,skin-conditioning
FAGRAEA BERTEROANA FLOWER EXTRACT,skin-conditioning
SACCHAROMYCES/CYNOMORIUM COCCINEUM FERMENT FILTRATE,skin-conditioning
TRIISOSTEARYL CITRATE,emollient
TRIISOSTEARYL CITRATE,skin-conditioning
BUTYL AVOCADATE,skin-conditioning
ECHINACEA PURPUREA FLOWER/LEAF/STEM WATER,masking
ECHINACEA PURPUREA FLOWER/LEAF/STEM WATER,skin-conditioning
HEXANEDIOL BEESWAX,humectant
HEXANEDIOL BEESWAX,skin-conditioning
CASTANOPSIS CUSPIDATA BARK EXTRACT,skin-conditioning
CAFFEOYL TETRAPEPTIDE-19 CAFFEAMIDE,antioxidant
CAFFEOYL TETRAPEPTIDE-19 CAFFEAMIDE,chelating
CAFFEOYL TETRAPEPTIDE-19 CAFFEAMIDE,skin-protecting
CAFFEOYL TETRAPEPTIDE-19 CAFFEAMIDE,uv-filter
VACCINIUM OLDHAMII FRUIT EXTRACT,skin-conditioning
WHEAT GERM OIL PEG-8 ESTERS,emollient
WHEAT GERM OIL PEG-8 ESTERS,emulsifying
WHEAT GERM OIL PEG-8 ESTERS,skin-conditioning
WHEAT GERM OIL PEG-8 ESTERS,surfactant
CYSTINE BIS-PG-PROPYL SILANETRIOL,skin-conditioning
KEFIRAN,skin-conditioning
COCOA BUTTER POLYGLYCERYL-6 ESTERS,emollient
ALUMINUM/MAGNESIUM AZELATE HYDROXIDE,emulsion-stabilising
ALUMINUM/MAGNESIUM AZELATE HYDROXIDE,viscosity-controlling
PAECILOMYCES JAPONICA/PANAX GINSENG ROOT FERMENT FILTRATE,skin-conditioning
POLYGLYCERYL-10 TETRAOLEATE,skin-conditioning
SODIUM ACRYLATE/ACRYLONITROGENS COPOLYMER,binding
SODIUM ACRYLATE/ACRYLONITROGENS COPOLYMER,film-forming
SODIUM ACRYLATE/ACRYLONITROGENS COPOLYMER,skin-conditioning
SODIUM ACRYLATE/ACRYLONITROGENS COPOLYMER,viscosity-controlling
ROSA GALLICA FLOWER EXTRACT,astringent
ROSA GALLICA FLOWER EXTRACT,skin-conditioning
ROSA GALLICA FLOWER EXTRACT,tonic
CYCLOPIA SUBTERNATA FLOWER/LEAF/STEM EXTRACT,antioxidant
CYCLOPIA SUBTERNATA FLOWER/LEAF/STEM EXTRACT,humectant
CYCLOPIA SUBTERNATA FLOWER/LEAF/STEM EXTRACT,skin-conditioning
HYDROLYZED PSORALEA CORYLIFOLIA EXTRACT,skin-conditioning
EQUISETUM ARVENSE/GALIUM APARINE/VANILLA PLANIFOLIA FRUIT EXTRACT,skin-conditioning
OCTADECENE/MA COPOLYMER ESTERS,film-forming
DENDROBIUM PHALAENOPSIS FLOWER EXTRACT,skin-conditioning
GLYCINE SOJA HULL,abrasive
GLYCINE SOJA HULL,skin-conditioning
CONVALLARIA MAJALIS EXTRACT,skin-conditioning
MATTHIOLA LONGIPETALA SEED OIL,emollient
MATTHIOLA LONGIPETALA SEED OIL,skin-conditioning
SACCHAROMYCES/NIACINAMIDE FERMENT LYSATE FILTRATE,antioxidant
SACCHAROMYCES/NIACINAMIDE FERMENT LYSATE FILTRATE,skin-protecting
3‚4-DIHYDROXYBENZOIC ACID,skin-protecting
SH-DS PHOSPHOROTHIOATE RNA-2 CHOLESTEROL,humectant
SH-DS PHOSPHOROTHIOATE RNA-2 CHOLESTEROL,skin-conditioning
SH-DS PHOSPHOROTHIOATE RNA-2 CHOLESTEROL,skin-protecting
STREPTOMYCES GOUGEROTII FERMENT EXTRACT,abrasive
STREPTOMYCES GOUGEROTII FERMENT EXTRACT,antimicrobial
STREPTOMYCES GOUGEROTII FERMENT EXTRACT,skin-conditioning
HEDERA HELIX LEAF/STEM EXTRACT,anticaking
HEDERA HELIX LEAF/STEM EXTRACT,antimicrobial
HEDERA HELIX LEAF/STEM EXTRACT,astringent
HEDERA HELIX LEAF/STEM EXTRACT,skin-conditioning
HEDERA HELIX LEAF/STEM EXTRACT,soothing
HEDERA HELIX LEAF/STEM EXTRACT,tonic
CITRUS TAMURANA FLOWER EXTRACT,skin-conditioning
OPUNTIA STREPTACANTHA LEAF EXTRACT,skin-conditioning
DISTEARETH-75 IPDI,viscosity-controlling
CERASUS YOUKOU FLOWER EXTRACT,skin-conditioning
GLYCERIN/MA/ROSIN ACID COPOLYMER,film-forming
HYDROXYETHYL ETHYLCELLULOSE,binding
HYDROXYETHYL ETHYLCELLULOSE,emulsifying
HYDROXYETHYL ETHYLCELLULOSE,emulsion-stabilising
HYDROXYETHYL ETHYLCELLULOSE,film-forming
HYDROXYETHYL ETHYLCELLULOSE,viscosity-controlling
TRITICUM VULGARE STRAW WATER,skin-conditioning
MACHILUS THUNBERGII BRANCH EXTRACT,skin-conditioning
BACILLUS/COMAMONAS/LYSINIBACILLUS/NONFAT DRY MILK/HYDROLYZED SEA BREAM SCALES FERMENT FILTRATE,antiseborrhoeic
BACILLUS/COMAMONAS/LYSINIBACILLUS/NONFAT DRY MILK/HYDROLYZED SEA BREAM SCALES FERMENT FILTRATE,skin-conditioning
SODIUM CAPROOYL HYALURONATE,film-forming
SODIUM CAPROOYL HYALURONATE,skin-conditioning
SODIUM CAPROOYL HYALURONATE,skin-protecting
SOLANUM CENTRALE FRUIT EXTRACT,skin-conditioning
CYCLOHEXYLIDENEDIPHENYLMETHANE,skin-conditioning
NELUMBIUM SPECIOSUM FLOWER OIL,skin-conditioning
SODIUM PVM/MA/DECADIENE CROSSPOLYMER,film-forming
SODIUM PVM/MA/DECADIENE CROSSPOLYMER,viscosity-controlling
PUMICE,abrasive
PUMICE,bulking
PUMICE,viscosity-controlling
ANNONA MURICATA BARK EXTRACT,skin-conditioning
VACCINIUM MACROCARPON SEED OIL,skin-conditioning
POLYVINYL ALCOHOL,film-forming
POLYVINYL ALCOHOL,viscosity-controlling
ACANTHOPANAX SESSILIFLORUS BARK/HONEYSUCKLE FLOWER/(ARCTIUM LAPPA/VITEX TRIFOLIA FRUIT)/(ASTRAGALUS MEMBRANACEUS/RADISH ROOT)/CINNAMOMUM CASSIA/HORDEUM VULGARE EXTRACT,antioxidant
ACANTHOPANAX SESSILIFLORUS BARK/HONEYSUCKLE FLOWER/(ARCTIUM LAPPA/VITEX TRIFOLIA FRUIT)/(ASTRAGALUS MEMBRANACEUS/RADISH ROOT)/CINNAMOMUM CASSIA/HORDEUM VULGARE EXTRACT,antiseborrhoeic
ACANTHOPANAX SESSILIFLORUS BARK/HONEYSUCKLE FLOWER/(ARCTIUM LAPPA/VITEX TRIFOLIA FRUIT)/(ASTRAGALUS MEMBRANACEUS/RADISH ROOT)/CINNAMOMUM CASSIA/HORDEUM VULGARE EXTRACT,emollient
ACANTHOPANAX SESSILIFLORUS BARK/HONEYSUCKLE FLOWER/(ARCTIUM LAPPA/VITEX TRIFOLIA FRUIT)/(ASTRAGALUS MEMBRANACEUS/RADISH ROOT)/CINNAMOMUM CASSIA/HORDEUM VULGARE EXTRACT,humectant
ACANTHOPANAX SESSILIFLORUS BARK/HONEYSUCKLE FLOWER/(ARCTIUM LAPPA/VITEX TRIFOLIA FRUIT)/(ASTRAGALUS MEMBRANACEUS/RADISH ROOT)/CINNAMOMUM CASSIA/HORDEUM VULGARE EXTRACT,skin-conditioning
NUPHAR LUTEUM LEAF EXTRACT,skin-protecting
CISTANCHE TUBULOSA STEM EXTRACT,skin-conditioning
CAPSICUM ANNUUM CALLUS CULTURE EXTRACT,skin-conditioning
ISOSTEARYL BEHENATE,emollient
ISOSTEARYL BEHENATE,skin-conditioning
GYMNEMA SYLVESTRE CELL CULTURE EXTRACT,skin-conditioning
OLIGOPEPTIDE-138,skin-conditioning
SD ALCOHOL 38-D,astringent
SD ALCOHOL 38-D,solvent
SD ALCOHOL 38-D,viscosity-controlling
LACTOBACILLUS/ILEX PARAGUARIENSIS LEAF FERMENT FILTRATE,skin-conditioning
RHIZOPUS/HIBISCUS SABDARIFFA FLOWER FERMENT FILTRATE,skin-conditioning
HYDROXYLAURYL/HYDROXYMYRISTYL BETAINE,surfactant
HYDROXYLAURYL/HYDROXYMYRISTYL BETAINE,viscosity-controlling
CHLORELLA EMERSONII EXTRACT,skin-conditioning
DENDROBIUM CANDIDUM STEM EXTRACT,humectant
DENDROBIUM CANDIDUM STEM EXTRACT,skin-conditioning
CORNUS WALTERI EXTRACT,skin-conditioning
FUSCOPORIA OBLIQUA SCLEROTIUM EXTRACT,skin-conditioning
HYDROLYZED COMMELINA COMMUNIS FLOWER/LEAF/STEM EXTRACT,skin-conditioning
CASSIA SENNA LEAF EXTRACT,skin-conditioning
SILKWORM RH-POLYPEPTIDE-69,humectant
SILKWORM RH-POLYPEPTIDE-69,skin-conditioning
LIGUSTRUM OBTUSIFOLIUM BRANCH/LEAF EXTRACT,skin-conditioning
PRUNUS ARMENIACA BUD EXTRACT,skin-conditioning
COCCOLOBA UVIFERA FRUIT EXTRACT,skin-protecting
PEG-3 GLYCERYL COCOATE,emollient
PEG-3 GLYCERYL COCOATE,emulsifying
ETHYLHEXYL NEOPENTANOATE,emollient
CASTANEA SATIVA BUD EXTRACT,skin-protecting
PICHIA PASTORIS FERMENT FILTRATE,skin-conditioning
MEVALONOYL PENTAPEPTIDE-37,antioxidant
MEVALONOYL PENTAPEPTIDE-37,skin-conditioning
MEVALONOYL PENTAPEPTIDE-37,skin-protecting
ISODODECYL/PERFLUORONONYLETHYL DIMER DILINOLEATE/CITRATE,emollient
ISODODECYL/PERFLUORONONYLETHYL DIMER DILINOLEATE/CITRATE,skin-conditioning
PPG-6-LAURETH-3,emollient
PPG-6-LAURETH-3,emulsion-stabilising
PPG-6-LAURETH-3,skin-conditioning
PASSIFLORA INCARNATA FRUIT EXTRACT,skin-conditioning
PASSIFLORA INCARNATA FRUIT EXTRACT,skin-protecting
LACTOBACILLUS/PHORMIUM TENAX FERMENT FILTRATE,skin-conditioning
OLEAMIDE DEA,antistatic
OLEAMIDE DEA,foam-boosting
OLEAMIDE DEA,viscosity-controlling
CORYDALIS TURTSCHANINOVII ROOT EXTRACT,skin-conditioning
PRUNUS LANNESIANA FLOWER POWDER,humectant
PRUNUS LANNESIANA FLOWER POWDER,skin-conditioning
ANGELICA ARCHANGELICA ROOT WATER,skin-conditioning
SEQUOIADENDRON GIGANTEUM BUD EXTRACT,skin-protecting
LUPINUS ALBUS OIL UNSAPONIFIABLES,emollient
SAFFLOWER SEED OIL PEG-8 ESTERS,emollient
SAFFLOWER SEED OIL PEG-8 ESTERS,emulsifying
SAFFLOWER SEED OIL PEG-8 ESTERS,surfactant
DIMORPHANDRA MOLLIS POD EXTRACT,skin-conditioning
HAVARDIA MEXICANA BARK EXTRACT,skin-conditioning
QUERCUS SEMECARPIFOLIA BARK EXTRACT,humectant
CETYL ETHYLHEXANOATE,emollient
TETRAPEPTIDE-52,skin-conditioning
GRIFOLA FRONDOSA/ILEX PARAGUARIENSIS LEAF EXTRACT FERMENT FILTRATE,antioxidant
GRIFOLA FRONDOSA/ILEX PARAGUARIENSIS LEAF EXTRACT FERMENT FILTRATE,humectant
GRIFOLA FRONDOSA/ILEX PARAGUARIENSIS LEAF EXTRACT FERMENT FILTRATE,skin-conditioning
EDGEWORTHIA CHRYSANTHA BARK EXTRACT,skin-conditioning
POLYGLYCERIN-4,humectant
GENTIANA LUTEA RHIZOME/ROOT EXTRACT,skin-conditioning
SODIUM OLIVATE,cleansing
SODIUM OLIVATE,emulsifying
SODIUM OLIVATE,surfactant
SODIUM OLIVATE,viscosity-controlling
CANANGA ODORATA FLOWER WATER,skin-conditioning
ASPERGILLUS/CAMELLIA JAPONICA SEED FERMENT EXTRACT FILTRATE,skin-conditioning
COCOS NUCIFERA FLOWER EXTRACT,humectant
COCOS NUCIFERA FLOWER EXTRACT,skin-conditioning
C14-18 ALKYL ETHYLHEXANOATE,skin-conditioning
NELUMBO NUCIFERA ROOT POWDER,skin-conditioning
OROXYLUM INDICUM ROOT POWDER,skin-conditioning
ZINC GLYCYRRHETINATE,masking
ZINC GLYCYRRHETINATE,skin-conditioning
TOCOPHERYL RETINOATE,antioxidant
TOCOPHERYL RETINOATE,emollient
TOCOPHERYL RETINOATE,humectant
TOCOPHERYL RETINOATE,skin-conditioning
PEG-15 GLYCERYL TRIISOSTEARATE,emollient
PEG-15 GLYCERYL TRIISOSTEARATE,emulsifying
CAMELLIA JAPONICA LEAF/SEED WATER,skin-conditioning
HORSERADISH PEROXIDASE,skin-conditioning
GLYCERYL ISOSTEARATE/MYRISTATE,emollient
GLYCERYL ISOSTEARATE/MYRISTATE,emulsifying
GLYCERYL ISOSTEARATE/MYRISTATE,skin-conditioning
GLYCERYL ISOSTEARATE/MYRISTATE,surfactant
PRUNUS SERRULATA FLOWER EXTRACT,skin-conditioning
PROPYLENE GLYCOL CITRATE,emollient
PROPYLENE GLYCOL CITRATE,humectant
OENOTHERA BIENNIS LEAF EXTRACT,skin-conditioning
SH-POLYPEPTIDE-80,skin-conditioning
PROPYLENE GLYCOL SOYATE,skin-conditioning
PROPYLENE GLYCOL SOYATE,surfactant
HEXAPEPTIDE-57,skin-conditioning
CHRYSANTHEMUM ZAWADSKII FLOWER EXTRACT,antioxidant
CHRYSANTHEMUM ZAWADSKII FLOWER EXTRACT,humectant
CHRYSANTHEMUM ZAWADSKII FLOWER EXTRACT,skin-conditioning
ASPERGILLUS/ANGELICA TENUISSIMA ROOT FERMENT EXTRACT,humectant
ASPERGILLUS/ANGELICA TENUISSIMA ROOT FERMENT EXTRACT,skin-conditioning
ASPERGILLUS/ANGELICA TENUISSIMA ROOT FERMENT EXTRACT,skin-protecting
TETRAPEPTIDE-21,skin-conditioning
DISTYLIUM RACEMOSUM EXTRACT,skin-conditioning
HYDROLYZED CALENDULA OFFICINALIS FLOWER EXTRACT,skin-protecting
DI-C12-15 ALKYL ADIPATE,emollient
DI-C12-15 ALKYL ADIPATE,skin-conditioning
POLYOXYMETHYLENE CYANOGUANIDINE UREA,film-forming
POLYOXYMETHYLENE CYANOGUANIDINE UREA,skin-conditioning
TRIMETHYLOLPROPANE TRICAPRYLATE/TRICAPRATE,emollient
TRIMETHYLOLPROPANE TRICAPRYLATE/TRICAPRATE,skin-conditioning
GLYCERYL ADIPATE,emollient
AJUGA TURKESTANICA FLOWER EXTRACT,skin-conditioning
MALVA VERTICILLATA SEED OIL,emollient
MALVA VERTICILLATA SEED OIL,skin-conditioning
DISODIUM AZELATE,viscosity-controlling
CHITOSAN SALICYLATE,antioxidant
CHITOSAN SALICYLATE,film-forming
CHITOSAN SALICYLATE,skin-conditioning
ISOCETYL ALCOHOL,emollient
ISOCETYL ALCOHOL,skin-conditioning
ISOCETYL ALCOHOL,viscosity-controlling
METHIONYL SH-OLIGOPEPTIDE-75 SH-POLYPEPTIDE-8,antioxidant
METHIONYL SH-OLIGOPEPTIDE-75 SH-POLYPEPTIDE-8,skin-conditioning
METHIONYL SH-OLIGOPEPTIDE-75 SH-POLYPEPTIDE-8,skin-protecting
COBETIA MARINA FERMENT FILTRATE EXTRACT,skin-conditioning
PEG-3 TRIMETHYLOLPROPANE TRIISOSTEARATE,skin-conditioning
OZONIZED SUNFLOWER SEED OIL,skin-conditioning
GLYCINE SOJA SEED POWDER,abrasive
GLYCINE SOJA SEED POWDER,skin-conditioning
LAURYL ETHYLHEXANOATE,emollient
LAURYL ETHYLHEXANOATE,skin-conditioning
GANODERMA SINENSE EXTRACT,skin-conditioning
COFFEA ARABICA/ROBUSTA CHAFF EXTRACT,skin-conditioning
SODIUM ACRYLIC ACID/MA COPOLYMER,viscosity-controlling
POTASSIUM LAUROYL/OLIVOYL (ALANINE/ARGININE/ASPARAGINE/ASPARTIC ACID/GLUTAMIC ACID/LYCINE/ISOLEUCINE/LEUCINE/LYSINE/METHIONINE/PHENYLALANINE/PROLINE/SERINE/THREONINE/TRYPTOPHAN/TYROSINE/VALINE),cleansing
POTASSIUM LAUROYL/OLIVOYL (ALANINE/ARGININE/ASPARAGINE/ASPARTIC ACID/GLUTAMIC ACID/LYCINE/ISOLEUCINE/LEUCINE/LYSINE/METHIONINE/PHENYLALANINE/PROLINE/SERINE/THREONINE/TRYPTOPHAN/TYROSINE/VALINE),emollient
POTASSIUM LAUROYL/OLIVOYL (ALANINE/ARGININE/ASPARAGINE/ASPARTIC ACID/GLUTAMIC ACID/LYCINE/ISOLEUCINE/LEUCINE/LYSINE/METHIONINE/PHENYLALANINE/PROLINE/SERINE/THREONINE/TRYPTOPHAN/TYROSINE/VALINE),foam-boosting
POTASSIUM LAUROYL/OLIVOYL (ALANINE/ARGININE/ASPARAGINE/ASPARTIC ACID/GLUTAMIC ACID/LYCINE/ISOLEUCINE/LEUCINE/LYSINE/METHIONINE/PHENYLALANINE/PROLINE/SERINE/THREONINE/TRYPTOPHAN/TYROSINE/VALINE),surfactant
TRIDECYL TRIMELLITATE,emollient
TRIDECYL TRIMELLITATE,skin-conditioning
HYDROGENATED DIMER DILINOLEYL/DIMETHYLCARBONATE COPOLYMER,emulsion-stabilising
HYDROGENATED DIMER DILINOLEYL/DIMETHYLCARBONATE COPOLYMER,skin-protecting
HYDROLYZED OVUM SHELL MEMBRANE,skin-conditioning
AMARANTHUS MANGOSTANUS EXTRACT,skin-conditioning
THORIUM DIOXIDE,binding
THORIUM DIOXIDE,skin-conditioning
CELLULASE,keratolytic
CELLULASE,oral-care
CELLULASE,viscosity-controlling
GANODERMA LUCIDUM/HOVENIA DULCIS BRANCH/STEM EXTRACT FERMENT MYCELIUM EXTRACT,skin-conditioning
PHOENIX DACTYLIFERA LEAF CELL EXTRACT,masking
PHOENIX DACTYLIFERA LEAF CELL EXTRACT,skin-protecting
HYDROLYZED CHLORELLA VULGARIS PROTEIN,skin-protecting
SILYBIN MALTOSIDE,skin-conditioning
SILYBIN MALTOSIDE,skin-protecting
SODIUM CARBOXYDECYL PEG-8 DIMETHICONE,emulsifying
SODIUM CARBOXYDECYL PEG-8 DIMETHICONE,skin-conditioning
SODIUM CARBOXYDECYL PEG-8 DIMETHICONE,surfactant
CASTOR OIL BIS-HYDROXYPROPYL DIMETHICONE ESTERS,skin-conditioning
POLYETHYLENE/ISOPROPYL MALEATE/MA COPOLYOL,emulsion-stabilising
POLYETHYLENE/ISOPROPYL MALEATE/MA COPOLYOL,viscosity-controlling
MONOSTROMA OBSCURUM EXTRACT,skin-conditioning
PHYLLOSTACHYS PUBESCENS SHOOT BARK EXTRACT,skin-conditioning
NICTOFLORIN,antioxidant
NICTOFLORIN,emollient
NICTOFLORIN,skin-protecting
HYDROLYZED (CITRUS AURANTIUM AMARA /FORSYTHIA VIRIDISSIMA/GARDENIA FLORIDA) FRUIT/MENTHA ARVENSIS LEAF/(ANGELICA ACUTILOBA/COPTIS JAPONICA/GLYCYRRHIZA GLABRA /PAEONIA LACTIFLORA/PLATYCODON GRANDIFLORUS/REHMANNIA GLUTINOSA/SCUTELLARIA BAICALENSIS ROOT) EXTRACT,skin-conditioning
PULSATILLA KOREANA ROOT EXTRACT,skin-conditioning
PLANTAGO LANCEOLATA JUICE,skin-conditioning
BUTTER,skin-conditioning
LAURIC/MYRISTIC/PALMITIC/STEARIC GLYCERIDES,skin-conditioning
PRUNUS AVIUM WOOD EXTRACT,skin-conditioning
SACCHAROMYCES/DAY LILY FLOWER/HONEY FERMENT FILTRATE,skin-conditioning
PRUNUS PERSICA BUD EXTRACT,humectant
OENOTHERA LINDHEIMERI FLOWER EXTRACT,skin-protecting
TRICETYL PHOSPHATE,film-forming
TRICETYL PHOSPHATE,plasticiser
CRATAEGUS CUNEATA FRUIT POWDER,humectant
CINNAMIDO BENZYLPIPERIDINYL ETHOXYPROPYLBENZAMIDE,skin-conditioning
FILIPENDULA FORMOSA EXTRACT,emollient
FILIPENDULA FORMOSA EXTRACT,skin-conditioning
PEG-5 TRIMYRISTYL CITRATE,emollient
LEUCOSIDEA SERICEA LEAF EXTRACT,antimicrobial
LEUCOSIDEA SERICEA LEAF EXTRACT,antioxidant
LEUCOSIDEA SERICEA LEAF EXTRACT,antiseborrhoeic
LEUCOSIDEA SERICEA LEAF EXTRACT,emollient
LEUCOSIDEA SERICEA LEAF EXTRACT,skin-conditioning
LAMINARIA SACCHARINA EXTRACT,skin-protecting
ISOAMYL OLIVATE,emollient
ISOAMYL OLIVATE,skin-conditioning
DISODIUM RICINOLEAMIDO MEA-SULFOSUCCINATE,cleansing
DISODIUM RICINOLEAMIDO MEA-SULFOSUCCINATE,foam-boosting
DISODIUM RICINOLEAMIDO MEA-SULFOSUCCINATE,hydrotrope
DISODIUM RICINOLEAMIDO MEA-SULFOSUCCINATE,skin-conditioning
DISODIUM RICINOLEAMIDO MEA-SULFOSUCCINATE,surfactant
LACTOBACILLUS/CAULERPA LENTILLIFERA FERMENT EXTRACT FILTRATE,antioxidant
LACTOBACILLUS/CAULERPA LENTILLIFERA FERMENT EXTRACT FILTRATE,humectant
LACTOBACILLUS/CAULERPA LENTILLIFERA FERMENT EXTRACT FILTRATE,skin-conditioning
ROSA DAVURICA LEAF EXTRACT,humectant
ROSA DAVURICA LEAF EXTRACT,skin-conditioning
SUPEROXIDE DISMUTASE,antioxidant
SUPEROXIDE DISMUTASE,reducing
SUPEROXIDE DISMUTASE,skin-conditioning
CITRUS PARADISI FRUIT EXTRACT,skin-conditioning
TETRADECYLOCTADECANOIC ACID,emulsion-stabilising
TETRADECYLOCTADECANOIC ACID,viscosity-controlling
SORBUS TORMINALIS FRUIT EXTRACT,humectant
SORBUS TORMINALIS FRUIT EXTRACT,skin-conditioning
HORDEUM VULGARE STEM WATER,skin-conditioning
FERULOYL OLIGOPEPTIDE-33,skin-conditioning
DIMETHICONE PEG-8 BENZOATE,skin-conditioning
LEONURUS ARTEMISIA POWDER,abrasive
LEONURUS ARTEMISIA POWDER,skin-protecting
LEDEBOURIELLA SESELOIDES/LOTUS CORNICULATUS SEED EXTRACT,skin-conditioning
ISOPROPYLPHTHALIMIDE,plasticiser
ISOPROPYLPHTHALIMIDE,skin-conditioning
ISOPROPYLPHTHALIMIDE,solvent
BERBERIS VULGARIS STEM EXTRACT,skin-conditioning
N-CYCLOHEXANOYL DOPAMINE,antioxidant
N-CYCLOHEXANOYL DOPAMINE,skin-protecting
CETRARIA ISLANDICA THALLUS EXTRACT,humectant
CETRARIA ISLANDICA THALLUS EXTRACT,skin-conditioning
MYRISTOYL GLYCINE/HISTIDINE/LYSINE POLYPEPTIDE,skin-conditioning
SASA KURILENSIS WATER,skin-conditioning
POLYGLYCERYL-20 DOCOSABEHENATE/ISOSTEARATE,emollient
POLYGLYCERYL-20 DOCOSABEHENATE/ISOSTEARATE,emulsifying
POLYGLYCERYL-20 DOCOSABEHENATE/ISOSTEARATE,skin-conditioning
POLYGLYCERYL-20 DOCOSABEHENATE/ISOSTEARATE,surfactant
GERANYLGERANYLISOPROPANOL,skin-conditioning
C10-40 ISOALKYL ACID OCTYLDODECANOL ESTERS,skin-conditioning
C10-40 ISOALKYL ACID OCTYLDODECANOL ESTERS,viscosity-controlling
TINOSPORA TUBERCULATA POWDER,skin-conditioning
PHORMIUM TENAX LEAF,emollient
PHORMIUM TENAX LEAF,humectant
PHORMIUM TENAX LEAF,skin-conditioning
DIHEXYLDECYL ADIPATE,emollient
DIHEXYLDECYL ADIPATE,skin-conditioning
DIHEXYLDECYL ADIPATE,solvent
TRISTEARDIMONIUMACETYL CASTOR OIL CHLORIDE,emollient
HYDROGENATED TRIDODECENE,viscosity-controlling
OXIDIZED ALPINIA ZERUMBET STEM FERMENT FILTRATE,antiplaque
OXIDIZED ALPINIA ZERUMBET STEM FERMENT FILTRATE,chelating
OXIDIZED ALPINIA ZERUMBET STEM FERMENT FILTRATE,skin-conditioning
JUNIPERUS CHINENSIS LEAF EXTRACT,skin-conditioning
CNIDIUM OFFICINALE ROOT EXTRACT,skin-conditioning
ALUMINUM BEHENATE,anticaking
ALUMINUM BEHENATE,emulsion-stabilising
ALUMINUM BEHENATE,opacifying
ALUMINUM BEHENATE,viscosity-controlling
CRINUM ASIATICUM SEED EXTRACT,skin-conditioning
TRANSGENIC SILKWORM RH-POLYPEPTIDE-47,emollient
TRANSGENIC SILKWORM RH-POLYPEPTIDE-47,humectant
TRANSGENIC SILKWORM RH-POLYPEPTIDE-47,skin-conditioning
ASPERGILLUS/RICE/RICE BRAN FERMENT FILTRATE,emollient
ASPERGILLUS/RICE/RICE BRAN FERMENT FILTRATE,skin-conditioning
BIOSACCHARIDE GUM-5,skin-conditioning
LIRIOPE MUSCARI ROOT EXTRACT,emollient
LIRIOPE MUSCARI ROOT EXTRACT,skin-conditioning
PERFLUORONONYLETHYL CARBOXYDECYL PEG-10 DIMETHICONE,emulsifying
PERFLUORONONYLETHYL CARBOXYDECYL PEG-10 DIMETHICONE,skin-conditioning
TRIISODECYL TRIMELLITATE,emollient
TRIISODECYL TRIMELLITATE,skin-conditioning
WATERMELON SEED OIL PEG-8 ESTERS,emulsifying
WATERMELON SEED OIL PEG-8 ESTERS,skin-conditioning
OXYRIA DIGYNA EXTRACT,skin-conditioning
ERIOBOTRYA JAPONICA FRUIT/LEAF EXTRACT,skin-conditioning
ERIOBOTRYA JAPONICA FRUIT/LEAF EXTRACT,tonic
ASTRAGALUS MEMBRANACEUS LEAF EXTRACT,antioxidant
ASTRAGALUS MEMBRANACEUS LEAF EXTRACT,emollient
ASTRAGALUS MEMBRANACEUS LEAF EXTRACT,skin-conditioning
ZYMOMONAS FERMENT EXTRACT,humectant
ZYMOMONAS FERMENT EXTRACT,skin-conditioning
STEREOSPERMUM SUAVEOLENS ROOT EXTRACT,skin-conditioning
PORTULACA MOLOKINIENSIS CALLUS EXTRACT,antioxidant
PORTULACA MOLOKINIENSIS CALLUS EXTRACT,humectant
PORTULACA MOLOKINIENSIS CALLUS EXTRACT,skin-conditioning
DECAPEPTIDE-43,skin-conditioning
ZEA MAYS STALK EXTRACT,skin-conditioning
CORYLUS ROSTRATA LEAF EXTRACT,skin-conditioning
LUPINUS ALBUS SEED OIL,skin-conditioning
OLEOYL TETRAPEPTIDE-31,antioxidant
OLEOYL TETRAPEPTIDE-31,skin-conditioning
HYDROGENATED GRAPEFRUIT SEED OIL,stabilising
HYDROGENATED GRAPEFRUIT SEED OIL,viscosity-controlling
POTASSIUM JOJOBATE,skin-conditioning
TRILINOLEIN,skin-conditioning
TRILINOLEIN,viscosity-controlling
SILYBUM MARIANUM CALLUS EXTRACT,emollient
SILYBUM MARIANUM CALLUS EXTRACT,skin-conditioning
SILYBUM MARIANUM CALLUS EXTRACT,skin-protecting
TRANSGENIC SILKWORM RH-POLYPEPTIDE-69,humectant
TRANSGENIC SILKWORM RH-POLYPEPTIDE-69,skin-conditioning
PENTHORUM CHINENSE SEED EXTRACT,humectant
PENTHORUM CHINENSE SEED EXTRACT,skin-conditioning
PENTHORUM CHINENSE SEED EXTRACT,skin-protecting
CETYL C12-15-PARETH-9 CARBOXYLATE,emollient
CETYL C12-15-PARETH-9 CARBOXYLATE,skin-conditioning
PHENYL DIMETHICONE,antifoaming
PHENYL DIMETHICONE,skin-conditioning
VERBASCUM THAPSUS,skin-conditioning
R-CLOSTRIDIUM HISTOLYTICUM COLLAGENASE G,skin-conditioning
GLYCERETH-7,humectant
GLYCERETH-7,viscosity-controlling
HYDROGENATED JOJOBA WAX,emollient
HYDROGENATED JOJOBA WAX,skin-conditioning
POLYSILICONE-11,film-forming
LONICERA CAERULEA FRUIT JUICE,humectant
CITRUS TAMURANA FRUIT EXTRACT,humectant
CITRUS TAMURANA FRUIT EXTRACT,skin-conditioning
ANABAENA FLOSAQUAE/APHANIZOMENON FLOSAQUAE/COELOSPHAERIUM KUETZINGIANUM/MICROCYSTIS AERUGINOSA/OSCILLATORIA PRINCEPS EXTRACT,skin-protecting
PEG-20 HYDROGENATED CASTOR OIL ISOSTEARATE,emulsifying
PEG-20 HYDROGENATED CASTOR OIL ISOSTEARATE,viscosity-controlling
GLYCINE SOJA SEED WATER,humectant
PEG/PPG-9/2 DIMETHYL ETHER,skin-conditioning
CRATAEGUS CUNEATA FRUIT EXTRACT,skin-conditioning
PEG-180/LAURETH-50/TMMG COPOLYMER,viscosity-controlling
SODIUM ASCORBYL/CHOLESTERYL PHOSPHATE,antioxidant
SODIUM ASCORBYL/CHOLESTERYL PHOSPHATE,skin-conditioning
SEMIAQUILEGIA ADOXOIDES ROOT EXTRACT,skin-conditioning
OPUNTIA FICUS-INDICA LEAF CELL EXTRACT,skin-protecting
DIPROPYL ADIPATE,emollient
DIPROPYL ADIPATE,skin-conditioning
DIPROPYL ADIPATE,solvent
DIHYDROXYPROPYL PG-GLUCOSIDE,humectant
DIHYDROXYPROPYL PG-GLUCOSIDE,skin-conditioning
DIOSCOREA OPPOSITIFOLIA ROOT EXTRACT,skin-conditioning
SACCHAROMYCES/CYPERUS ROTUNDUS ROOT/MAGNOLIA OBOVATA BARK/PAEONIA SUFFRUTICOSA ROOT/PEACH KERNEL FERMENT EXTRACT FILTRATE,skin-conditioning
LACTOBACILLUS/EEL SKIN/BUTYLENE GLYCOL FERMENT FILTRATE,emollient
LACTOBACILLUS/EEL SKIN/BUTYLENE GLYCOL FERMENT FILTRATE,humectant
LACTOBACILLUS/EEL SKIN/BUTYLENE GLYCOL FERMENT FILTRATE,skin-conditioning
POLYACRYLATE-45,binding
POLYACRYLATE-45,emollient
POLYACRYLATE-45,emulsion-stabilising
POLYACRYLATE-45,film-forming
POLYACRYLATE-45,skin-conditioning
POLYACRYLATE-45,stabilising
POLYACRYLATE-45,viscosity-controlling
FUCOSE,skin-conditioning
PYRENARIA MICROCARPA LEAF EXTRACT,emollient
PYRENARIA MICROCARPA LEAF EXTRACT,humectant
PYRENARIA MICROCARPA LEAF EXTRACT,skin-conditioning
MYRIOPHYLLUM VERTICILLATUM EXTRACT,emollient
MYRIOPHYLLUM VERTICILLATUM EXTRACT,skin-conditioning
HEXYLDECYLOCTADECANOL,emollient
HEXYLDECYLOCTADECANOL,skin-conditioning
SILOXANETRIOL PHYTATE,skin-conditioning
STEARALKONIUM HECTORITE,gel-forming
STEARALKONIUM HECTORITE,viscosity-controlling
BIS-C10-28 ALKYL DIMETHICONE,binding
BIS-C10-28 ALKYL DIMETHICONE,skin-conditioning
ACETAMINOPHEN,skin-conditioning
KLUYVEROMYCES/LACTOBACILLUS/MACHILUS THUNBERGII BARK OIL FERMENT FILTRATE,antioxidant
KLUYVEROMYCES/LACTOBACILLUS/MACHILUS THUNBERGII BARK OIL FERMENT FILTRATE,astringent
KLUYVEROMYCES/LACTOBACILLUS/MACHILUS THUNBERGII BARK OIL FERMENT FILTRATE,skin-conditioning
KLUYVEROMYCES/LACTOBACILLUS/MACHILUS THUNBERGII BARK OIL FERMENT FILTRATE,skin-protecting
GNAPHALIUM LEONTOPODIUM FLOWER EXTRACT,skin-conditioning
RUBUS FRUTICOSUS SEED,skin-conditioning
ACROCOMIA ACULEATA SEED BUTTER,emollient
SODIUM ETHYLHEXYLGLYCERYL ASCORBATE,antioxidant
SODIUM ETHYLHEXYLGLYCERYL ASCORBATE,humectant
PEG-3 GLYCERYL TRIOLEATE,emollient
PEG-3 GLYCERYL TRIOLEATE,emulsifying
IRIS PALLIDA LEAF CELL EXTRACT,antioxidant
IRIS PALLIDA LEAF CELL EXTRACT,skin-protecting
MANGIFERA INDICA SEED GLYCERIDES,emulsion-stabilising
MANGIFERA INDICA SEED GLYCERIDES,skin-conditioning
MANGIFERA INDICA SEED GLYCERIDES,skin-protecting
MANGIFERA INDICA SEED GLYCERIDES,viscosity-controlling
AMINOETHYLPHOSPHINIC ACID,skin-conditioning
PHORMIDIUM FERMENT,skin-conditioning
STEARYL/LAURYL METHACRYLATE CROSSPOLYMER,skin-conditioning
HYDROGENATED DIMER DILINOLEIC ACID,absorbent
HYDROGENATED DIMER DILINOLEIC ACID,binding
HYDROGENATED DIMER DILINOLEIC ACID,film-forming
HYDROGENATED DIMER DILINOLEIC ACID,skin-conditioning
HYDROGENATED DIMER DILINOLEIC ACID,viscosity-controlling
LACTOBACILLUS/SACCHAROMYCES/USNEA LONGISSIMA FERMENT FILTRATE,antioxidant
LACTOBACILLUS/SACCHAROMYCES/USNEA LONGISSIMA FERMENT FILTRATE,skin-conditioning
LACTOBACILLUS/SACCHAROMYCES/USNEA LONGISSIMA FERMENT FILTRATE,skin-protecting
SH-POLYPEPTIDE-72,skin-protecting
PEG/PPG-16/8 DIMETHICONE,antifoaming
PEG/PPG-16/8 DIMETHICONE,emulsifying
PEG/PPG-16/8 DIMETHICONE,skin-conditioning
ISOTRIDECYL SALICYLATE,antistatic
ISOTRIDECYL SALICYLATE,skin-conditioning
ZINC LAURATE,anticaking
ZINC LAURATE,opacifying
ZINC LAURATE,viscosity-controlling
MELISSA OFFICINALIS FLOWER/LEAF/STEM JUICE,skin-conditioning
HEXYLOXODECANAMIDE MEA PHOSPHATE,skin-protecting
PALMITOYL TETRAPEPTIDE-7,skin-conditioning
PALM KERNEL ALCOHOL,emollient
PALM KERNEL ALCOHOL,emulsifying
PAEONIA LACTIFLORA CALLUS CULTURE EXTRACT,skin-conditioning
TRIPEPTIDE-47,antiseborrhoeic
TRIPEPTIDE-47,skin-protecting
AVOCADO OIL POLYGLYCERYL-6 ESTERS,emollient
AVOCADO OIL POLYGLYCERYL-6 ESTERS,emulsifying
AVOCADO OIL POLYGLYCERYL-6 ESTERS,skin-conditioning
AVOCADO OIL POLYGLYCERYL-6 ESTERS,surfactant
DISTEAROYL GLYCERYL ASCORBATE,antioxidant
DISTEAROYL GLYCERYL ASCORBATE,humectant
DISTEAROYL GLYCERYL ASCORBATE,skin-conditioning
LEPIDIUM SATIVUM SPROUT EXTRACT,skin-conditioning
HEXANEDIOL DISTEARATE,skin-conditioning
HEXANEDIOL DISTEARATE,viscosity-controlling
PAEONIA LACTIFLORA LEAF CELL EXTRACT,antioxidant
PAEONIA LACTIFLORA LEAF CELL EXTRACT,skin-conditioning
PAEONIA LACTIFLORA LEAF CELL EXTRACT,skin-protecting
DECYL HDI/PEG-180 CROSSPOLYMER,viscosity-controlling
SACCHAROMYCES/HONEY FERMENT FILTRATE,skin-conditioning
SACCHAROMYCES/PODOPHYLLUM PELTATUM FERMENT FILTRATE,skin-conditioning
TRICHOLOMA MATSUTAKE FERMENT FILTRATE,skin-conditioning
TRICHOLOMA MATSUTAKE FERMENT FILTRATE,skin-protecting
PSALLIOTA CAMPESTRIS EXTRACT,skin-conditioning
LEONTOPODIUM ALPINUM FLOWER/LEAF/STEM EXTRACT,astringent
LEONTOPODIUM ALPINUM FLOWER/LEAF/STEM EXTRACT,skin-conditioning
BACILLUS/MONASCUS/ZIZYPHUS JUJUBA FRUIT/SOYBEAN FERMENT FILTRATE,antioxidant
BACILLUS/MONASCUS/ZIZYPHUS JUJUBA FRUIT/SOYBEAN FERMENT FILTRATE,emollient
BACILLUS/MONASCUS/ZIZYPHUS JUJUBA FRUIT/SOYBEAN FERMENT FILTRATE,skin-conditioning
CETYL 2-GLYCERYL ASCORBATE,antioxidant
CETYL 2-GLYCERYL ASCORBATE,humectant
HYDROLYZED SHEA SEEDCAKE EXTRACT,skin-conditioning
CERATONEIS CLOSTERIUM EXTRACT,skin-conditioning
DIPENTAERYTHRITYL PENTAISONONANOATE,emollient
DIPENTAERYTHRITYL PENTAISONONANOATE,skin-conditioning
DIPENTAERYTHRITYL PENTAISONONANOATE,viscosity-controlling
HEXAPEPTIDE-36,skin-conditioning
PROPYLENE GLYCOL DICAPRYLATE/DICAPRATE,emollient
AZELAOYL DIPEPTIDE-27,emollient
AZELAOYL DIPEPTIDE-27,skin-conditioning
AZELAOYL DIPEPTIDE-27,skin-protecting
ROSA DAMASCENA CALLUS EXTRACT,skin-protecting
DISODIUM URIDINE PHOSPHATE,skin-conditioning
CYMBIDIUM LANCIFOLIUM EXTRACT,antioxidant
CYMBIDIUM LANCIFOLIUM EXTRACT,astringent
CYMBIDIUM LANCIFOLIUM EXTRACT,emollient
CYMBIDIUM LANCIFOLIUM EXTRACT,skin-conditioning
PYRUS MALUS JUICE,skin-conditioning
BIS-ISOSTEAROYL CASTOR OIL/DIMER DILINOLEATE COPOLYMER,skin-conditioning
BIS-ISOSTEAROYL CASTOR OIL/DIMER DILINOLEATE COPOLYMER,skin-protecting
COMMIPHORA CONFUSA RESIN OIL,emollient
COMMIPHORA CONFUSA RESIN OIL,masking
COMMIPHORA CONFUSA RESIN OIL,skin-conditioning
SESAME OIL/SUCCINIC ACID/TRIRICINOLEIN COPOLYMER,emollient
ANTHEMIS NOBILIS FLOWER POWDER,skin-conditioning
MYRISTAMIDE DEA,antistatic
MYRISTAMIDE DEA,foam-boosting
MYRISTAMIDE DEA,viscosity-controlling
ASPERGILLUS/APRICOT KERNEL/ARTEMISIA ANNUA/AQUILARIA AGALLOCHA STEM/ELETTARIA CARDAMOMUM SEED/CORDYCEPS SINENSIS/HERICIUM ERINACEUM/POLYPORUS UMBELLATUS/WHEAT FLOUR/XANTHIUM STRUMARIUM FRUIT FERMENT EXTRACT FILTRATE,emollient
GLUCOSAMINE SALICYLATE,skin-conditioning
HYDROLYZED HONEY,humectant
KADSURA COCCINEA ROOT EXTRACT,antioxidant
KADSURA COCCINEA ROOT EXTRACT,skin-conditioning
NICOTIANA BENTHAMIANA SH-POLYPEDTIDE-7,skin-conditioning
RETINOYL PENTAPEPTIDE-4,skin-protecting
CHRYSANTHEMUM BALSAMITA LEAF EXTRACT,skin-conditioning
MYRETH-3 MYRISTATE,emollient
MYRETH-3 MYRISTATE,skin-conditioning
MYRETH-3 MYRISTATE,surfactant
CITRINE EXTRACT,skin-conditioning
GLEDITSIA AUSTRALIS FRUIT EXTRACT,skin-conditioning
STEARYL CEROTATE/CARNAUBATE,skin-conditioning
BACILLUS/CAMELLIA JAPONICA SEED FERMENT OIL,emollient
BACILLUS/CAMELLIA JAPONICA SEED FERMENT OIL,humectant
BACILLUS/CAMELLIA JAPONICA SEED FERMENT OIL,skin-conditioning
TETRAHYDROFURFURYL METHACRYLATE,film-forming
PEG/PPG-2000/200 COPOLYMER,binding
PEG/PPG-2000/200 COPOLYMER,emulsion-stabilising
PEG/PPG-2000/200 COPOLYMER,viscosity-controlling
THYMUS LINEARIS LEAF/(ANGELICA GLAUCA/BERGENIA CILIATA) ROOT/PRINSEPIA UTILIS SEED EXTRACT,skin-conditioning
CARPINUS TURCZANINOWII EXTRACT,humectant
CARPINUS TURCZANINOWII EXTRACT,skin-conditioning
CARPINUS TURCZANINOWII EXTRACT,skin-protecting
GARDENIA JASMINOIDES FRUIT WATER,humectant
GARDENIA JASMINOIDES FRUIT WATER,skin-conditioning
GARDENIA JASMINOIDES FRUIT WATER,skin-protecting
ALLOIMPERATORIN,skin-conditioning
CETYL PPG-2 ISODECETH-7 CARBOXYLATE,emollient
CETYL PPG-2 ISODECETH-7 CARBOXYLATE,skin-conditioning
PYRUS PYRIFOLIA PEEL EXTRACT,skin-conditioning
ETHYLHEXYL RICINOLEATE,emollient
ETHYLHEXYL RICINOLEATE,skin-conditioning
HYDROLYZED TOMATO SKIN,skin-conditioning
LACTOBACILLUS/LEUCONOSTOC/ACETOBACTER/KLUYVEROMYCES/SACCHAROMYCES MILK FERMENT FILTRATE,humectant
POLYGLYCERYL-3/LAURYL POLYDIMETHYLSILOXYETHYL DIMETHICONE CROSSPOLYMER,viscosity-controlling
ROMNEYA COULTERI FLOWER EXTRACT,emollient
ROMNEYA COULTERI FLOWER EXTRACT,skin-conditioning
ROMNEYA COULTERI FLOWER EXTRACT,tonic
CERA MICROCRISTALLINA,binding
CERA MICROCRISTALLINA,emulsion-stabilising
CERA MICROCRISTALLINA,opacifying
CERA MICROCRISTALLINA,viscosity-controlling
COCAMIDE MIPA,emulsifying
COCAMIDE MIPA,emulsion-stabilising
COCAMIDE MIPA,foam-boosting
COCAMIDE MIPA,surfactant
COCAMIDE MIPA,viscosity-controlling
HELICHRYSUM ANGUSTIFOLIUM CERA,emollient
HELICHRYSUM ANGUSTIFOLIUM CERA,skin-conditioning
XYLOSE,humectant
XYLOSE,masking
XYLOSE,skin-conditioning
SACCHAROMYCES/HIPPOPHAE RHAMNOIDES FRUIT FERMENT FILTRATE,skin-conditioning
DEFATTED VIBURNUM OPULUS FLOWER,skin-conditioning
DEFATTED VIBURNUM OPULUS FLOWER,skin-protecting
LEUCONOSTOC/SACCHAROMYCES/OCTOPUS MANTLE FERMENT EXTRACT FILTRATE,skin-conditioning
ETHOXYDIGLYCOL OLEATE,emollient
HYDROXYSTEARIC/LINOLENIC/LINOLEIC POLYGLYCERIDES,binding
HYDROXYSTEARIC/LINOLENIC/LINOLEIC POLYGLYCERIDES,emollient
HYDROXYSTEARIC/LINOLENIC/LINOLEIC POLYGLYCERIDES,emulsion-stabilising
HYDROXYSTEARIC/LINOLENIC/LINOLEIC POLYGLYCERIDES,viscosity-controlling
LONICERA JAPONICA FLOWER EXTRACT,skin-conditioning
MACADAMIA SEED OIL POLYGLYCERYL-6 ESTERS,emollient
MACADAMIA SEED OIL POLYGLYCERYL-6 ESTERS,emulsifying
MACADAMIA SEED OIL POLYGLYCERYL-6 ESTERS,skin-conditioning
MACADAMIA SEED OIL POLYGLYCERYL-6 ESTERS,surfactant
TOUNIN EKISU,skin-conditioning
OLIGOPEPTIDE-42,skin-conditioning
ACACIA SENEGAL FLOWER/STEM EXTRACT,viscosity-controlling
CLEMATIS TERNIFLORA FLOWER EXTRACT,skin-protecting
SCHISANDRA CHINENSIS FRUIT POWDER,skin-conditioning
CARYOCAR BRASILIENSE FRUIT/LEAF EXTRACT,humectant
PRUNUS VIRGINIANA BARK EXTRACT,skin-conditioning
GRAPE SEED OIL PEG-8 ESTERS,skin-conditioning
SACCHAROMYCES/APPLE/SUCROSE FERMENT FILTRATE,humectant
CYPERUS ROTUNDUS ROOT POWDER,skin-conditioning
BIS-(GLYCERYL/LAURYL) GLYCERYL LAURYL DIMETHICONE,emulsion-stabilising
BIS-(GLYCERYL/LAURYL) GLYCERYL LAURYL DIMETHICONE,surfactant
PHASEOLUS ANGULARIS SEED POWDER,viscosity-controlling
FORMAMIDOPROPYL BETAINE,skin-conditioning
OCTAPEPTIDE-22 R-THERMUS THERMOPHILUS PUTATIVE ESTERASE HEXAPEPTIDE-40,skin-conditioning
SH-PENTAPEPTIDE-38,skin-conditioning
BIS-HYDROXYPROPYL DIMETHICONE/SMDI COPOLYMER,emollient
BIS-HYDROXYPROPYL DIMETHICONE/SMDI COPOLYMER,film-forming
POLYSTICHUM RETROSO-PALACEUM EXTRACT,skin-conditioning
SODIUM HEPARIN,skin-conditioning
ACRYLATES/C5-8 ALKYL ACRYLATE COPOLYMER,emulsion-stabilising
ACRYLATES/C5-8 ALKYL ACRYLATE COPOLYMER,film-forming
ACRYLATES/C5-8 ALKYL ACRYLATE COPOLYMER,viscosity-controlling
PRUNUS SPECIOSA LEAF EXTRACT,skin-conditioning
SACCHAROMYCES/POTATO EXTRACT FERMENT FILTRATE,humectant
LACTOBACILLUS/SACCHAROMYCES/ACHYRANTHIS RADIX ROOT/ANGELICA GIGANTIS ROOT/CUSCUTA JAPONICA SEED/CYNANCHUM WILFORDII ROOT/LYCIUM CHINENSE FRUIT/PANAX GINSENG ROOT/PORIA COCOS FRUITING BODY FERMENT FILTRATE,skin-conditioning
SINAPIS ARVENSIS FLOWER EXTRACT,skin-conditioning
SINAPIS ARVENSIS FLOWER EXTRACT,skin-protecting
PEG-90/POLYEPSILON CAPROLACTONE,emulsifying
PEG-90/POLYEPSILON CAPROLACTONE,humectant
PEG-90/POLYEPSILON CAPROLACTONE,surfactant
TUSSILAGO FARFARA FLOWER/LEAF EXTRACT,skin-conditioning
ALANINAMIDO ORNITHINE,skin-conditioning
SYNTHETIC CANDELILLA WAX,binding
SYNTHETIC CANDELILLA WAX,emollient
SYNTHETIC CANDELILLA WAX,emulsion-stabilising
SYNTHETIC CANDELILLA WAX,viscosity-controlling
PALMITOYL TRIPEPTIDE-56,skin-conditioning
SECALE CEREALE PHYTOPLACENTA CULTURE EXTRACT FILTRATE,skin-conditioning
MUCIDOSPHAERIUM PULCHELLUM EXTRACT,humectant
LACTOBACILLUS/ASPALATHUS LINEARIS LEAF FERMENT EXTRACT,skin-conditioning
MAGNESIUM ACETYLMETHIONATE,skin-conditioning
TRIPEPTIDE-51,antimicrobial
TRIPEPTIDE-51,antioxidant
TRIPEPTIDE-51,astringent
TRIPEPTIDE-51,humectant
TRIPEPTIDE-51,skin-conditioning
TRIPEPTIDE-51,skin-protecting
BACILLUS/HIPPOPHAE RHAMNOIDES FRUIT FERMENT EXTRACT,antimicrobial
BACILLUS/HIPPOPHAE RHAMNOIDES FRUIT FERMENT EXTRACT,antioxidant
BACILLUS/HIPPOPHAE RHAMNOIDES FRUIT FERMENT EXTRACT,emollient
BACILLUS/HIPPOPHAE RHAMNOIDES FRUIT FERMENT EXTRACT,skin-conditioning
DUCK FAT,antioxidant
DUCK FAT,skin-conditioning
RIBOSE,humectant
RIBOSE,skin-conditioning
CAFFEOYL OLIGOPEPTIDE-77,skin-conditioning
DIACETYLRESVERATRYL THIOCTATE,skin-conditioning
DISODIUM ACETYL GLUCOSAMINE PHOSPHATE,skin-conditioning
CASSIA NOMAME LEAF/STEM POWDER,humectant
CYCLOHEXYLGLYCERIN,humectant
HEXYLDIOXODECYL METHYL TYROSINATE,skin-protecting
PANTOEA/RICE BRAN FERMENT EXTRACT FILTRATE,humectant
PANTOEA/RICE BRAN FERMENT EXTRACT FILTRATE,skin-conditioning
PIPERIDINEPROPIONIC ACID,skin-conditioning
LACTOBACILLUS/LEUCONOSTOC/POLYSORBATE 80/PORTULACA OLERACEA EXTRACT FERMENT LYSATE FILTRATE,skin-conditioning
ERIOBOTRYA JAPONICA LEAF PROTOPLASTS,antioxidant
ERIOBOTRYA JAPONICA LEAF PROTOPLASTS,skin-conditioning
CARAPA GUAIANENSIS OIL PEG-8 ESTERS,emollient
CARAPA GUAIANENSIS OIL PEG-8 ESTERS,emulsifying
N-CAFFEOYL SEROTONIN,skin-protecting
LACTOBACILLUS/HONEYSUCKLE FLOWER EXTRACT FERMENT FILTRATE,skin-conditioning
MATTEUCCIA STRUTHIOPTERIS EXTRACT,antioxidant
MATTEUCCIA STRUTHIOPTERIS EXTRACT,skin-conditioning
SODIUM BOROHYDRIDE,antioxidant
SODIUM BOROHYDRIDE,bulking
SODIUM BOROHYDRIDE,skin-conditioning
PALM KERNEL WAX,skin-conditioning
ORBIGNYA OLEIFERA SEED OIL,emollient
BIS-SH-PENTAPEPTIDE-5 PORPHYRA 334,antioxidant
BIS-SH-PENTAPEPTIDE-5 PORPHYRA 334,stabilising
BIS-SH-PENTAPEPTIDE-5 PORPHYRA 334,uv-filter
LUPINUS LUTEUS SEED EXTRACT,masking
LUPINUS LUTEUS SEED EXTRACT,skin-conditioning
SCHIZOPHYLUM COMMUNE EXTRACT,skin-protecting
METHYLGLUCAMINE HCL,skin-conditioning
BIS-HYDROXYPROPYLTRISILOXYL IPDI/PEG-14 COPOLYMER,binding
BIS-HYDROXYPROPYLTRISILOXYL IPDI/PEG-14 COPOLYMER,cleansing
BIS-HYDROXYPROPYLTRISILOXYL IPDI/PEG-14 COPOLYMER,foam-boosting
BIS-HYDROXYPROPYLTRISILOXYL IPDI/PEG-14 COPOLYMER,skin-conditioning
BIS-HYDROXYPROPYLTRISILOXYL IPDI/PEG-14 COPOLYMER,surfactant
STEARYL ERUCATE,emollient
STEARYL ERUCATE,viscosity-controlling
NYMPHAEA COERULEA FLOWER EXTRACT,skin-conditioning
PHENOXYETHYL PCA,humectant
ACHYRANTHES BIDENTATA ROOT/CHAENOMELES SINENSIS FRUIT/COMMIPHORA MYRRHA RESIN/PORIA COCOS/TARAXACUM PLATYCARPUM LEAF/ROOT EXTRACT,emollient
ACHYRANTHES BIDENTATA ROOT/CHAENOMELES SINENSIS FRUIT/COMMIPHORA MYRRHA RESIN/PORIA COCOS/TARAXACUM PLATYCARPUM LEAF/ROOT EXTRACT,skin-conditioning
FOENICULUM VULGARE CALLUS CULTURE EXTRACT,skin-conditioning
CAPRYL ESCHERICHIA COLI/CORN KERNEL EXTRACT/GLUCOSE FERMENT FILTRATE,emollient
CAPRYL ESCHERICHIA COLI/CORN KERNEL EXTRACT/GLUCOSE FERMENT FILTRATE,skin-conditioning
AUREOBASIDIUM PULLULANS/RICE BRAN FERMENT,humectant
AUREOBASIDIUM PULLULANS/RICE BRAN FERMENT,skin-conditioning
AUREOBASIDIUM PULLULANS/RICE BRAN FERMENT,skin-protecting
MORUS ALBA BARK/(PORTULACA OLERACEA LEAF/STEM)/ANGELICA DAHURICA ROOT/APRICOT SEED/CHESTNUT SHELL EXTRACT,humectant
MORUS ALBA BARK/(PORTULACA OLERACEA LEAF/STEM)/ANGELICA DAHURICA ROOT/APRICOT SEED/CHESTNUT SHELL EXTRACT,skin-conditioning
OXOTHIAZOLIDINECARBOXYLIC ACID,skin-conditioning
CITRUS AURANTIUM DULCIS FLOWER OIL,astringent
CITRUS AURANTIUM DULCIS FLOWER OIL,masking
CITRUS AURANTIUM DULCIS FLOWER OIL,skin-conditioning
CITRUS AURANTIUM DULCIS FLOWER OIL,tonic
ACETYLNEURAMINIC ACID,skin-conditioning
ACETYLNEURAMINIC ACID,skin-protecting
SH-TETRAPEPTIDE-39,skin-conditioning
PANAX GINSENG MERISTEM CELL EXTRACT,antioxidant
PANAX GINSENG MERISTEM CELL EXTRACT,skin-conditioning
NEOPENTYL GLYCOL DIHEPTANOATE,emollient
NEOPENTYL GLYCOL DIHEPTANOATE,skin-conditioning
CLEMATIS VITALBA LEAF EXTRACT,skin-conditioning
BUTYLCARBAMOETHYL METHACRYLATE,film-forming
CHIMYL ALCOHOL,emollient
CHIMYL ALCOHOL,skin-conditioning
CHIMYL ALCOHOL,viscosity-controlling
PTYCHOPETALUM OLACOIDES LEAF EXTRACT,skin-conditioning
PLANTAGO MAJOR SEED EXTRACT,skin-conditioning
MOONSTONE EXTRACT,skin-conditioning
PENTACLETHRA MACROLOBA SEED OIL /BEHENIC ACID/AMINOPROPANEDIOL AMIDES/ESTERS,emollient
PENTACLETHRA MACROLOBA SEED OIL /BEHENIC ACID/AMINOPROPANEDIOL AMIDES/ESTERS,skin-conditioning
PALMITAMIDE,skin-conditioning
SODIUM DACRYOPINAX SPATHULARIA/GLUCOSE FERMENT EXTRACT,humectant
SODIUM DACRYOPINAX SPATHULARIA/GLUCOSE FERMENT EXTRACT,skin-conditioning
CLAUSENA LANSIUM LEAF EXTRACT,humectant
CLAUSENA LANSIUM LEAF EXTRACT,skin-conditioning
HYDROLYZED PANAX GINSENG MERISTEM CELL EXTRACT,antioxidant
HYDROLYZED PANAX GINSENG MERISTEM CELL EXTRACT,skin-conditioning
HYDROLYZED PANAX GINSENG MERISTEM CELL EXTRACT,skin-protecting
PUERARIA THUNBERGIANA FLOWER OIL,emollient
PUERARIA THUNBERGIANA FLOWER OIL,humectant
PUERARIA THUNBERGIANA FLOWER OIL,skin-conditioning
POLY(C6-14 OLEFIN),emulsifying
POLY(C6-14 OLEFIN),viscosity-controlling
PASSIFLORA CINCINATTA SEED OIL,skin-conditioning
ENDOMYCES/BITTER CHERRY JUICE FERMENT FILTRATE,humectant
ENDOMYCES/BITTER CHERRY JUICE FERMENT FILTRATE,skin-conditioning
HYDROGENATED ETHYLHEXYL COCO-OLEATE ESTOLIDES,skin-conditioning
SANSHOU EKISU,skin-conditioning
TETRAPEPTIDE-4,skin-conditioning
SACCHAROMYCES/PROPOLIS FERMENT EXTRACT,antimicrobial
SACCHAROMYCES/PROPOLIS FERMENT EXTRACT,antioxidant
SACCHAROMYCES/PROPOLIS FERMENT EXTRACT,humectant
SACCHAROMYCES/PROPOLIS FERMENT EXTRACT,skin-conditioning
MALVA OFFICINALIS FLOWER EXTRACT,skin-conditioning
LAURAMIDE,viscosity-controlling
OLIGOPEPTIDE-134,skin-conditioning
CAPRYLOYL HEPTAPEPTIDE-12,skin-conditioning
C30-45 ALKYL DIMETHICONE/POLYCYCLOHEXENE OXIDE CROSSPOLYMER,emollient
C30-45 ALKYL DIMETHICONE/POLYCYCLOHEXENE OXIDE CROSSPOLYMER,film-forming
C30-45 ALKYL DIMETHICONE/POLYCYCLOHEXENE OXIDE CROSSPOLYMER,skin-conditioning
LYTHRUM SALICARIA FLOWER/LEAF/STEM EXTRACT,skin-conditioning
STEAROXYMETHICONE/DIMETHICONE COPOLYMER,emollient
STEAROXYMETHICONE/DIMETHICONE COPOLYMER,skin-conditioning
STEAROXYMETHICONE/DIMETHICONE COPOLYMER,viscosity-controlling
SR-JELLYFISH POLYPEPTIDE-1 SH-OLIGOPEPTIDE-1,antioxidant
SR-JELLYFISH POLYPEPTIDE-1 SH-OLIGOPEPTIDE-1,skin-protecting
HYDROLYZED ADANSONIA DIGITATA EXTRACT,emollient
PEG-20 STEARATE,emulsifying
PEG-20 STEARATE,humectant
PEG-20 STEARATE,surfactant
PENTAERYTHRITYL CYCLOHEXANE DICARBOXYLATE,film-forming
ALYSICARPUS VAGINALIS EXTRACT,skin-conditioning
HYDROLYZED RICE FERMENT LEES,skin-conditioning
COFFEE SEED OIL PEG-8 ESTERS,emollient
COFFEE SEED OIL PEG-8 ESTERS,emulsifying
CARBOXYETHYL AMINOBUTYRIC ACID,skin-conditioning
DMAPA ACRYLATES/ACRYLIC ACID/ACRYLONITROGENS COPOLYMER,film-forming
DMAPA ACRYLATES/ACRYLIC ACID/ACRYLONITROGENS COPOLYMER,viscosity-controlling
CAMELLIA JAPONICA LEAF CELL EXTRACT,skin-protecting
MACARANGA TANARIUS LEAF EXTRACT,skin-conditioning
PHYTOSTERYL HYDROXYSTEARATE,skin-conditioning
CETETH-4 STEARATE,skin-conditioning
CITRINE,skin-conditioning
DITRIMETHYLOLPROPANE ISOSTEARATE/SEBACATE,binding
DITRIMETHYLOLPROPANE ISOSTEARATE/SEBACATE,emollient
DITRIMETHYLOLPROPANE ISOSTEARATE/SEBACATE,skin-conditioning
DITRIMETHYLOLPROPANE ISOSTEARATE/SEBACATE,solvent
PROPANEDIOL DICAPRYLATE,emollient
PROPANEDIOL DICAPRYLATE,solvent
RETINOYL OLIGOPEPTIDE-86,skin-conditioning
LAMIUM ALBUM FLOWER WATER,skin-conditioning
SH-POLYPEPTIDE-40,skin-conditioning
PIMPINELLA ANISUM FRUIT WATER,skin-conditioning
LANETH-20,cleansing
LANETH-20,emulsifying
LANETH-20,surfactant
LANETH-20,viscosity-controlling
PANAX GINSENG CALLUS EXTRACT,antioxidant
PANAX GINSENG CALLUS EXTRACT,skin-conditioning
PANAX GINSENG CALLUS EXTRACT,skin-protecting
PENTAERYTHRITYL TETRAISOSTEARATE,emollient
PENTAERYTHRITYL TETRAISOSTEARATE,emulsifying
PENTAERYTHRITYL TETRAISOSTEARATE,surfactant
CYAMOPSIS TETRAGONOLOBA GUM,binding
CYAMOPSIS TETRAGONOLOBA GUM,emulsion-stabilising
CYAMOPSIS TETRAGONOLOBA GUM,film-forming
CYAMOPSIS TETRAGONOLOBA GUM,masking
CYAMOPSIS TETRAGONOLOBA GUM,viscosity-controlling
HYDROLYZED MANIHOT ESCULENTA TUBER EXTRACT,skin-conditioning
POLYURETHANE-42,film-forming
VERATRYL ALCOHOL,skin-conditioning
SABATIA ANGULARIS EXTRACT,skin-conditioning
PINUS BANKSIANA BARK EXTRACT,skin-conditioning
MALPIGHIA GLABRA FRUIT JUICE,skin-conditioning
SODIUM BEHENOYL/COCOYL (ALANINE/ARGININE/ASPARAGINE/ASPARTIC ACID/GLUTAMIC ACID/GLYCINE/ISOLEUCINE/LEUCINE/LYSINE/METHIONINE/PHENYLALANINE/PROLINE/SERINE/THREONINE/TRYPTOPHAN/TYROSINE/VALINE),cleansing
SODIUM BEHENOYL/COCOYL (ALANINE/ARGININE/ASPARAGINE/ASPARTIC ACID/GLUTAMIC ACID/GLYCINE/ISOLEUCINE/LEUCINE/LYSINE/METHIONINE/PHENYLALANINE/PROLINE/SERINE/THREONINE/TRYPTOPHAN/TYROSINE/VALINE),emulsion-stabilising
SODIUM BEHENOYL/COCOYL (ALANINE/ARGININE/ASPARAGINE/ASPARTIC ACID/GLUTAMIC ACID/GLYCINE/ISOLEUCINE/LEUCINE/LYSINE/METHIONINE/PHENYLALANINE/PROLINE/SERINE/THREONINE/TRYPTOPHAN/TYROSINE/VALINE),surfactant
SODIUM BEHENOYL/COCOYL (ALANINE/ARGININE/ASPARAGINE/ASPARTIC ACID/GLUTAMIC ACID/GLYCINE/ISOLEUCINE/LEUCINE/LYSINE/METHIONINE/PHENYLALANINE/PROLINE/SERINE/THREONINE/TRYPTOPHAN/TYROSINE/VALINE),viscosity-controlling
PAPAVER RHOEAS SEED,abrasive
PAPAVER RHOEAS SEED,skin-conditioning
CASTOR ISOSTEARATE BEESWAX SUCCINATE,skin-conditioning
BRASSICA OLERACEA ITALICA LEAF/ROOT EXTRACT,skin-conditioning
PHYSALIS PRUINOSA FRUIT EXTRACT,skin-conditioning
BIS-SH-DECAPEPTIDE-9 PORPHYRA 334,antioxidant
BIS-SH-DECAPEPTIDE-9 PORPHYRA 334,stabilising
BIS-SH-DECAPEPTIDE-9 PORPHYRA 334,uv-filter
CORCHORUS OLITORIUS LEAF/STEM EXTRACT,emollient
CORCHORUS OLITORIUS LEAF/STEM EXTRACT,skin-conditioning
ALPINIA ZERUMBET SEED POWDER,cleansing
ALPINIA ZERUMBET SEED POWDER,skin-conditioning
BETULA ALBA LEAF EXTRACT,astringent
BETULA ALBA LEAF EXTRACT,cleansing
BETULA ALBA LEAF EXTRACT,masking
BETULA ALBA LEAF EXTRACT,skin-conditioning
BETULA ALBA LEAF EXTRACT,soothing
BETULA ALBA LEAF EXTRACT,tonic
POLYBETA-ALANINE,skin-conditioning
PENTAERYTHRITYL TETRAETHYLHEXANOATE/TETRAMETHOXYCINNAMATE,emollient
SOLANUM LYCOPERSICUM FRUIT/LEAF/STEM EXTRACT,astringent
SOLANUM LYCOPERSICUM FRUIT/LEAF/STEM EXTRACT,skin-conditioning
MYRISTOYL PENTAPEPTIDE-7,skin-conditioning
BERGENIN,skin-conditioning
GALANTHUS NIVALIS SEED EXTRACT,skin-conditioning
TETRAHYDRODEMETHOXYDIFERULOYLMETHANE,antioxidant
TETRAHYDRODEMETHOXYDIFERULOYLMETHANE,oral-care
TETRAHYDRODEMETHOXYDIFERULOYLMETHANE,skin-conditioning
ABALONE SHELL POWDER,binding
ABALONE SHELL POWDER,bulking
ABALONE SHELL POWDER,opacifying
ABALONE SHELL POWDER,skin-protecting
TRIFLUOROPROPYL DIMETHICONE/PEG-10 CROSSPOLYMER,emulsifying
TRIFLUOROPROPYL DIMETHICONE/PEG-10 CROSSPOLYMER,skin-conditioning
TRIFLUOROPROPYL DIMETHICONE/PEG-10 CROSSPOLYMER,surfactant
TRIFLUOROPROPYL DIMETHICONE/PEG-10 CROSSPOLYMER,viscosity-controlling
HYDROGENATED SUNFLOWER SEED OIL GLYCERYL ESTERS,emulsifying
HYDROGENATED SUNFLOWER SEED OIL GLYCERYL ESTERS,emulsion-stabilising
HYDROGENATED SUNFLOWER SEED OIL GLYCERYL ESTERS,skin-conditioning
HYDROGENATED SUNFLOWER SEED OIL GLYCERYL ESTERS,viscosity-controlling
THEOBROMA GRANDIFLORUM SEED BUTTER,skin-conditioning
CANAVALIA ENSIFORMIS LEAF EXTRACT,skin-conditioning
COLLOIDAL OATMEAL,abrasive
COLLOIDAL OATMEAL,absorbent
COLLOIDAL OATMEAL,bulking
COLLOIDAL OATMEAL,skin-protecting
DIAMMONIUM LAURYL SULFOSUCCINATE,cleansing
DIAMMONIUM LAURYL SULFOSUCCINATE,foaming
DIAMMONIUM LAURYL SULFOSUCCINATE,hydrotrope
DIAMMONIUM LAURYL SULFOSUCCINATE,skin-conditioning
DIAMMONIUM LAURYL SULFOSUCCINATE,surfactant
SCHIZOTHRIX CALCICOLA EXTRACT,skin-conditioning
FRAXINUS ORNUS SEED EXTRACT,skin-conditioning
VICTORIA AMAZONICA LEAF EXTRACT,humectant
VICTORIA AMAZONICA LEAF EXTRACT,skin-conditioning
SOYBEAN OIL/FERULATE ESTERS,skin-conditioning
C20-24 ALKYL DIMETHICONE,skin-conditioning
C20-24 ALKYL DIMETHICONE,viscosity-controlling
OLIGOPEPTIDE-132,skin-conditioning
CISTUS INCANUS FLOWER/LEAF/STEM EXTRACT,skin-conditioning
POLYGLYCERYL-4 COCOATE,emollient
POLYGLYCERYL-4 COCOATE,emulsifying
PRUNUS CERASUS LEAF CELL EXTRACT,antioxidant
PRUNUS CERASUS LEAF CELL EXTRACT,skin-conditioning
CENTAUREA NIGRA EXTRACT,emollient
CENTAUREA NIGRA EXTRACT,skin-conditioning
OCTYLDODECYL STEARATE,emollient
ACETYL HEXAPEPTIDE-20,skin-conditioning
DIMETHYLACRYLAMIDE/ACRYLIC ACID/POLYSTYRENE ETHYL METHACRYLATE COPOLYMER,film-forming
DIMETHYLACRYLAMIDE/ACRYLIC ACID/POLYSTYRENE ETHYL METHACRYLATE COPOLYMER,skin-conditioning
DIMETHYLACRYLAMIDE/ACRYLIC ACID/POLYSTYRENE ETHYL METHACRYLATE COPOLYMER,viscosity-controlling
GLUCOSE PENTAACETATE,emulsion-stabilising
C20-40 ISOPARAFFIN,emollient
C20-40 ISOPARAFFIN,skin-conditioning
C20-40 ISOPARAFFIN,solvent
TABEBUIA IMPETIGINOSA BARK EXTRACT,skin-conditioning
PEG-5 HYDROGENATED CASTOR OIL ISOSTEARATE,emulsifying
PEG-5 HYDROGENATED CASTOR OIL ISOSTEARATE,viscosity-controlling
POLYGLYCERYL-10 HEXAOLEATE,emollient
POLYGLYCERYL-10 HEXAOLEATE,emulsifying
TETRACARBOXYMETHYL NARINGENINCHALCONE,skin-conditioning
POLYPODIUM VULGARE ROOT EXTRACT,skin-conditioning
PPG-3 MYRISTYL ETHER NEOHEPTANOATE,emollient
PPG-3 MYRISTYL ETHER NEOHEPTANOATE,skin-conditioning
ORYZA SATIVA LEAF/STEM EXTRACT,skin-conditioning
SCHINUS MOLLE SEED EXTRACT,skin-conditioning
BENZYL URSOLATE,emollient
BENZYL URSOLATE,skin-conditioning
OCTYLDODECYL BEESWAX,emollient
CANARIUM INDICUM SEED OIL,skin-conditioning
C26-28 ALKYLDIMETHYLSILYL POLYPROPYLSILSESQUIOXANE,film-forming
C26-28 ALKYLDIMETHYLSILYL POLYPROPYLSILSESQUIOXANE,viscosity-controlling
SORBETH-5,emollient
SORBETH-5,emulsifying
ASPERGILLUS/LACTOBACILLUS/SACCHAROMYCES/(SOYBEAN/OENOTHERA GLAZIOVIANA/RADISH/BROCCOLI/CAULIFLOWER/RICE/HORDEUM VULGARE/COIX LACRYMA-JOBI/ACHILLEA MILLEFOLIUM/SESAME/SAGE/THYME/HYPERICUM PERFORATUM/TRIFOLIUM PRATENSE/MEDICAGO SATIVA/TRIGONELLA FOENUM-GRAECUM) SPROUT FERMENT FILTRATE EXTRACT,skin-conditioning
DECYLENE GLYCOL,skin-conditioning
DIOCTADECANYL DITETRADECYLOCTADECANOATE,emollient
DIOCTADECANYL DITETRADECYLOCTADECANOATE,skin-conditioning
CRYPTOMERIA JAPONICA BRANCH/LEAF EXTRACT,humectant
CRYPTOMERIA JAPONICA BRANCH/LEAF EXTRACT,skin-conditioning
TORULASPORA DELBRUECKII FERMENT,skin-conditioning
PHOSPHATIDYLINOSITOL,antioxidant
PHOSPHATIDYLINOSITOL,emulsifying
PHOSPHATIDYLINOSITOL,skin-conditioning
HYDROGENATED STYRENE/METHYL STYRENE/INDENE COPOLYMER,film-forming
HYDROGENATED STYRENE/METHYL STYRENE/INDENE COPOLYMER,viscosity-controlling
OCTAPEPTIDE-32,skin-conditioning
OCTAPEPTIDE-32,skin-protecting
PINUS PINASTER BARK POWDER,abrasive
PINUS PINASTER BARK POWDER,skin-conditioning
CENTELLA ASIATICA MERISTEM CELL CULTURE,antioxidant
CENTELLA ASIATICA MERISTEM CELL CULTURE,skin-protecting
ORYZA SATIVA BRAN STEROL,emollient
ETHYLHEXYL BENZOATE,emollient
ETHYLHEXYL BENZOATE,skin-conditioning
ETHYLHEXYL BENZOATE,solvent
SACCHAROMYCES/APPLE FRUIT/MELON FRUIT/SUCROSE FERMENT FILTRATE,humectant
BACILLUS FERMENT FILTRATE,skin-conditioning
PEG-400,binding
PEG-400,emulsion-stabilising
PEG-400,solvent
BIS-HYDROXYETHYL ACRYLATE POLY(1‚4-BUTANEDIOL)-9/IPDI COPOLYMER,film-forming
MILT EXTRACT,skin-conditioning
POLYACRYLATE CROSSPOLYMER-9,film-forming
CALOPHYLLUM TACAMAHACA SEED OIL,emollient
CALOPHYLLUM TACAMAHACA SEED OIL,skin-conditioning
CAPRYL DIMETHICONE,emollient
PEG-114 POLYLACTIC ACID,emulsifying
PEG-114 POLYLACTIC ACID,emulsion-stabilising
PEG-114 POLYLACTIC ACID,film-forming
GINKGO BILOBA LEAF/LINUM USITATISSIMUM SEED EXTRACT,skin-conditioning
KLOECKAERA/SACCHAROMYCES/LEUCONOSTOC/GRAPE FERMENT,skin-conditioning
VETIVERIA ZIZANOIDES ROOT POWDER,skin-conditioning
BACILLUS/MONASCUS/BORAGO OFFICINALIS SEED/SOYBEAN FERMENT FILTRATE,antimicrobial
BACILLUS/MONASCUS/BORAGO OFFICINALIS SEED/SOYBEAN FERMENT FILTRATE,antioxidant
BACILLUS/MONASCUS/BORAGO OFFICINALIS SEED/SOYBEAN FERMENT FILTRATE,antiseborrhoeic
BACILLUS/MONASCUS/BORAGO OFFICINALIS SEED/SOYBEAN FERMENT FILTRATE,emollient
BACILLUS/MONASCUS/BORAGO OFFICINALIS SEED/SOYBEAN FERMENT FILTRATE,skin-conditioning
GLYCYRRHETINIC ACID,skin-conditioning
DRABA ALPINA CALLUS CULTURE EXTRACT,antimicrobial
DRABA ALPINA CALLUS CULTURE EXTRACT,antioxidant
DRABA ALPINA CALLUS CULTURE EXTRACT,astringent
DRABA ALPINA CALLUS CULTURE EXTRACT,skin-protecting
CRYPTOMERIA JAPONICA LEAF EXTRACT,humectant
SENNA GARRETTIANA LEAF EXTRACT,humectant
SENNA GARRETTIANA LEAF EXTRACT,skin-conditioning
DI-HEMA TRIMETHYLHEXYL DICARBAMATE,film-forming
HAZELNUT SEED OIL POLYGLYCERYL-6 ESTERS,emollient
HAZELNUT SEED OIL POLYGLYCERYL-6 ESTERS,emulsifying
HAZELNUT SEED OIL POLYGLYCERYL-6 ESTERS,skin-conditioning
HAZELNUT SEED OIL POLYGLYCERYL-6 ESTERS,surfactant
ECHINACEA PURPUREA LEAF/ROOT EXTRACT,skin-conditioning
HUMAN NEONATAL FIBROBLAST/KERATINOCYTE CONDITIONED MEDIA,skin-conditioning
PHTHALIC ANHYDRIDE/ADIPIC ACID/CASTOR OIL/NEOPENTYL GLYCOL/PEG-3/TRIMETHYLOLPROPANE COPOLYMER,film-forming
METHOXY PEG-100/POLYEPSILON CAPROLACTONE,humectant
METHOXY PEG-100/POLYEPSILON CAPROLACTONE,surfactant
CHAMOMILLA RECUTITA FLOWER/JASMINUM OFFICINALE FLOWER EXTRACT,skin-conditioning
ACETYL HEPTAPEPTIDE-19 AMIDE,skin-conditioning
TRICHOSANTHES KIRILOWII ROOT EXTRACT,skin-protecting
SODIUM CARBOXYMETHYL EUGLENA GRACILIS EXTRACT,skin-conditioning
EUGENIA STIPITATA FRUIT EXTRACT,skin-conditioning
CITRUS NOBILIS FRUIT EXTRACT,masking
CITRUS NOBILIS FRUIT EXTRACT,skin-conditioning
HYDROLYZED GARCINIA MANGOSTANA FRUIT EXTRACT,skin-conditioning
UNDECYLCRYLENE DIMETHICONE,film-forming
RETINYL FORMYL ASPARTAMATE,antioxidant
RETINYL FORMYL ASPARTAMATE,emollient
LACTOBACILLUS/MANGOSTEEN PERICARP FERMENT FILTRATE,skin-conditioning
BEHENYL ERUCATE,emollient
BEHENYL ERUCATE,skin-conditioning
BACILLUS/PENTACLETHRA MACROLOBA SEED OIL FERMENT EXTRACT FILTRATE,emollient
BACILLUS/PENTACLETHRA MACROLOBA SEED OIL FERMENT EXTRACT FILTRATE,skin-conditioning
ENDOMYCES/PRUNUS ARMENIACA FERMENT FILTRATE,skin-conditioning
AURANTIOCHYTRIUM LIMACINUM OIL,antistatic
AURANTIOCHYTRIUM LIMACINUM OIL,emollient
AURANTIOCHYTRIUM LIMACINUM OIL,skin-conditioning
METHYL MYRISTATE,emollient
METHYL MYRISTATE,skin-conditioning
PYRUS MALUS PECTIN EXTRACT,skin-conditioning
HELIANTHUS ANNUUS SEED FLOUR,abrasive
HELIANTHUS ANNUUS SEED FLOUR,absorbent
HELIANTHUS ANNUUS SEED FLOUR,bulking
HELIANTHUS ANNUUS SEED FLOUR,viscosity-controlling
LAPSANA COMMUNIS FLOWER/LEAF/STEM EXTRACT,skin-conditioning
RETINOYL TETRAPEPTIDE-43 AMIDE,skin-conditioning
FAGUS SYLVATICA FLOWER EXTRACT,skin-conditioning
PPG-3 BENZYL ETHER MYRISTATE,emollient
PPG-3 BENZYL ETHER MYRISTATE,plasticiser
PPG-3 BENZYL ETHER MYRISTATE,solvent
PPG-3 BENZYL ETHER MYRISTATE,uv-absorber
CHONDRACANTHUS TEEDEI POWDER,skin-conditioning
GLYCERYL BETAINE/POLYACRYLIC ACID ESTERS,humectant
GLYCERYL BETAINE/POLYACRYLIC ACID ESTERS,skin-conditioning
GLYCERYL BETAINE/POLYACRYLIC ACID ESTERS,viscosity-controlling
POLYESTER-32,film-forming
VACCINIUM MYRTILLUS FRUIT/LEAF EXTRACT,astringent
VACCINIUM MYRTILLUS FRUIT/LEAF EXTRACT,refreshing
VACCINIUM MYRTILLUS FRUIT/LEAF EXTRACT,skin-conditioning
VACCINIUM MYRTILLUS FRUIT/LEAF EXTRACT,tonic
BAMBUSA VULGARIS STEM POWDER,skin-conditioning
DIBUTYLOCTYL IPDI,emollient
DIBUTYLOCTYL IPDI,film-forming
DIBUTYLOCTYL IPDI,skin-conditioning
MORINGA PTERYGOSPERMA OIL,emollient
AZULENE,skin-conditioning
AZULENE,soothing
LEONTOPODIUM ALPINUM MERISTEM CELL CULTURE,skin-conditioning
HYDROLYZED ROYAL JELLY EXTRACT,skin-conditioning
ARGININE COCOATE,skin-conditioning
LIGUSTRUM LUCIDUM STEM EXTRACT,skin-conditioning
ETHYLHEXYL METHOXYCRYLENE,skin-conditioning
ACETYL TRIFLUOROMETHYLPHENYL VALYLGLYCINE,skin-conditioning
OCTYLDODECYL NEOPENTANOATE,emollient
PEG-8 DIMETHICONE/POLYSORBATE 20 CROSSPOLYMER,emulsion-stabilising
PHRAGMITES KARKA EXTRACT,skin-conditioning
ETHYL DIMETHYLAMINOBENZOATE,film-forming
ENDOMYCES/SODIUM HYALURONATE FERMENT FILTRATE,humectant
ENDOMYCES/SODIUM HYALURONATE FERMENT FILTRATE,skin-conditioning
MONASCUS/BRASSICA NAPUS SEED OIL FERMENT,emollient
MONASCUS/BRASSICA NAPUS SEED OIL FERMENT,humectant
MONASCUS/BRASSICA NAPUS SEED OIL FERMENT,skin-conditioning
TETRAPEPTIDE-63,skin-conditioning
SARGASSUM FILIPENDULA EXTRACT,skin-protecting
PHYTOSTERYL CANOLATE,emollient
PHYTOSTERYL CANOLATE,skin-protecting
PHYTOSTERYL CANOLATE,viscosity-controlling
DICRATERIA ROTUNDA OIL,skin-conditioning
HYDROLYZED MILT EXTRACT,skin-conditioning
OLIGOPEPTIDE-107 RH-POLYPEPTIDE-1,skin-conditioning
SODIUM HYALURONATE,humectant
SODIUM HYALURONATE,skin-conditioning
LILIUM TIGRINUM ROOT EXTRACT,humectant
PLANTAGO ASIATICA LEAF/STEM EXTRACT,humectant
PLANTAGO ASIATICA LEAF/STEM EXTRACT,skin-conditioning
MACADAMIA TERNIFOLIA SEED EXTRACT,emollient
MACADAMIA TERNIFOLIA SEED EXTRACT,skin-conditioning
FARFUGIUM JAPONICUM LEAF/STALK EXTRACT,skin-conditioning
C12-20 ISOPARAFFIN,emollient
C12-20 ISOPARAFFIN,skin-conditioning
C12-20 ISOPARAFFIN,solvent
ASPERGILLUS/HYDROLYZED PRUNUS MUME SEED FERMENT EXTRACT,emollient
ASPERGILLUS/HYDROLYZED PRUNUS MUME SEED FERMENT EXTRACT,skin-conditioning
HOYA CARNOSA LEAF/STEM EXTRACT,skin-conditioning
DIHYDROCHOLESTERYL OLEATE,emollient
DIHYDROCHOLESTERYL OLEATE,skin-conditioning
HYDROXYPROPYL ETHYLENEDIAMINE CARBOMER,viscosity-controlling
BIS-METHOXYPROPYLAMIDO ISODOCOSANE,emollient
BIS-METHOXYPROPYLAMIDO ISODOCOSANE,skin-conditioning
KIDACHI ALOE YOUJYUU,emollient
KIDACHI ALOE YOUJYUU,skin-conditioning
CASTANEA SATIVA SHELL EXTRACT,skin-conditioning
TARAXACUM PLATYCARPUM CALLUS CULTURE EXTRACT,skin-conditioning
OLIGOPEPTIDE-105,skin-conditioning
SOLANUM STRAMONIIFOLIUM FRUIT EXTRACT,skin-conditioning
STILLINGIA SYLVATICA ROOT,emollient
BAMBUSA TEXTILIS STEM EXTRACT,skin-conditioning
LAURAMIDE/MYRISTAMIDE DEA,antistatic
LAURAMIDE/MYRISTAMIDE DEA,foam-boosting
LAURAMIDE/MYRISTAMIDE DEA,surfactant
LAURAMIDE/MYRISTAMIDE DEA,viscosity-controlling
HYDROLYZED PLEUROTUS NEBRODENSIS MYCELIUM EXTRACT,antioxidant
HYDROLYZED PLEUROTUS NEBRODENSIS MYCELIUM EXTRACT,skin-protecting
ACRYLATES CROSSPOLYMER-4,emulsion-stabilising
ACRYLATES CROSSPOLYMER-4,film-forming
ACRYLATES CROSSPOLYMER-4,surfactant
ACRYLATES CROSSPOLYMER-4,viscosity-controlling
POLYVINYL BUTYRAL,binding
POLYVINYL BUTYRAL,film-forming
POLYVINYL BUTYRAL,viscosity-controlling
CITRUS AURANTIUM AMARA PEEL,skin-conditioning
LACTOBACILLUS/PHOENIX DACTYLIFERA FRUIT FERMENT FILTRATE,skin-conditioning
OCTYLDODECYL HYDROXYSTEARATE,skin-conditioning
HYDROXYPROPYL DIMETHICONE BEHENATE,skin-conditioning
OLIGOPEPTIDE-147,skin-conditioning
MIRABILIS JALAPA FLOWER/LEAF/STEM EXTRACT,skin-conditioning
PIPTADENIA COLUBRINA PEEL EXTRACT,humectant
GANODERMA SICHUANENSE EXTRACT,antiplaque
GANODERMA SICHUANENSE EXTRACT,skin-conditioning
GANODERMA SICHUANENSE EXTRACT,skin-protecting
PHOSPHATIDIC ACID,emollient
PHOSPHATIDIC ACID,emulsion-stabilising
PHOSPHATIDIC ACID,skin-conditioning
PHOSPHATIDIC ACID,surfactant
SILKWORM CHRYSALIS OIL,emollient
OXIDIZED MICROCRYSTALLINE WAX,viscosity-controlling
VACCINIUM VIRGATUM FRUIT JUICE,humectant
VACCINIUM VIRGATUM FRUIT JUICE,skin-conditioning
VEGETABLE GLYCERIDES PHOSPHATE,emollient
VEGETABLE GLYCERIDES PHOSPHATE,emulsifying
VEGETABLE GLYCERIDES PHOSPHATE,skin-conditioning
VEGETABLE GLYCERIDES PHOSPHATE,surfactant
DIGLYCOL/ISOPHTHALATES/SIP COPOLYMER,film-forming
OENOCARPUS BACABA FRUIT OIL,emollient
OENOCARPUS BACABA FRUIT OIL,moisturising
SACCHAROMYCES/CORNUS OFFICINALIS FRUIT/ANGELICA ACUTILOBA ROOT/DEER ANTLER/THYME FERMENT FILTRATE,skin-conditioning
OPUNTIA VULGARIS LEAF EXTRACT,skin-conditioning
PPG-4 JOJOBA ALCOHOL,emollient
PPG-4 JOJOBA ALCOHOL,emulsion-stabilising
PPG-4 JOJOBA ALCOHOL,skin-conditioning
OCTYLDODECYL OLIVATE,skin-conditioning
RH-POLYPEPTIDE-33,skin-conditioning
RH-POLYPEPTIDE-33,skin-protecting
MESEMBRYANTHEMUM CRYSTALLINUM CALLUS EXTRACT,humectant
MESEMBRYANTHEMUM CRYSTALLINUM CALLUS EXTRACT,skin-conditioning
LAURYL OLEATE,emollient
LAURYL OLEATE,skin-conditioning
ADIPIC ACID/FUMARIC ACID/PHTHALIC ACID/TRICYCLODECANE DIMETHANOL COPOLYMER,film-forming
THEOBROMA GRANDIFLORUM SEED BUTTER EXTRACT,skin-conditioning
SOLANUM LYCOPERSICUM CALLUS CULTURE CONDITIONED MEDIA,antioxidant
SOLANUM LYCOPERSICUM CALLUS CULTURE CONDITIONED MEDIA,skin-conditioning
SOLANUM LYCOPERSICUM CALLUS CULTURE CONDITIONED MEDIA,skin-protecting
STARCH/ACRYLATES/ACRYLAMIDE COPOLYMER,binding
STARCH/ACRYLATES/ACRYLAMIDE COPOLYMER,film-forming
STARCH/ACRYLATES/ACRYLAMIDE COPOLYMER,viscosity-controlling
GLYCERYL BEHENATE/EICOSADIOATE,emollient
GLYCERYL BEHENATE/EICOSADIOATE,emulsifying
PLECTRANTHUS TOMENTOSA EXTRACT,skin-conditioning
DIDECYLTETRADECYL IPDI,binding
DIDECYLTETRADECYL IPDI,film-forming
HIBISCUS ROSA-SINENSIS FLOWER POWDER,skin-conditioning
HIBISCUS ROSA-SINENSIS FLOWER POWDER,tonic
URSOLOYL PENTAPEPTIDE-4,antioxidant
URSOLOYL PENTAPEPTIDE-4,skin-conditioning
URSOLOYL PENTAPEPTIDE-4,skin-protecting
CHRYSANTHEMUM SIBIRICUM EXTRACT,antimicrobial
CHRYSANTHEMUM SIBIRICUM EXTRACT,skin-conditioning
MAGNOLIA BIONDII FLOWER EXTRACT,skin-conditioning
DIMETHYLIMIDAZOLIDINONE RICE STARCH,absorbent
DIMETHYLIMIDAZOLIDINONE RICE STARCH,viscosity-controlling
C9-12 ISOPARAFFIN,solvent
C9-12 ISOPARAFFIN,viscosity-controlling
SPONDIAS TUBEROSA FRUIT EXTRACT,skin-conditioning
CIMICIFUGA DAHURICA ROOT/FORSYTHIA VIRDISSIMA FRUIT/GLYCYRRHIZA GLABRA ROOT/PAEONIA LACTIFLORA ROOT/PLATYCODON GRANDIFLORUM ROOT/PUERARIA LOBATA ROOT EXTRACT,humectant
CIMICIFUGA DAHURICA ROOT/FORSYTHIA VIRDISSIMA FRUIT/GLYCYRRHIZA GLABRA ROOT/PAEONIA LACTIFLORA ROOT/PLATYCODON GRANDIFLORUM ROOT/PUERARIA LOBATA ROOT EXTRACT,skin-conditioning
DIMETHYLMETHOXY CHROMANYL PALMITATE,skin-conditioning
POLYGLYCERYL-10 HYDROXYSTEARATE/STEARATE/EICOSADIOATE,skin-conditioning
TRIFOLIUM REPENS SPROUT EXTRACT,skin-conditioning
SACCHAROMYCES/OPAL FERMENT LYSATE FILTRATE,skin-conditioning
CITRUS IYO PEEL WATER,humectant
CITRUS IYO PEEL WATER,skin-conditioning
ACETYL ORNITHINE,skin-conditioning
GALLOYL TRIPEPTIDE-48,antioxidant
GALLOYL TRIPEPTIDE-48,skin-protecting
ACONITUM KOREANUM EXTRACT,skin-conditioning
PORTULACA OLERACEA JUICE,skin-conditioning
RETINOXYTRIMETHYLSILANE,skin-conditioning
PRUNUS DOMESTICA FLOWER EXTRACT,emollient
PRUNUS DOMESTICA FLOWER EXTRACT,skin-protecting
LACTOBACILLUS/CUDRANIA TRICUSPIDATA BARK EXTRACT FERMENT FILTRATE,antioxidant
LACTOBACILLUS/CUDRANIA TRICUSPIDATA BARK EXTRACT FERMENT FILTRATE,skin-conditioning
BIS-PEG/PPG-18/6 DIMETHICONE,emollient
BIS-PEG/PPG-18/6 DIMETHICONE,emulsifying
AMNIOTIC FLUID,moisturising
AMNIOTIC FLUID,skin-conditioning
BOEHMERIA SIEBOLDIANA EXTRACT,skin-conditioning
CARDIOSPERMUM HALICACABUM FLOWER/LEAF/VINE EXTRACT,skin-conditioning
ACETYL S-FEA'S VIPER PENTAPEPTIDE-1 AMIDE,skin-conditioning
HELIANTHUS ANNUUS SEED BUTTER,emollient
HELIANTHUS ANNUUS SEED BUTTER,opacifying
HELIANTHUS ANNUUS SEED BUTTER,skin-conditioning
MELICOPE HAYESII LEAF EXTRACT,antioxidant
MELICOPE HAYESII LEAF EXTRACT,skin-protecting
SINE ADIPE LAC,antistatic
SINE ADIPE LAC,skin-conditioning
BUTYL GLYCOLATE,skin-conditioning
ACTINIDIA CHINENSIS SEED OIL,emollient
ACTINIDIA CHINENSIS SEED OIL,skin-conditioning
ACETYL GLUCOSAMINE,skin-conditioning
TRIMETHYLSILYL PULLULAN,film-forming
TRIMETHYLSILYL PULLULAN,viscosity-controlling
ETHANOLAMINE GLYCEROPHOSPHATE,skin-conditioning
PINUS PENTAPHYLLA SEED OIL,emollient
DIHYDROXYPHENYL BENZIMIDAZOLE CARBOXYLIC ACID,antioxidant
DIHYDROXYPHENYL BENZIMIDAZOLE CARBOXYLIC ACID,skin-protecting
LEUCONOSTOC/LEDEBOURIELLA DIVARICATA ROOT/ANGELICA DAHURICA ROOT/ANGELICA TENUISSIMA ROOT/MAGNOLIA LILIFLORA BUD/ASARUM SIEBOLDI ROOT/PAEONIA SUFFRUTICOSA ROOT/CNIDIUM OFFICINALE ROOT/ANGELICA GIGAS ROOT/AUCKLANDIA LAPPA ROOT/ACHYRANTHES JAPONICA ROOT/EUCOMMIA ULMOIDES BARK/ANGELICA PUBESCENS ROOT/ ACONITUM KOREANUM ROOT FERMENT,skin-conditioning
CYATHUSAL B,antioxidant
CYATHUSAL B,skin-conditioning
SHEEP SKIN LYSATE,emollient
SHEEP SKIN LYSATE,skin-conditioning
DIHEXYL ISOEICOSANEDIOATE,emollient
DIHEXYL ISOEICOSANEDIOATE,skin-conditioning
HEPTAPEPTIDE-8,skin-conditioning
LACTUCA SCARIOLA SATIVA LEAF EXTRACT,skin-conditioning
DI-C12-13 ALKYL MALATE,emollient
DI-C12-13 ALKYL MALATE,skin-conditioning
EUPATORIUM LINDLEYANUM EXTRACT,humectant
RED JUNGLEFOWL BLASTODERM PLURIPOTENT CELL CULTURE CONDITIONED MEDIA,skin-conditioning
NYMPHAEA COERULEA FLOWER WATER,skin-conditioning
RESVERATROL,antioxidant
RESVERATROL,skin-protecting
CETETH-7 STEARATE,skin-conditioning
ACETYL CARNITINE HCL,skin-conditioning
SH-PENTAPEPTIDE-5 TRIPEPTIDE-35,antioxidant
SH-PENTAPEPTIDE-5 TRIPEPTIDE-35,chelating
SH-PENTAPEPTIDE-5 TRIPEPTIDE-35,skin-protecting
DIMETHICONOL BEESWAX,skin-conditioning
PENTAERYTHRITYL DIOLEATE,emollient
VERNICIA FORDII LEAF/STEM EXTRACT,skin-conditioning
PAEONOL,antioxidant
PAEONOL,skin-conditioning
NIACINAMIDE MANDELATE,skin-conditioning
ASPERGILLUS/MILLET SEED/RICE HULL FERMENT FILTRATE,emollient
ASPERGILLUS/MILLET SEED/RICE HULL FERMENT FILTRATE,skin-conditioning
PRUNUS YEDOENSIS LEAF EXTRACT,skin-conditioning
GLIADIN,skin-conditioning
SR-CHICKEN POLYPEPTIDE-1,skin-protecting
DIMETHICONOL STEARATE,emollient
DIMETHICONOL STEARATE,skin-conditioning
SODIUM ACRYLATES/BEHENETH-25 METHACRYLATE CROSSPOLYMER,skin-conditioning
SODIUM ACRYLATES/BEHENETH-25 METHACRYLATE CROSSPOLYMER,viscosity-controlling
CARYA ILLINOENSIS SEED EXTRACT,skin-conditioning
PICHIA/RESVERATROL FERMENT EXTRACT,skin-conditioning
POLYACRYLATE-43,film-forming
BIS-ISOSTEARYL 1‚4-BUTANEDIOL/HDI/HYDROGENATED DIMER DILINOLEYL ALCOHOL COPOLYMER,viscosity-controlling
ISOPROPYLCYCLOHEXYL TOLYLCARBAMATE,skin-conditioning
BUTYLGLUCOSIDES HYDROXYPROPYLTRIMONIUM CHLORIDE,cleansing
BUTYLGLUCOSIDES HYDROXYPROPYLTRIMONIUM CHLORIDE,emulsifying
BUTYLGLUCOSIDES HYDROXYPROPYLTRIMONIUM CHLORIDE,skin-conditioning
BUTYLGLUCOSIDES HYDROXYPROPYLTRIMONIUM CHLORIDE,surfactant
POTASSIUM OLIVOYL PCA,cleansing
POTASSIUM OLIVOYL PCA,humectant
SH-OLIGOPEPTIDE-82 AMIDE,emollient
SH-OLIGOPEPTIDE-82 AMIDE,humectant
SH-OLIGOPEPTIDE-82 AMIDE,skin-conditioning
GLYCOL/NEOPENTYL GLYCOL/PHTHALIC ANHYDRIDE COPOLYMER BENZOATE,film-forming
TRIPEPTIDE-10 CITRULLINE,skin-conditioning
PEG-3 GLYCERYL TRIISOSTEARATE,emollient
PEG-3 GLYCERYL TRIISOSTEARATE,emulsifying
SMILAX UTILIS ROOT EXTRACT,skin-conditioning
DEPOLYMERIZED PRASINOCOCCUS CAPSULATUS EXOPOLYSACCHARIDES,skin-conditioning
YUCCA GLAUCA ROOT EXTRACT,skin-protecting
MINOXIDIL SUCCINOYL DECAPEPTIDE-18,skin-conditioning
HYDROXYPROPYL DIMETHICONE STEARATE,emollient
SUNFLOWER SEED OIL GLYCERIDE,emollient
SUNFLOWER SEED OIL GLYCERIDE,emulsifying
SUNFLOWER SEED OIL GLYCERIDE,skin-conditioning
SUNFLOWER SEED OIL GLYCERIDE,surfactant
BLACK SEA ROD OIL,skin-conditioning
MYRISTYL SULTAINE,cleansing
MYRISTYL SULTAINE,emulsifying
MYRISTYL SULTAINE,skin-conditioning
MYRISTYL SULTAINE,surfactant
SAPINDUS MUKOROSSI FRUIT EXTRACT,skin-conditioning
ROSA RUGOSA LEAF EXTRACT,humectant
FICUS NIPPONICA BRANCH/LEAF EXTRACT,skin-conditioning
ANGELICA SINENSIS LEAF/ARCTIUM LAPPA ROOT/JASMINUM OFFICINALE FLOWER EXTRACT,skin-conditioning
C16-36 ALKYL STEARATE,skin-conditioning
HYDROGENATED KUKUI NUT OIL,skin-conditioning
DODECANEDIOIC ACID/CETEARYL ALCOHOL/GLYCOL COPOLYMER,film-forming
DODECANEDIOIC ACID/CETEARYL ALCOHOL/GLYCOL COPOLYMER,viscosity-controlling
CYSTEINE/OLIGOMERIC PROANTHOCYANIDIN,skin-conditioning
TRIPEPTIDE-48,antiseborrhoeic
TRIPEPTIDE-48,skin-protecting
SOLANUM LYCOPERSICUM FRUIT LIPIDS,skin-conditioning
PANTOTHENOYL DIPEPTIDE-13,skin-conditioning
SEAL OIL,emollient
SEAL OIL,skin-conditioning
SEAL OIL,skin-protecting
RAPHANUS SATIVUS SEED OIL,emollient
RAPHANUS SATIVUS SEED OIL,skin-conditioning
DIETHYLHEXYL SEBACATE,emollient
DIETHYLHEXYL SEBACATE,film-forming
DIETHYLHEXYL SEBACATE,masking
DIETHYLHEXYL SEBACATE,plasticiser
DIETHYLHEXYL SEBACATE,solvent
HYDROLYZED CRANBERRY FRUIT/LEAF EXTRACT,skin-protecting
VERONICA OFFICINALIS LEAF EXTRACT,skin-conditioning
ROSA RUGOSA STEM EXTRACT,humectant
ROSA RUGOSA STEM EXTRACT,skin-conditioning
ROSA RUGOSA STEM EXTRACT,skin-protecting
LITHOSPERMUM ERYTHRORHIZON ROOT OIL,skin-conditioning
LAPPULA SQUARROSA SEED OIL,skin-conditioning
LAPPULA SQUARROSA SEED OIL,skin-protecting
ELEOCHARIS DULCIS TUBER EXTRACT,skin-conditioning
STYRAX JAPONICUS BRANCH/FRUIT/LEAF EXTRACT,skin-conditioning
DECENE,solvent
DECENE,viscosity-controlling
BUTYLENE/ETHYLENE/PROPYLENE COPOLYMER,film-forming
EMPETRUM NIGRUM LEAF EXTRACT,antimicrobial
EMPETRUM NIGRUM LEAF EXTRACT,skin-conditioning
CUCURBITA PEPO,skin-conditioning
BETULA ALBA BUD EXTRACT,skin-conditioning
FERROUS LACTATE,skin-conditioning
PYRROSIA HASTATA EXTRACT,skin-conditioning
LACTOBACILLUS LAC/CALCIUM/PHOSPHOROUS/MAGNESIUM/ZINC FERMENT,skin-protecting
PEG/PPG-36/41 DIMETHYL ETHER,skin-conditioning
YOKUININ EKISU,skin-conditioning
SACCHAROMYCES/OPHIOPOGON JAPONICUS ROOT/PANAX GINSENG ROOT/PORIA COCOS/REHMANNIA GLUTINOSA ROOT FERMENT FILTRATE,skin-conditioning
PHALAENOPSIS SOGO YUKIDIAN PETAL EXTRACT,antioxidant
PHALAENOPSIS SOGO YUKIDIAN PETAL EXTRACT,skin-protecting
ESCHSCHOLZIA CALIFORNICA LEAF EXTRACT,skin-conditioning
ISOBUTYLPHENOXY EPOXY RESIN,film-forming
POLYGLYCERYL-3 PALMITATE,emollient
POLYGLYCERYL-3 PALMITATE,emulsifying
SERICA EXTRACT,skin-conditioning
CARBOXYMETHYL CAPROOYL CHITOSAN,absorbent
CARBOXYMETHYL CAPROOYL CHITOSAN,film-forming
CARBOXYMETHYL CAPROOYL CHITOSAN,humectant
CARBOXYMETHYL CAPROOYL CHITOSAN,solvent
CARBOXYMETHYL CAPROOYL CHITOSAN,surfactant
ARTEMISIA CARUIFOLIA EXTRACT,skin-conditioning
VINCA MAJOR EXTRACT,skin-conditioning
GHATTI GUM,binding
GHATTI GUM,emulsifying
GHATTI GUM,emulsion-stabilising
GHATTI GUM,surfactant
GHATTI GUM,viscosity-controlling
C20-40 ALKYL STEARATE,skin-conditioning
C20-40 ALKYL STEARATE,viscosity-controlling
SH-POLYPEPTIDE-50 SH-POLYPEPTIDE-56,skin-conditioning
PAECILOMYCES JAPONICA MYCELIUM/POLYGONUM MULTIFLORUM ROOT FERMENT EXTRACT FILTRATE,skin-conditioning
CANARIUM LUZONICUM LEAF EXTRACT,humectant
SODIUM GLYCINATE,skin-conditioning
TROLOXOYL OLIGOPEPTIDE-33,skin-conditioning
ETHYLHEXYL TRIAZONE,uv-absorber
ETHYLHEXYL TRIAZONE,uv-filter
VACCINIUM MYRTILLUS FRUIT EXTRACT,skin-conditioning
SOLUM FULLONUM,absorbent
SOLUM FULLONUM,anticaking
SOLUM FULLONUM,bulking
SOLUM FULLONUM,gel-forming
SOLUM FULLONUM,opacifying
SOLUM FULLONUM,viscosity-controlling
C9-13 FLUOROALCOHOL,skin-conditioning
ALOE FEROX LEAF JUICE,skin-conditioning
RHINACANTHUS NASUTUS ROOT POWDER,humectant
DOCOSAHEXAENOIC ACID,antistatic
DOCOSAHEXAENOIC ACID,skin-conditioning
PEG/PPG-50/40 DIMETHYL ETHER,skin-conditioning
SACCHAROMYCES/PEPPERMINT LEAF FERMENT FILTRATE,skin-conditioning
DIOCTYLDODECYL STEAROYL GLUTAMATE,emollient
DIOCTYLDODECYL STEAROYL GLUTAMATE,emulsifying
DIOCTYLDODECYL STEAROYL GLUTAMATE,skin-conditioning
CEREUS GRANDIFLORUS FLOWER EXTRACT,skin-conditioning
ISOPRENE/MA/METHOXY PEG-40 COPOLYMER,emollient
ISOPRENE/MA/METHOXY PEG-40 COPOLYMER,film-forming
ISOPRENE/MA/METHOXY PEG-40 COPOLYMER,skin-conditioning
ARONIA ARBUTIFOLIA FRUIT EXTRACT,skin-conditioning
HELICHRYSUM GYMNOCEPHALUM FLOWER/LEAF/STEM EXTRACT,skin-conditioning
POLYGLYCERYL-3 DIHYDROXYSTEARATE,emollient
POLYGLYCERYL-3 DIHYDROXYSTEARATE,emulsifying
POLYGLYCERYL-3 DIHYDROXYSTEARATE,skin-conditioning
POLYGLYCERYL-3 DIHYDROXYSTEARATE,surfactant
POLYGLYCERYL-10 DIPALMITATE,emollient
POLYGLYCERYL-10 DIPALMITATE,emulsifying
LAVANDULA ANGUSTIFOLIA FLOWER/LEAF/STEM OIL,flavouring
LAVANDULA ANGUSTIFOLIA FLOWER/LEAF/STEM OIL,humectant
LAVANDULA ANGUSTIFOLIA FLOWER/LEAF/STEM OIL,masking
LACTOBACILLUS/COLLAGEN FERMENT FILTRATE,humectant
SH-POLYPEPTIDE-75,skin-conditioning
SH-POLYPEPTIDE-75,skin-protecting
HYDROLYZED SODIUM DNA,skin-conditioning
CITRULLUS LANATUS SEED EXTRACT,skin-conditioning
LACTOBACILLUS/SACCHAROMYCES/COPTIDIS RHIZOME FERMENT FILTRATE,skin-conditioning
CHRYSIN,skin-conditioning
ETHYL GALLATE,skin-conditioning
SORBITYL SILANEDIOL,emollient
TROPAEOLUM MAJUS FLOWER/LEAF EXTRACT,refreshing
TROPAEOLUM MAJUS FLOWER/LEAF EXTRACT,skin-conditioning
HYDROXYPROPYLCELLULOSE STEARYL CARBAMATE,viscosity-controlling
BIS-C16-18 ALKYL GLYCERYL UNDECYL DIMETHICONE,emulsion-stabilising
BIS-C16-18 ALKYL GLYCERYL UNDECYL DIMETHICONE,film-forming
BIS-C16-18 ALKYL GLYCERYL UNDECYL DIMETHICONE,surfactant
PANAX GINSENG SPROUT EXTRACT,skin-conditioning
JOJOBA OIL GLYCERETH-8 ESTERS,emollient
JOJOBA OIL GLYCERETH-8 ESTERS,emulsion-stabilising
PYRUS MALUS OIL,skin-conditioning
CASTOR OIL POLYGLYCERYL-6 ESTERS,emollient
CASTOR OIL POLYGLYCERYL-6 ESTERS,emulsifying
CASTOR OIL POLYGLYCERYL-6 ESTERS,skin-conditioning
CASTOR OIL POLYGLYCERYL-6 ESTERS,surfactant
OLIGOPEPTIDE-72,skin-conditioning
ANONA RETICULATA JUICE,skin-conditioning
HORDENINE,skin-protecting
LESPEDEZA CUNEATA CALLUS EXTRACT,skin-conditioning
UNDECYLENOYL PHENYLALANINE,skin-conditioning
BUTYL ACRYLATE/C6-14 PERFLUOROALKYLETHYL ACRYLATE/MERCAPTOPROPYL DIMETHICONE COPOLYMER,film-forming
BUTYL ACRYLATE/C6-14 PERFLUOROALKYLETHYL ACRYLATE/MERCAPTOPROPYL DIMETHICONE COPOLYMER,opacifying
APRICOT KERNEL OIL PROPYLENE GLYCOL ESTERS,skin-conditioning
TEA-ACRYLATES/ETHYLHEXYL ACRYLATE COPOLYMER,film-forming
SD ALCOHOL 23-A,astringent
SD ALCOHOL 23-A,solvent
SD ALCOHOL 23-A,viscosity-controlling
JUNCUS DECIPIENS STEM EXTRACT,humectant
JUNCUS DECIPIENS STEM EXTRACT,skin-conditioning
HEPTAPEPTIDE-36,skin-conditioning
SYNECHOCOCCUS/MANGANESE FERMENT,skin-conditioning
RHUS SUCCEDANEA FRUIT WAX,binding
RHUS SUCCEDANEA FRUIT WAX,viscosity-controlling
DIMETHYL GLUTARATE,antistatic
DIMETHYL GLUTARATE,emollient
DIMETHYL GLUTARATE,solvent
PHLOMIS KORAIENSIS ROOT EXTRACT,skin-conditioning
PANTOEA VAGANS/APPLE JUICE/PRUNUS MUME FRUIT FERMENT EXTRACT FILTRATE,skin-conditioning
SCHINUS TEREBINTHIFOLIA SEED EXTRACT,astringent
SCHINUS TEREBINTHIFOLIA SEED EXTRACT,skin-conditioning
PRUNUS ZIPPELIANA BARK/TWIG EXTRACT,humectant
PRUNUS ZIPPELIANA BARK/TWIG EXTRACT,skin-conditioning
PANTETHEINE SULFONATE,skin-conditioning
T-BUTYLBENZAMIDO METHYLHYDROXYLBENZAMIDE,antioxidant
T-BUTYLBENZAMIDO METHYLHYDROXYLBENZAMIDE,skin-protecting
PHELLINUS LINTEUS/ABALONE FERMENT FILTRATE,skin-conditioning
HYLOCEREUS UNDATUS FRUIT JUICE,flavouring
HYLOCEREUS UNDATUS FRUIT JUICE,skin-conditioning
SAMBUCUS SIEBOLDIANA LEAF/STEM EXTRACT,antioxidant
SAMBUCUS SIEBOLDIANA LEAF/STEM EXTRACT,astringent
SAMBUCUS SIEBOLDIANA LEAF/STEM EXTRACT,emollient
FILIPENDULA GLABERRIMA EXTRACT,skin-conditioning
PLEUROTUS CYSTIDIOSUS FERMENT FILTRATE,humectant
ETHYL CARBAZIDO HYALURONATE SH-OLIGOPEPTIDE-1 SH-POLYPEPTIDE-94 DIPEPTIDE-35 SH-POLYPEPTIDE-94 SH-POLYPEPTIDE-95,skin-protecting
CAPSICUM FRUTESCENS FRUIT POWDER,humectant
CAPSICUM FRUTESCENS FRUIT POWDER,skin-conditioning
VANILLA PLANIFOLIA FRUIT EXTRACT,skin-conditioning
VANILLA PLANIFOLIA FRUIT EXTRACT,skin-protecting
VANILLA PLANIFOLIA FRUIT EXTRACT,smoothing
PPG-5 LANOLIN WAX GLYCERIDE,emollient
PPG-5 LANOLIN WAX GLYCERIDE,skin-conditioning
TREHALOSE,humectant
TREHALOSE,moisturising
1‚2-BUTANEDIOL,humectant
1‚2-BUTANEDIOL,skin-conditioning
1‚2-BUTANEDIOL,solvent
1‚2-BUTANEDIOL,viscosity-controlling
PALMITOYL PENTAPEPTIDE-5,skin-conditioning
SODIUM PALMITATE,cleansing
SODIUM PALMITATE,emulsifying
SODIUM PALMITATE,surfactant
SODIUM PALMITATE,viscosity-controlling
GRIFOLA FRONDOSA /LICORICE ROOT EXTRACT FERMENT FILTRATE,antioxidant
GRIFOLA FRONDOSA /LICORICE ROOT EXTRACT FERMENT FILTRATE,humectant
GRIFOLA FRONDOSA /LICORICE ROOT EXTRACT FERMENT FILTRATE,skin-conditioning
GLYCOL OLEATE,antistatic
GLYCOL OLEATE,emollient
GLYCOL OLEATE,emulsifying
GLYCOL OLEATE,skin-conditioning
PUERARIA LOBATA SYMBIOSOME EXTRACT,antioxidant
PUERARIA LOBATA SYMBIOSOME EXTRACT,skin-conditioning
SACCHAROMYCES/CAPSICUM ANNUUM FRUIT FERMENT FILTRATE,skin-conditioning
ANGELICA ACUTILOBA FLOWER EXTRACT,skin-conditioning
SOPHORA JAPONICA CALLUS CULTURE EXTRACT,skin-conditioning
PALMITOYL ALANINE,skin-protecting
LACTOBACILLUS/DENDROPANAX MORBIFERUS LEAF/STEM EXTRACT FERMENT FILTRATE,emollient
LACTOBACILLUS/DENDROPANAX MORBIFERUS LEAF/STEM EXTRACT FERMENT FILTRATE,skin-conditioning
HYDROGENATED LYSOPHOSPHATIDYLCHOLINE,cleansing
HYDROGENATED LYSOPHOSPHATIDYLCHOLINE,emulsifying
HYDROGENATED LYSOPHOSPHATIDYLCHOLINE,skin-conditioning
HYDROGENATED LYSOPHOSPHATIDYLCHOLINE,surfactant
DIPENTAERYTHRITYL TETRABEHENATE/POLYHYDROXYSTEARATE,humectant
DIPENTAERYTHRITYL TETRABEHENATE/POLYHYDROXYSTEARATE,skin-conditioning
KIWI FRUIT EXTRACT BETA-GLUCAN,abrasive
KIWI FRUIT EXTRACT BETA-GLUCAN,antidandruff
KIWI FRUIT EXTRACT BETA-GLUCAN,skin-conditioning
PEI-2500,viscosity-controlling
PROPYLENE GLYCOL MYRISTYL ETHER ACETATE,emollient
SD ALCOHOL 23-H,astringent
SD ALCOHOL 23-H,solvent
SD ALCOHOL 23-H,viscosity-controlling
CINNAMOMUM LOUREIROI BARK EXTRACT,skin-conditioning
METHYL OLEATE/PALMITATE/LINOLEATE/STEARATE,emollient
METHYL OLEATE/PALMITATE/LINOLEATE/STEARATE,skin-conditioning
METHYL OLEATE/PALMITATE/LINOLEATE/STEARATE,solvent
METHYL OLEATE/PALMITATE/LINOLEATE/STEARATE,surfactant
CONVOLVULUS ARVENSIS FLOWER/LEAF/STEM EXTRACT,humectant
CONVOLVULUS ARVENSIS FLOWER/LEAF/STEM EXTRACT,skin-conditioning
TRIMETHOXYBENZYLIDENE PENTANEDIONE,antioxidant
TRIMETHOXYBENZYLIDENE PENTANEDIONE,chelating
TRIMETHOXYBENZYLIDENE PENTANEDIONE,skin-protecting
BACILLUS/FLAVOBACTERIUM MULTIVORUM/EXTRACT/SODIUM CARBONATE FERMENT FILTRATE,humectant
SH-PENTAPEPTIDE-1,skin-conditioning
PALMITOYL INULIN,emollient
PALMITOYL INULIN,emulsifying
CHITOSAN CAPRYLAMIDE HYDROXYPROPYLTRIMONIUM CHLORIDE,emollient
CHITOSAN CAPRYLAMIDE HYDROXYPROPYLTRIMONIUM CHLORIDE,skin-conditioning
CHITOSAN CAPRYLAMIDE HYDROXYPROPYLTRIMONIUM CHLORIDE,skin-protecting
SEDUM ACRE EXTRACT,skin-conditioning
INOSITOL HEXANIACINATE HEXAASCORBATE,antioxidant
INOSITOL HEXANIACINATE HEXAASCORBATE,skin-conditioning
ANNONA CHERIMOLA FRUIT EXTRACT,skin-conditioning
SILICA DIMETHYL SILYLATE,anticaking
SILICA DIMETHYL SILYLATE,antifoaming
SILICA DIMETHYL SILYLATE,emollient
SILICA DIMETHYL SILYLATE,emulsion-stabilising
SILICA DIMETHYL SILYLATE,viscosity-controlling
PEG/PPG-5/20 TOCOPHERYL ETHER,anticaking
PEG/PPG-5/20 TOCOPHERYL ETHER,antioxidant
PEG/PPG-5/20 TOCOPHERYL ETHER,binding
PEG/PPG-5/20 TOCOPHERYL ETHER,emulsion-stabilising
PEG/PPG-5/20 TOCOPHERYL ETHER,plasticiser
PEG/PPG-5/20 TOCOPHERYL ETHER,skin-conditioning
PEG/PPG-5/20 TOCOPHERYL ETHER,surfactant
PEG/PPG-5/20 TOCOPHERYL ETHER,uv-absorber
TANTALUM ETHOXIDE/ISOPROPOXIDE,skin-protecting
TRIPHENYL TRIMETHICONE,antifoaming
TRIPHENYL TRIMETHICONE,emollient
TRIPHENYL TRIMETHICONE,skin-conditioning
PITHECELLOBIUM TENUE WOOD POWDER,humectant
ACRYLIC ACID/VP CROSSPOLYMER,surfactant
ACRYLIC ACID/VP CROSSPOLYMER,viscosity-controlling
SCLEROCARYA BIRREA FRUIT EXTRACT,skin-conditioning
COPTIS CHINENSIS RHIZOME/PHELLODENDRON CHINENSE BARK/SCUTELLARIA BAICALENSIS ROOT/GARDENIA JASMINOIDES FRUIT EXTRACT,emollient
COPTIS CHINENSIS RHIZOME/PHELLODENDRON CHINENSE BARK/SCUTELLARIA BAICALENSIS ROOT/GARDENIA JASMINOIDES FRUIT EXTRACT,skin-conditioning
SODIUM BETA-SITOSTERYL SULFATE,skin-conditioning
LAETIPORUS SULPHUREUS MYCELIUM/SALVIA PLEBEIA EXTRACT FERMENT FILTRATE,humectant
ISOPROPYL TITANIUM TRIISOSTEARATE/TRIETHOXYCAPRYLYLSILANE CROSSPOLYMER,surfactant
ISOPROPYL TITANIUM TRIISOSTEARATE/TRIETHOXYCAPRYLYLSILANE CROSSPOLYMER,viscosity-controlling
POLYBUTYLENE GLYCOL-10,skin-conditioning
ISOPROPYL TITANIUM TRIISOSTEARATE,emollient
ISOPROPYL TITANIUM TRIISOSTEARATE,emulsifying
COCOYL PENTAPEPTIDE-12,skin-conditioning
HIBISCUS SABDARIFFA FLOWER WATER,skin-conditioning
HELIANTHUS ANNUUS FLOWER EXTRACT,skin-conditioning
PIPERLONGUMININE,antimicrobial
PIPERLONGUMININE,antioxidant
PIPERLONGUMININE,skin-conditioning
OLIGOPEPTIDE-158,skin-conditioning
RICE RH-POLYPEPTIDE-45,skin-conditioning
RICE RH-POLYPEPTIDE-45,skin-protecting
TRICAPRYLYL CITRATE,emollient
TRICAPRYLYL CITRATE,skin-conditioning
D-HEPTAPEPTIDE-1,skin-conditioning
VINYL DIMETHICONE,viscosity-controlling
LEVAN,film-forming
LEVAN,skin-protecting
BUTYLENE GLYCOL BEHENATE,emollient
BUTYLENE GLYCOL BEHENATE,emulsifying
BUTYLENE GLYCOL BEHENATE,skin-conditioning
BUTYLENE GLYCOL BEHENATE,surfactant
VITIS VINIFERA CALLUS EXTRACT,skin-protecting
ECHINOPS GIGANTEUS ROOT EXTRACT,skin-conditioning
TRIPEPTIDE-49 OLIGOPEPTIDE-91 DIPEPTIDE-19 SH-POLYPEPTIDE-1,skin-conditioning
POLYQUATERNIUM-8,antistatic
POLYQUATERNIUM-8,film-forming
CELASTRUS PANICULATUS LEAF/FLOWER/SEED EXTRACT,skin-conditioning
NUPHAR LUTEUM ROOT EXTRACT,skin-conditioning
PHOSPHATIDYLCHOLINE,emulsifying
PHOSPHATIDYLCHOLINE,skin-conditioning
SODIUM METHYLTAURATE,skin-conditioning
METHYLBUTYLPHENYL PENTYLBENZOATE,skin-conditioning
PALMITOYL HEPTAPEPTIDE-27,skin-conditioning
HYDROLYZED TYPHA ANGUSTIFOLIA POLLEN/ROOT EXTRACT,antioxidant
HYDROLYZED TYPHA ANGUSTIFOLIA POLLEN/ROOT EXTRACT,emollient
HYDROLYZED TYPHA ANGUSTIFOLIA POLLEN/ROOT EXTRACT,skin-protecting
BACILLUS/ROYAL JELLY/GREEN TEA/SOYBEAN FERMENT FILTRATE,emollient
BACILLUS/ROYAL JELLY/GREEN TEA/SOYBEAN FERMENT FILTRATE,skin-conditioning
BACILLUS/ROYAL JELLY/GREEN TEA/SOYBEAN FERMENT FILTRATE,skin-protecting
RHODODENDRON ANTHOPOGON LEAF POWDER,humectant
ROSMARINUS OFFICINALIS LEAF OIL,masking
ROSMARINUS OFFICINALIS LEAF OIL,skin-conditioning
PODOCARPUS NERIIFOLIUS LEAF EXTRACT,humectant
POLYSILICONE-20,emollient
VISNAGA VERA FRUIT/STEM EXTRACT,skin-conditioning
ALGAEOYL PHYTOSPHINGOSINE,skin-conditioning
ATTAPULGITE,abrasive
ATTAPULGITE,absorbent
ATTAPULGITE,bulking
ATTAPULGITE,opacifying
ATTAPULGITE,viscosity-controlling
SH-OLIGOPEPTIDE-79,skin-conditioning
CAMELLIA JAPONICA FLOWER POWDER,skin-conditioning
INDIGOFERA TINCTORIA LEAF POWDER,skin-conditioning
GALAXAURA RUGOSA/SARGASSUM PACIFICUM/TURBINARIA ORNATA EXTRACT,emollient
GALAXAURA RUGOSA/SARGASSUM PACIFICUM/TURBINARIA ORNATA EXTRACT,skin-conditioning
ACETYL BETA-ALANYL TRIPEPTIDE-50,skin-conditioning
NICOTINOYL DIPEPTIDE-23,skin-conditioning
NYMPHAEA COERULEA FLOWER OIL,skin-conditioning
OCTYLDODECYL NEODECANOATE,emollient
OLDENLANDIA DIFFUSA ROOT EXTRACT,skin-conditioning
PYRUS CYDONIA FRUIT EXTRACT,skin-conditioning
USNEA BARBATA CALLUS EXTRACT,antimicrobial
USNEA BARBATA CALLUS EXTRACT,antioxidant
USNEA BARBATA CALLUS EXTRACT,humectant
USNEA BARBATA CALLUS EXTRACT,skin-conditioning
SORBETH-2 HEXACAPRYLATE/CAPRATE,emollient
PRUNUS MUME FRUIT VINEGAR,skin-conditioning
LANETH-50,cleansing
LANETH-50,emulsifying
LANETH-50,surfactant
LANETH-50,viscosity-controlling
POLYCYCLOPENTADIENE,viscosity-controlling
CLEMATIS CHINENSIS ROOT EXTRACT,skin-conditioning
HYDROLYZED CALF LIGAMENTS/LIVER/SKIN,skin-conditioning
SILICONE QUATERNIUM-21,emollient
SILICONE QUATERNIUM-21,emulsifying
PEG-30 GLYCERYL TRIISOSTEARATE,emollient
PEG-30 GLYCERYL TRIISOSTEARATE,emulsifying
DILINOLEIC ACID,emollient
DILINOLEIC ACID,skin-conditioning
FRAXINUS RHYNCHOPHYLLA LEAF EXTRACT,antioxidant
FRAXINUS RHYNCHOPHYLLA LEAF EXTRACT,skin-conditioning
CITRUS AURANTIUM SINENSIS FIBER,emulsion-stabilising
PUMICE EXTRACT,antioxidant
PUMICE EXTRACT,skin-conditioning
PUMICE EXTRACT,skin-protecting
SODIUM CHOLESTERYL SULFATE,skin-conditioning
PANICUM MILIACEUM SEED OIL,emollient
PANICUM MILIACEUM SEED OIL,skin-conditioning
PPG-2 COCAMIDE,surfactant
PPG-2 COCAMIDE,viscosity-controlling
SODIUM STYRENE/MA COPOLYMER,emulsion-stabilising
SODIUM STYRENE/MA COPOLYMER,skin-conditioning
RUBUS FRUTICOSUS/IDAEUS EXTRACT,skin-conditioning
CYMBOPOGON CITRATUS LEAF,masking
CYMBOPOGON CITRATUS LEAF,skin-conditioning
BOCOA PROUACENSIS EXTRACT,skin-conditioning
BOCOA PROUACENSIS EXTRACT,skin-protecting
SACCHAROMYCES/ACHYRANTHES BIDENTATA ROOT/ANGELICA GIGAS ROOT/ANGELICA PUBESCENS ROOT/ANGELICA TENUISSIMA ROOT/ASARUM SIEBOLDI ROOT/CNIDIUM OFFICINALE ROOT/EUCOMMIA ULMOIDES BARK/LEDEBOURIELLA DIVARICATA ROOT/MAGNOLIA LILIFLORA BUD/PAEONIA SUFFRUTICOSA ROOT FERMENT FILTRATE,skin-conditioning
ANGELICA DAHURICA LEAF EXTRACT,skin-conditioning
SH-TETRAPEPTIDE-38 TRIFLUOROACETATE,skin-conditioning
HONEY/PANAX GINSENG ROOT/PROPOLIS/ROYAL JELLY/SCUTELLARIA BAICALENSIS ROOT EXTRACT,emollient
HONEY/PANAX GINSENG ROOT/PROPOLIS/ROYAL JELLY/SCUTELLARIA BAICALENSIS ROOT EXTRACT,skin-conditioning
CAFFEOYL PENTAPEPTIDE-27,antioxidant
CAFFEOYL PENTAPEPTIDE-27,chelating
CAFFEOYL PENTAPEPTIDE-27,skin-protecting
CAFFEOYL PENTAPEPTIDE-27,uv-absorber
COPAIFERA OFFICINALIS RESIN OIL,masking
COPAIFERA OFFICINALIS RESIN OIL,skin-conditioning
PEG-3 BUTYLENE GLYCOL LAURATE,emollient
PEG-3 BUTYLENE GLYCOL LAURATE,emulsifying
HONEY/(PANAX GINSENG/REHMANNIA GLUTINOSA) ROOT/PORIA COCOS EXTRACT,skin-conditioning
DITRIMETHYLOLPROPANE TETRAISOSTEARATE,emollient
DITRIMETHYLOLPROPANE TETRAISOSTEARATE,skin-conditioning
DISILOXANE,antifoaming
DISILOXANE,skin-conditioning
MELISSA OFFICINALIS FLOWER/LEAF/STEM WATER,skin-conditioning
MECONOPSIS HORRIDULA FLOWER EXTRACT,skin-conditioning
ASPERGILLUS/LACTOBACILLUS/SACCHAROMYCES/RICE BRAN FERMENT EXTRACT FERMENT FILTRATE,antioxidant
ASPERGILLUS/LACTOBACILLUS/SACCHAROMYCES/RICE BRAN FERMENT EXTRACT FERMENT FILTRATE,skin-conditioning
ASPERGILLUS/LACTOBACILLUS/SACCHAROMYCES/RICE BRAN FERMENT EXTRACT FERMENT FILTRATE,skin-protecting
MYRISTOYL TRIPEPTIDE-1,skin-conditioning
HYLOCEREUS UNDATUS FRUIT EXTRACT,skin-conditioning
HYLOCEREUS UNDATUS FRUIT EXTRACT,skin-protecting
PRUNUS PERSICA WOOD EXTRACT,skin-conditioning
PPG-20 METHYL GLUCOSE ETHER ACETATE,skin-conditioning
ASTRAGALUS MEMBRANACEUS SEED EXTRACT,humectant
ASTRAGALUS MEMBRANACEUS SEED EXTRACT,skin-conditioning
ARTHROBACTER/HYALURONIC ACID FERMENT FILTRATE,emollient
ARTHROBACTER/HYALURONIC ACID FERMENT FILTRATE,skin-conditioning
PULSATILLA CHINENSIS ROOT EXTRACT,skin-conditioning
ANGELICA KEISKEI ROOT EXTRACT,skin-conditioning
LACTOBACILLUS/LEAF/PANAX GINSENG SPROUT FERMENT EXTRACT FILTRATE,antioxidant
LACTOBACILLUS/LEAF/PANAX GINSENG SPROUT FERMENT EXTRACT FILTRATE,humectant
LACTOBACILLUS/LEAF/PANAX GINSENG SPROUT FERMENT EXTRACT FILTRATE,skin-conditioning
SH-POLYPEPTIDE-64,antioxidant
SH-POLYPEPTIDE-64,skin-conditioning
SH-POLYPEPTIDE-64,skin-protecting
GLYCERIN/PHTHALIC ACID COPOLYMER,film-forming
PAULLINIA CUPANA SEED WATER,emollient
PAULLINIA CUPANA SEED WATER,skin-conditioning
PALMITOYL HEPTAPEPTIDE-5,skin-conditioning
HEMEROCALLIS FULVA FLOWER EXTRACT,skin-conditioning
CALAMINE,absorbent
CALAMINE,opacifying
CALAMINE,skin-protecting
PEG-4 TRIMETHYLOLPROPANE TRIACRYLATE,film-forming
PHOENIX CANARIENSIS LEAF EXTRACT,skin-protecting
ASTROCARYUM VULGARE SEED BUTTER,emollient
ASTROCARYUM VULGARE SEED BUTTER,skin-conditioning
GLYCERYL DIBEHENATE/HYDROGENATED ROSINATE,skin-conditioning
GNAPHALIUM LEONTOPODIUM FLOWER/LEAF/STEM WATER,skin-conditioning
PPG-10 JOJOBA ACID,emollient
PPG-10 JOJOBA ACID,emulsion-stabilising
PPG-10 JOJOBA ACID,skin-conditioning
HYDROXYSTEARIC/LINOLENIC/OLEIC POLYGLYCERIDES,binding
HYDROXYSTEARIC/LINOLENIC/OLEIC POLYGLYCERIDES,emollient
HYDROXYSTEARIC/LINOLENIC/OLEIC POLYGLYCERIDES,emulsion-stabilising
HYDROXYSTEARIC/LINOLENIC/OLEIC POLYGLYCERIDES,skin-conditioning
MARE MILK LIPIDS,emollient
MARE MILK LIPIDS,skin-conditioning
THIOMORPHOLINONE,antioxidant
THIOMORPHOLINONE,skin-conditioning
PENTAPEPTIDE-47,skin-conditioning
EMBELIA RIBES FRUIT EXTRACT,skin-conditioning
PALM OIL POLYGLYCERYL-4 ESTERS,emollient
PALM OIL POLYGLYCERYL-4 ESTERS,emulsifying
PALM OIL POLYGLYCERYL-4 ESTERS,skin-conditioning
PALM OIL POLYGLYCERYL-4 ESTERS,surfactant
SIDA CORDIFOLIA ROOT EXTRACT,skin-conditioning
GALLOYL SH-NONAPEPTIDE-3,skin-conditioning
SH-OLIGOPEPTIDE-83,skin-protecting
EUGENIA REINWARDTIANA FRUIT EXTRACT,skin-conditioning
DISODIUM NADH,emollient
DISODIUM NADH,skin-conditioning
ISATIS TINCTORIA ROOT EXTRACT,astringent
ISATIS TINCTORIA ROOT EXTRACT,skin-protecting
DICTYOPHORA INDUSIATA FRUITING BODY EXTRACT,antimicrobial
DICTYOPHORA INDUSIATA FRUITING BODY EXTRACT,humectant
DICTYOPHORA INDUSIATA FRUITING BODY EXTRACT,skin-conditioning
SPERGULARIA RUBRA EXTRACT,skin-conditioning
COMMIPHORA GILEADENSIS OIL,antimicrobial
COMMIPHORA GILEADENSIS OIL,antioxidant
COMMIPHORA GILEADENSIS OIL,astringent
COMMIPHORA GILEADENSIS OIL,uv-filter
TECOMA CURIALIS BARK EXTRACT,skin-conditioning
BIXA ORELLANA PULP EXTRACT,masking
BIXA ORELLANA PULP EXTRACT,skin-conditioning
THEOBROMINE,masking
THEOBROMINE,skin-conditioning
ISOSTEARYL ISOSTEARATE,binding
ISOSTEARYL ISOSTEARATE,emollient
ISOSTEARYL ISOSTEARATE,skin-conditioning
CETYLOXYPROPYL GLYCERYL METHOXYPROPYL MYRISTAMIDE,emollient
CETYLOXYPROPYL GLYCERYL METHOXYPROPYL MYRISTAMIDE,skin-conditioning
OXIDIZED HAZELNUT SEED OIL,skin-conditioning
CUCURBITA PEPO POWDER,skin-conditioning
MELAMINE/RESORCINOL/ACRYLOYLDIMETHYLTAURATE/PEG-6 METHACRYLATE CROSSPOLYMER,film-forming
HYDROGENATED PASSIFLORA EDULIS SEED OIL,emollient
HYDROGENATED PASSIFLORA EDULIS SEED OIL,skin-conditioning
PINUS THUNBERGII CONE EXTRACT,emollient
PINUS THUNBERGII CONE EXTRACT,skin-conditioning
HYDROGENATED CALOPHYLLUM INOPHYLLUM SEED OIL,emollient
HYDROGENATED CALOPHYLLUM INOPHYLLUM SEED OIL,skin-conditioning
METHYLENEDIOXYPHENYL PHENYLBUTANEDIONE,skin-conditioning
COPPER ACETYL TYROSINATE METHYLSILANOL,humectant
ARTEMISIA JAPONICA EXTRACT,humectant
ARTEMISIA JAPONICA EXTRACT,skin-protecting
METHACRYLIC ACID,film-forming
ETHYL METHICONE,emollient
THEOBROMA GRANDIFLORUM SEED BUTTER POLYGLYCERYL-6 ESTERS,emollient
THEOBROMA GRANDIFLORUM SEED BUTTER POLYGLYCERYL-6 ESTERS,emulsifying
PALMITOYL SH-PENTAPEPTIDE-4,antioxidant
PALMITOYL SH-PENTAPEPTIDE-4,skin-conditioning
OLIGOPEPTIDE-91 RH-OLIGOPEPTIDE-1,skin-conditioning
OLIGOPEPTIDE-91 RH-OLIGOPEPTIDE-1,skin-protecting
CYCLODEXTRIN LAURATE,film-forming
CYCLODEXTRIN LAURATE,humectant
CYCLODEXTRIN LAURATE,skin-conditioning
CYCLODEXTRIN LAURATE,skin-protecting
PEG-60 GLYCERYL TRIOLEATE,emollient
PEG-60 GLYCERYL TRIOLEATE,emulsifying
SACCHAROMYCES/PANAX GINSENG SPROUT FERMENT EXTRACT FILTRATE,emollient
SACCHAROMYCES/PANAX GINSENG SPROUT FERMENT EXTRACT FILTRATE,skin-conditioning
CITROBACTER/SOY PROTEIN FERMENT,skin-conditioning
SODIUM MANNURONATE METHYLSILANOL,humectant
SODIUM MANNURONATE METHYLSILANOL,skin-conditioning
ALPINIA CALCARATA RHIZOME/ROOT EXTRACT,skin-conditioning
N-CAPROYL TYRAMINE,antioxidant
N-CAPROYL TYRAMINE,skin-protecting
SORBITOL/SEBACIC ACID COPOLYMER BEHENATE,skin-conditioning
SORBITOL/SEBACIC ACID COPOLYMER BEHENATE,viscosity-controlling
BUPLEURUM FALCATUM ROOT EXTRACT,skin-conditioning
TALC,abrasive
TALC,absorbent
TALC,anticaking
TALC,bulking
TALC,opacifying
TALC,skin-protecting
LAUROYL GLUTAMIC ACID,skin-conditioning
ASTERISCUS GRAVEOLENS FLOWER/FRUIT/LEAF/STEM EXTRACT,skin-protecting
PALMITOYL DIPEPTIDE-10,skin-conditioning
TETRAGONIA TETRAGONOIDES EXTRACT,antimicrobial
TETRAGONIA TETRAGONOIDES EXTRACT,astringent
TETRAGONIA TETRAGONOIDES EXTRACT,skin-conditioning
HEPTADECADIENYL FURAN,skin-conditioning
MANGANESE ACETYLMETHIONATE,skin-conditioning
PPG-5 TOCOPHERYL ETHER,anticaking
PPG-5 TOCOPHERYL ETHER,antioxidant
PPG-5 TOCOPHERYL ETHER,skin-conditioning
SOLANUM LYCOPERSICUM MERISTEM CELL,antioxidant
SOLANUM LYCOPERSICUM MERISTEM CELL,skin-conditioning
CARDIOSPERMUM HALICACABUM SEED EXTRACT,antidandruff
CARDIOSPERMUM HALICACABUM SEED EXTRACT,antimicrobial
CARDIOSPERMUM HALICACABUM SEED EXTRACT,antiseborrhoeic
CARDIOSPERMUM HALICACABUM SEED EXTRACT,skin-conditioning
HYDROLYZED FORSYTHIA VIRIDISSIMA FRUIT/(CIMICIFUGA DAHURICA/GLYCYRRHIZA GLABRA /PAEONIA LACTIFLORA/PLATYCODON GRANDIFLORUS/PUERARIA LOBATA) ROOT EXTRACT,skin-protecting
PEG-240/HDI COPOLYMER BIS-DECYLTETRADECETH-20 ETHER,stabilising
PEG-240/HDI COPOLYMER BIS-DECYLTETRADECETH-20 ETHER,viscosity-controlling
GLYCOL DIPALMATE/RAPESEEDATE/SOYATE,emollient
PERFLUOROHEPTANE,absorbent
PERFLUOROHEPTANE,anticaking
PERFLUOROHEPTANE,emulsion-stabilising
PERFLUOROHEPTANE,skin-conditioning
PEG-40,humectant
PEG-40,solvent
PHYTIN,emollient
PHYTIN,humectant
PHYTIN,skin-conditioning
POLYGLYCERYL-6 XIMENIA AMERICANA SEEDATE,emollient
POLYGLYCERYL-6 XIMENIA AMERICANA SEEDATE,emulsifying
SH-NONAPEPTIDE-4,skin-conditioning
ZYMOMONAS FERMENT FILTRATE,humectant
ZYMOMONAS FERMENT FILTRATE,skin-conditioning
HEPTAPEPTIDE-39,skin-conditioning
PALMITOYL TRIPEPTIDE-52 AMIDE,skin-conditioning
BOSWELLIA SACRA GUM/RESIN EXTRACT,skin-conditioning
MORINDA CITRIFOLIA SEED POWDER,skin-conditioning
IPDI/PEG-15 COCAMINE/GLYCERETH-7/POLYGLYCERYL-3 COPOLYMER,humectant
IPDI/PEG-15 COCAMINE/GLYCERETH-7/POLYGLYCERYL-3 COPOLYMER,skin-conditioning
CAPRAE FAT,skin-conditioning
ECHIUM LYCOPSIS FRUIT OIL,skin-protecting
POLYGLYCERYL-20 DOCOSABEHENATE/LAURATE,emollient
POLYGLYCERYL-20 DOCOSABEHENATE/LAURATE,emulsifying
POLYGLYCERYL-20 DOCOSABEHENATE/LAURATE,skin-conditioning
POLYGLYCERYL-20 DOCOSABEHENATE/LAURATE,surfactant
ARACHIS HYPOGAEA SEEDCOAT EXTRACT,skin-conditioning
LAVANDULA STOECHAS FLOWER/STEM EXTRACT,emollient
POLYGLYCERYL-10 APRICOT KERNELATE,emollient
POLYGLYCERYL-10 APRICOT KERNELATE,emulsifying
SACCHAROMYCES/OLEA EUROPAEA FRUIT OIL/GLYCERIN FERMENT FILTRATE,emollient
SACCHAROMYCES/OLEA EUROPAEA FRUIT OIL/GLYCERIN FERMENT FILTRATE,skin-conditioning
TRICHOLOMA MATSUTAKE POWDER,skin-conditioning
ALLANTOIN POLYGALACTURONIC ACID,skin-conditioning
ALLANTOIN POLYGALACTURONIC ACID,skin-protecting
ALLANTOIN POLYGALACTURONIC ACID,soothing
FRAGARIA ANANASSA CALLUS EXTRACT,antioxidant
FRAGARIA ANANASSA CALLUS EXTRACT,skin-protecting
LILIUM SPECIOSUM RUBRUM BULB EXTRACT,skin-conditioning
POLYGLYCERIN-10,humectant
POLYGLYCERIN-10,skin-conditioning
ACACIA ARABICA BARK POWDER,skin-conditioning
DIISOBUTYL SODIUM SULFOSUCCINATE,foam-boosting
DIISOBUTYL SODIUM SULFOSUCCINATE,hydrotrope
DIISOBUTYL SODIUM SULFOSUCCINATE,skin-conditioning
DIISOBUTYL SODIUM SULFOSUCCINATE,surfactant
PELARGONIUM GRAVEOLENS FLOWER EXTRACT,skin-conditioning
SACCHARINA LATISSIMA EXTRACT,emollient
SACCHARINA LATISSIMA EXTRACT,skin-conditioning
BACILLUS FERMENT FILTRATE EXTRACT,skin-protecting
GYMNEMA SYLVESTRE LEAF POWDER,skin-conditioning
SILKWORM RH-POLYPEPTIDE-47,emollient
SILKWORM RH-POLYPEPTIDE-47,humectant
SILKWORM RH-POLYPEPTIDE-47,skin-conditioning
MYRISTYL 3-GLYCERYL ASCORBATE,antioxidant
MYRISTYL 3-GLYCERYL ASCORBATE,humectant
NARDOSTACHYS JATAMANSI RHIZOME/ROOT EXTRACT,skin-conditioning
HYDROXYPROPYLCELLULOSE,binding
HYDROXYPROPYLCELLULOSE,emulsifying
HYDROXYPROPYLCELLULOSE,emulsion-stabilising
HYDROXYPROPYLCELLULOSE,film-forming
HYDROXYPROPYLCELLULOSE,viscosity-controlling
PROPYLHEPTYL CAPRYLATE,emollient
HEPTAPEPTIDE-9,skin-conditioning
HEXYLENE GLYCOL/NEOPENTYL GLYCOL/ADIPIC ACID/SMDI/DMPA COPOLYMER,film-forming
CASEARIA SYLVESTRIS LEAF EXTRACT,skin-conditioning
TETRAPEPTIDE-65,skin-conditioning
NEOPENTYL GLYCOL DILAURATE,emulsifying
NEOPENTYL GLYCOL DILAURATE,skin-conditioning
MEDICAGO SATIVA SYMBIOSOME EXTRACT,skin-conditioning
SALIX ALBA BARK POWDER,abrasive
SALIX ALBA BARK POWDER,absorbent
SALIX ALBA BARK POWDER,skin-conditioning
SALIX ALBA BARK POWDER,skin-protecting
SANTALUM ALBUM,skin-conditioning
GLYCERYL STEARATE DIMER DILINOLEATE COPOLYMER,skin-conditioning
ALBIZIA JULIBRISSIN BARK EXTRACT,masking
ALBIZIA JULIBRISSIN BARK EXTRACT,skin-conditioning
BUTYLOCTYL OLEATE,emollient
BUTYLOCTYL OLEATE,skin-conditioning
HEDYCHIUM CORONARIUM FLOWER/LEAF/STEM EXTRACT,skin-conditioning
VANILLA PLANIFOLIA LEAF CELL EXTRACT,antioxidant
VANILLA PLANIFOLIA LEAF CELL EXTRACT,skin-protecting
ACRYLATES/METHOXY PEG-90 METHACRYLATE CROSSPOLYMER,skin-protecting
DECAPEPTIDE-40,skin-conditioning
BARLEY SH-POLYPEPTIDE-3,skin-conditioning
GLYCERYL DIBEHENATE,emollient
CUSCUTA AUSTRALIS SEED EXTRACT,skin-conditioning
RAOULIA AUSTRALIS CALLUS EXTRACT,antioxidant
RAOULIA AUSTRALIS CALLUS EXTRACT,skin-conditioning
RAOULIA AUSTRALIS CALLUS EXTRACT,skin-protecting
RUBUS OCCIDENTALIS SEED OIL,emollient
HYDROLYZED ASPERGILLUS/RICE FERMENT FILTRATE,humectant
HYDROLYZED ASPERGILLUS/RICE FERMENT FILTRATE,skin-conditioning
ETHYLENEDIAMINE/STEARYL DIMER TALLATE COPOLYMER,oral-care
ETHYLENEDIAMINE/STEARYL DIMER TALLATE COPOLYMER,skin-conditioning
OAK ROOT EXTRACT,skin-conditioning
EMU OIL,skin-conditioning
HYDROLYZED WHEAT PROTEIN/DIMETHICONE PEG-7 PHOSPHATE COPOLYMER,film-forming
HYDROLYZED WHEAT PROTEIN/DIMETHICONE PEG-7 PHOSPHATE COPOLYMER,skin-conditioning
FIBRONECTIN,skin-conditioning
RIBES RUBRUM FRUIT WATER,skin-conditioning
SORBETH-2 HEXAISOSTEARATE,emollient
HEPTAPEPTIDE-28,skin-conditioning
DISODIUM C12-14 SEC-PARETH-12 SULFOSUCCINATE,cleansing
DISODIUM C12-14 SEC-PARETH-12 SULFOSUCCINATE,foam-boosting
DISODIUM C12-14 SEC-PARETH-12 SULFOSUCCINATE,hydrotrope
DISODIUM C12-14 SEC-PARETH-12 SULFOSUCCINATE,skin-conditioning
DISODIUM C12-14 SEC-PARETH-12 SULFOSUCCINATE,surfactant
ABIES ALBA LEAF WAX,skin-conditioning
ABIES ALBA LEAF WAX,skin-protecting
SUCCINOYL ATELOCOLLAGEN,skin-conditioning
SARGASSUM PACIFICUM THALLUS EXTRACT,emollient
SARGASSUM PACIFICUM THALLUS EXTRACT,skin-conditioning
LAURDIMONIUM HYDROXYPROPYL RICE STARCH,emollient
LAURDIMONIUM HYDROXYPROPYL RICE STARCH,skin-conditioning
LAURDIMONIUM HYDROXYPROPYL RICE STARCH,skin-protecting
HYDROLYZED FORSYTHIA VIRIDISSIMA FRUIT/(ACTAEA DAHURICA/GLYCYRRHIZA GLABRA /PAEONIA LACTIFLORA/PLATYCODON GRANDIFLORUS/PUERARIA MONTANA) ROOT EXTRACT,skin-conditioning
PUERARIA LOBATA STEM EXTRACT,skin-conditioning
MENTHA VIRIDIS LEAF OIL,astringent
MENTHA VIRIDIS LEAF OIL,masking
MENTHA VIRIDIS LEAF OIL,skin-conditioning
BUDDLEJA DAVIDII EXTRACT,skin-conditioning
SODIUM BEHENOYL/COCOYL (ARGININE/GLUTAMIC ACID/ISOLEUCINE/LEUCINE/LYSINE/PHENYLALANINE/PROLINE/THREONINE/VALINE),cleansing
SODIUM BEHENOYL/COCOYL (ARGININE/GLUTAMIC ACID/ISOLEUCINE/LEUCINE/LYSINE/PHENYLALANINE/PROLINE/THREONINE/VALINE),foam-boosting
SODIUM BEHENOYL/COCOYL (ARGININE/GLUTAMIC ACID/ISOLEUCINE/LEUCINE/LYSINE/PHENYLALANINE/PROLINE/THREONINE/VALINE),surfactant
SODIUM BEHENOYL/COCOYL (ARGININE/GLUTAMIC ACID/ISOLEUCINE/LEUCINE/LYSINE/PHENYLALANINE/PROLINE/THREONINE/VALINE),viscosity-controlling
BIS-ACRYLOYL POLOXAMER 407,emulsion-stabilising
BIS-ACRYLOYL POLOXAMER 407,film-forming
OXIDIZED STARCH HYDROXYPROPYLTRIMONIUM CHLORIDE,humectant
OXIDIZED STARCH HYDROXYPROPYLTRIMONIUM CHLORIDE,skin-conditioning
DIMETHICONE PEG-3 LAURATE,film-forming
CITRUS AURANTIUM DULCIS SEED OIL,flavouring
CITRUS AURANTIUM DULCIS SEED OIL,masking
CITRUS AURANTIUM DULCIS SEED OIL,skin-conditioning
ILEX GUAYUSA LEAF EXTRACT,skin-protecting
LACTOBACILLUS/CHESTNUT CUPULE FERMENT EXTRACT FILTRATE,antioxidant
LACTOBACILLUS/CHESTNUT CUPULE FERMENT EXTRACT FILTRATE,humectant
LACTOBACILLUS/CHESTNUT CUPULE FERMENT EXTRACT FILTRATE,skin-conditioning
SYZYGIUM NERVOSUM FRUIT EXTRACT,skin-conditioning
SYZYGIUM AUSTRALE FRUIT EXTRACT,skin-conditioning
ALTHAEA OFFICINALIS ROOT/ANTHEMIS NOBILIS FLOWER/FOENICULUM VULGARE FRUIT/HOUTTUYNIA CORDATA/LAVANDULA ANGUSTIFOLIA FLOWER/OCIMUM BASILICUM FLOWER/ROSMARINUS OFFICINALIS LEAF EXTRACT,skin-conditioning
PULLULAN,binding
PULLULAN,film-forming
METHYL PERFLUOROISOBUTYL ETHER,solvent
METHYL PERFLUOROISOBUTYL ETHER,viscosity-controlling
ISOSTEARYL AVOCADATE,emollient
ISOSTEARYL AVOCADATE,skin-conditioning
METHOXY PEG-40,humectant
METHOXY PEG-40,solvent
OLIGOPEPTIDE-113,skin-conditioning
ACRYLIC ACID/STEARYL METHACRYLATE/DIMETHICONE METHACRYLATE COPOLYMER,emulsion-stabilising
SESQUI-C12-16 ALKANES,emollient
SESQUI-C12-16 ALKANES,skin-conditioning
LAURYL ISOSTEARATE,emollient
LAURYL ISOSTEARATE,skin-conditioning
DECAPEPTIDE-46,skin-conditioning
ACETYLATED LARD GLYCERIDE,emollient
ANTLER VELVET,humectant
ANTLER VELVET,skin-conditioning
HYDROLYZED MANGO JUICE EXTRACT,skin-conditioning
MELIA AZADIRACHTA LEAF,skin-conditioning
ALPINIA ZERUMBET SEED WATER,emollient
ALPINIA ZERUMBET SEED WATER,skin-conditioning
BOBGUNNIA MADAGASCARIENSIS WOOD EXTRACT,skin-conditioning
DIRETINYL ETHER,antioxidant
DIRETINYL ETHER,emollient
DIRETINYL ETHER,skin-conditioning
MELALEUCA VIRIDIFLORA LEAF OIL,skin-conditioning
PHALAENOPSIS PULCHERRIMA LEAF CELL EXTRACT,antioxidant
PHALAENOPSIS PULCHERRIMA LEAF CELL EXTRACT,skin-protecting
POLYSIPHONIA BRODIEI EXTRACT,skin-conditioning
ASTRAGALUS MEMBRANACEUS CALLUS EXTRACT,skin-conditioning
ACIDOPHILUS/GRAPE FERMENT FILTRATE,abrasive
ACIDOPHILUS/GRAPE FERMENT FILTRATE,antioxidant
ACIDOPHILUS/GRAPE FERMENT FILTRATE,skin-conditioning
CHOLESTERYL DICHLOROBENZOATE,skin-conditioning
GLYCERYL HYDROGENATED ROSINATE,film-forming
SOY STEROL ACETATE,emulsifying
SOY STEROL ACETATE,skin-conditioning
OCTYLDODECYL SAFFLOWERATE,emollient
RHIZOPUS/RICE FERMENT EXTRACT FILTRATE,humectant
RHIZOPUS/RICE FERMENT EXTRACT FILTRATE,skin-conditioning
TRIPEPTIDE-56,skin-conditioning
VOLCANIC SOIL EXTRACT,skin-conditioning
SUCROSE BENZOATE/SUCROSE ACETATE ISOBUTYRATE/BUTYL BENZYL PHTHALATE COPOLYMER,film-forming
SUCROSE BENZOATE/SUCROSE ACETATE ISOBUTYRATE/BUTYL BENZYL PHTHALATE COPOLYMER,viscosity-controlling
DISTEARYL PHTHALIC ACID AMIDE,emollient
DISTEARYL PHTHALIC ACID AMIDE,skin-conditioning
CALCIUM BEHENATE,anticaking
CALCIUM BEHENATE,opacifying
CALCIUM BEHENATE,viscosity-controlling
IMIDAZOLYLPHENYLETHYL NAPHTHYLSULFONYL ASPARAGINE,skin-conditioning
PENTAPEPTIDE-51,skin-conditioning
ALANGIUM SALVIIFOLIUM BARK POWDER,skin-conditioning
SESAMUM INDICUM SEED BUTTER,emollient
CETYL ALCOHOL,emollient
CETYL ALCOHOL,emulsifying
CETYL ALCOHOL,emulsion-stabilising
CETYL ALCOHOL,foam-boosting
CETYL ALCOHOL,masking
CETYL ALCOHOL,opacifying
CETYL ALCOHOL,surfactant
CETYL ALCOHOL,viscosity-controlling
CREAM,emollient
CREAM,skin-conditioning
RICE FERMENT LEES,humectant
RICE FERMENT LEES,skin-conditioning
METHIONYL R-CLOSTRIDIUM BOTULINUM POLYPEPTIDE-1 HEXAPEPTIDE-40,skin-protecting
ORCHID LEAF/ROOT/STEM EXTRACT,skin-conditioning
PORIA COCOS POWDER,abrasive
PORIA COCOS POWDER,skin-protecting
POLYQUATERNIUM-61,film-forming
POLYQUATERNIUM-61,skin-conditioning
ROSA CENTIFOLIA FLOWER CERA,masking
ROSA CENTIFOLIA FLOWER CERA,skin-protecting
PPG-5 PENTAERYTHRITYL ETHER,emollient
PPG-5 PENTAERYTHRITYL ETHER,skin-conditioning
KIWI SEED OIL/PALM OIL AMINOPROPANEDIOL ESTERS,skin-conditioning
STEWARTIA KOREANA LEAF EXTRACT,skin-conditioning
CYANOTIS ARACHNOIDEA ROOT EXTRACT,skin-conditioning
(CODONOPSIS TANGSHEN/DIOSCOREA JAPONICA) ROOT/ATRACTYLODES JAPONICA RHIZOME/PORIA COCOS/(DOLICHOS LABLAB/COIX LACRYMA-JOBI MA-YUEN/EURYALE FEROX/NELUMBO NUCIFERA) SEED EXTRACT,humectant
(CODONOPSIS TANGSHEN/DIOSCOREA JAPONICA) ROOT/ATRACTYLODES JAPONICA RHIZOME/PORIA COCOS/(DOLICHOS LABLAB/COIX LACRYMA-JOBI MA-YUEN/EURYALE FEROX/NELUMBO NUCIFERA) SEED EXTRACT,skin-conditioning
(CODONOPSIS TANGSHEN/DIOSCOREA JAPONICA) ROOT/ATRACTYLODES JAPONICA RHIZOME/PORIA COCOS/(DOLICHOS LABLAB/COIX LACRYMA-JOBI MA-YUEN/EURYALE FEROX/NELUMBO NUCIFERA) SEED EXTRACT,skin-protecting
POLYETHYLHEXYL ACRYLATE,film-forming
GALLOYL SH-PENTAPEPTIDE-5,skin-conditioning
BIS-TMP DIMETHICONE,emollient
BIS-TMP DIMETHICONE,skin-conditioning
OCTYLDODECYL/PPG-3 MYRISTYL ETHER DIMER DILINOLEATE,emollient
OCTYLDODECYL/PPG-3 MYRISTYL ETHER DIMER DILINOLEATE,skin-conditioning
SACCHAROMYCES/CAMELLIA JAPONICA SEED OIL/GLYCERIN FERMENT FILTRATE,emollient
SACCHAROMYCES/CAMELLIA JAPONICA SEED OIL/GLYCERIN FERMENT FILTRATE,skin-conditioning
CASUARINA STRICTA LEAF EXTRACT,skin-conditioning
FRAGARIA ANANASSA FRUIT POWDER,skin-conditioning
CHRYSALIDOCARPUS LUTESCENS LEAF EXTRACT,skin-conditioning
SODIUM COCOYL/STEAROYL (ALANINE/ARGININE/ASPARAGINE/ASPARTIC ACID/GLUTAMIC ACID/GLUTAMINE/GLYCINE/HISTIDINE/ISOLEUCINE/LEUCINE/LYSINE/PHENYLALANINE/PROLINE/SERINE/THREONINE/TYROSINE/VALINE),emollient
SODIUM COCOYL/STEAROYL (ALANINE/ARGININE/ASPARAGINE/ASPARTIC ACID/GLUTAMIC ACID/GLUTAMINE/GLYCINE/HISTIDINE/ISOLEUCINE/LEUCINE/LYSINE/PHENYLALANINE/PROLINE/SERINE/THREONINE/TYROSINE/VALINE),emulsifying
SODIUM COCOYL/STEAROYL (ALANINE/ARGININE/ASPARAGINE/ASPARTIC ACID/GLUTAMIC ACID/GLUTAMINE/GLYCINE/HISTIDINE/ISOLEUCINE/LEUCINE/LYSINE/PHENYLALANINE/PROLINE/SERINE/THREONINE/TYROSINE/VALINE),emulsion-stabilising
SODIUM COCOYL/STEAROYL (ALANINE/ARGININE/ASPARAGINE/ASPARTIC ACID/GLUTAMIC ACID/GLUTAMINE/GLYCINE/HISTIDINE/ISOLEUCINE/LEUCINE/LYSINE/PHENYLALANINE/PROLINE/SERINE/THREONINE/TYROSINE/VALINE),skin-conditioning
SODIUM COCOYL/STEAROYL (ALANINE/ARGININE/ASPARAGINE/ASPARTIC ACID/GLUTAMIC ACID/GLUTAMINE/GLYCINE/HISTIDINE/ISOLEUCINE/LEUCINE/LYSINE/PHENYLALANINE/PROLINE/SERINE/THREONINE/TYROSINE/VALINE),surfactant
DISODIUM SALICYLPHOSPHATE,antioxidant
DISODIUM SALICYLPHOSPHATE,chelating
DISODIUM SALICYLPHOSPHATE,skin-conditioning
GALACTOARABINAN,film-forming
ISOPROPYLIDENEDIPHENYL BISOXYHYDROXYPROPYL METHACRYLATE/TMDI COPOLYMER,film-forming
TURQUOISE POWDER,skin-protecting
C40-60 ALCOHOLS,emulsifying
C40-60 ALCOHOLS,skin-conditioning
C40-60 ALCOHOLS,viscosity-controlling
SODIUM CARBOXYMETHYL BETA-GLUCAN,binding
SODIUM CARBOXYMETHYL BETA-GLUCAN,cleansing
SODIUM CARBOXYMETHYL BETA-GLUCAN,viscosity-controlling
PALAU WHITE CLAY,humectant
PALAU WHITE CLAY,skin-conditioning
C18-28 ALKYL ACETATE,emollient
C18-28 ALKYL ACETATE,skin-conditioning
CANNABIS SATIVA SEEDCAKE,abrasive
CANNABIS SATIVA SEEDCAKE,skin-conditioning
BETULA PENDULA WOOD POWDER,skin-conditioning
LACTOBACILLUS/MILK/MANGANESE/ZINC FERMENT LYSATE,skin-conditioning
BAMBUSA ARUNDINACEA SAP EXTRACT,emollient
TRIPEPTIDE-44,skin-conditioning
RAFFINOSE OLEATE,emollient
RAFFINOSE OLEATE,emulsifying
RAFFINOSE OLEATE,surfactant
FAGUS CRENATA BARK,skin-conditioning
AZADIRACHTA INDICA BARK/SEED EXTRACT,skin-conditioning
FRAGARIA CHILOENSIS FRUIT JUICE,skin-conditioning
FOENICULUM VULGARE FRUIT EXTRACT,emollient
FOENICULUM VULGARE FRUIT EXTRACT,skin-conditioning
FOENICULUM VULGARE FRUIT EXTRACT,soothing
FOENICULUM VULGARE FRUIT EXTRACT,tonic
GLUCOHEPTONIC ACID,buffering
GLUCOHEPTONIC ACID,skin-conditioning
GLYCOL DIPALMATE/PALM KERNELATE/OLIVATE/MACADAMIATE,skin-conditioning
ERIGERON ANNUUS LEAF EXTRACT,humectant
ERIGERON ANNUUS LEAF EXTRACT,skin-conditioning
POLYSIPHONIA LANOSA EXTRACT,skin-conditioning
HEXAPEPTIDE-33,antioxidant
HEXAPEPTIDE-33,skin-conditioning
HEXAPEPTIDE-33,skin-protecting
SACCHAROMYCES/POTASSIUM FERMENT,skin-conditioning
CHAENOMELES JAPONICA SEED EXTRACT,skin-conditioning
GMELINA ARBOREA ROOT EXTRACT,skin-conditioning
CITRUS TANKAN FRUIT EXTRACT,humectant
CITRUS TANKAN FRUIT EXTRACT,skin-conditioning
POLYAMINO SUGAR CONDENSATE,humectant
POLYAMINO SUGAR CONDENSATE,skin-conditioning
HIBISCUS ESCULENTUS SEED EXTRACT,skin-conditioning
INULA BRITANNICA FLOWER/LEAF/STEM EXTRACT,skin-conditioning
ASPERULA ODORATA FLOWER/LEAF EXTRACT,skin-conditioning
CHRYSANTHELLUM INDICUM FLOWER WATER,antimicrobial
CHRYSANTHELLUM INDICUM FLOWER WATER,antioxidant
CHRYSANTHELLUM INDICUM FLOWER WATER,astringent
CHRYSANTHELLUM INDICUM FLOWER WATER,emollient
CHRYSANTHELLUM INDICUM FLOWER WATER,skin-conditioning
CHRYSANTHELLUM INDICUM FLOWER WATER,skin-protecting
SODIUM GLYCERETH-1 POLYPHOSPHATE,chelating
SODIUM GLYCERETH-1 POLYPHOSPHATE,gel-forming
SODIUM GLYCERETH-1 POLYPHOSPHATE,surfactant
SODIUM GLYCERETH-1 POLYPHOSPHATE,viscosity-controlling
PINEAPPLE FRUIT EXTRACT BETA-GLUCAN,depilatory
PINEAPPLE FRUIT EXTRACT BETA-GLUCAN,skin-conditioning
SWERTIA JAPONICA POWDER,humectant
SWERTIA JAPONICA POWDER,skin-conditioning
CASSIA GUM,binding
CASSIA GUM,skin-conditioning
CASSIA GUM,viscosity-controlling
ACETYL ARGININE,emollient
ACETYL ARGININE,humectant
ACETYL ARGININE,skin-conditioning
CITRUS SUDACHI FRUIT EXTRACT,humectant
CITRUS SUDACHI FRUIT EXTRACT,skin-conditioning
RHODOCHROSITE EXTRACT,antioxidant
RHODOCHROSITE EXTRACT,skin-conditioning
RHODOCHROSITE EXTRACT,skin-protecting
HYDROLYZED GLYCYRRHIZINATE,skin-conditioning
MIPA-BORATE,viscosity-controlling
OUBAKU EKISU,skin-conditioning
MOLYBDENUM ASPARTATE,skin-conditioning
ROSA CENTIFOLIA FLOWER WAX,skin-conditioning
PLATYCODIN D,skin-conditioning
HUMAN TOOTH PULP STEM CELL CONDITIONED MEDIA,skin-conditioning
SACCHAROMYCES/HYDROLYZED RICE BRAN FERMENT EXTRACT FILTRATE,skin-conditioning
COSMOS SULPHUREUS FLOWER/LEAF/STEM EXTRACT,skin-conditioning
ORYZA SATIVA BRAN/GERM EXTRACT,humectant
ORYZA SATIVA BRAN/GERM EXTRACT,skin-conditioning
BETULA PLATYPHYLLA JAPONICA LEAF EXTRACT,skin-conditioning
PROPYLENE GLYCOL DICAPRATE,emollient
SACCHAROMYCES/RICE FERMENT FILTRATE,skin-conditioning
C12-16 ALKOXY HYDROXYPROPYL ETHYL HYDROXYETHYLCELLULOSE,viscosity-controlling
DIMETHICONE ETHOXY GLUCOSIDE,emulsion-stabilising
DIMETHICONE ETHOXY GLUCOSIDE,surfactant
ARALIA ELATA LEAF EXTRACT,skin-conditioning
SORBUS ALNIFOLIA LEAF/STEM EXTRACT,skin-conditioning
STEARYL HEPTANOATE,emollient
STEARYL HEPTANOATE,skin-conditioning
BACILLUS/SEA CUCUMBER FERMENT EXTRACT FILTRATE,skin-protecting
BACILLUS/LACTOBACILLUS/RHODOPSEUDOMONAS/SACCHAROMYCES/ROOT/SESAME SEED/LEAF/LAVANDULA ANGUSTIFOLIA FLOWER/GLYCYRRHIZA URALENSIS EXTRACT FERMENT FILTRATE,humectant
BACILLUS/LACTOBACILLUS/RHODOPSEUDOMONAS/SACCHAROMYCES/ROOT/SESAME SEED/LEAF/LAVANDULA ANGUSTIFOLIA FLOWER/GLYCYRRHIZA URALENSIS EXTRACT FERMENT FILTRATE,skin-conditioning
BACILLUS/LACTOBACILLUS/RHODOPSEUDOMONAS/SACCHAROMYCES/ROOT/SESAME SEED/LEAF/LAVANDULA ANGUSTIFOLIA FLOWER/GLYCYRRHIZA URALENSIS EXTRACT FERMENT FILTRATE,skin-protecting
GANODERMA AMBOINENSE EXTRACT,humectant
DIMETHOXY DI-P-CRESOL,antioxidant
DIMETHOXY DI-P-CRESOL,skin-conditioning
CINNAMOMUM JAPONICUM BARK EXTRACT,skin-conditioning
TETRAPEPTIDE-7,skin-conditioning
PCA ETHYL COCOYL ARGINATE,antistatic
PCA ETHYL COCOYL ARGINATE,moisturising
PCA ETHYL COCOYL ARGINATE,surfactant
PEG/PPG-18/6 DIMETHICONE,emollient
GLYCERYL/ERYTHORBYL LAURATES,skin-conditioning
GLYCERYL/ERYTHORBYL LAURATES,skin-protecting
PASSIFLORA GARCKEI MERISTEM CELL CULTURE,skin-protecting
HYDROLYZED WHEAT GERM EXTRACT,antioxidant
HYDROLYZED WHEAT GERM EXTRACT,skin-conditioning
RH-POLYPEPTIDE-58,skin-conditioning
RH-POLYPEPTIDE-58,skin-protecting
OLIGOPEPTIDE-154,skin-conditioning
OLIGOPEPTIDE-154,skin-protecting
PALM KERNEL GLYCERIDES,emollient
PALM KERNEL GLYCERIDES,emulsifying
METHYL GLUCETH-20 BENZOATE,emollient
METHYL GLUCETH-20 BENZOATE,solvent
NICOTIANA BENTHAMIANA HEXAPEPTIDE-40 SH-POLYPEPTIDE-5,skin-conditioning
POLYSILICONE-22,not-reported
POLYSILICONE-22,viscosity-controlling
RETINYL ACETATE,skin-conditioning
METHYL BEHENATE,humectant
METHYL BEHENATE,skin-conditioning
VACCINIUM MICROCARPUM FRUIT JUICE,antioxidant
VACCINIUM MICROCARPUM FRUIT JUICE,skin-conditioning
GLYCERYL DIISOSTEARATE,emollient
GLYCERYL DIISOSTEARATE,emulsifying
GLYCERYL DIISOSTEARATE,opacifying
POLYPENTENE,film-forming
SD ALCOHOL 38-B,astringent
SD ALCOHOL 38-B,solvent
SD ALCOHOL 38-B,viscosity-controlling
CAFFEOYL SH-HEPTAPEPTIDE-13,antioxidant
CAFFEOYL SH-HEPTAPEPTIDE-13,skin-protecting
PENTAPEPTIDE-49,skin-protecting
STREPTOMYCES AVERMITILIS/SOYBEAN EXTRACT FERMENT FILTRATE,antioxidant
STREPTOMYCES AVERMITILIS/SOYBEAN EXTRACT FERMENT FILTRATE,skin-conditioning
STREPTOMYCES AVERMITILIS/SOYBEAN EXTRACT FERMENT FILTRATE,skin-protecting
PHENETHYL DISILOXANE,antifoaming
PHENETHYL DISILOXANE,skin-conditioning
BENTONITE,absorbent
BENTONITE,bulking
BENTONITE,emulsion-stabilising
BENTONITE,viscosity-controlling
CHITOSAN PCA,film-forming
CHITOSAN PCA,humectant
CHITOSAN PCA,skin-conditioning
LACTOBACILLUS/SUGAR CANE/CAMELLIA SINENSIS LEAF FERMENT FILTRATE EXTRACT,skin-conditioning
CITRUS AURANTIUM DULCIS PEEL CERA,emollient
CITRUS AURANTIUM DULCIS PEEL CERA,skin-conditioning
ISOPROPYL ISOSTEARATE,binding
ISOPROPYL ISOSTEARATE,emollient
ISOPROPYL ISOSTEARATE,skin-conditioning
PRUNUS PERSICA KERNEL EXTRACT,moisturising
PRUNUS PERSICA KERNEL EXTRACT,skin-conditioning
SORGHUM BICOLOR STALK JUICE,skin-conditioning
GYMNEMA SYLVESTRE STEM EXTRACT,humectant
SODIUM SILVER THIOCTOYL HYALURONATE,antimicrobial
SODIUM SILVER THIOCTOYL HYALURONATE,antiseborrhoeic
SODIUM SILVER THIOCTOYL HYALURONATE,skin-conditioning
COLEUS FORSKOHLII CALLUS EXTRACT,skin-conditioning
PPG-17/IPDI/DMPA COPOLYMER,film-forming
ETHYLHEXYL ADIPATE/PALMITATE/STEARATE,skin-conditioning
DEFATTED HYDRANGEA MACROPHYLLA FLOWER,skin-conditioning
MARRUBIUM VULGARE MERISTEM CELL CULTURE,skin-protecting
SODIUM STYRENE/ACRYLATES/DIVINYLBENZENE COPOLYMER,film-forming
SODIUM STYRENE/ACRYLATES/DIVINYLBENZENE COPOLYMER,opacifying
SODIUM STYRENE/ACRYLATES/DIVINYLBENZENE COPOLYMER,oral-care
POLYACRYLAMIDOMETHYL BENZYLIDENE CAMPHOR,uv-absorber
POLYACRYLAMIDOMETHYL BENZYLIDENE CAMPHOR,uv-filter
HYDROXYLATED MILK GLYCERIDES,emollient
HYDROXYLATED MILK GLYCERIDES,skin-conditioning
CITRUS UNSHIU FRUIT/SUCROSE FERMENT FILTRATE,humectant
CITRUS UNSHIU FRUIT/SUCROSE FERMENT FILTRATE,skin-conditioning
SPONGE,emollient
XIMENIA AMERICANA SEED OIL PEG-8 ESTERS,emollient
XIMENIA AMERICANA SEED OIL PEG-8 ESTERS,emulsifying
XIMENIA AMERICANA SEED OIL PEG-8 ESTERS,skin-conditioning
XIMENIA AMERICANA SEED OIL PEG-8 ESTERS,surfactant
LINSEED OIL PEG-8 ESTERS,skin-conditioning
LINSEED OIL PEG-8 ESTERS,surfactant
ISOPROPYL PCA,humectant
ASPERGILLUS/SACCHAROMYCES/RICE FERMENT FILTRATE,humectant
ASPERGILLUS/SACCHAROMYCES/RICE FERMENT FILTRATE,skin-conditioning
STAPHYLOCOCCUS EPIDERMIDIS FERMENT FILTRATE,humectant
STAPHYLOCOCCUS EPIDERMIDIS FERMENT FILTRATE,skin-conditioning
ACHYROCLINE SATUREIOIDES FLOWER OIL,emollient
ACHYROCLINE SATUREIOIDES FLOWER OIL,masking
ACHYROCLINE SATUREIOIDES FLOWER OIL,skin-conditioning
LIPASE,skin-conditioning
MAACKIA AMURENSIS STEM EXTRACT,humectant
MAACKIA AMURENSIS STEM EXTRACT,skin-conditioning
MAACKIA AMURENSIS STEM EXTRACT,skin-protecting
PEG-10 LANOLIN,emollient
PEG-10 LANOLIN,emulsifying
CLINTONIA BOREALIS ROOT EXTRACT,skin-conditioning
BIFIDOBACTERIUM/LACTOBACILLUS/STREPTOCOCCUS/PANAX NOTOGINSENG RHIZOME/ROOT EXTRACT FERMENT FILTRATE,antioxidant
BIFIDOBACTERIUM/LACTOBACILLUS/STREPTOCOCCUS/PANAX NOTOGINSENG RHIZOME/ROOT EXTRACT FERMENT FILTRATE,emollient
BIFIDOBACTERIUM/LACTOBACILLUS/STREPTOCOCCUS/PANAX NOTOGINSENG RHIZOME/ROOT EXTRACT FERMENT FILTRATE,emulsifying
BIFIDOBACTERIUM/LACTOBACILLUS/STREPTOCOCCUS/PANAX NOTOGINSENG RHIZOME/ROOT EXTRACT FERMENT FILTRATE,humectant
BIFIDOBACTERIUM/LACTOBACILLUS/STREPTOCOCCUS/PANAX NOTOGINSENG RHIZOME/ROOT EXTRACT FERMENT FILTRATE,skin-conditioning
HEPTAPEPTIDE-37,skin-conditioning
PENTYL RHAMNOSIDE,skin-conditioning
FRAGARIA ANANASSA/NILGERRENSIS FRUIT EXTRACT,humectant
FRAGARIA ANANASSA/NILGERRENSIS FRUIT EXTRACT,skin-conditioning
SH-POLYPEPTIDE-56,skin-conditioning
PENTAPEPTIDE-34,skin-conditioning
DIETHYLHEXYL ISOEICOSANEDIOATE,emollient
DIETHYLHEXYL ISOEICOSANEDIOATE,skin-conditioning
CARBOMER,emulsion-stabilising
CARBOMER,gel-forming
CARBOMER,viscosity-controlling
TASMANNIA LANCEOLATA FRUIT EXTRACT,skin-conditioning
SYMPHYTUM OFFICINALE ROOT CELL EXTRACT,skin-conditioning
MONASCUS/TURMERIC ROOT/RICE BRAN FERMENT EXTRACT FILTRATE,skin-conditioning
MONASCUS/TURMERIC ROOT/RICE BRAN FERMENT EXTRACT FILTRATE,skin-protecting
PPG-2-CETETH-20,skin-conditioning
PPG-2-CETETH-20,surfactant
SOLANUM LYCOPERSICUM FRUIT JUICE,skin-conditioning
CIRSIUM FLOWER/LEAF/STEM EXTRACT,skin-conditioning
ETHYL POLYSILICATE,film-forming
PALM OIL PEG-8 ESTERS,emollient
PALM OIL PEG-8 ESTERS,emulsifying
PENTAERYTHRITOL,humectant
PENTAERYTHRITOL,skin-conditioning
FULVIC ACID,skin-conditioning
PERFLUORONONYLETHYL PEG-8 PHENYLISOPROPYL DIMETHCONE,emollient
PERFLUORONONYLETHYL PEG-8 PHENYLISOPROPYL DIMETHCONE,skin-conditioning
SH-OLIGOPEPTIDE-73 AMIDE ACETATE,skin-conditioning
SH-OLIGOPEPTIDE-73 AMIDE ACETATE,skin-protecting
OATAMIDE MEA,foam-boosting
OATAMIDE MEA,viscosity-controlling
MANGIFERIN,skin-protecting
TRICHILIA EMETICA SEED OIL PEG-8 ESTERS,emollient
TRICHILIA EMETICA SEED OIL PEG-8 ESTERS,emulsifying
TRICHILIA EMETICA SEED OIL PEG-8 ESTERS,skin-conditioning
TRICHILIA EMETICA SEED OIL PEG-8 ESTERS,surfactant
LUFFA CYLINDRICA ROOT EXTRACT,skin-conditioning
PANAX GINSENG CALLUS CULTURE CONDITIONED MEDIA,antioxidant
PANAX GINSENG CALLUS CULTURE CONDITIONED MEDIA,skin-conditioning
PANAX GINSENG CALLUS CULTURE CONDITIONED MEDIA,skin-protecting
ZANTHOXYLUM BUNGEANUM BARK/FRUIT/FLOWER/STALK EXTRACT,skin-conditioning
SOLANUM INDICUM ROOT EXTRACT,skin-conditioning
LABISIA PUMILA LEAF/ROOT EXTRACT,antioxidant
LABISIA PUMILA LEAF/ROOT EXTRACT,astringent
LABISIA PUMILA LEAF/ROOT EXTRACT,skin-protecting
HYDROGENATED PEACH KERNEL OIL,emollient
LACTOBACILLUS/LEUCONOSTOC/ORANGE FRUIT EXTRACT FERMENT FILTRATE,humectant
LACTOBACILLUS/LEUCONOSTOC/ORANGE FRUIT EXTRACT FERMENT FILTRATE,skin-conditioning
HECTORITE,absorbent
HECTORITE,bulking
HECTORITE,viscosity-controlling
DI-C12-13 ALKYL TARTRATE,emollient
DI-C12-13 ALKYL TARTRATE,skin-conditioning
ACINETOBACTER FERMENT,skin-conditioning
LACTOBACILLUS/HYDROLYZED [HONEY/SUGAR CANE/(ARALIA ELATA/EQUISETUM ARVENSE/OENOTHERA TETRAPTERA/GYNOSTEMMA PENTAPHYLLUM/SAMBUCUS NIGRA/ANGELICA FURCIJUGA/CAMELLIA SINENSIS/THEA SINENSIS/SASA VEITCHII/HOUTTUYNIA CORDATA/ERIOBOTRYA JAPONICA/LYCIUM CHINENSE/DIOSPYROS KAKI/ARTEMISIA PRINCEPS) LEAF/GANODERMA LUCIDUM FRUITING BODY/COIX LACRYMA-JOBI MA-YUEN SEED] FERMENT EXTRACT FILTRATE,skin-conditioning
TROPOLONE,skin-conditioning
POLYQUATERNIUM-2,antistatic
POLYQUATERNIUM-2,film-forming
STEAROXYTRIMETHYLSILANE,emollient
STEAROXYTRIMETHYLSILANE,skin-conditioning
ACRYLATES/STEARETH-50 ACRYLATE COPOLYMER,film-forming
ACRYLATES/STEARETH-50 ACRYLATE COPOLYMER,viscosity-controlling
ACETYL SH-PENTAPEPTIDE-1,skin-conditioning
OLIVE OIL AMINOPROPANEDIOL ESTERS,skin-conditioning
MELIA AZADIRACHTA SEED OIL,emollient
METHYLENEDIOXYPHENYLSUCCINOYL NONAPEPTIDE-18,skin-conditioning
POLYISOPRENE,viscosity-controlling
BIXA ORELLANA SEED OIL,emollient
BIXA ORELLANA SEED OIL,humectant
BIXA ORELLANA SEED OIL,skin-conditioning
GERMINATED PANAX GINSENG SEED EXTRACT,antioxidant
GERMINATED PANAX GINSENG SEED EXTRACT,skin-conditioning
GERMINATED PANAX GINSENG SEED EXTRACT,skin-protecting
GOSSYPIUM HERBACEUM FLOWER WATER,emollient
HYDROLYZED CHENOPODIUM QUINOA SEED,skin-conditioning
PEG-150/DECYL ALCOHOL/SMDI COPOLYMER,film-forming
PEG-150/DECYL ALCOHOL/SMDI COPOLYMER,viscosity-controlling
MALUS BACCATA CALLUS CULTURE EXTRACT,antimicrobial
MALUS BACCATA CALLUS CULTURE EXTRACT,antioxidant
MALUS BACCATA CALLUS CULTURE EXTRACT,skin-conditioning
MALUS BACCATA CALLUS CULTURE EXTRACT,skin-protecting
LARIX EUROPAEA WOOD EXTRACT,humectant
LARIX EUROPAEA WOOD EXTRACT,skin-conditioning
CITRUS TACHIBANA/RETICULATA PEEL POWDER,skin-conditioning
PEG-3 GLYCERYL ISOSTEARATE,emollient
PEG-3 GLYCERYL ISOSTEARATE,emulsifying
CETYL PALMITATE,emollient
CETYL PALMITATE,masking
CETYL PALMITATE,skin-conditioning
T-BUTYLBENZAMIDO HYDROXYLBENZAMIDE,antioxidant
T-BUTYLBENZAMIDO HYDROXYLBENZAMIDE,skin-protecting
DISODIUM COCAMIDO MIPA PEG-4 SULFOSUCCINATE,cleansing
DISODIUM COCAMIDO MIPA PEG-4 SULFOSUCCINATE,foam-boosting
DISODIUM COCAMIDO MIPA PEG-4 SULFOSUCCINATE,foaming
DISODIUM COCAMIDO MIPA PEG-4 SULFOSUCCINATE,hydrotrope
DISODIUM COCAMIDO MIPA PEG-4 SULFOSUCCINATE,skin-conditioning
DISODIUM COCAMIDO MIPA PEG-4 SULFOSUCCINATE,surfactant
PENTAERYTHRITYL TETRAPELARGONATE,emollient
DAPHNE ODORA CALLUS EXTRACT,skin-protecting
ECKLONIA KUROME POWDER,humectant
ECKLONIA KUROME POWDER,skin-conditioning
CHAMAECYPARIS LAWSONIANA WOOD OIL,masking
CHAMAECYPARIS LAWSONIANA WOOD OIL,skin-conditioning
RETINYL DIMETHYLGLYCYLPROLINATE,skin-conditioning
RETINYL DIMETHYLGLYCYLPROLINATE,skin-protecting
ANIGOZANTHOS FLAVIDUS EXTRACT,skin-conditioning
ERIODICTYON CALIFORNICUM FLOWER/LEAF/STEM EXTRACT,skin-conditioning
TRITICUM VULGARE STARCH,abrasive
TRITICUM VULGARE STARCH,absorbent
TRITICUM VULGARE STARCH,binding
TRITICUM VULGARE STARCH,bulking
TRITICUM VULGARE STARCH,viscosity-controlling
DIMETHOXYDIPHENYLSILANE/TRIETHOXYCAPRYLYLSILANE CROSSPOLYMER,film-forming
AMMONIUM VA/CROTONIC ACID COPOLYMER,film-forming
BAMBUSA VULGARIS CALLUS CULTURE CONDITIONED MEDIA EXTRACT,skin-conditioning
CORN OIL PEG-6 ESTERS,emollient
CORN OIL PEG-6 ESTERS,emulsifying
CORN OIL PEG-6 ESTERS,skin-conditioning
CORN OIL PEG-6 ESTERS,surfactant
BACILLUS/SPIRODELA POLYRHIZA EXTRACT/VOLCANIC ASH EXTRACT FERMENT FILTRATE,skin-conditioning
CAPRYLOYL TETRAPEPTIDE-60 NORLEUCYL TYROSYL D-METHIONINE,antimicrobial
CAPRYLOYL TETRAPEPTIDE-60 NORLEUCYL TYROSYL D-METHIONINE,antioxidant
CAPRYLOYL TETRAPEPTIDE-60 NORLEUCYL TYROSYL D-METHIONINE,antiseborrhoeic
CAPRYLOYL TETRAPEPTIDE-60 NORLEUCYL TYROSYL D-METHIONINE,skin-conditioning
LEONTOPODIUM ALPINUM FLOWER/LEAF EXTRACT,skin-conditioning
HYDROXYPROPYL METHACRYLATE,film-forming
THREITOL,humectant
NICOTINOYL DIPEPTIDE-26,skin-conditioning
SESQUIETHOXYTRIETHANOLAMINE,buffering
SESQUIETHOXYTRIETHANOLAMINE,emulsifying
SESQUIETHOXYTRIETHANOLAMINE,emulsion-stabilising
SESQUIETHOXYTRIETHANOLAMINE,surfactant
OLEYL PALMITAMIDE,opacifying
OLEYL PALMITAMIDE,viscosity-controlling
C11-14 ISOPARAFFIN,solvent
C11-14 ISOPARAFFIN,viscosity-controlling
CAFFEINE CARBOXYLIC ACID,skin-conditioning
SYMBIODINIUM MICROADRIATICUM FERMENT LYSATE,skin-conditioning
STEARETH-100/PEG-136/HDI COPOLYMER,viscosity-controlling
ISODECYL MYRISTATE,emollient
ISODECYL MYRISTATE,skin-conditioning
CARTHAMUS TINCTORIUS FLOWER JUICE,skin-conditioning
MIRABILIS JALAPA FLOWER EXTRACT,antimicrobial
MIRABILIS JALAPA FLOWER EXTRACT,antioxidant
MIRABILIS JALAPA FLOWER EXTRACT,astringent
MIRABILIS JALAPA FLOWER EXTRACT,emollient
MIRABILIS JALAPA FLOWER EXTRACT,skin-protecting
MONASCUS/CORNUS OFFICINALIS FRUIT/RICE BRAN FERMENT FILTRATE,skin-conditioning
PLANTAGO LANCEOLATA MERISTEM CELL,antioxidant
PLANTAGO LANCEOLATA MERISTEM CELL,skin-protecting
SOIL MINERALS/SYRINGA VULGARIS LEAF CELL CULTURE EXTRACT,antioxidant
SOIL MINERALS/SYRINGA VULGARIS LEAF CELL CULTURE EXTRACT,skin-conditioning
HYDROLYZED BEESWAX,emulsifying
HYDROLYZED BEESWAX,emulsion-stabilising
HYDROLYZED BEESWAX,stabilising
HYDROLYZED BEESWAX,surfactant
PEG-50 GLYCERYL TRIISOSTEARATE,emollient
PEG-50 GLYCERYL TRIISOSTEARATE,emulsifying
CIRCAEA CORDATA EXTRACT,skin-conditioning
PEG-8 DIMETHICONE/DIMER DILINOLEIC ACID COPOLYMER,emollient
PEG-8 DIMETHICONE/DIMER DILINOLEIC ACID COPOLYMER,skin-conditioning
MALUS DOMESTICA CALLUS EXTRACT,antioxidant
MALUS DOMESTICA CALLUS EXTRACT,skin-protecting
ACACIA FARNESIANA STEM BARK EXTRACT,skin-conditioning
3-LAURYL/TRIDECYLGLYCERYL ASCORBATE,antioxidant
3-LAURYL/TRIDECYLGLYCERYL ASCORBATE,humectant
3-LAURYL/TRIDECYLGLYCERYL ASCORBATE,skin-conditioning
PALMITOYL HEXAPEPTIDE-14,skin-conditioning
POLYGONUM PUNCTATUM EXTRACT,skin-conditioning
BATYL STEARATE,emollient
BATYL STEARATE,skin-conditioning
FISH VITREOUS HUMOR EXTRACT,emollient
FISH VITREOUS HUMOR EXTRACT,humectant
FISH VITREOUS HUMOR EXTRACT,skin-conditioning
CORALLINA OFFICINALIS THALLUS EXTRACT,skin-conditioning
PPG-30 STEARETH-4,emollient
PPG-30 STEARETH-4,emulsifying
CITRUS AURANTIUM AMARA FLOWER OIL,masking
CITRUS AURANTIUM AMARA FLOWER OIL,skin-conditioning
MOMORDICA COCHINCHINENSIS SEED ARIL OIL,antioxidant
MOMORDICA COCHINCHINENSIS SEED ARIL OIL,emollient
MOMORDICA COCHINCHINENSIS SEED ARIL OIL,skin-conditioning
MOMORDICA COCHINCHINENSIS SEED ARIL OIL,skin-protecting
MOMORDICA COCHINCHINENSIS SEED ARIL OIL,uv-absorber
LACTOBACILLUS/WINE EXTRACT FERMENT FILTRATE,antioxidant
LACTOBACILLUS/WINE EXTRACT FERMENT FILTRATE,skin-conditioning
LACTOBACILLUS/WINE EXTRACT FERMENT FILTRATE,skin-protecting
HYDROXYISOLEUCINE,humectant
HYDROXYISOLEUCINE,skin-conditioning
POLYDIMETHYLSILOXYETHYL DIMETHICONE/METHICONE COPOLYMER,skin-conditioning
ACETOBACTER/SACCHAROMYCES/APPLE FRUIT EXTRACT/LEMON FRUIT EXTRACT/WINE FERMENT FILTRATE,skin-conditioning
METHYLBUTYLPHENYL HEPTYLBIPHENYLCARBOXYLATE,skin-conditioning
IPOMOEA PURPUREA EXTRACT,skin-conditioning
SH-OLIGOPEPTIDE-73,emollient
SH-OLIGOPEPTIDE-73,skin-protecting
CITRUS UNSHIU FRUIT OIL,emollient
CITRUS UNSHIU FRUIT OIL,skin-conditioning
BAMBUSA VULGARIS FLOWER EXTRACT,skin-conditioning
PVP MONTMORILLONITE,emulsion-stabilising
PVP MONTMORILLONITE,film-forming
PVP MONTMORILLONITE,viscosity-controlling
PPG-8 SORBITOL CASTOR OIL,skin-conditioning
HEPTAPEPTIDE-37 DIMER,skin-conditioning
ROSA FLORIBUNDA CALLUS EXTRACT,skin-protecting
ARDISIA JAPONICA BRANCH/LEAF EXTRACT,skin-conditioning
DIETHYL SUCCINATE,emollient
DIETHYL SUCCINATE,masking
DIETHYL SUCCINATE,plasticiser
DIETHYL SUCCINATE,solvent
CETRIMONIUM LAURETH-12 SUCCINATE,emollient
CETRIMONIUM LAURETH-12 SUCCINATE,skin-conditioning
ZINGIBER OFFICINALE ROOT JUICE,skin-conditioning
PLUKENETIA VOLUBILIS SEEDCAKE,skin-conditioning
MAESA JAPONICA EXTRACT,skin-conditioning
PYRUS COMMUNIS SEED EXTRACT,skin-conditioning
METHYLSILANOL HYDROXYPROLINE ASPARTATE,antistatic
METHYLSILANOL HYDROXYPROLINE ASPARTATE,skin-conditioning
RH-POLYPEPTIDE-87,skin-conditioning
LACTOBACILLUS/SACCHAROMYCES/(BLUEBERRY/RASPBERRY/STRAWBERRY/CRANBERRY/EUTERPE OLERACEA) FRUIT/THYME/ROSEMARY/VACCINIUM MYRTILLUS/ROSA CANINA/CYMBOPOGON SCHOENANTHUS/ERIOCEPHALUS PUNCTULATUS FERMENT,skin-conditioning
ALUMINUM HYDROXIDE OXIDE,antimicrobial
ALUMINUM HYDROXIDE OXIDE,astringent
ALUMINUM HYDROXIDE OXIDE,skin-conditioning
ALUMINUM HYDROXIDE OXIDE,skin-protecting
HIBISCUS SYRIACUS BARK EXTRACT,skin-conditioning
SAPONARIA PUMILA CALLUS CULTURE EXTRACT,skin-conditioning
RUBUS LACINIATUS SEED OIL,skin-conditioning
NEPENTHES MIRABILIS PITCHER EXTRACT,humectant
NEPENTHES MIRABILIS PITCHER EXTRACT,skin-conditioning
ARTEMISIA GLACIALIS EXTRACT,humectant
ARTEMISIA GLACIALIS EXTRACT,skin-conditioning
SHAKUYAKU EKISU,skin-conditioning
ASIATIC ACID,skin-conditioning
ASIATIC ACID,stabilising
EUGENIA CUMINI FRUIT EXTRACT,skin-conditioning
CAPE ALOE EKISU,skin-conditioning
SH-POLYPEPTIDE-46,skin-conditioning
FUSIDIUM COCCINEUM FERMENT FILTRATE,skin-conditioning
CITRUS SPHAEROCARPA FRUIT JUICE,skin-conditioning
TAMBOURISSA TRICHOPHYLLA LEAF EXTRACT,skin-conditioning
ACRYLATES/METHOXY PEG-23 METHACRYLATE/PERFLUOROOCTYL ETHYL ACRYLATE COPOLYMER,film-forming
BIS-ETHYLHYDROXYCYCLOHEXYL METHACRYLATE DIMETHICONE/BUTYL ACRYLATE CROSSPOLYMER,film-forming
RUMEX WALLICHII EXTRACT,skin-conditioning
MANGANESE GLYCINATE,antioxidant
MANGANESE GLYCINATE,skin-conditioning
LESPEDEZA CYRTOBOTRYA EXTRACT,antifoaming
LESPEDEZA CYRTOBOTRYA EXTRACT,antimicrobial
LESPEDEZA CYRTOBOTRYA EXTRACT,antioxidant
LESPEDEZA CYRTOBOTRYA EXTRACT,humectant
LESPEDEZA CYRTOBOTRYA EXTRACT,skin-conditioning
LESPEDEZA CYRTOBOTRYA EXTRACT,skin-protecting
ARTEMISIA MONTANA FLOWER OIL,emollient
ARTEMISIA MONTANA FLOWER OIL,skin-conditioning
SAPONARIA OFFICINALIS ROOT EXTRACT,skin-conditioning
CHRYSANTHEMUM PARTHENIUM EXTRACT,skin-conditioning
PLEUROTUS SAJOR-CAJU FERMENT FILTRATE,humectant
STEPHANIA TETRANDRA ROOT EXTRACT,skin-conditioning
DOLICHOS BIFLORUS CALLUS EXTRACT,skin-protecting
TOCOPHERYL DIMETHYLGLYCINATE HCI,antioxidant
TOCOPHERYL DIMETHYLGLYCINATE HCI,skin-conditioning
FORSYTHIA VIRIDISSIMA FRUIT EXTRACT,skin-conditioning
POLYQUATERNIUM-5,antistatic
POLYQUATERNIUM-5,film-forming
CANAVALIA GLADIATA SEED EXTRACT,skin-conditioning
PORTULACA MOLOKINIENSIS EXTRACT,antioxidant
PORTULACA MOLOKINIENSIS EXTRACT,humectant
PORTULACA MOLOKINIENSIS EXTRACT,skin-conditioning
DAVILLA RUGOSA LEAF EXTRACT,skin-conditioning
FERRIC TETRACARBOXYPHTHALOCYANINE,skin-conditioning
OXYQUINOLINE SULFATE,antimicrobial
OXYQUINOLINE SULFATE,emulsion-stabilising
PPG-5 LANOLATE,emollient
PPG-5 LANOLATE,skin-conditioning
ACER NIKOENSE BARK EXTRACT,skin-conditioning
TRIPEPTIDE-57,skin-conditioning
KLUYVEROMYCES/SACCHAROMYCES/OLIVE LEAF EXTRACT FERMENT,humectant
KLUYVEROMYCES/SACCHAROMYCES/OLIVE LEAF EXTRACT FERMENT,skin-conditioning
ACETYL GLUTAMINE,skin-conditioning
BIFIDA FERMENT FILTRATE,skin-conditioning
QUILLAJA SAPONARIA BARK EXTRACT,antidandruff
QUILLAJA SAPONARIA BARK EXTRACT,cleansing
QUILLAJA SAPONARIA BARK EXTRACT,emulsifying
QUILLAJA SAPONARIA BARK EXTRACT,foaming
QUILLAJA SAPONARIA BARK EXTRACT,masking
QUILLAJA SAPONARIA BARK EXTRACT,moisturising
QUILLAJA SAPONARIA BARK EXTRACT,skin-conditioning
QUILLAJA SAPONARIA BARK EXTRACT,surfactant
ACRYLATES/AMINOACRYLATES/C10-30 ALKYL PEG-20 ITACONATE COPOLYMER,emulsion-stabilising
METHIONYL SH-POLYPEPTIDE-101,skin-conditioning
MALLOTUS PHILIPPENSIS BARK EXTRACT,humectant
MALLOTUS PHILIPPENSIS BARK EXTRACT,skin-conditioning
SESQUIOCTYLDODECYL LAUROYL GLUTAMATE,cleansing
SESQUIOCTYLDODECYL LAUROYL GLUTAMATE,emulsion-stabilising
SESQUIOCTYLDODECYL LAUROYL GLUTAMATE,humectant
SESQUIOCTYLDODECYL LAUROYL GLUTAMATE,surfactant
CAMELLIA JAPONICA FLOWER WATER,skin-conditioning
PALMITOYL TETRAPEPTIDE-10,skin-conditioning
SH-PENTAPEPTIDE-8,skin-conditioning
OCTACOSANYL GLYCOL ISOSTEARATE,emollient
RIBES NIGRUM BUD CERA,skin-protecting
MELALEUCA ALTERNIFOLIA FLOWER/LEAF/STEM EXTRACT,skin-conditioning
PANAX GINSENG MERISTEM CELL CULTURE,antimicrobial
PANAX GINSENG MERISTEM CELL CULTURE,antioxidant
PANAX GINSENG MERISTEM CELL CULTURE,skin-conditioning
RUBY EXTRACT,skin-conditioning
PEG-7,humectant
PEG-7,solvent
VACCINIUM VITIS-IDAEA SEED OIL,antioxidant
VACCINIUM VITIS-IDAEA SEED OIL,emollient
VACCINIUM VITIS-IDAEA SEED OIL,skin-conditioning
VACCINIUM VITIS-IDAEA SEED OIL,skin-protecting
PEG-8 CETYL DIMETHICONE,skin-conditioning
DISODIUM ISOSTEARYL SULFOSUCCINATE,cleansing
DISODIUM ISOSTEARYL SULFOSUCCINATE,foam-boosting
DISODIUM ISOSTEARYL SULFOSUCCINATE,foaming
DISODIUM ISOSTEARYL SULFOSUCCINATE,hydrotrope
DISODIUM ISOSTEARYL SULFOSUCCINATE,skin-conditioning
DISODIUM ISOSTEARYL SULFOSUCCINATE,surfactant
MICROCITRUS AUSTRALIS FRUIT EXTRACT,skin-conditioning
POLYACRYLATE-42,film-forming
LEMON EKISU,masking
LEMON EKISU,skin-conditioning
GLYCERYL HEPTANOATE,emollient
GLYCERYL HEPTANOATE,skin-conditioning
ARGILLA EXTRACT,skin-conditioning
JUNIPERUS COMMUNIS SEED WATER,skin-conditioning
TRIPEPTIDE-7 SH-DECAPEPTIDE-9,skin-protecting
PIMPINELLA BRACHYCARPA LEAF EXTRACT,skin-conditioning
BACILLUS/POLYGONUM TINCTORIUM LEAF FERMENT EXTRACT FILTRATE,skin-conditioning
BACILLUS/POLYGONUM TINCTORIUM LEAF FERMENT EXTRACT FILTRATE,skin-protecting
BACILLUS/CORCHORUS OLITORIUS LEAF FERMENT FILTRATE,skin-conditioning
SODIUM ALLANTOIN PCA,skin-conditioning
TRICHOSANTHES KIRILOWII FRUIT POWDER,abrasive
TRICHOSANTHES KIRILOWII FRUIT POWDER,masking
TRICHOSANTHES KIRILOWII FRUIT POWDER,skin-protecting
FABIANA IMBRICATA OIL,masking
FABIANA IMBRICATA OIL,skin-conditioning
PALMITOYL TRIPEPTIDE-4,skin-conditioning
POLYGONATUM MULTIFLORUM RHIZOME/ROOT EXTRACT,skin-conditioning
CAPROYL TYROSINE,skin-conditioning
METHYL DIMETHYLMETHYLENECYCLOHEXANE CARBOXYLATE,masking
METHYL DIMETHYLMETHYLENECYCLOHEXANE CARBOXYLATE,skin-conditioning
CARBOXYMETHYL CHITOSAN,film-forming
CARBOXYMETHYL CHITOSAN,gel-forming
CARBOXYMETHYL CHITOSAN,viscosity-controlling
ZYGOSACCHAROMYCES/APPLE FRUIT/PAPAYA FRUIT/PINEAPPLE FRUIT/ACEROLA FRUIT/AVERRHOA CARAMBOLA FRUIT/MUSA ACUMINATA FRUIT/CARROT ROOT/RADISH ROOT/TOMATO FRUIT/CUCUMBER FRUIT/SPINACH LEAF/PERILLA FRUTESCENS LEAF/ALOE ARBORESCENS LEAF/LAMINARIA DIGITATA FERMENT EXTRACT FILTRATE,skin-conditioning
METHYL AMINOMETHYLCYCLOHEXANE CARBOXAMIDE HCL,skin-conditioning
BIOTINOYL TETRAPEPTIDE-51,skin-conditioning
HYDROLYZED SWIFTLET NEST EXTRACT,skin-conditioning
CREPIDIASTRUM LANCEOLATUM LEAF EXTRACT,skin-conditioning
JOJOBA ESTERS,emollient
JOJOBA ESTERS,moisturising
JOJOBA ESTERS,skin-conditioning
JOJOBA ESTERS,soothing
GLYCYRRHIZA INFLATA ROOT EXTRACT,skin-conditioning
DIPOTASSIUM AZELATE,viscosity-controlling
SAPINDUS MUKOROSSI FRUIT OIL,skin-protecting
PANAX NOTOGINSENG ROOT POWDER,skin-conditioning
CITRUS/UNSHIU/AURANTIUM/RETICULATA PEEL OIL,emollient
CITRUS/UNSHIU/AURANTIUM/RETICULATA PEEL OIL,skin-conditioning
ROSA HYBRID FLOWER WATER,masking
ROSA HYBRID FLOWER WATER,skin-protecting
SH-POLYPEPTIDE-35,skin-conditioning
SYRINGA VULGARIS LEAF CELL EXTRACT,antioxidant
SYRINGA VULGARIS LEAF CELL EXTRACT,skin-protecting
POTASSIUM BUTYL ESTER OF PVM/MA COPOLYMER,binding
POTASSIUM BUTYL ESTER OF PVM/MA COPOLYMER,film-forming
SALICIN,skin-conditioning
CRYPTOMERIA JAPONICA BARK FERMENT EXTRACT,humectant
CRYPTOMERIA JAPONICA BARK FERMENT EXTRACT,skin-conditioning
ARISAEMA AMURENSE EXTRACT,skin-conditioning
POLYACRYLATE CROSSPOLYMER-11,emulsion-stabilising
POLYACRYLATE CROSSPOLYMER-11,skin-conditioning
POLYACRYLATE CROSSPOLYMER-11,viscosity-controlling
TETRADESMUS OBLIQUUS EXTRACT,skin-conditioning
SIMARUBA AMARA EXTRACT,skin-protecting
PHYSALIS PERUVIANA CALYX EXTRACT,skin-conditioning
METHYLCELLULOSE,binding
METHYLCELLULOSE,emulsion-stabilising
METHYLCELLULOSE,stabilising
METHYLCELLULOSE,viscosity-controlling
BISABOLOL,masking
BISABOLOL,skin-conditioning
BISABOLOL,soothing
SH-POLYPEPTIDE-26,skin-conditioning
BEHENYL PCA,skin-conditioning
PYRIDINEDICARBOXYLIC ACID,skin-conditioning
PALMITAMIDE DEA,antistatic
PALMITAMIDE DEA,foam-boosting
PALMITAMIDE DEA,viscosity-controlling
FERROUS GLUCOHEPTONATE,skin-conditioning
MACADAMIA SEED OIL POLYGLYCERYL-6 ESTERS BEHENATE,emollient
MACADAMIA SEED OIL POLYGLYCERYL-6 ESTERS BEHENATE,skin-conditioning
MACADAMIA SEED OIL POLYGLYCERYL-6 ESTERS BEHENATE,surfactant
ARISTOTELIA CHILENSIS FRUIT EXTRACT,skin-conditioning
BIFIDA POLYSACCHARIDE,humectant
PYRUS MALUS CALLUS POWDER,skin-conditioning
CALLIBLEPHARIS JUBATA EXTRACT,skin-protecting
BOMBYX LIPIDA,skin-conditioning
HYACINTHUS ORIENTALIS EXTRACT,skin-conditioning
HYACINTHUS ORIENTALIS EXTRACT,tonic
OLIGOPEPTIDE-73,skin-conditioning
OLIGOPEPTIDE-45,skin-conditioning
PIPERONYLIC ACID,skin-conditioning
PIPERONYLIC ACID,skin-protecting
HEDERA HELIX LEAF WATER,skin-conditioning
GALLOYL TRIPEPTIDE-47,antioxidant
GALLOYL TRIPEPTIDE-47,skin-protecting
BACILLUS/MONASCUS/ABELMOSCHUS ESCULENTUS SPROUT/RICE BRAN FERMENT FILTRATE,antiseborrhoeic
BACILLUS/MONASCUS/ABELMOSCHUS ESCULENTUS SPROUT/RICE BRAN FERMENT FILTRATE,humectant
BACILLUS/MONASCUS/ABELMOSCHUS ESCULENTUS SPROUT/RICE BRAN FERMENT FILTRATE,skin-conditioning
BACILLUS/MONASCUS/ABELMOSCHUS ESCULENTUS SPROUT/RICE BRAN FERMENT FILTRATE,stabilising
DISODIUM C12-14 SEC-PARETH-9 SULFOSUCCINATE,cleansing
DISODIUM C12-14 SEC-PARETH-9 SULFOSUCCINATE,foam-boosting
DISODIUM C12-14 SEC-PARETH-9 SULFOSUCCINATE,hydrotrope
DISODIUM C12-14 SEC-PARETH-9 SULFOSUCCINATE,skin-conditioning
DISODIUM C12-14 SEC-PARETH-9 SULFOSUCCINATE,surfactant
VACCINIUM ULIGINOSUM BERRY EXTRACT,skin-conditioning
DODECYLHEXADECYL PALMITATE,emollient
DODECYLHEXADECYL PALMITATE,skin-conditioning
CITRUS UNSHIU/AURANTIUM PEEL OIL,emollient
CITRUS UNSHIU/AURANTIUM PEEL OIL,skin-conditioning
PENTAERYTHRITYL TETRAACRYLATE,film-forming
POLYGLYCERYL-3 CAPRATE/CAPRYLATE/SUCCINATE,emollient
POLYGLYCERYL-3 CAPRATE/CAPRYLATE/SUCCINATE,emulsifying
POLYGLYCERYL-3 CAPRATE/CAPRYLATE/SUCCINATE,skin-conditioning
POLYGLYCERYL-3 CAPRATE/CAPRYLATE/SUCCINATE,solvent
POLYGLYCERYL-3 CAPRATE/CAPRYLATE/SUCCINATE,surfactant
TULIPA DARWIN FLOWER EXTRACT,emollient
TULIPA DARWIN FLOWER EXTRACT,skin-conditioning
COPAL,film-forming
COPAL,viscosity-controlling
ILEX AQUIFOLIUM LEAF POWDER,skin-conditioning
ASPERGILLUS/CAMELLIA SINENSIS LEAF FERMENT EXTRACT FILTRATE,skin-conditioning
PEG-15 BUTANEDIOL,humectant
PEG-15 BUTANEDIOL,solvent
SODIUM DERMATAN SULFATE,skin-conditioning
HYDROXYCAPRIC ACID,skin-conditioning
HYDRANGEA SERRATA LEAF EXTRACT,skin-conditioning
ISODECYL ETHYLHEXANOATE,emollient
ISODECYL ETHYLHEXANOATE,skin-conditioning
MATRICARIA DISCOIDEA FLOWER/LEAF/STEM EXTRACT,skin-conditioning
VACCINIUM ANGUSTIFOLIUM FRUIT EXTRACT,skin-protecting
VACCINIUM ANGUSTIFOLIUM FRUIT EXTRACT,soothing
ISOPENTYL TRIMETHOXYCINNAMATE TRISILOXANE,emollient
PHYTOSPHINGOSINE PCA,skin-conditioning
SILANETRIOL LYSINATE,emollient
SILANETRIOL LYSINATE,skin-conditioning
VANILLA PLANIFOLIA FLOWER EXTRACT,skin-conditioning
CHOLESTERYL ISOSTEARYL CARBONATE,skin-conditioning
OCTAPEPTIDE-27 AMIDE,skin-conditioning
DISODIUM C12-14 SEC-PARETH-7 SULFOSUCCINATE,cleansing
DISODIUM C12-14 SEC-PARETH-7 SULFOSUCCINATE,foam-boosting
DISODIUM C12-14 SEC-PARETH-7 SULFOSUCCINATE,hydrotrope
DISODIUM C12-14 SEC-PARETH-7 SULFOSUCCINATE,skin-conditioning
DISODIUM C12-14 SEC-PARETH-7 SULFOSUCCINATE,surfactant
CANAVALIA GLADIATA POD EXTRACT,skin-conditioning
ANTHYLLIS VULNERARIA EXTRACT,skin-conditioning
RESVERATROL TRIPENTYL ETHER,skin-conditioning
HYDROXYPROPYLTRIMONIUM OXIDIZED POTATO STARCH,humectant
HYDROXYPROPYLTRIMONIUM OXIDIZED POTATO STARCH,skin-conditioning
ASPERGILLUS/LACTOBACILLUS/SACCHAROMYCES/ONION/CELERY/CABBAGE/GINGER/GARLIC/POTATO/BRASSICA OLERACEA ACEPHALA/ALOE BARBADENSIS/LAMINARIA JAPONICA/UNDARIA PINNATIFIDA/IPOMOEA BATATAS/OENANTHE JAVANICA/NELUMBO NUCIFERA/ALLIUM TUBEROSUM/ALLIUM FISTULOSUM/DIOSCOREA BATATAS/ACTINIDIA ARGUTA/COLOCASIA ESCULENTA/ARCTIUM LAPPA/LENTINULA EDODES/ROOT/FRUIT FERMENT FILTRATE EXTRACT,skin-conditioning
TRANSGLUTAMINASE,skin-conditioning
LACTOBACILLUS/CAMELLIA SINENSIS LEAF/CLOVER FLOWER/COCOA FLOWER FERMENT FILTRATE,antioxidant
LACTOBACILLUS/CAMELLIA SINENSIS LEAF/CLOVER FLOWER/COCOA FLOWER FERMENT FILTRATE,skin-protecting
CHICKEN EMBRYONIC FIBROBLAST CONDITIONED MEDIA,skin-conditioning
SETARIA ITALICA SEED EXTRACT,humectant
SETARIA ITALICA SEED EXTRACT,skin-conditioning
PIPER MARGINATUM LEAF EXTRACT,skin-protecting
METHOXYBENZOYL METHYLSULFONYL OXOPIPERIDINYL PIPERAZINECARBOXAMIDE,skin-conditioning
CUCUMIS MELO CANTALUPENSIS FRUIT EXTRACT,astringent
CUCUMIS MELO CANTALUPENSIS FRUIT EXTRACT,skin-conditioning
SR-SILKWORM POLYPEPTIDE-2,skin-conditioning
PPG-15 ISOSTEARATE,emollient
SH-OLIGOPEPTIDE-13,skin-conditioning
SCIADOPITYS VERTICILLATA ROOT EXTRACT,antidandruff
SCIADOPITYS VERTICILLATA ROOT EXTRACT,antimicrobial
SCIADOPITYS VERTICILLATA ROOT EXTRACT,antistatic
SCIADOPITYS VERTICILLATA ROOT EXTRACT,skin-conditioning
PAPAVER SOMNIFERUM SEED OIL,emollient
BIS-ADAMANTANYL PEG-2300 DICARBOXAMIDE,film-forming
BIS-ADAMANTANYL PEG-2300 DICARBOXAMIDE,humectant
BIS-ADAMANTANYL PEG-2300 DICARBOXAMIDE,skin-conditioning
AMYLOSE,humectant
YOUNGIA SONCHIFOLIA CALLUS CULTURE CONDITIONED MEDIA,antioxidant
YOUNGIA SONCHIFOLIA CALLUS CULTURE CONDITIONED MEDIA,skin-conditioning
YOUNGIA SONCHIFOLIA CALLUS CULTURE CONDITIONED MEDIA,skin-protecting
PHENYL METHICONE,emollient
TRITICUM VULGARE GERM OIL,emollient
TRITICUM VULGARE GERM OIL,skin-conditioning
DISTEARDIMONIUM HECTORITE,stabilising
DISTEARDIMONIUM HECTORITE,viscosity-controlling
ENDONUCLEASE V,skin-protecting
TRIHEPTYLUNDECANOIN,emollient
TRIHEPTYLUNDECANOIN,refatting
TRIHEPTYLUNDECANOIN,skin-conditioning
TRIHEPTYLUNDECANOIN,viscosity-controlling
SINAPIC ACID,skin-conditioning
CRITHMUM MARITIMUM CALLUS CULTURE FILTRATE EXTRACT,skin-protecting
PHYLLOSTACHYS HETEROCYCLA FERMENT FILTRATE,skin-conditioning
C10-16 PARETH-1,cleansing
C10-16 PARETH-1,emollient
C10-16 PARETH-1,surfactant
LANETH-40,cleansing
LANETH-40,emulsifying
LANETH-40,surfactant
LANETH-40,viscosity-controlling
DRACAENA CAMBODIANA LEAF EXTRACT,skin-conditioning
GELIDIUM SESQUIPEDALE EXTRACT,skin-protecting
AZELAMIDE MEA,foam-boosting
AZELAMIDE MEA,surfactant
AZELAMIDE MEA,viscosity-controlling
SACCHAROMYCES/XYLINUM/BLACK TEA FERMENT,skin-conditioning
ASPERGILLUS/SACCHAROMYCES/IPOMOEA BATATAS ROOT FERMENT LEES,emollient
ASPERGILLUS/SACCHAROMYCES/IPOMOEA BATATAS ROOT FERMENT LEES,skin-conditioning
PINUS PINASTER SEEDCAKE POWDER,abrasive
PINUS PINASTER SEEDCAKE POWDER,skin-conditioning
LACTOBACILLUS/DATA FRUIT FERMENT FILTRATE,skin-conditioning
PPG-17 DIOLEATE,emollient
PPG-17 DIOLEATE,skin-conditioning
SPARASSIS CRISPA FERMENT FILTRATE,humectant
SPARASSIS CRISPA FERMENT FILTRATE,skin-conditioning
ACETOBACTER/SACCHAROMYCES/RASPBERRY FRUIT EXTRACT/PUNICA GRANATUM FRUIT EXTRACT/WINE FERMENT FILTRATE,skin-conditioning
STEARYLVINYL ETHER/MA COPOLYMER,antistatic
STEARYLVINYL ETHER/MA COPOLYMER,emulsion-stabilising
STEARYLVINYL ETHER/MA COPOLYMER,film-forming
STEARYLVINYL ETHER/MA COPOLYMER,viscosity-controlling
CANANGA ODORATA FLOWER POWDER,skin-conditioning
SESAMIDE DEA,foam-boosting
SESAMIDE DEA,surfactant
SESAMIDE DEA,viscosity-controlling
RH-POLYPEPTIDE-62,skin-conditioning
RH-POLYPEPTIDE-62,skin-protecting
STEARETH-60 CETYL ETHER,viscosity-controlling
RUBUS CHINGII FRUIT EXTRACT,skin-conditioning
SACCHAROMYCES LYSATE EXTRACT FILTRATE,skin-conditioning
TRISTEARYL CITRATE,emollient
TRISTEARYL CITRATE,skin-conditioning
PAEONIA OFFICINALIS ROOT EXTRACT,skin-conditioning
PALMITOYL SH-TRIPEPTIDE-5 NORISOLEUCYL SH-NONAPEPTIDE-1,skin-conditioning
TROPAEOLUM MAJUS FLOWER EXTRACT,skin-conditioning
RICE FERMENT FILTRATE/PERSICARIA TINCTORIA LEAF FERMENT FILTRATE,skin-conditioning
DECAPEPTIDE-45,skin-conditioning
DECAPEPTIDE-45,skin-protecting
DISODIUM ISOSTEARYL ASCORBYL PHOSPHATE,antioxidant
DISODIUM ISOSTEARYL ASCORBYL PHOSPHATE,emollient
VACCINIUM VITIS-IDAEA FRUIT WATER,masking
VACCINIUM VITIS-IDAEA FRUIT WATER,skin-conditioning
LEONURUS SIBIRICUS SEED EXTRACT,skin-conditioning
CHLAMYDOMONAS HEDLEYI EXTRACT,skin-conditioning
CHLORELLA VULGARIS CALLUS CULTURE EXTRACT,antioxidant
CHLORELLA VULGARIS CALLUS CULTURE EXTRACT,skin-protecting
KLUYVEROMYCES/LACTOBACILLUS/LACTOCOCCUS/LEUCONOSTOC/SACCHAROMYCES/HYDROLYZED WHEAT GLUTEN FERMENT FILTRATE,skin-conditioning
MAACKIASIN,humectant
MAACKIASIN,skin-conditioning
MAACKIASIN,skin-protecting
GALLYL GLUCOSIDE,antioxidant
GALLYL GLUCOSIDE,skin-conditioning
CITRUS KERAJI FRUIT WATER,antiplaque
CITRUS KERAJI FRUIT WATER,humectant
CITRUS KERAJI FRUIT WATER,masking
CITRUS KERAJI FRUIT WATER,oral-care
CITRUS KERAJI FRUIT WATER,skin-conditioning
CISSUS HYPOGLAUCA FRUIT EXTRACT,skin-conditioning
PEG-30 HYDROGENATED CASTOR OIL TRIISOSTEARATE,emulsifying
PEG-30 HYDROGENATED CASTOR OIL TRIISOSTEARATE,viscosity-controlling
SODIUM THIOOCTOYL/FORMOYL HYALURONATE,humectant
COLOPHOSPERMUM MOPANE LEAF EXTRACT,skin-conditioning
MYRICITRIN,antioxidant
MYRICITRIN,skin-protecting
FRITILLARIA USSURIENSIS BULB EXTRACT,skin-conditioning
TETRAPEPTIDE-55,skin-conditioning
CAPRYLIC/CAPRIC/PALMITIC/STEARIC TRIGLYCERIDE,skin-conditioning
ULVA RAMULOSA CALLUS CULTURE EXTRACT,skin-conditioning
CALCIUM SILICATE,absorbent
CALCIUM SILICATE,bulking
CALCIUM SILICATE,opacifying
CALCIUM SILICATE,pearlescent
CALCIUM SILICATE,viscosity-controlling
DIMETHYLAMINOBENZAMIDOPROPYL/METHYL POLYSILSESQUIOXANE,antioxidant
DIMETHYLAMINOBENZAMIDOPROPYL/METHYL POLYSILSESQUIOXANE,emollient
DIMETHYLAMINOBENZAMIDOPROPYL/METHYL POLYSILSESQUIOXANE,film-forming
DIMETHYLAMINOBENZAMIDOPROPYL/METHYL POLYSILSESQUIOXANE,skin-conditioning
DIMETHYLAMINOBENZAMIDOPROPYL/METHYL POLYSILSESQUIOXANE,stabilising
PTYCHOPETALUM OLACOIDES BARK/STEM EXTRACT,skin-conditioning
TAZAROTENE,skin-conditioning
SR-SEA RAVEN POLYPEPTIDE-1,skin-protecting
BLETILLA STRIATA CALLUS EXTRACT,antioxidant
BLETILLA STRIATA CALLUS EXTRACT,skin-protecting
GLYCOFUROL,solvent
GLYCOFUROL,viscosity-controlling
ADEPS BOVIS,emollient
KLUYVEROMYCES/LACTOBACILLUS/CNIDIUM OFFICINALE ROOT OIL FERMENT FILTRATE,antioxidant
KLUYVEROMYCES/LACTOBACILLUS/CNIDIUM OFFICINALE ROOT OIL FERMENT FILTRATE,skin-conditioning
KLUYVEROMYCES/LACTOBACILLUS/CNIDIUM OFFICINALE ROOT OIL FERMENT FILTRATE,skin-protecting
CHAMOMILLA RECUTITA LEAF EXTRACT,masking
CHAMOMILLA RECUTITA LEAF EXTRACT,skin-conditioning
ACRYLATES/STEARETH-30 METHACRYLATE COPOLYMER,viscosity-controlling
MALLOTUS JAPONICUS SEED OIL,skin-conditioning
ALPHA-GLUCAN,humectant
ALPHA-GLUCAN,skin-conditioning
RUBUS IDAEUS SACHALINENSIS FRUIT JUICE,masking
RUBUS IDAEUS SACHALINENSIS FRUIT JUICE,skin-conditioning
PPG-3 GLYCERYL ETHER TRIACRYLATE,film-forming
DEXTRAN,binding
DEXTRAN,viscosity-controlling
PEG-40 GLYCERYL TRIOLEATE,emollient
PEG-40 GLYCERYL TRIOLEATE,emulsifying
PAEONIA ALBIFLORA ROOT POWDER,skin-conditioning
HYDRANGEA PANICULATA FLOWER/FRUIT EXTRACT,emollient
HYDRANGEA PANICULATA FLOWER/FRUIT EXTRACT,humectant
HYDRANGEA PANICULATA FLOWER/FRUIT EXTRACT,skin-conditioning
TRIHEXYLDECYL CITRATE,emollient
TRIHEXYLDECYL CITRATE,plasticiser
TRIHEXYLDECYL CITRATE,skin-conditioning
HYDROXYTRYPTOPHAN,skin-conditioning
MEDICAGO SATIVA SEED POWDER,skin-conditioning
HEMEROCALLIS SEMPERVIRENS LEAF/STEM EXTRACT,humectant
HEMEROCALLIS SEMPERVIRENS LEAF/STEM EXTRACT,skin-conditioning
SYMPHYTUM OFFICINALE RHIZOME/ROOT EXTRACT,skin-conditioning
CUCURBITACIN B,skin-conditioning
IRAKUSA NE EKISU,skin-conditioning
TETRAMETHYL HEXAPHENYL TETRASILOXANE,skin-conditioning
DIETHYLHEXYL FUMARATE,emollient
DIETHYLHEXYL FUMARATE,skin-conditioning
TRIDECYL ALCOHOL,emollient
TRIDECYL ALCOHOL,emulsion-stabilising
TRIDECYL ALCOHOL,masking
TRIDECYL ALCOHOL,refatting
TRIDECYL ALCOHOL,skin-conditioning
TRIDECYL ALCOHOL,viscosity-controlling
SYNTHETIC THYMUS HYDROLYSATE,humectant
SYNTHETIC THYMUS HYDROLYSATE,skin-conditioning
TALLAMIDE DEA,foam-boosting
TALLAMIDE DEA,surfactant
TALLAMIDE DEA,viscosity-controlling
LACTOBACILLUS/EVENING PRIMROSE SEED FERMENT FILTRATE,skin-conditioning
SODIUM POLYACRYLOYLDIMETHYL TAURATE,emulsion-stabilising
SODIUM POLYACRYLOYLDIMETHYL TAURATE,viscosity-controlling
CAMPHOR BENZALKONIUM METHOSULFATE,antimicrobial
CAMPHOR BENZALKONIUM METHOSULFATE,antistatic
CAMPHOR BENZALKONIUM METHOSULFATE,uv-absorber
CAMPHOR BENZALKONIUM METHOSULFATE,uv-filter
POLYETHYLENE,abrasive
POLYETHYLENE,film-forming
POLYETHYLENE,viscosity-controlling
LEUCANTHEMUM VULGARE CALLUS POWDER,skin-conditioning
EVENING PRIMROSE OIL DECYL ESTERS,emollient
ACHILLEA MILLEFOLIUM FLOWER/ALTHAEA OFFICINALIS ROOT/CHAMOMILLA RECUTITA FLOWER/HYPERICUM PERFORATUM FLOWER/SALVIA OFFICINALIS LEAF/TUSSILAGO FARFARA LEAF EXTRACT,humectant
ACHILLEA MILLEFOLIUM FLOWER/ALTHAEA OFFICINALIS ROOT/CHAMOMILLA RECUTITA FLOWER/HYPERICUM PERFORATUM FLOWER/SALVIA OFFICINALIS LEAF/TUSSILAGO FARFARA LEAF EXTRACT,skin-conditioning
OLIVE OIL PEG/PPG-3/1 ESTERS,emollient
OLIVE OIL PEG/PPG-3/1 ESTERS,emulsifying
MYRISTOYL TETRAPEPTIDE-12,skin-conditioning
POLYGLYCERYL-10 HEPTAHYDROXYSTEARATE,skin-conditioning
VIGNA ACONITIFOLIA SEED EXTRACT,skin-conditioning
RENEALMIA GUIANENSIS LEAF EXTRACT,skin-conditioning
SH-POLYPEPTIDE-18,skin-conditioning
AKEBIA QUINATA FLOWER EXTRACT,skin-conditioning
POLYGLYCERYL-6 OCTACAPRYLATE,emollient
UNDECETH-8,emollient
UNDECETH-8,emulsifying
UNDECETH-8,skin-conditioning
UNDECETH-8,surfactant
BIS-PABA PORPHYRA 334,antioxidant
BIS-PABA PORPHYRA 334,stabilising
BIS-PABA PORPHYRA 334,uv-filter
NOPALEA COCHENILLIFERA FRUIT EXTRACT,humectant
NOPALEA COCHENILLIFERA FRUIT EXTRACT,skin-conditioning
TETRABAENA SOCIALIS EXTRACT,humectant
POLYGONATUM OFFICINALE RHIZOME/ROOT EXTRACT,skin-conditioning
HYDROGENATED POLY(C6-14 OLEFIN),emollient
HYDROGENATED POLY(C6-14 OLEFIN),skin-conditioning
HYDROGENATED POLY(C6-14 OLEFIN),viscosity-controlling
MENTHA ARVENSIS LEAF/STEM OIL,masking
MENTHA ARVENSIS LEAF/STEM OIL,skin-conditioning
CANDELILLA CERA HYDROCARBONS,film-forming
CANDELILLA CERA HYDROCARBONS,viscosity-controlling
ROSA RUGOSA BUD POWDER,abrasive
ROSA RUGOSA BUD POWDER,humectant
ROSA RUGOSA BUD POWDER,masking
ROSA RUGOSA BUD POWDER,skin-protecting
THERMUS THERMOPHILLUS FERMENT,skin-conditioning
ZIZANIA LATIFOLIA STEM EXTRACT,skin-conditioning
BUTYL OLEATE,emollient
BUTYL OLEATE,masking
BUTYL OLEATE,skin-conditioning
CYTISUS SCOPARIUS FLOWER WAX,skin-conditioning
TAIWANOFUNGUS CAMPHORATUS FERMENT EXTRACT,skin-conditioning
VACCINIUM MYRTILLUS FRUIT WATER,skin-conditioning
GLYCERYL ETHYLHEXANOATE/STEARATE/ADIPATE,emollient
ARTEMISIA MONTANA LEAF EXTRACT,skin-conditioning
ZANTHOXYLUM COREANUM BRANCH/LEAF EXTRACT,skin-conditioning
SODIUM RIBOFLAVIN PHOSPHATE,skin-conditioning
BOSWELLIA SERRATA LEAF CELL EXTRACT,masking
BOSWELLIA SERRATA LEAF CELL EXTRACT,skin-protecting
RICINOLEIC ACID/ADIPIC ACID/AEEA COPOLYMER,viscosity-controlling
CYAMOPSIS TETRAGONOLOBA SYMBIOSOME EXTRACT,antioxidant
CYAMOPSIS TETRAGONOLOBA SYMBIOSOME EXTRACT,skin-conditioning
SAPINDUS MUKOROSSI FRUIT FERMENT EXTRACT,antimicrobial
SAPINDUS MUKOROSSI FRUIT FERMENT EXTRACT,antiseborrhoeic
SAPINDUS MUKOROSSI FRUIT FERMENT EXTRACT,skin-conditioning
SANTALUM SPICATUM SHELL POWDER,skin-conditioning
ARTEMISIA DRACUNCULUS SEED/ANTHEMIS NOBILIS SEED/HYPERICUM ANDROSAEMUM SEED EXTRACT,skin-conditioning
FICUS MICROCARPA LEAF EXTRACT,skin-conditioning
ALOE BARBADENSIS SPROUT,humectant
ALOE BARBADENSIS SPROUT,skin-conditioning
PEG-9 POLYDIMETHYLSILOXYETHYL DIMETHICONE,emulsifying
PEG-9 POLYDIMETHYLSILOXYETHYL DIMETHICONE,skin-conditioning
LACTOBACILLUS/SACCHAROMYCES SILKWORM EXTRACT FERMENT FILTRATE,antioxidant
LACTOBACILLUS/SACCHAROMYCES SILKWORM EXTRACT FERMENT FILTRATE,skin-conditioning
LACTOBACILLUS/SACCHAROMYCES SILKWORM EXTRACT FERMENT FILTRATE,skin-protecting
ARGAN OIL AMINOPROPANEDIOL ESTERS,skin-conditioning
CERCIS CHINENSIS FLOWER/LEAF/STEM EXTRACT,antioxidant
CERCIS CHINENSIS FLOWER/LEAF/STEM EXTRACT,humectant
CERCIS CHINENSIS FLOWER/LEAF/STEM EXTRACT,skin-conditioning
DIOCTYLDODECYL STEAROYL DIMER DILINOLEATE,skin-conditioning
C12-15 PARETH-3 BENZOATE,antimicrobial
C12-15 PARETH-3 BENZOATE,emollient
C12-15 PARETH-3 BENZOATE,skin-conditioning
ORANGE ROUGHY OIL,skin-conditioning
PEG-5 TRISTEARYL CITRATE,emollient
HYDROLYZED ROYAL JELLY PROTEIN,skin-conditioning
DIMETHICONE PEG/PPG-20/23 BENZOATE,skin-conditioning
GALACTOSYL SALICYLATE,antiseborrhoeic
GALACTOSYL SALICYLATE,skin-conditioning
SORBUS COMMIXTA BRANCH EXTRACT,emollient
SORBUS COMMIXTA BRANCH EXTRACT,skin-conditioning
DIMETHICONOL BORAGEATE,emollient
DIMETHICONOL BORAGEATE,skin-conditioning
BRASSICA NAPUS FLOWER EXTRACT,skin-conditioning
SACCHAROMYCES/CHROMIUM FERMENT EXTRACT FILTRATE,skin-conditioning
THALASSIOSIRA PSEUDONANA EXTRACT,skin-protecting
SUCROSE POLYPALMATE,emollient
SUCROSE POLYPALMATE,emulsifying
SUCROSE POLYPALMATE,emulsion-stabilising
SUCROSE POLYPALMATE,skin-conditioning
SUCROSE POLYPALMATE,surfactant
METROSIDEROS EXCELSA BARK/LEAF EXTRACT,skin-conditioning
AMMOPHILA ARENARIA ROOT EXTRACT,skin-conditioning
SACCHAROMYCES/RICE FERMENT LIPIDS,skin-conditioning
VITEX NEGUNDO LEAF CELL EXTRACT,masking
VITEX NEGUNDO LEAF CELL EXTRACT,skin-protecting
QUATERNIUM-18 HECTORITE,viscosity-controlling
HYDROLYZED SAFFLOWER FLOWER EXTRACT,skin-conditioning
PENTAPEPTIDE-61,antimicrobial
PENTAPEPTIDE-61,humectant
PENTAPEPTIDE-61,skin-conditioning
PENTAPEPTIDE-61,skin-protecting
COCOYL TETRAPEPTIDE-4,skin-conditioning
COPTIS CHINENSIS ROOT/STALK POWDER,abrasive
COPTIS CHINENSIS ROOT/STALK POWDER,masking
COPTIS CHINENSIS ROOT/STALK POWDER,skin-protecting
HEPTAPEPTIDE-17,antioxidant
HEPTAPEPTIDE-17,skin-protecting
MALTODEXTRIN/VP COPOLYMER,film-forming
LIRIODENDRON TULIPIFERA LEAF WAX,emollient
METHACRYLIC ACID/PEG-6 METHACRYLATE/PEG-6 DIMETHACRYLATE CROSSPOLYMER.,film-forming
FAGUS SYLVATICA BARK EXTRACT,skin-conditioning
ETHYLENE/SODIUM ACRYLATE COPOLYMER,binding
ETHYLENE/SODIUM ACRYLATE COPOLYMER,emulsion-stabilising
ETHYLENE/SODIUM ACRYLATE COPOLYMER,film-forming
ETHYLENE/SODIUM ACRYLATE COPOLYMER,opacifying
PITTOSPORUM TOBIRA BRANCH/LEAF EXTRACT,emollient
PITTOSPORUM TOBIRA BRANCH/LEAF EXTRACT,skin-conditioning
ORYZA SATIVA GERM EXTRACT,emollient
GELLAN GUM,film-forming
GELLAN GUM,viscosity-controlling
PEG-6 GLYCERYL TRISTEARATE,emollient
PEG-6 GLYCERYL TRISTEARATE,emulsifying
ABIETIC ACID,emulsion-stabilising
ABIETIC ACID,surfactant
NUPHAR JAPONICUM ROOT EXTRACT,skin-conditioning
SANGUISORBA MINOR EXTRACT,antioxidant
SANGUISORBA MINOR EXTRACT,skin-conditioning
SODIUM SOYATE,cleansing
SODIUM SOYATE,emulsifying
SODIUM SOYATE,surfactant
SODIUM SOYATE,viscosity-controlling
POLYGONATUM ODORATUM ROOT EXTRACT,skin-conditioning
PANAX GINSENG LEAF/STEM POWDER,skin-conditioning
3-BUTYLGLYCERYL ASCORBATE,humectant
3-BUTYLGLYCERYL ASCORBATE,skin-conditioning
ARTEMISIA FUKUDO EXTRACT,humectant
ARTEMISIA FUKUDO EXTRACT,skin-conditioning
RUBY POWDER,skin-conditioning
PALMITOYL CARNITINE,skin-conditioning
LACTIS FAEX,skin-conditioning
SODIUM MYRISTOYL METHYL BETA-ALANINE,skin-conditioning
ROBINIA PSEUDOACACIA FLOWER/LEAF/STEM EXTRACT,skin-conditioning
PRIMULA DENTICULATA LEAF EXTRACT,skin-conditioning
EICOSATRIENOIC ACID,skin-conditioning
CHAMOMILLA RECUTITA/ROSMARINUS OFFICINALIS/SALVIA OFFICINALIS/THYMUS VULGARIS EXTRACT,humectant
CHAMOMILLA RECUTITA/ROSMARINUS OFFICINALIS/SALVIA OFFICINALIS/THYMUS VULGARIS EXTRACT,skin-conditioning
SH-OLIGOPEPTIDE-75 SH-OLIGOPEPTIDE-1,skin-conditioning
ANTHYLLIS VULNERARIA FLOWER EXTRACT,skin-conditioning
SPONDIAS PURPUREA FRUIT EXTRACT,skin-conditioning
LACTOSE,humectant
LACTOSE,skin-conditioning
TRANSGENIC SILKWORM RH-OLIGOPEPTIDE-2,skin-conditioning
METHIONYL HEXAPEPTIDE-40 SH-DECAPEPTIDE-1 TRIPEPTIDE-44 RH-POLYPEPTIDE-60,skin-conditioning
RHODODENDRON FERRUGINEUM FLOWER EXTRACT,skin-conditioning
SH-PENTAPEPTIDE-7,skin-conditioning
MIMOSA PUDICA CALLUS,skin-conditioning
MIMOSA PUDICA CALLUS,skin-protecting
ETHYL LACTYL RETINOATE,abrasive
ETHYL LACTYL RETINOATE,skin-conditioning
ACETYL CARNITINE,skin-conditioning
POLYGONUM MULTIFLORUM CALLUS EXTRACT,skin-conditioning
POLYGONUM MULTIFLORUM CALLUS EXTRACT,skin-protecting
SAPINDUS EMARGINATUS FRUIT EXTRACT,skin-conditioning
ROSA FLORIBUNDA FLOWER EXTRACT,skin-conditioning
DILAURYL MALEATE/C20 OLEFIN COPOLYMER,emollient
DILAURYL MALEATE/C20 OLEFIN COPOLYMER,emulsion-stabilising
DILAURYL MALEATE/C20 OLEFIN COPOLYMER,viscosity-controlling
ISODECYL ISONONANOATE,antistatic
ISODECYL ISONONANOATE,emollient
ISODECYL ISONONANOATE,skin-conditioning
RH-POLYPEPTIDE-47,emollient
RH-POLYPEPTIDE-47,humectant
RH-POLYPEPTIDE-47,skin-conditioning
RH-POLYPEPTIDE-47,skin-protecting
C26-54 ALKYL TETRADECYL DIMETHICONE,skin-conditioning
DISTYLIUM RACEMOSUM BRANCH/LEAF EXTRACT,skin-conditioning
PHELLINUS LINTEUS/RICE FERMENT EXTRACT,emollient
PHELLINUS LINTEUS/RICE FERMENT EXTRACT,humectant
DEOXYRIBONUCLEASE,skin-conditioning
DIMETHOXYTOLYL PROPYLRESORCINOL,antioxidant
DIMETHOXYTOLYL PROPYLRESORCINOL,skin-conditioning
CROCUS SATIVUS LEAF CELL CULTURE EXTRACT,skin-protecting
ROSMARINUS OFFICINALIS LEAF/STEM OIL,antioxidant
ROSMARINUS OFFICINALIS LEAF/STEM OIL,skin-conditioning
DENDROBIUM NOBILE STEM EXTRACT,skin-conditioning
COMMIPHORA GILEADENSIS BUD EXTRACT,emollient
PRUNUS AVIUM FLOWER WATER,skin-conditioning
SH-POLYPEPTIDE-86,skin-conditioning
CHITOSAN SUCCINAMIDE,film-forming
MYRISTOYL PENTAPEPTIDE-4,skin-conditioning
TRISEBACIN,emollient
TRISEBACIN,refatting
TRISEBACIN,skin-conditioning
TRISEBACIN,viscosity-controlling
HALOCIDIN SUBUNIT A AMIDE/HALOCIDIN SUBUNIT B AMIDE,skin-protecting
GENTIANELLA AMARELLA FLOWER EXTRACT,skin-conditioning
LARIX LEPTOLEPIS BARK EXTRACT,humectant
LARIX LEPTOLEPIS BARK EXTRACT,skin-conditioning
LARIX LEPTOLEPIS BARK EXTRACT,skin-protecting
ACANTHOPANAX SENTICOSUS ROOT EXTRACT,skin-conditioning
ACANTHOPANAX SENTICOSUS ROOT EXTRACT,soothing
BARLERIA PRIONITIS POWDER,skin-conditioning
COPPER PYRIDOXAL 5-PHOSPHATE,antioxidant
COPPER PYRIDOXAL 5-PHOSPHATE,skin-conditioning
PISUM SATIVUM PHYTOPLACENTA EXTRACT,antimicrobial
PISUM SATIVUM PHYTOPLACENTA EXTRACT,antioxidant
PISUM SATIVUM PHYTOPLACENTA EXTRACT,humectant
PISUM SATIVUM PHYTOPLACENTA EXTRACT,skin-conditioning
PISUM SATIVUM PHYTOPLACENTA EXTRACT,skin-protecting
ALLIUM CEPA SKIN EXTRACT,humectant
ALLIUM CEPA SKIN EXTRACT,skin-conditioning
ROSA HYBRID FLOWER EXTRACT,skin-conditioning
ROSA HYBRID FLOWER EXTRACT,tonic
SOLANUM DULCAMARA STEM EXTRACT,skin-conditioning
ROSA DAVURICA BUD EXTRACT,antioxidant
ROSA DAVURICA BUD EXTRACT,skin-conditioning
VICTORIA AMAZONICA EXTRACT,emollient
VICTORIA AMAZONICA EXTRACT,skin-conditioning
ANANAS ERECTIFOLIUS LEAF JUICE,humectant
ERYTHRINA VARIEGATA FLOWER EXTRACT,skin-conditioning
PROTEA REPENS FLOWER NECTAR,skin-conditioning
HYDROGENATED CRANBERRY SEED OIL,emollient
EUTERPE OLERACEA PALM HEART EXTRACT,emollient
EUTERPE OLERACEA PALM HEART EXTRACT,skin-conditioning
MAGNOLIA SIEBOLDII ROOT EXTRACT,skin-conditioning
DIMETHYLACRYLAMIDE/ETHYLTRIMONIUM CHLORIDE METHACRYLATE COPOLYMER,viscosity-controlling
NARDOSTACHYS JATAMANSI ROOT OIL,masking
NARDOSTACHYS JATAMANSI ROOT OIL,skin-conditioning
THEOBROMA CACAO LEAF CELL EXTRACT,masking
THEOBROMA CACAO LEAF CELL EXTRACT,skin-protecting
ORIGANUM VULGARE FLOWER/LEAF/STEM EXTRACT,skin-conditioning
SARGACHROMANOL C,skin-conditioning
POLYGLYCERYL-35 LAURYL ETHER,emulsion-stabilising
POLYGLYCERYL-35 LAURYL ETHER,surfactant
LAURUS NOBILIS FRUIT OIL,skin-conditioning
LACTOBACILLUS/LEUCONOSTOC/POLYSORBATE 80/SCHISANDRA CHINENSIS FRUIT EXTRACT FERMENT LYSATE FILTRATE,skin-conditioning
OLIVINE EXTRACT,skin-conditioning
PHALAENOPSIS APHRODITE CALLUS EXTRACT,antioxidant
PHALAENOPSIS APHRODITE CALLUS EXTRACT,reducing
PHALAENOPSIS APHRODITE CALLUS EXTRACT,skin-protecting
TILIROSIDE,skin-conditioning
ADIPIC ACID/DILINOLEIC ACID/HEXYLENE GLYCOL COPOLYMER,film-forming
BENZYLIDENE CAMPHOR SULFONIC ACID,uv-absorber
BENZYLIDENE CAMPHOR SULFONIC ACID,uv-filter
TRIETHYLENE GLYCOL ROSINATE,film-forming
TRIETHYLENE GLYCOL ROSINATE,plasticiser
COCO-CAPRYLATE,emollient
RH-POLYPEPTIDE-88,skin-conditioning
CASTOR ISOSTEARATE SUCCINATE,skin-conditioning
SUCROSE,humectant
SUCROSE,skin-conditioning
SUCROSE,soothing
PRUNELLA VULGARIS LEAF EXTRACT,skin-conditioning
BIS(TRIOCTYLDODECYL CITRYL) DILINOLEATE,emollient
BIS(TRIOCTYLDODECYL CITRYL) DILINOLEATE,skin-conditioning
C14-18 GLYCOL,emollient
C14-18 GLYCOL,emulsion-stabilising
C14-18 GLYCOL,skin-conditioning
HYDROLYZED GAULTHERIA FRAGRANTISSIMA/PROCUMBENS/PUNCTATA EXTRACT,skin-conditioning
ALGINIC ACID,binding
ALGINIC ACID,skin-conditioning
ALGINIC ACID,viscosity-controlling
ARTEMISIA MONGOLIA LEAF EXTRACT,skin-conditioning
POLYACRYLATE-40,film-forming
PEG-6 ALMOND GLYCERIDES,emollient
PEG-6 ALMOND GLYCERIDES,emulsifying
PHYLLOSTACHYS NIGRA JUICE,emollient
PHYLLOSTACHYS NIGRA JUICE,skin-conditioning
ARTEMISIA CAPILLARIS FLOWER EXTRACT,skin-conditioning
TILIA PLATYPHYLLOS EXTRACT,skin-conditioning
TILIA PLATYPHYLLOS EXTRACT,soothing
DECURSINOL,antioxidant
DECURSINOL,skin-conditioning
GLYCINE SOJA SEEDCAKE EXTRACT,skin-protecting
ACANTHOSICYOS HORRIDUS SEED OIL,skin-conditioning
ACANTHOSICYOS HORRIDUS SEED OIL,skin-protecting
10-HYDROXYDECENOIC ACID,skin-conditioning
HEPTYL UNDECYLENATE,emollient
TETRAPEPTIDE-48,skin-conditioning
ALPINIA OFFICINARUM ROOT WATER,skin-conditioning
ETHYLHEXYL ETHYLHEXANOATE,emollient
POLYACRYLATE-38,film-forming
DIHYDROQUERCETIN DITHIOLANEPENTYL ETHER,antioxidant
DIHYDROQUERCETIN DITHIOLANEPENTYL ETHER,emollient
DIHYDROQUERCETIN DITHIOLANEPENTYL ETHER,humectant
DIHYDROQUERCETIN DITHIOLANEPENTYL ETHER,skin-conditioning
MYRISTOYL SUCCINOYL ATELOCOLLAGEN,skin-conditioning
R-(SH-POLYPEPTIDE-2 DECAPEPTIDE-40),skin-conditioning
R-(SH-POLYPEPTIDE-2 DECAPEPTIDE-40),skin-protecting
ALPINIA FORMOSANA SEED POWDER,antioxidant
ALPINIA FORMOSANA SEED POWDER,emollient
ALPINIA FORMOSANA SEED POWDER,skin-conditioning
ACETYL OCTAPEPTIDE-3,humectant
ACETYL OCTAPEPTIDE-3,skin-conditioning
ANGELICA TENUISSIMA ROOT EXTRACT,skin-conditioning
LEDEBOURIELLA DIVARICATA ROOT EXTRACT,skin-conditioning
C12-14 SEC-PARETH-9,emulsifying
C12-14 SEC-PARETH-9,emulsion-stabilising
C12-14 SEC-PARETH-9,surfactant
SH-NONAPEPTIDE-5,skin-conditioning
CARBOXYMETHYL LEVAN,humectant
CARBOXYMETHYL LEVAN,skin-conditioning
CARPOBROTUS EDULIS WATER,skin-conditioning
CURCUMA ZEDOARIA ROOT WATER,masking
CURCUMA ZEDOARIA ROOT WATER,skin-conditioning
ASPERGILLUS/SACCHAROMYCES/BARLEY LEES FERMENT FILTRATE,skin-conditioning
HUMAN FIBROBLAST INDUCED PLURIPOTENT CELL EXTRACT,antioxidant
HUMAN FIBROBLAST INDUCED PLURIPOTENT CELL EXTRACT,humectant
HUMAN FIBROBLAST INDUCED PLURIPOTENT CELL EXTRACT,skin-conditioning
HUMAN FIBROBLAST INDUCED PLURIPOTENT CELL EXTRACT,skin-protecting
CAFFEOYL SH-DECAPEPTIDE-9,skin-conditioning
SARCOCAPNOS CRASSIFOLIA CALLUS LYSATE,skin-conditioning
RANSOU EKISU,skin-conditioning
MYRISTOYL OCTAPEPTIDE-1,skin-conditioning
DIMETHICONE PROPYLETHYLENEDIAMINE BEHENATE,antistatic
DIMETHICONE PROPYLETHYLENEDIAMINE BEHENATE,emollient
DIMETHICONE PROPYLETHYLENEDIAMINE BEHENATE,skin-conditioning
RHEUM RHABARBARUM STALK JUICE,skin-conditioning
UNDECYLENOYL INULIN,emollient
UNDECYLENOYL INULIN,emulsion-stabilising
UNDECYLENOYL INULIN,skin-conditioning
TETRAMETHYL TETRAPHENYL TRISILOXANE,emollient
TETRAMETHYL TETRAPHENYL TRISILOXANE,skin-conditioning
CORNUS STOLONIFERA LEAF/STEM EXTRACT,skin-conditioning
HEPTAPEPTIDE-39 DIMER,skin-conditioning
COD LIVER/MINK/TALLOW TRIGLYCERIDE,emollient
COD LIVER/MINK/TALLOW TRIGLYCERIDE,skin-conditioning
ADIPIC ACID/PPG-10 COPOLYMER,film-forming
ADIPIC ACID/PPG-10 COPOLYMER,plasticiser
ADIPIC ACID/PPG-10 COPOLYMER,viscosity-controlling
PAULLINIA CUPANA SEED POWDER,skin-conditioning
MYRISTOYL TETRAPEPTIDE-41,skin-conditioning
CONVALLARIA MAJALIS BULB/ROOT EXTRACT,skin-conditioning
HYDROLYZED CORN STARCH OCTENYLSUCCINATE,absorbent
HYDROLYZED CORN STARCH OCTENYLSUCCINATE,binding
HYDROLYZED CORN STARCH OCTENYLSUCCINATE,film-forming
GLYCERETH-8 HYDROXYSTEARATE,emollient
GLYCERETH-8 HYDROXYSTEARATE,emulsifying
GLYCERETH-8 HYDROXYSTEARATE,emulsion-stabilising
GLYCERETH-8 HYDROXYSTEARATE,surfactant
LAVANDULA HYBRIDA EXTRACT,emollient
ASPERGILLUS/SACCHAROMYCES/APPLE FRUIT/MELON FRUIT/BANANA FRUIT/GRAPE/SUCROSE FERMENT FILTRATE,humectant
CITRUS AUSTRALASICA FRUIT EXTRACT,antioxidant
CITRUS AUSTRALASICA FRUIT EXTRACT,humectant
CITRUS AUSTRALASICA FRUIT EXTRACT,skin-conditioning
DIMETHYL PHTHALATE,film-forming
DIMETHYL PHTHALATE,masking
DIMETHYL PHTHALATE,plasticiser
DIMETHYL PHTHALATE,solvent
POLYDIPENTENE,binding
POLYDIPENTENE,viscosity-controlling
TRITICUM MONOCOCCUM SEED EXTRACT,skin-conditioning
C4-18 ALKYL METHACRYLATE/METHACRYLOYLOXYETHYL PHOSPHORYLCHOLINE COPOLYMER,humectant
HESPERETIN,antioxidant
HESPERETIN,skin-conditioning
BIS-PEG/PPG-20/5 PEG/PPG-20/5 DIMETHICONE,emulsifying
BIS-PEG/PPG-20/5 PEG/PPG-20/5 DIMETHICONE,emulsion-stabilising
POLYPODIUM DECUMANUM EXTRACT,skin-protecting
ACRYLIC ACID/PHOSPHORYLCHOLINE GLYCOL ACRYLATE CROSSPOLYMER,viscosity-controlling
SR-MOUSE POLYPEPTIDE-1,skin-protecting
GENTIANA PROSTRATA EXTRACT,skin-conditioning
HYDROXYPROPYL DIMETHICONYLPROPYL ACRYLATES COPOLYMER,film-forming
HYDROXYPROPYL DIMETHICONYLPROPYL ACRYLATES COPOLYMER,surfactant
HYDROXYPROPYL DIMETHICONYLPROPYL ACRYLATES COPOLYMER,viscosity-controlling
PANAX GINSENG ROOT/LIRIOPE MUSCARI EXTRACT,emollient
PANAX GINSENG ROOT/LIRIOPE MUSCARI EXTRACT,skin-conditioning
LACTOBACILLUS/LEUCONOSTOC/ARTEMISIA ANNUA EXTRACT/POLYSORBATE 80 FERMENT LYSATE FILTRATE,skin-conditioning
SALVIA SCLAREA FLOWER/LEAF/STEM CERA,skin-protecting
PAULLINIA CUPANA FRUIT EXTRACT,skin-conditioning
SILENE ARMERIA/COLORATA/UNIFLORA/VELUTINA/VULGARIS EXTRACT,skin-conditioning
EARTHWORM CONDITIONED SOIL,skin-conditioning
PALMITOYL TRIPEPTIDE-5 AMIDOPROPYL ASCORBYL PHOSPHATE HCL,skin-conditioning
PHYLLOSTACHYS RETICULATA EXTRACT,skin-conditioning
ASPERGILLUS/LACTOBACILLUS/LEUCONOSTOC/PEDIOCOCCUS/SACCHAROMYCES/ZYGOSACCHAROMYCES/CITRUS UNSHIU FRUIT/CITRUS JAPONICA FRUIT/CITRUS JUNOS FRUIT/APPLE FRUIT/BANANA FRUIT/PAPAYA FRUIT/PYRUS PYRIFOLIA FRUIT/DIOSPYROS KAKI FRUIT/WATERMELON FRUIT/PEACH FRUIT/PRUNUS MUME FRUIT/FIG FRUIT/CHAENOMELES SINENSIS FRUIT/ERIOBOTRYA JAPONICA FRUIT/APRICOT FRUIT/ZIZYPHUS JUJUBA FRUIT/CUCURBITA MAXIMA FRUIT/CASTANEA CRENATA FRUIT/VITIS COIGNETIAE FRUIT/LYCIUM CHINENSE FRUIT/RASPBERRY FRUIT/MOMORDICA GROSVENORII FRUIT/SOYBEAN SEED/PHASEOLUS ANGULARIS SEED/CANAVALIA ENSIFORMIS SEED/RICE SEED/HORDEUM VULGARE SEED/COIX LACRYMA-JOBI MA-YUEN SEED/ ECHINOCHLOA CRUS-GALLI SEED/SETARIA ITALICA SEED/MILLET SEED/HEMEROCALLIS FULVA FLOWER/CABBAGE LEAF/STEM/MORUS BOMBYCIS LEAF/PERILLA FRUTESCENS LEAF/IPOMOEA BATATAS ROOT/COLOCASIA ANTIQUORUM TUBER/DIOSCOREA BATATAS RHIZOME/IRIDEA LAMINARIOIDES/LAMINARIA JAPONICA/NEMACYSTUS DECIPIENS/UNDARIA PINNATIFIDA/RADISH ROOT/TURNIP ROOT/CARROT ROOT/ARCTIUM LAPPA ROOT/NELUMBO NUCIFERA RHIZOME/ONION BULB/LILIUM AURATUM BULB/LICORICE ROOT/SAGITTARIA TRIFOLIA ROOT/SESAME SEED/GINKGO BILOBA SEED/JUGLANS SUBCORDIFORMIS FRUIT/PANAX GINSENG SEED/ACTINIDIA POLYGAMA FRUIT/HYDNUM ERINACEUM FRUITING BODY/GRIFOLA FRONDOSA FRUITING BODY/LENTINUS EDODES FRUITING BODY/ARTEMISIA PRINCEPS/HOUTTUYNIA CORDATA/VITIS LABRUSCA FRUIT/HELIANTHUS TUBEROSUS TUBER FERMENT EXTRACT,skin-conditioning
NELUMBO NUCIFERA SEED OIL,emollient
NELUMBO NUCIFERA SEED OIL,humectant
NELUMBO NUCIFERA SEED OIL,skin-conditioning
PYRUS SORBUS BUD EXTRACT,astringent
PYRUS SORBUS BUD EXTRACT,skin-conditioning
TETRADECYLOCTADECANOL,emollient
TETRADECYLOCTADECANOL,skin-conditioning
TETRADECYLOCTADECANOL,viscosity-controlling
PPG-6 CASTORATE,skin-conditioning
DISODIUM ISODECYL SULFOSUCCINATE,cleansing
DISODIUM ISODECYL SULFOSUCCINATE,foam-boosting
DISODIUM ISODECYL SULFOSUCCINATE,foaming
DISODIUM ISODECYL SULFOSUCCINATE,hydrotrope
DISODIUM ISODECYL SULFOSUCCINATE,skin-conditioning
DISODIUM ISODECYL SULFOSUCCINATE,surfactant
PEG/PPG-70/30 TOCOPHERYL ETHER,anticaking
PEG/PPG-70/30 TOCOPHERYL ETHER,antioxidant
PEG/PPG-70/30 TOCOPHERYL ETHER,binding
PEG/PPG-70/30 TOCOPHERYL ETHER,emulsion-stabilising
PEG/PPG-70/30 TOCOPHERYL ETHER,plasticiser
PEG/PPG-70/30 TOCOPHERYL ETHER,skin-conditioning
PEG/PPG-70/30 TOCOPHERYL ETHER,surfactant
PEG/PPG-70/30 TOCOPHERYL ETHER,uv-absorber
DIISONONYL ISOEICOSANEDIOATE,emollient
DIISONONYL ISOEICOSANEDIOATE,skin-conditioning
HIBISCUS MILITARIS FLOWER EXTRACT,skin-conditioning
PETASITES JAPONICUS LEAF/STEM EXTRACT,emollient
RHAPHIOLEPIS UMBELLATA BARK EXTRACT,humectant
SILICA CETYL SILYLATE,viscosity-controlling
DIMETHYLAMINOETHANOL TARTRATE,emollient
DIMETHYLAMINOETHANOL TARTRATE,skin-conditioning
LAURDIMONIUMHYDROXYPROPYL DECYLGLUCOSIDES CHLORIDE,cleansing
LAURDIMONIUMHYDROXYPROPYL DECYLGLUCOSIDES CHLORIDE,emulsifying
LAURDIMONIUMHYDROXYPROPYL DECYLGLUCOSIDES CHLORIDE,skin-conditioning
LAURDIMONIUMHYDROXYPROPYL DECYLGLUCOSIDES CHLORIDE,surfactant
LACTOBACILLUS/WATER HYACINTH FERMENT,skin-protecting
MONASCUS/ARGANIA SPINOSA SEEDCAKE FERMENT OIL,emollient
MONASCUS/ARGANIA SPINOSA SEEDCAKE FERMENT OIL,humectant
MONASCUS/ARGANIA SPINOSA SEEDCAKE FERMENT OIL,skin-conditioning
CHOLESTERYL SUCCINATE,emollient
CHOLESTERYL SUCCINATE,skin-conditioning
BIS-COUMARAMIDO PROPANE,antioxidant
BIS-COUMARAMIDO PROPANE,skin-conditioning
BIS-COUMARAMIDO PROPANE,skin-protecting
ETHYL PHENYLALANINAMIDO POLYGAMMA-GLUTAMIC ACID,emulsifying
ETHYL PHENYLALANINAMIDO POLYGAMMA-GLUTAMIC ACID,skin-conditioning
ETHYL PHENYLALANINAMIDO POLYGAMMA-GLUTAMIC ACID,surfactant
POLYGONUM FILIFORME FLOWER/LEAF/STEM EXTRACT,humectant
EUCHEUMA SERRA/GRATELOUPIA SPARSA/SACCHARINA ANGUSTATA/ULVA LINZA/UNDARIA PINNATIFIDA EXTRACT,emollient
EUCHEUMA SERRA/GRATELOUPIA SPARSA/SACCHARINA ANGUSTATA/ULVA LINZA/UNDARIA PINNATIFIDA EXTRACT,skin-conditioning
PPG-50 OLEYL ETHER,emollient
PPG-50 OLEYL ETHER,skin-conditioning
DIISOOCTYL SEBACATE,antioxidant
DIISOOCTYL SEBACATE,emollient
DIISOOCTYL SEBACATE,plasticiser
DIISOOCTYL SEBACATE,skin-conditioning
DIETHYLENE GLYCOL/PROPYLENE GLYCOL/DIPROPYLENE GLYCOL DIBENZOATE,emollient
DIETHYLENE GLYCOL/PROPYLENE GLYCOL/DIPROPYLENE GLYCOL DIBENZOATE,plasticiser
DIETHYLENE GLYCOL/PROPYLENE GLYCOL/DIPROPYLENE GLYCOL DIBENZOATE,skin-conditioning
SYAGRUS CORONATA SEED OIL,skin-conditioning
ACHILLEA MILLEFOLIUM FLOWER/CHAMOMILLA RECUTITA FLOWER/FOENICULUM VULGARE FRUIT/HUMULUS LUPULUS FLOWER/MELISSA OFFICINALIS LEAF/VISCUM ALBUM FRUIT EXTRACT,humectant
ACHILLEA MILLEFOLIUM FLOWER/CHAMOMILLA RECUTITA FLOWER/FOENICULUM VULGARE FRUIT/HUMULUS LUPULUS FLOWER/MELISSA OFFICINALIS LEAF/VISCUM ALBUM FRUIT EXTRACT,skin-conditioning
POLYQUATERNIUM-89,film-forming
BRASSICA CAMPESTRIS SPROUT EXTRACT,humectant
BRASSICA CAMPESTRIS SPROUT EXTRACT,skin-conditioning
CAPRYLYL CAPRYLATE/CAPRATE,emollient
CAPRYLYL CAPRYLATE/CAPRATE,skin-conditioning
HYDROLYZED LYCOPERSICON ESCULENTUM FRUIT EXTRACT,emollient
HYDROLYZED LYCOPERSICON ESCULENTUM FRUIT EXTRACT,skin-conditioning
RIBES NIGRUM FRUIT WATER,masking
RIBES NIGRUM FRUIT WATER,skin-conditioning
CHAMOMILLA VULGARIS FLOWER,skin-conditioning
PEG-30 HYDROGENATED CASTOR OIL ISOSTEARATE,emulsifying
PEG-30 HYDROGENATED CASTOR OIL ISOSTEARATE,viscosity-controlling
HYDROLYZED SOY STARCH,skin-conditioning
SANGUINARIA CANADENSIS RHIZOME/ROOT EXTRACT,cleansing
SANGUINARIA CANADENSIS RHIZOME/ROOT EXTRACT,refreshing
SANGUINARIA CANADENSIS RHIZOME/ROOT EXTRACT,skin-conditioning
SANGUINARIA CANADENSIS RHIZOME/ROOT EXTRACT,tonic
HYDROXYETHYL/METHOXYETHYL ACRYLATE COPOLYMER,film-forming
TSUGA CANADENSIS OIL,masking
TSUGA CANADENSIS OIL,skin-conditioning
C12-14 SEC-PARETH-30,emulsifying
C12-14 SEC-PARETH-30,emulsion-stabilising
C12-14 SEC-PARETH-30,surfactant
ERAGROSTIS TEF SEED EXTRACT,emollient
ERAGROSTIS TEF SEED EXTRACT,skin-conditioning
DIOCTYLDECYL IPDI,binding
DIOCTYLDECYL IPDI,film-forming
PALMITOYL HYDROLYZED COLLAGEN,antistatic
PALMITOYL HYDROLYZED COLLAGEN,emollient
PALMITOYL HYDROLYZED COLLAGEN,surfactant
POTASSIUM NAPHTHYL METHYLHYDROXYDIOXOBENZOTHIAZINOLATE METHANONE,skin-protecting
LACTOBACILLUS/SACCHAROMYCES/PANAX GINSENG ROOT FERMENT EXTRACT,skin-conditioning
LACTOBACILLUS/DENDROPANAX MORBIFERUS SAP FERMENT FILTRATE,emollient
LACTOBACILLUS/DENDROPANAX MORBIFERUS SAP FERMENT FILTRATE,skin-conditioning
PETASITES JAPONICUS ROOT EXTRACT,skin-conditioning
LACTOBACILLUS/PHASEOLUS RADIATUS SEED FERMENT FILTRATE,skin-conditioning
FUSANUS SPICATUS KERNEL OIL,emollient
FUSANUS SPICATUS KERNEL OIL,skin-conditioning
GLYCOLIDE,humectant
GLYCOLIDE,skin-conditioning
NIACINAMIDE ASCORBATE,skin-conditioning
TIN OXIDE,abrasive
TIN OXIDE,bulking
TIN OXIDE,opacifying
TIN OXIDE,viscosity-controlling
MYRISTOYL HEXAPEPTIDE-23,skin-conditioning
YUCCA BREVIFOLIA ROOT EXTRACT,skin-conditioning
BUTYL MYRISTATE,emollient
BUTYL MYRISTATE,skin-conditioning
IRIS VERSICOLOR EXTRACT,emollient
IRIS VERSICOLOR EXTRACT,masking
IRIS VERSICOLOR EXTRACT,tonic
CEROTYL DIMETHICONE,skin-conditioning
HEDYSARUM ALHAGI LEAF/STEM EXTRACT,skin-conditioning
METHOXY PEG-16,humectant
METHOXY PEG-16,solvent
ETHYL TRISILOXANE,skin-conditioning
ETHYL TRISILOXANE,viscosity-controlling
LAETIPORUS SULPHUREUS MYCELIUM EXTRACT,skin-conditioning
CYPERUS ARTICULATUS ROOT,emollient
BOTRYCHIUM VIRGINIANUM EXTRACT,humectant
BOTRYCHIUM VIRGINIANUM EXTRACT,skin-conditioning
PEG-5 HYDROGENATED CASTOR OIL TRIISOSTEARATE,emulsifying
PEG-5 HYDROGENATED CASTOR OIL TRIISOSTEARATE,viscosity-controlling
DIPOTASSIUM BRYONOLYL SUCCINATE,emollient
PALM KERNELAMIDE DEA,emulsifying
PALM KERNELAMIDE DEA,emulsion-stabilising
PALM KERNELAMIDE DEA,foam-boosting
PALM KERNELAMIDE DEA,surfactant
PALM KERNELAMIDE DEA,viscosity-controlling
ACETYL HEXAPEPTIDE-24 AMIDE,skin-conditioning
RH-POLYPEPTIDE-69,skin-conditioning
HEMOGLOBIN,skin-conditioning
PHYTOSTERYL/BEHENYL/OCTYLDODECYL LAUROYL GLUTAMATE,skin-conditioning
MYRISTYL ALCOHOL,emollient
MYRISTYL ALCOHOL,emulsion-stabilising
MYRISTYL ALCOHOL,foam-boosting
MYRISTYL ALCOHOL,skin-conditioning
MYRISTYL ALCOHOL,viscosity-controlling
PANAX GINSENG ROOT/PORIA COCOS/OPHIOPOGON JAPONICUS ROOT/CORNUS OFFICINALIS FRUIT/REHMANNIA CHINENSIS ROOT/DIOSCOREA BATATAS ROOT/GLYCYRRHIZA GLABRA ROOT EXTRACT,skin-conditioning
HYDNOCARPUS ANTHELMINTHICUS SEED EXTRACT,skin-conditioning
C20-30 GLYCOL ISOSTEARATE,emollient
C20-30 GLYCOL ISOSTEARATE,skin-conditioning
MYRISTYL TRISILOXANE,binding
MYRISTYL TRISILOXANE,emollient
C12-15 ALKYL BENZOATE,antimicrobial
C12-15 ALKYL BENZOATE,emollient
C12-15 ALKYL BENZOATE,skin-conditioning
SODIUM LANETH SULFATE,cleansing
SODIUM LANETH SULFATE,emulsion-stabilising
SODIUM LANETH SULFATE,skin-conditioning
SODIUM LANETH SULFATE,surfactant
(LINDERA STRYCHNIFOLIA/PAEONIA ALBIFLORA) ROOT/COMMIPHORA MYRRHA RESIN/SWERTIA JAPONICA/UNCARIA GAMBIR EXTRACT,emollient
(LINDERA STRYCHNIFOLIA/PAEONIA ALBIFLORA) ROOT/COMMIPHORA MYRRHA RESIN/SWERTIA JAPONICA/UNCARIA GAMBIR EXTRACT,skin-conditioning
ACETYLATED CETYL HYDROXYPROLINATE,emollient
ACETYLATED CETYL HYDROXYPROLINATE,skin-conditioning
SODIUM FERULATE,skin-conditioning
JUGLANS REGIA SHELL EXTRACT,skin-conditioning
BIOTINOYL HEXAPEPTIDE-2 AMIDE,skin-conditioning
GEPHYROCAPSA OCEANICA EXTRACT,skin-conditioning
VITIS COIGNETIAE CALLUS CULTURE CONDITIONED MEDIA,skin-conditioning
CALCIUM ALGINATE,masking
CALCIUM ALGINATE,viscosity-controlling
BIFIDA/SOYBEAN EXTRACT FERMENT,humectant
BIFIDA/SOYBEAN EXTRACT FERMENT,skin-conditioning
CITRUS AURANTIUM AMARA PEEL EXTRACT,masking
CITRUS AURANTIUM AMARA PEEL EXTRACT,refreshing
CITRUS AURANTIUM AMARA PEEL EXTRACT,skin-conditioning
METHOXY PEG-10,humectant
METHOXY PEG-10,solvent
LACTOBACILLUS/ALGAE EXTRACT FERMENT,skin-protecting
TRIS-OLEOYLTROMETHAMINE ETHANE SULFONIC ACID,skin-conditioning
TRIS-OLEOYLTROMETHAMINE ETHANE SULFONIC ACID,skin-protecting
PEG-10 POLYDIMETHYLSILOXYETHYL DIMETHICONE/BIS-VINYL DIMETHICONE CROSSPOLYMER,emollient
PEG-10 POLYDIMETHYLSILOXYETHYL DIMETHICONE/BIS-VINYL DIMETHICONE CROSSPOLYMER,emulsifying
PEG-10 POLYDIMETHYLSILOXYETHYL DIMETHICONE/BIS-VINYL DIMETHICONE CROSSPOLYMER,film-forming
PEG-10 POLYDIMETHYLSILOXYETHYL DIMETHICONE/BIS-VINYL DIMETHICONE CROSSPOLYMER,skin-conditioning
PEG-10 POLYDIMETHYLSILOXYETHYL DIMETHICONE/BIS-VINYL DIMETHICONE CROSSPOLYMER,surfactant
R-(METHIONYL SH-POLYPEPTIDE-8 DECAPEPTIDE-40),skin-conditioning
R-(METHIONYL SH-POLYPEPTIDE-8 DECAPEPTIDE-40),skin-protecting
STEARYL METHICONE,emollient
STEARYL METHICONE,skin-conditioning
STEARYL METHICONE,skin-protecting
PROLYL HISTAMINE HCL,skin-conditioning
SPIRAEA ULMARIA ROOT EXTRACT,skin-conditioning
ACEFYLLINE METHYLSILANOL MANNURONATE,skin-conditioning
ELK ANTLER MESENCHYMAL CELL LYSATE,antioxidant
ELK ANTLER MESENCHYMAL CELL LYSATE,skin-protecting
COPPER AMINOACETYLAMINOIMIDAZOLYL PROPANOATE,skin-conditioning
POLYGLYCERYL-3 TRIISOSTEARATE,emollient
POLYGLYCERYL-3 TRIISOSTEARATE,emulsifying
HYDROLYZED (CITRUS AURANTIUM AMARA /FORSYTHIA VIRIDISSIMA/GARDENIA JASMINOIDES) FRUIT/MENTHA ARVENSIS LEAF/(ANGELICA ACUTILOBA/COPTIS JAPONICA/ GLYCYRRHIZA GLABRA /PAEONIA LACTIFLORA/PLATYCODON GRANDIFLORUS/REHMANNIA GLUTINOSA/SCUTELLARIA BAICALENSIS) ROOT EXTRACT,skin-conditioning
RETINYL TALLATE,skin-conditioning
TRITICUM VULGARE FLOUR EXTRACT,skin-conditioning
PEG-10 TRIS-PHENYLETHYL PHENOL,emulsion-stabilising
GARCINIA SUBELLIPTICA LEAF EXTRACT,humectant
GARCINIA SUBELLIPTICA LEAF EXTRACT,skin-conditioning
HYDROLYZED ASPARAGOPSIS ARMATA EXTRACT,skin-protecting
POLYGONUM FAGOPYRUM LEAF EXTRACT,skin-conditioning
CHRYSEOBACTERIUM SP. MK-8 FERMENT FILTRATE,humectant
CHRYSEOBACTERIUM SP. MK-8 FERMENT FILTRATE,skin-conditioning
CITRUS TUMIDA PEEL EXTRACT,humectant
CITRUS TUMIDA PEEL EXTRACT,skin-conditioning
COTA TINCTORIA FLOWER/LEAF/STEM EXTRACT,skin-conditioning
BUTYL 2-GLYCERYL ASCORBATE,antioxidant
BUTYL 2-GLYCERYL ASCORBATE,humectant
OZONIZED OPUNTIA FICUS INDICA CALLUS CULTURE EXTRACT,skin-conditioning
HYDROLYZED ALOE BARBADENSIS LEAF EXTRACT,skin-conditioning
PRUNUS DOMESTICA SEED OIL,skin-conditioning
LAUROYL/OLIVOYL (ARGININE/GLUTAMIC ACID/ISOLEUCINE/LEUCINE/LYSINE/PHENYLALANINE/PROLINE/THREONINE/VALINE),emollient
LAUROYL/OLIVOYL (ARGININE/GLUTAMIC ACID/ISOLEUCINE/LEUCINE/LYSINE/PHENYLALANINE/PROLINE/THREONINE/VALINE),emulsifying
LAUROYL/OLIVOYL (ARGININE/GLUTAMIC ACID/ISOLEUCINE/LEUCINE/LYSINE/PHENYLALANINE/PROLINE/THREONINE/VALINE),skin-conditioning
LAUROYL/OLIVOYL (ARGININE/GLUTAMIC ACID/ISOLEUCINE/LEUCINE/LYSINE/PHENYLALANINE/PROLINE/THREONINE/VALINE),surfactant
ANGELICA ACUTILOBA ROOT WATER,skin-conditioning
C23-43 ACID PENTAERYTHRITOL TETRAESTER,binding
C23-43 ACID PENTAERYTHRITOL TETRAESTER,emollient
C23-43 ACID PENTAERYTHRITOL TETRAESTER,film-forming
C23-43 ACID PENTAERYTHRITOL TETRAESTER,skin-conditioning
C23-43 ACID PENTAERYTHRITOL TETRAESTER,viscosity-controlling
PALMITOYL PENTAPEPTIDE-4,skin-conditioning
COLEUS FORSKOHLII ROOT OIL,emollient
COLEUS FORSKOHLII ROOT OIL,masking
COLEUS FORSKOHLII ROOT OIL,skin-conditioning
TRIGONELLA FOENUM-GRAECUM SPROUT JUICE,skin-conditioning
OURICURY CERA,binding
OURICURY CERA,viscosity-controlling
LOTUS MARITIMUS FLOWER/LEAF/STEM EXTRACT,emollient
DIPENTAERYTHRITYL HEXABEHENATE/BENZOATE/ETHYLHEXANOATE,emollient
PROPYLENE GLYCOL CETETH-3 PROPIONATE,emollient
PROPYLENE GLYCOL CETETH-3 PROPIONATE,skin-conditioning
R-(SH-POLYPEPTIDE-92 SH-POLYPEPTIDE-102),skin-protecting
RH-POLYPEPTIDE-51,antioxidant
RH-POLYPEPTIDE-51,skin-protecting
CUCUMIS SATIVUS OIL,emollient
CUCUMIS SATIVUS OIL,skin-conditioning
DISTYLIUM RACEMOSUM TWIG EXTRACT,skin-conditioning
ISODECYL NEOPENTANOATE,emollient
ISODECYL NEOPENTANOATE,skin-conditioning
CETYL KOMBO BUTTERATE,emollient
CETYL KOMBO BUTTERATE,skin-conditioning
CETYL KOMBO BUTTERATE,skin-protecting
CETYL KOMBO BUTTERATE,viscosity-controlling
PYRIDOXINE SALICYLATE,antioxidant
PYRIDOXINE SALICYLATE,astringent
PYRIDOXINE SALICYLATE,skin-conditioning
KIDACHI ALOE EKISU,emollient
KIDACHI ALOE EKISU,skin-conditioning
ACETYL GALACTOSAMINE,humectant
ACETYL GALACTOSAMINE,skin-conditioning
DILINOLEIC ACID/BUTANEDIOL COPOLYMER,film-forming
DILINOLEIC ACID/BUTANEDIOL COPOLYMER,plasticiser
SCHIZOPHYLLUM COMMUNE/CITRUS UNSHIU PEEL EXTRACT FERMENT FILTRATE,antioxidant
SCHIZOPHYLLUM COMMUNE/CITRUS UNSHIU PEEL EXTRACT FERMENT FILTRATE,humectant
SCHIZOPHYLLUM COMMUNE/CITRUS UNSHIU PEEL EXTRACT FERMENT FILTRATE,skin-conditioning
DISODIUM PHENYL DIBENZIMIDAZOLE TETRASULFONATE,uv-absorber
DISODIUM PHENYL DIBENZIMIDAZOLE TETRASULFONATE,uv-filter
GLYCINE MAX FIBER,skin-conditioning
KJELLMANIELLA CRASSIFOLIA POWDER,humectant
KJELLMANIELLA CRASSIFOLIA POWDER,skin-conditioning
SESAME OIL POLYGLYCERYL-6 ESTERS,emollient
SESAME OIL POLYGLYCERYL-6 ESTERS,emulsifying
SESAME OIL POLYGLYCERYL-6 ESTERS,skin-conditioning
SESAME OIL POLYGLYCERYL-6 ESTERS,surfactant
PHYLLOSTACHYS BAMBUSOIDES JUICE,skin-conditioning
PUMPKIN FRUIT EXTRACT BETA-GLUCAN,abrasive
PUMPKIN FRUIT EXTRACT BETA-GLUCAN,antidandruff
PUMPKIN FRUIT EXTRACT BETA-GLUCAN,skin-conditioning
ARGILLA,abrasive
ARGILLA,bulking
ARGILLA,humectant
NYMPHAEA COERULEA LEAF CELL EXTRACT,skin-conditioning
CETEARYL PHOSPHATE,skin-conditioning
POLYURETHANE-73,film-forming
POLYURETHANE-73,viscosity-controlling
DEFINED CELL CULTURE MEDIA 16,skin-conditioning
POLYURETHANE-45,film-forming
ROSA ALBA CALLUS EXTRACT,skin-protecting
EMILIANIA HUXLEYI EXTRACT,skin-conditioning
TRIPEPTIDE-41,skin-conditioning
CHENOPODIUM QUINOA SEED EXTRACT,skin-conditioning
ASTRAGALUS SINICUS SEED EXTRACT,skin-conditioning
SARGACHROMANOL D,skin-conditioning
VERBASCUM DENSIFLORUM FLOWER/STEM EXTRACT,skin-conditioning
OCTAPEPTIDE-12 SH-POLYPEPTIDE-56 TRIPEPTIDE-44 SH-POLYPEPTIDE-1,skin-conditioning
OCTAPEPTIDE-12 SH-POLYPEPTIDE-56 TRIPEPTIDE-44 SH-POLYPEPTIDE-1,skin-protecting
BIS-HYDROXYETHOXYPROPYL DIMETHICONE/IPDI/SORBITAN STEARATE COPOLYMER,film-forming
C24-30 OLEFIN,skin-conditioning
C24-30 OLEFIN,viscosity-controlling
OZONIZED JOJOBA OIL,emollient
YUCCA SCHIDIGERA ROOT EXTRACT,skin-conditioning
OXOTHIAZOLIDINE,skin-protecting
PENTYLCYCLOPROPYLMETHYLENE CYCLOPROPYLOCTANOIC ACID,skin-conditioning
C18-70 ISOPARAFFIN,emollient
C18-70 ISOPARAFFIN,skin-conditioning
C18-70 ISOPARAFFIN,skin-protecting
LEATHER CORAL EXTRACT,skin-conditioning
ASPERGILLUS/ANGELICA TENUISSIMA ROOT EXTRACT FERMENT FILTRATE,skin-conditioning
POLYUREA CROSSPOLYMER-2,film-forming
PALMAMIDE MEA,emulsifying
PALMAMIDE MEA,emulsion-stabilising
PALMAMIDE MEA,foam-boosting
PALMAMIDE MEA,surfactant
PALMAMIDE MEA,viscosity-controlling
EXCOECARIA FORMOSANA LEAF EXTRACT,humectant
EXCOECARIA FORMOSANA LEAF EXTRACT,skin-conditioning
EXCOECARIA FORMOSANA LEAF EXTRACT,skin-protecting
PISTACIA VERA SEED OIL,skin-conditioning
CALOCEDRUS DECURRENS LEAF/STEM EXTRACT,skin-conditioning
ASPALATHUS LINEARIS LEAF EXTRACT,skin-conditioning
DEER MILK EXTRACT,skin-conditioning
PANICUM MILIACEUM SPROUT EXTRACT,skin-conditioning
DISODIUM CARBOXYETHYL SILICONATE,not-reported
DISODIUM CARBOXYETHYL SILICONATE,skin-conditioning
SACCHAROMYCES/ZYGOSACCHAROMYCES/GARLIC BULB/(HERICUM ERINACEUM/AURICULARIA AURICULA-JUDAE/GRIFOLA FRONDOSA) FRUITING BODY/PERILLA OCYMOIDES LEAF/DIOSCOREA JAPONICA RHIZOME/(ARCTIUM LAPPA/BEET/GINGER/IPOMOEA BATATAS) ROOT/(PHASEOLUS ANGULARIS/SESAME/SOYBEAN) SEED/CLADOSIPHON OKAMURANUS/LAMINARIA JAPONICA/UNDARIA PINNATIFIDA FERMENT FILTRATE,humectant
BACILLUS/VIGNA ANGULARIS SEED FERMENT FILTRATE,emollient
BACILLUS/VIGNA ANGULARIS SEED FERMENT FILTRATE,humectant
BACILLUS/VIGNA ANGULARIS SEED FERMENT FILTRATE,skin-conditioning
BACILLUS/VIGNA ANGULARIS SEED FERMENT FILTRATE,skin-protecting
SODIUM DEXTRAN SULFATE,gel-forming
SODIUM DEXTRAN SULFATE,viscosity-controlling
BIOTA ORIENTALIS LEAF EXTRACT,humectant
TETRADECYLEICOSANOL,emollient
TETRADECYLEICOSANOL,skin-conditioning
TETRADECYLEICOSANOL,viscosity-controlling
SH-POLYPEPTIDE-17,skin-conditioning
EUCHEUMA SPINOSUM EXTRACT,skin-conditioning
LACTOBACILLUS/CHONDRUS OCELLATUS FERMENT FILTRATE,humectant
LACTOBACILLUS/CHONDRUS OCELLATUS FERMENT FILTRATE,skin-conditioning
HEPTAPEPTIDE-36 DIMER,skin-conditioning
DESMODIUM ADSCENDENS FLOWER/LEAF/STEM EXTRACT,skin-conditioning
WITHANIA SOMNIFERA FLOWER EXTRACT,skin-conditioning
UNCARIA TOMENTOSA BARK POWDER,skin-conditioning
LACTOBACILLUS/LEDUM PALUSTRE/ARTEMISIA CAPILLARIS/HOUTTUYNIA CORDATA/SAURURUS CHINENSIS LEAF EXTRACT FERMENT FILTRATE,antimicrobial
LACTOBACILLUS/LEDUM PALUSTRE/ARTEMISIA CAPILLARIS/HOUTTUYNIA CORDATA/SAURURUS CHINENSIS LEAF EXTRACT FERMENT FILTRATE,antioxidant
LACTOBACILLUS/LEDUM PALUSTRE/ARTEMISIA CAPILLARIS/HOUTTUYNIA CORDATA/SAURURUS CHINENSIS LEAF EXTRACT FERMENT FILTRATE,skin-conditioning
PHASEOLUS TRILOBUS SEED EXTRACT,humectant
PHASEOLUS TRILOBUS SEED EXTRACT,skin-conditioning
STEPHANIA CEPHALANTHA ROOT EXTRACT,skin-conditioning
ARUNDO DONAX STEM EXTRACT,skin-conditioning
PEG-12 DIMETHICONE CROSSPOLYMER,emulsifying
PEG-12 DIMETHICONE CROSSPOLYMER,stabilising
PEG-12 DIMETHICONE CROSSPOLYMER,viscosity-controlling
NYMPHAEA CAERULEA SEED EXTRACT,skin-conditioning
PASSIFLORA QUADRANGULARIS FRUIT EXTRACT,skin-protecting
PASSIFLORA QUADRANGULARIS FRUIT EXTRACT,soothing
SH-OLIGOPEPTIDE-7,humectant
SH-OLIGOPEPTIDE-7,skin-conditioning
SH-OLIGOPEPTIDE-7,skin-protecting
URTICA DIOICA LEAF/TUSSILAGO FARFARA LEAF/EQUISETUM ARVENSE STEM/ROSMARINUS OFFICINALIS LEAF/SALVIA OFFICINALIS LEAF/ACHILLEA MILLEFOLIUM FLOWER/MENYANTHES TRIFOLIATA LEAF/BETULA ALBA LEAF EXTRACT,humectant
DIGLYCERIN,humectant
DIGLYCERIN,skin-conditioning
PERILLA FRUTESCENS CALLUS CULTURE EXTRACT,skin-conditioning
CETYL DODECENYLSUCCINATE,emulsion-stabilising
SUNSTONE POWDER,skin-conditioning
BUTYLENE GLYCOL DICAPRYLATE/DICAPRATE,emollient
BUTYLENE GLYCOL DICAPRYLATE/DICAPRATE,skin-conditioning
PPG-4 TRIDECETH-6,emollient
PPG-4 TRIDECETH-6,emulsifying
HYDROLYZED PEPPER FRUIT EXTRACT,skin-protecting
POLYGLYCERYL-10 DECAOLEATE,skin-conditioning
TETRAPEPTIDE-53,skin-conditioning
LAPIS LAZULI EXTRACT,skin-conditioning
BIS-HEXACOSYL DIMETHICONE,emollient
BIS-HEXACOSYL DIMETHICONE,skin-conditioning
SACCHAROMYCES/APPLE FRUIT/SWEET CHERRY FRUIT/SUCROSE FERMENT FILTRATE,humectant
CITRUS AURANTIFOLIA FLOWER/GALIUM APARINE EXTRACT,skin-conditioning
PENTAERYTHRITYL STEARATE/CAPRATE/CAPRYLATE/ADIPATE,emollient
MAURITIA FLEXUOSA FRUIT OIL,skin-conditioning
SACCHAROMYCES/ARGANIA SPINOSA KERNEL OIL FERMENT FILTRATE,emollient
SACCHAROMYCES/ARGANIA SPINOSA KERNEL OIL FERMENT FILTRATE,skin-conditioning
MALVA SYLVESTRIS FLOWER/LEAF/STEM EXTRACT,skin-conditioning
BIS(TRIPEPTIDE-1) COPPER ACETATE,skin-conditioning
ISOPROPYL SHEA BUTTERATE,emollient
ISOPROPYL SHEA BUTTERATE,skin-conditioning
OLIGOPEPTIDE-128,skin-conditioning
TETRAMETHYLCHROMANOL GLUCOSIDE,antioxidant
TETRAMETHYLCHROMANOL GLUCOSIDE,humectant
TETRAMETHYLCHROMANOL GLUCOSIDE,skin-conditioning
ROSA CANINA FRUIT OIL,emollient
ROSA CANINA FRUIT OIL,skin-conditioning
KALANCHOE DAIGREMONTIANA LEAF EXTRACT,humectant
HYDROLYZED PLATANUS OCCIDENTALIS EXTRACT,skin-conditioning
CAMELLIA JAPONICA SEED EXTRACT,skin-conditioning
BUTYLDIMONIUMHYDROXYPROPYL BUTYLGLUCOSIDES CHLORIDE,cleansing
BUTYLDIMONIUMHYDROXYPROPYL BUTYLGLUCOSIDES CHLORIDE,emulsifying
BUTYLDIMONIUMHYDROXYPROPYL BUTYLGLUCOSIDES CHLORIDE,skin-conditioning
BUTYLDIMONIUMHYDROXYPROPYL BUTYLGLUCOSIDES CHLORIDE,surfactant
HYDROLYZED OPUNTIA FICUS-INDICA FLOWER EXTRACT,abrasive
HYDROLYZED OPUNTIA FICUS-INDICA FLOWER EXTRACT,skin-protecting
HYDROLYZED WHEAT PROTEIN/DIMETHICONE PEG-7 ACETATE,film-forming
HYDROLYZED WHEAT PROTEIN/DIMETHICONE PEG-7 ACETATE,skin-conditioning
BEHENYL/ISOSTEARYL BEESWAX,emollient
BEHENYL/ISOSTEARYL BEESWAX,emulsifying
BEHENYL/ISOSTEARYL BEESWAX,film-forming
BEHENYL/ISOSTEARYL BEESWAX,skin-conditioning
VOANDZEIA SUBTERRANEA SEED EXTRACT,skin-conditioning
ACRYLATES/ETHYLHEXYL ACRYLATE/HEMA COPOLYMER,film-forming
PAECILOMYCES JAPONICA/DEER ANTLER FERMENT EXTRACT FILTRATE,skin-conditioning
COCAMIDE,emulsifying
COCAMIDE,emulsion-stabilising
COCAMIDE,surfactant
COCAMIDE,viscosity-controlling
BACILLUS/ZIZANIA LATIFOLIA LEAF FERMENT EXTRACT,humectant
BACILLUS/ZIZANIA LATIFOLIA LEAF FERMENT EXTRACT,skin-conditioning
S-MUSSEL POLYPEPTIDE-1,skin-conditioning
GLYCERYL HYDROGENATED SOYATE,emollient
GLYCERYL HYDROGENATED SOYATE,skin-conditioning
SACCHAROMYCES/GLYCYRRHIZA GLABRA/GLYCYRRHIZA URALENSIS LEAF/STEM FERMENT EXTRACT,humectant
NEOPENTYL GLYCOL DIETHYLHEXANOATE,emollient
NEOPENTYL GLYCOL DIETHYLHEXANOATE,skin-conditioning
COBALT TITANIUM OXIDE,skin-conditioning
CANANGA ODORATA LEAF CELL EXTRACT,antioxidant
CANANGA ODORATA LEAF CELL EXTRACT,skin-protecting
PHELLINUS LINTEUS/MORUS BOMBYCIS WOOD POWDER FERMENT EXTRACT,emollient
CHRYSANTHEMUM PARTHENIUM FLOWER EXTRACT,skin-conditioning
DICAPRYL SODIUM SULFOSUCCINATE,cleansing
DICAPRYL SODIUM SULFOSUCCINATE,emulsion-stabilising
DICAPRYL SODIUM SULFOSUCCINATE,hydrotrope
DICAPRYL SODIUM SULFOSUCCINATE,surfactant
ACETYLSALICYLOYL PENTAPEPTIDE-33,antioxidant
ACETYLSALICYLOYL PENTAPEPTIDE-33,skin-protecting
PALMITOYL LYSYL S-SNAIL OLIGOPEPTIDE-1 AMIDE ACETATE,skin-conditioning
POA ANNUA EXTRACT,skin-conditioning
SH-POLYPEPTIDE-93,skin-conditioning
ROSA LUCIAE BRANCH/FLOWER/LEAF EXTRACT,skin-conditioning
SR-HORSE OLIGOPEPTIDE-1,skin-protecting
CALCIUM POLYGAMMA-GLUTAMATE,skin-conditioning
PEG-9 COCOGLYCERIDES,emollient
PEG-9 COCOGLYCERIDES,emulsifying
PRUNUS DAVIDIANA FLOWER EXTRACT,skin-conditioning
PCA,humectant
PCA,moisturising
POLYGLYCERYL-3 STEARATE/ISOSTEARATE/DIMER DILINOLEATE COPOLYMER,skin-conditioning
POLYGLYCERYL-3 STEARATE/ISOSTEARATE/DIMER DILINOLEATE COPOLYMER,skin-protecting
POLYGLYCERYL-3 STEARATE/ISOSTEARATE/DIMER DILINOLEATE COPOLYMER,viscosity-controlling
TUBER MAGNATUM EXTRACT,skin-conditioning
PYRUS MALUS FLOWER EXTRACT,skin-conditioning
PRIMULA VERIS EXTRACT,skin-conditioning
BABASSU OIL POLYGLYCERYL-6 ESTERS,emollient
BABASSU OIL POLYGLYCERYL-6 ESTERS,emulsifying
ADAMANTANYL METHYLHYDROXYLTEREPHTHALAMIDE,antioxidant
ADAMANTANYL METHYLHYDROXYLTEREPHTHALAMIDE,skin-protecting
THIAMINE DIPHOSPHATE,skin-conditioning
DIOSPYROS EBENUM BARK EXTRACT,skin-conditioning
PEG-10 DIMETHICONE/VINYL DIMETHICONE CROSSPOLYMER,stabilising
PEG-10 DIMETHICONE/VINYL DIMETHICONE CROSSPOLYMER,viscosity-controlling
DIMETHYLDIBENZYLIDENE SORBITOL,viscosity-controlling
HYDROXYUNDECANOIC ACID,skin-conditioning
PIMPINELLA GUSTAVOHEGIANA EXTRACT,skin-conditioning
PANAX GINSENG SEED POWDER,skin-conditioning
PANAX GINSENG SEED POWDER,skin-protecting
SUCROSE ACETATE/STEARATE,emollient
SUCROSE ACETATE/STEARATE,skin-conditioning
PEI-45,viscosity-controlling
SACCHAROMYCES/MALUS PUMILA FRUIT FERMENT FILTRATE,emollient
SACCHAROMYCES/MALUS PUMILA FRUIT FERMENT FILTRATE,skin-conditioning
HIBISCUS MUTABILIS FLOWER EXTRACT,skin-conditioning
TRIBEHENIN PEG-20 ESTERS,emollient
TRIBEHENIN PEG-20 ESTERS,emulsifying
TRIBEHENIN PEG-20 ESTERS,skin-conditioning
TRIBEHENIN PEG-20 ESTERS,surfactant
HEPTAPEPTIDE-41,skin-conditioning
APRICOT KERNEL OIL PEG-8 ESTERS,emollient
APRICOT KERNEL OIL PEG-8 ESTERS,emulsifying
APRICOT KERNEL OIL PEG-8 ESTERS,skin-conditioning
APRICOT KERNEL OIL PEG-8 ESTERS,surfactant
LACTOBACILLUS/ROSA CENTIFOLIA FLOWER FERMENT FILTRATE,humectant
RHYOLITE EXTRACT,skin-conditioning
ALSIDIUM HELMINTHOCORTON EXTRACT,skin-conditioning
HYDROXYETHYL PALMITYL OXYHYDROXYPROPYL PALMITAMIDE,emollient
HYDROXYETHYL PALMITYL OXYHYDROXYPROPYL PALMITAMIDE,humectant
SHEEP DERMAL CELLS LYSATE,skin-protecting
AMINOBUTYROYL TRIPEPTIDE-1,antioxidant
AMINOBUTYROYL TRIPEPTIDE-1,skin-protecting
PHALAENOPSIS CHARM SUN BIG RED ROBE FLOWER EXTRACT,antimicrobial
PHALAENOPSIS CHARM SUN BIG RED ROBE FLOWER EXTRACT,antioxidant
PHALAENOPSIS CHARM SUN BIG RED ROBE FLOWER EXTRACT,skin-conditioning
PHALAENOPSIS CHARM SUN BIG RED ROBE FLOWER EXTRACT,skin-protecting
ACHYRANTHES FAURIEI ROOT EXTRACT,skin-conditioning
OLIGOPEPTIDE-86,skin-conditioning
NELUMBO NUCIFERA FLOWER CERA,skin-conditioning
NELUMBO NUCIFERA FLOWER CERA,viscosity-controlling
1‚2,humectant
1‚2,solvent
1‚2,viscosity-controlling
URTICA DIOICA JUICE,skin-conditioning
PASTINACA SATIVA ROOT EXTRACT,humectant
PEG-11 COCOA BUTTER GLYCERIDES,emollient
PEG-11 COCOA BUTTER GLYCERIDES,emulsifying
LACTOBACILLUS/ARTEMISIA ABSINTHIUM LEAF EXTRACT FERMENT FILTRATE,skin-conditioning
TRIMETHYLSILOXYSILYL PROPYLCARBAMOYL HYDROLYZED VA/DIACETOXYBUTENE COPOLYMER,film-forming
METHYLAMIDO CELLULOSE GUM,film-forming
METHYLAMIDO CELLULOSE GUM,humectant
METHYLAMIDO CELLULOSE GUM,skin-conditioning
MAGNOLIA BIONDII BARK EXTRACT,skin-conditioning
PAEONIA SUFFRUTICOSA FLOWER EXTRACT,skin-conditioning
DIHYDROGENATED TALLOW BENZYLMONIUM HECTORITE,antistatic
DIHYDROGENATED TALLOW BENZYLMONIUM HECTORITE,gel-forming
DIHYDROGENATED TALLOW BENZYLMONIUM HECTORITE,viscosity-controlling
TRITICUM SPELTA SEED WATER,skin-conditioning
POLYGLYCERYL-10 MONO/DIOLEATE,skin-conditioning
C32-36 ISOALKYL STEARATE,emollient
C32-36 ISOALKYL STEARATE,skin-conditioning
GLYCYRRHIZA GLABRA RHIZOME/ROOT EXTRACT,skin-conditioning
ACRYLATES/ISOBORNYL ACRYLATE COPOLYMER,film-forming
PPG-10 CETYL ETHER,skin-conditioning
ISOAMYL CAPRYLATE CAPRATE,emollient
ISOAMYL CAPRYLATE CAPRATE,skin-conditioning
DINONYL PHENOL,skin-conditioning
MELALEUCA SYMPHYOCARPA FLOWER/LEAF EXTRACT,skin-conditioning
OLIGOPEPTIDE-102,skin-conditioning
DAMNACANTHUS MAJOR ADVENTITIOUS ROOT EXTRACT,antimicrobial
DAMNACANTHUS MAJOR ADVENTITIOUS ROOT EXTRACT,antioxidant
DAMNACANTHUS MAJOR ADVENTITIOUS ROOT EXTRACT,humectant
DAMNACANTHUS MAJOR ADVENTITIOUS ROOT EXTRACT,skin-protecting
SPONDIAS MOMBIN FRUIT EXTRACT,humectant
SPONDIAS MOMBIN FRUIT EXTRACT,skin-conditioning
LACTIS PROTEINUM EXTRACT,skin-conditioning
HYDROXY METHYLPHENYLPYRIDINONE,skin-conditioning
TRIGONELLA FOENUM SYMBIOSOME EXTRACT,antioxidant
TRIGONELLA FOENUM SYMBIOSOME EXTRACT,skin-conditioning
AMMONIUM ACRYLOYLDIMETHYLTAURATE/VP COPOLYMER,viscosity-controlling
AGAR,binding
AGAR,masking
AGAR,viscosity-controlling
HYDROGENATED TALLOW ALCOHOL,emollient
HYDROGENATED TALLOW ALCOHOL,emulsifying
HYDROGENATED TALLOW ALCOHOL,foam-boosting
HYDROGENATED TALLOW ALCOHOL,skin-conditioning
HYDROGENATED TALLOW ALCOHOL,stabilising
HYDROGENATED TALLOW ALCOHOL,surfactant
HYDROGENATED TALLOW ALCOHOL,viscosity-controlling
DIVINYLDIMETHICONE/DIMETHICONE CROSSPOLYMER,film-forming
DIVINYLDIMETHICONE/DIMETHICONE CROSSPOLYMER,skin-conditioning
DIVINYLDIMETHICONE/DIMETHICONE CROSSPOLYMER,viscosity-controlling
PPG-30 OLEYL ETHER,emollient
PPG-30 OLEYL ETHER,skin-conditioning
LAURUS NOBILIS FRUIT EXTRACT,skin-conditioning
HUMAN ADIPOSE STROMAL CELL EXOSOMES,skin-conditioning
EPILOBIUM PARVIFLORUM LEAF/STEM EXTRACT,humectant
HYDROGENATED JOJOBA ALCOHOL,emollient
TRANSGENIC TOBACCO RH-OLIGOPEPTIDE-1,skin-protecting
EPIMEDIUM GRANDIFLORUM FLOWER/LEAF/STEM EXTRACT,skin-conditioning
ALLANTOIN ASCORBATE,antioxidant
ALLANTOIN ASCORBATE,skin-conditioning
ALLANTOIN ASCORBATE,skin-protecting
ALLANTOIN ASCORBATE,soothing
VERONICA BECCABUNGA EXTRACT,skin-conditioning
DENDROBIUM LODDIGESII LEAF/STEM EXTRACT,emollient
DENDROBIUM LODDIGESII LEAF/STEM EXTRACT,humectant
DENDROBIUM LODDIGESII LEAF/STEM EXTRACT,skin-conditioning
DENDROBIUM LODDIGESII LEAF/STEM EXTRACT,skin-protecting
CHOLESTERYL HEXYL DICARBAMATE PULLULAN,viscosity-controlling
CORDYCEPS MILITARIS MYCELIUM EXTRACT,skin-conditioning
DAMNACANTHUS MAJOR BRANCH/LEAF EXTRACT,skin-conditioning
METHOXY PEG-17/DODECYL GLYCOL COPOLYMER,emulsifying
METHOXY PEG-17/DODECYL GLYCOL COPOLYMER,skin-conditioning
ISOCETYL ISODECANOATE,emollient
ISOCETYL ISODECANOATE,skin-conditioning
CYTOCHROME C,skin-conditioning
POTASSIUM LAUROYL PCA,humectant
POTASSIUM LAUROYL PCA,skin-conditioning
STEARYL ACETATE,emollient
STEARYL ACETATE,skin-conditioning
PEG-40 HYDROGENATED CASTOR OIL TRIISOSTEARATE,emulsifying
PEG-40 HYDROGENATED CASTOR OIL TRIISOSTEARATE,viscosity-controlling
SALIX ALBA FLOWER EXTRACT,skin-conditioning
HEMA ACETOACETATE,film-forming
PEG-10 HYDROGENATED CASTOR OIL TRIISOSTEARATE,emulsifying
PEG-10 HYDROGENATED CASTOR OIL TRIISOSTEARATE,viscosity-controlling
QUATERNIUM-90 SEPIOLITE,emulsion-stabilising
QUATERNIUM-90 SEPIOLITE,viscosity-controlling
RAVENALA MADAGASCARIENSIS STEM EXTRACT,skin-conditioning
RHODODENDRON WEYRICHII EXTRACT,skin-conditioning
LACTOBACILLUS/APPLE JUICE FERMENT FILTRATE,humectant
LACTOBACILLUS/APPLE JUICE FERMENT FILTRATE,skin-conditioning
CAREX KOBOMUGI EXTRACT,skin-conditioning
SCHINOPSIS QUEBRACHO-COLORADO WOOD EXTRACT,antioxidant
SCHINOPSIS QUEBRACHO-COLORADO WOOD EXTRACT,astringent
SCHINOPSIS QUEBRACHO-COLORADO WOOD EXTRACT,skin-conditioning
THUJOPSIS DOLABRATA BRANCH EXTRACT,skin-conditioning
ACETYLATED LANOLIN RICINOLEATE,antistatic
ACETYLATED LANOLIN RICINOLEATE,emollient
ACETYLATED LANOLIN RICINOLEATE,skin-conditioning
PORPHYRIDIUM CRUENTUM EXTRACT,skin-conditioning
ASPERGILLUS/SACCHAROMYCES/GLYCYRRHIZA URALENSIS ROOT EXTRACT FERMENT FILTRATE,skin-conditioning
BETA-SITOSTERYL COPOLYMER,film-forming
BELAMCANDA CHINENSIS ROOT EXTRACT,skin-conditioning
CERCIDIUM FLORIDUM BARK EXTRACT,skin-protecting
BIS-PEG/PPG-16/16 PEG/PPG-16/16 DIMETHICONE,emollient
BIS-PEG/PPG-16/16 PEG/PPG-16/16 DIMETHICONE,emulsifying
BIS-PEG/PPG-16/16 PEG/PPG-16/16 DIMETHICONE,skin-conditioning
BIS-PEG/PPG-16/16 PEG/PPG-16/16 DIMETHICONE,surfactant
TULIPA GESNERIANA CALLUS CULTURE EXTRACT,absorbent
TULIPA GESNERIANA CALLUS CULTURE EXTRACT,antimicrobial
TULIPA GESNERIANA CALLUS CULTURE EXTRACT,antioxidant
TULIPA GESNERIANA CALLUS CULTURE EXTRACT,humectant
COLOCASIA ANTIQUORUM ROOT EXTRACT,skin-conditioning
CEREUS JAMACARU FRUIT JUICE,skin-conditioning
CAYAPONIA TAYUYA ROOT EXTRACT,antioxidant
CAYAPONIA TAYUYA ROOT EXTRACT,skin-conditioning
LYSOPHOSPHATIDYLETHANOLAMINE,skin-conditioning
HEXADECYL METHICONE,emollient
HEXADECYL METHICONE,skin-conditioning
HEXADECYL METHICONE,viscosity-controlling
R- ESCHERICHIA COLI THIOREDOXIN-1 HEPTAPEPTIDE-20 HEXAPEPTIDE-40 OLIGOPEPTIDE-113 SH-POLYPEPTIDE-70,skin-protecting
POLYGONUM FALCATUM RHIZOME/ROOT EXTRACT,humectant
POLYGONUM FALCATUM RHIZOME/ROOT EXTRACT,skin-conditioning
IRIS VERSICOLOR ROOT EXTRACT,skin-conditioning
BUTYL ACRYLATE/ISOPROPYLACRYLAMIDE/PEG-18 DIMETHACRYLATE CROSSPOLYMER,emulsion-stabilising
BUTYL ACRYLATE/ISOPROPYLACRYLAMIDE/PEG-18 DIMETHACRYLATE CROSSPOLYMER,film-forming
BUTYL ACRYLATE/ISOPROPYLACRYLAMIDE/PEG-18 DIMETHACRYLATE CROSSPOLYMER,skin-conditioning
GORGONIA EXTRACT,skin-conditioning
PEG-190 DISTEARATE,emulsifying
PEG-190 DISTEARATE,surfactant
PEG-190 DISTEARATE,viscosity-controlling
TRIFOLIUM PRATENSE FLOWER/LEAF/STEM JUICE,skin-conditioning
AMINOPHYLLINE,skin-conditioning
AMINOPHYLLINE,surfactant
SAPINDUS MUKOROSSI SEED OIL,antimicrobial
SAPINDUS MUKOROSSI SEED OIL,emollient
SAPINDUS MUKOROSSI SEED OIL,humectant
SAPINDUS MUKOROSSI SEED OIL,skin-conditioning
SAPINDUS MUKOROSSI SEED OIL,skin-protecting
CALCIUM GLUCONATE,humectant
CALCIUM GLUCONATE,oral-care
CALCIUM GLUCONATE,skin-conditioning
HYDROGENATED APRICOT KERNEL OIL,skin-conditioning
MELALEUCA LEUCADENDRON VIRIDIFLORA FLOWER/LEAF EXTRACT,skin-conditioning
SAUSSUREA INVOLUCRATA CALLUS EXTRACT,antioxidant
SAUSSUREA INVOLUCRATA CALLUS EXTRACT,emollient
SAUSSUREA INVOLUCRATA CALLUS EXTRACT,skin-conditioning
ELETTARIA CARDAMOMUM SEED POWDER,skin-conditioning
SALIX FRAGILIS BARK EXTRACT,skin-conditioning
SUCROSE POLYBEHENATE,emollient
SUCROSE POLYBEHENATE,emulsifying
SUCROSE POLYBEHENATE,skin-conditioning
SUCROSE POLYBEHENATE,surfactant
PERFLUOROMETHYLCYCLOPENTANE,skin-conditioning
PERFLUOROMETHYLCYCLOPENTANE,solvent
RICE BRAN/GERM TRITERPENOIDS,skin-conditioning
CURCUMINYL GLUTAROYL HEXAPEPTIDE-24 AMIDE,antioxidant
CURCUMINYL GLUTAROYL HEXAPEPTIDE-24 AMIDE,emollient
CURCUMINYL GLUTAROYL HEXAPEPTIDE-24 AMIDE,skin-conditioning
LONGIFOLENE,masking
LONGIFOLENE,skin-conditioning
SPINACIA OLERACEA LEAF POWDER,skin-conditioning
ACETYLATED HYDROGENATED CASTOR OIL,emollient
ACETYLATED HYDROGENATED CASTOR OIL,skin-conditioning
PLEUROCHRYSIS CARTERAE EXTRACT,humectant
PLEUROCHRYSIS CARTERAE EXTRACT,skin-conditioning
NIACINAMIDE MALATE,skin-conditioning
LITCHI CHINENSIS FRUIT EXTRACT,skin-conditioning
HYDROGENATED DIDECENE,skin-conditioning
PEG-8 PROPYLHEPTYL ETHER,emulsion-stabilising
OLIGOPEPTIDE-135,skin-conditioning
CANAVALIA GLADIATA FRUIT EXTRACT,skin-conditioning
TAMARINDUS INDICA FRUIT/SEED EXTRACT,skin-protecting
LACTOBACILLUS/LAC SOLIDS/SOYBEAN OIL FERMENT,humectant
LACTOBACILLUS/LAC SOLIDS/SOYBEAN OIL FERMENT,skin-conditioning
FERULOYL SOY GLYCERIDES,antioxidant
FERULOYL SOY GLYCERIDES,emulsion-stabilising
VITIS VINIFERA/LABRUSCA STEM EXTRACT,antiseborrhoeic
VITIS VINIFERA/LABRUSCA STEM EXTRACT,humectant
VITIS VINIFERA/LABRUSCA STEM EXTRACT,skin-protecting
VITIS VINIFERA/LABRUSCA STEM EXTRACT,solvent
TABEBUIA AVELLANEDAE BARK POWDER,skin-conditioning
PPG-15 STEARYL ETHER BENZOATE,emollient
RETYNIL FORMYL ASPARTAMATE,antioxidant
RETYNIL FORMYL ASPARTAMATE,emollient
PHASEOLUS LUNATUS SEED EXTRACT,emollient
LAMIUM ALBUM LEAF EXTRACT,skin-conditioning
CHIMYL STEARATE,emollient
CHIMYL STEARATE,emulsifying
CHIMYL STEARATE,skin-conditioning
PIPERYLENE/BUTENE/PENTENE/PENTADIENE COPOLYMER,binding
PIPERYLENE/BUTENE/PENTENE/PENTADIENE COPOLYMER,film-forming
PIPERYLENE/BUTENE/PENTENE/PENTADIENE COPOLYMER,viscosity-controlling
ORBIGNYA PHALERATA SEED POWDER,skin-conditioning
ASTROCARYUM MURUMURU FRUIT EXTRACT,emollient
ASTROCARYUM MURUMURU FRUIT EXTRACT,skin-conditioning
RYOKU-CHA EKISU,antioxidant
RYOKU-CHA EKISU,skin-conditioning
HYDROLYZED BEE LARVA/PUPA EXTRACT,emollient
DICETYL ADIPATE,emollient
DICETYL ADIPATE,film-forming
DICETYL ADIPATE,plasticiser
DICETYL ADIPATE,skin-conditioning
CONIOGRAMME JAPONICA EXTRACT,skin-conditioning
SCIRPUS TABERNAEMONTANI EXTRACT,skin-conditioning
THYMUS VULGARIS LEAF WATER,skin-conditioning
CARAGANA SINICA ROOT EXTRACT,antioxidant
CARAGANA SINICA ROOT EXTRACT,skin-protecting
TRANEXAMIC ACID,astringent
TRANEXAMIC ACID,skin-conditioning
CHITIN GLYCOLATE,skin-conditioning
ENTADA PHASEOLOIDES BARK/SEED EXTRACT,skin-conditioning
NEOPENTYL GLYCOL DICAPRYLATE/DIPELARGONATE/DICAPRATE,emollient
NEOPENTYL GLYCOL DICAPRYLATE/DIPELARGONATE/DICAPRATE,skin-conditioning
HYDROLYZED ARTEMISIA VULGARIS LEAF,humectant
HYDROLYZED ARTEMISIA VULGARIS LEAF,skin-conditioning
N-HYDROXYSUCCINIMIDE,skin-conditioning
PYRROSIA LINGUA EXTRACT,skin-conditioning
DAPHNIPHYLLUM MACROPODUM EXTRACT,skin-conditioning
POTASSIUM HYDROXYCITRATE,skin-conditioning
SORBETH-222 HEXA(AMINOETHYL ETHER),skin-conditioning
PEG-9 TRIMETHYLOLPROPANE TRIACRYLATE,skin-conditioning
SH-POLYPEPTIDE-32,skin-conditioning
POLYGLYCERYL-8 DECABEHENATE/CAPRATE,viscosity-controlling
PEG-10 DIMETHICONE CROSSPOLYMER,stabilising
PEG-10 DIMETHICONE CROSSPOLYMER,viscosity-controlling
CITRUS AURANTIUM AMARA FLOWER CERA,skin-protecting
AUREOBASIDIUM PULLULANS/DIMOCARPUS LONGAN FRUIT EXTRACT FERMENT FILTRATE,humectant
AUREOBASIDIUM PULLULANS/DIMOCARPUS LONGAN FRUIT EXTRACT FERMENT FILTRATE,skin-conditioning
PANGIUM EDULE KERNEL OIL,emollient
PANGIUM EDULE KERNEL OIL,skin-conditioning
RUTA GRAVEOLENS LEAF/ROOT/STEM EXTRACT,skin-conditioning
RUTA GRAVEOLENS LEAF/ROOT/STEM EXTRACT,skin-protecting
HYDROLYZED LUPINUS ALBUS FLOWER EXTRACT,skin-protecting
PROMICROMONOSPORA FERMENT FILTRATE,humectant
PROMICROMONOSPORA FERMENT FILTRATE,skin-conditioning
SODIUM LAURATE/LINOLEATE/OLEATE/PALMITATE,emollient
SODIUM LAURATE/LINOLEATE/OLEATE/PALMITATE,skin-conditioning
SODIUM LAURATE/LINOLEATE/OLEATE/PALMITATE,skin-protecting
CHRYSANTHEMUM BOREALE FLOWER OIL,antioxidant
CHRYSANTHEMUM BOREALE FLOWER OIL,skin-conditioning
CETYL HYDROXYETHYLCELLULOSE,emulsion-stabilising
CETYL HYDROXYETHYLCELLULOSE,film-forming
CETYL HYDROXYETHYLCELLULOSE,viscosity-controlling
APIOS AMERICANA ROOT EXTRACT,emollient
APIOS AMERICANA ROOT EXTRACT,humectant
CETYL MYRISTOLEATE,skin-conditioning
ISOPROPYL PPG-2 ISODECETH-7 CARBOXYLATE,emollient
MAACKIA AMURENSIS BRANCH EXTRACT,skin-protecting
C20-40 ALCOHOLS,emulsifying
C20-40 ALCOHOLS,emulsion-stabilising
C20-40 ALCOHOLS,skin-conditioning
C20-40 ALCOHOLS,stabilising
DISODIUM C12-14 SEC-PARETH-5 SULFOSUCCINATE,cleansing
DISODIUM C12-14 SEC-PARETH-5 SULFOSUCCINATE,foam-boosting
DISODIUM C12-14 SEC-PARETH-5 SULFOSUCCINATE,hydrotrope
DISODIUM C12-14 SEC-PARETH-5 SULFOSUCCINATE,skin-conditioning
DISODIUM C12-14 SEC-PARETH-5 SULFOSUCCINATE,surfactant
HYDROLYZED SWIFTLET NEST,skin-conditioning
POPULUS TREMULOIDES BARK EXTRACT,antiseborrhoeic
POPULUS TREMULOIDES BARK EXTRACT,skin-conditioning
HEXYLDECYL OLEATE,emollient
HEXYLDECYL OLEATE,emulsifying
HEXYLDECYL OLEATE,skin-conditioning
HEXYLDECYL OLEATE,surfactant
MYRISTOYL TRIPEPTIDE-4,skin-conditioning
LACTOBACILLUS/LACTOCOCCUS/SACCHAROMYCES/SOYMILK FERMENT,skin-conditioning
GOLD THIOETHYLAMINO HYALURONIC ACID,skin-conditioning
HYDROLYZED RICE BRAN EXTRACT,skin-conditioning
CHAENOMELES SINENSIS CALLUS CULTURE EXTRACT,skin-conditioning
HEXYLOXODECANAMIDE MEA,skin-protecting
ARTEMISIA PRINCEPS LEAF OIL,skin-conditioning
ARTEMISIA PRINCEPS LEAF OIL,skin-protecting
ZANTHOXYLUM PIPERITUM FRUIT EXTRACT,skin-conditioning
CUCUMIS SATIVUS CALLUS EXTRACT,antioxidant
CUCUMIS SATIVUS CALLUS EXTRACT,skin-protecting
THAMNOLIA VERMICULARIS LEAF EXTRACT,skin-conditioning
TRIETHYLENE GLYCOL HYDROGENATED ROSINATE,emollient
TRIETHYLENE GLYCOL HYDROGENATED ROSINATE,skin-conditioning
TRIETHYLENE GLYCOL HYDROGENATED ROSINATE,viscosity-controlling
BIFIDA/NONFAT MILK FERMENT LYSATE FILTRATE,skin-conditioning
HYDROGENATED ETHYLHEXYL OLIVATE,emollient
HYDROGENATED ETHYLHEXYL OLIVATE,skin-conditioning
PEG-180/OCTOXYNOL-40/TMMG COPOLYMER,viscosity-controlling
MENTHA CANADENSIS LEAF/STEM OIL,masking
MENTHA CANADENSIS LEAF/STEM OIL,skin-conditioning
QUATERNIUM-90 BENTONITE,viscosity-controlling
DIMETHOXYBENZYL ALCOHOL,skin-conditioning
HOKKAIDO AKAN CLAY,skin-conditioning
NONAPEPTIDE-29 AMIDO CARBOXYMETHYL HYDROXYLIMINOMETHYLBENZAMIDO SH-DSRNA-1,skin-conditioning
NONAPEPTIDE-29 AMIDO CARBOXYMETHYL HYDROXYLIMINOMETHYLBENZAMIDO SH-DSRNA-1,skin-protecting
DIMETHICONE PEG-8 ISOSTEARATE,skin-conditioning
CENTELLA ASIATICA ADVENTITIOUS ROOT EXTRACT,skin-conditioning
OLIGOPEPTIDE-75,skin-protecting
ASPERGILLUS/SACCHAROMYCES/BARLEY SEED FERMENT EXTRACT,skin-conditioning
DIETHYLHEXYL BUTAMIDO TRIAZONE,uv-absorber
DIETHYLHEXYL BUTAMIDO TRIAZONE,uv-filter
BOTRYTIS FERMENT EXTRACT FILTRATE,antioxidant
BOTRYTIS FERMENT EXTRACT FILTRATE,skin-conditioning
TRIPEPTIDE-58,skin-conditioning
TRIMETHYLOLPROPANE TRICOCOATE,emollient
TRIMETHYLOLPROPANE TRICOCOATE,skin-conditioning
LACTOBACILLUS/NONFAT MILK FERMENT POWDER,skin-conditioning
TAXUS CUSPIDATA LEAF EXTRACT,skin-conditioning
ETHYLENE DIOLEAMIDE,viscosity-controlling
AMMONIUM FERRIC PENTETATE,humectant
ACHYROCLINE SATUREIOIDES FLOWER EXTRACT,masking
ACHYROCLINE SATUREIOIDES FLOWER EXTRACT,skin-conditioning
LAUROYL SH-TETRAPEPTIDE-1,skin-conditioning
BACILLUS/RICE LEES FERMENT FILTRATE,skin-conditioning
RUBUS GLAUCUS SEED OIL,emollient
LACTOBACILLUS/CORN/SEA CUCUMBER FERMENT EXTRACT,emollient
LACTOBACILLUS/CORN/SEA CUCUMBER FERMENT EXTRACT,skin-conditioning
CYSTOSEIRA BACCATA EXTRACT,skin-conditioning
PEG-444 PENTAERYTHRITYL TETRA(GLUTAROYLSUCCINIMIDE),skin-conditioning
METHYLTHIOHEXYL ISOTHIOCYANATE,emollient
METHYLTHIOHEXYL ISOTHIOCYANATE,skin-conditioning
ACRYLATES/ETHYLHEXYL ACRYLATE/STYRENE COPOLYMER,film-forming
ORIGANUM VULGARE LEAF/ROSA CENTIFOLIA FLOWER EXTRACT,skin-conditioning
SACCHAROMYCES/STEVIA REBAUDIANA LEAF/STEM FERMENT EXTRACT,emollient
SACCHAROMYCES/STEVIA REBAUDIANA LEAF/STEM FERMENT EXTRACT,emulsifying
SACCHAROMYCES/STEVIA REBAUDIANA LEAF/STEM FERMENT EXTRACT,surfactant
ARGANIA SPINOSA CALLUS CULTURE EXTRACT,skin-conditioning
SH-OLIGOPEPTIDE-1 ALANYL SR-SPIDER OLIGOPEPTIDE-1,skin-protecting
CARNAUBA ACID WAX,absorbent
CARNAUBA ACID WAX,binding
CARNAUBA ACID WAX,film-forming
CARNAUBA ACID WAX,viscosity-controlling
CHOLESTEROL,emollient
CHOLESTEROL,emulsifying
CHOLESTEROL,skin-conditioning
CHOLESTEROL,stabilising
CHOLESTEROL,viscosity-controlling
RUBUS MOLUCCANUS FRUIT EXTRACT,skin-conditioning
T-BUTYLPHENYL GLYCERYL ETHER,antioxidant
T-BUTYLPHENYL GLYCERYL ETHER,humectant
PENTAERYTHRITYL TETRASTEARATE,emollient
PENTAERYTHRITYL TETRASTEARATE,viscosity-controlling
LACTOBACILLUS/ARUNDINARIA GIGANTEA LEAF FERMENT FILTRATE,skin-conditioning
CAFFEOYL TRIPEPTIDE-34,skin-conditioning
CHELIDONINE,skin-conditioning
PAECILOMYCES JAPONICA/CARAGANA SINICA ROOT FERMENT EXTRACT FILTRATE,emollient
PAECILOMYCES JAPONICA/CARAGANA SINICA ROOT FERMENT EXTRACT FILTRATE,humectant
PAECILOMYCES JAPONICA/CARAGANA SINICA ROOT FERMENT EXTRACT FILTRATE,skin-conditioning
POTASSIUM COCOYL RICE AMINO ACIDS,emollient
POTASSIUM COCOYL RICE AMINO ACIDS,emulsifying
POTASSIUM COCOYL RICE AMINO ACIDS,foam-boosting
POTASSIUM COCOYL RICE AMINO ACIDS,skin-conditioning
LAURYL POLYDIMETHYLSILOXYETHYL DIMETHICONE/BIS-VINYLDIMETHICONE CROSSPOLYMER,viscosity-controlling
RHODODENDROL,skin-conditioning
ASCORBYL METHOXYCINNAMATE,antioxidant
ASCORBYL METHOXYCINNAMATE,skin-conditioning
XYLITYL SESQUICAPRYLATE,antimicrobial
XYLITYL SESQUICAPRYLATE,humectant
XYLITYL SESQUICAPRYLATE,preservative
XYLITYL SESQUICAPRYLATE,skin-conditioning
XYLITYL SESQUICAPRYLATE,surfactant
METROSIDEROS EXCELSA FLOWER/LEAF EXTRACT,skin-conditioning
RAPHANUS SATIVUS/TRIGONELLA FOENUM-GRAECUM/BRASSICA OLERACEA ITALICA SPROUT JUICE,antimicrobial
RAPHANUS SATIVUS/TRIGONELLA FOENUM-GRAECUM/BRASSICA OLERACEA ITALICA SPROUT JUICE,antioxidant
RAPHANUS SATIVUS/TRIGONELLA FOENUM-GRAECUM/BRASSICA OLERACEA ITALICA SPROUT JUICE,skin-conditioning
RAPHANUS SATIVUS/TRIGONELLA FOENUM-GRAECUM/BRASSICA OLERACEA ITALICA SPROUT JUICE,skin-protecting
TRIFLUOROMETHYLBIPYRIDYL BROMOBENZIMIDAZOLE,skin-conditioning
TETRASODIUM TETRACARBOXYMETHYL NARINGENINCHALCONE,skin-conditioning
POLYGLYCERYL-10 HEXACAPRYLATE/CAPRATE,emollient
POLYGLYCERYL-10 HEXACAPRYLATE/CAPRATE,skin-conditioning
POLYGLYCERYL-10 HEXACAPRYLATE/CAPRATE,surfactant
ISOCETYL PALMITATE,emollient
ISOCETYL PALMITATE,skin-conditioning
SH-OLIGOPEPTIDE-1 SR-EGYPTIAN SCORPION OLIGOPEPTIDE-1,skin-protecting
HUMAN FIBROBLAST INDUCED PLURIPOTENT CELL CULTURE CONDITIONED MEDIA,antioxidant
HUMAN FIBROBLAST INDUCED PLURIPOTENT CELL CULTURE CONDITIONED MEDIA,humectant
HUMAN FIBROBLAST INDUCED PLURIPOTENT CELL CULTURE CONDITIONED MEDIA,skin-conditioning
HUMAN FIBROBLAST INDUCED PLURIPOTENT CELL CULTURE CONDITIONED MEDIA,skin-protecting
OLIGOPEPTIDE-89,skin-conditioning
RHODODENDRON YEDOENSE FLOWER EXTRACT,skin-conditioning
LYCIUM CHINENSE FRUIT JUICE,skin-conditioning
PALMITOYL DIPEPTIDE-5 DIAMINOBUTYROYL HYDROXYTHREONINE,skin-conditioning
DIBEHENYL FUMARATE,viscosity-controlling
URSOLOYL TRIPEPTIDE-35,antioxidant
URSOLOYL TRIPEPTIDE-35,skin-protecting
BACILLUS/MONASCUS/MALLOTUS JAPONICUS LEAF/SOYBEAN FERMENT FILTRATE,antiseborrhoeic
BACILLUS/MONASCUS/MALLOTUS JAPONICUS LEAF/SOYBEAN FERMENT FILTRATE,emollient
BACILLUS/MONASCUS/MALLOTUS JAPONICUS LEAF/SOYBEAN FERMENT FILTRATE,skin-conditioning
GRIFOLA FRONDOSA /(PANAX GINSENG/REHMANNIA GLUTINOSA/GLYCYRRHIZA URALENSIS/ANGELICA GIGAS/OPHIOPOGON JAPONICUS/ATRACTYLODES MACROCEPHALA/ASTRAGALUS MEMBRANACEUS) ROOT/RICE SEED/CITRUS UNSHIU PEEL/CARTHAMUS TINCTORIUS FLOWER FERMENT FILTRATE EXTRACT,emollient
GRIFOLA FRONDOSA /(PANAX GINSENG/REHMANNIA GLUTINOSA/GLYCYRRHIZA URALENSIS/ANGELICA GIGAS/OPHIOPOGON JAPONICUS/ATRACTYLODES MACROCEPHALA/ASTRAGALUS MEMBRANACEUS) ROOT/RICE SEED/CITRUS UNSHIU PEEL/CARTHAMUS TINCTORIUS FLOWER FERMENT FILTRATE EXTRACT,skin-conditioning
PEG-5 GLYCERYL TRIISOSTEARATE,emollient
PEG-5 GLYCERYL TRIISOSTEARATE,emulsifying
ODONTIODA LAVENDER LACE FLOWER EXTRACT,humectant
HYDROLYZED GOAT MILK EXTRACT,film-forming
HYDROLYZED GOAT MILK EXTRACT,skin-conditioning
HYDROLYZED GOAT MILK EXTRACT,skin-protecting
DRACOCEPHALUM MOLDAVICA SEED OIL,antioxidant
DRACOCEPHALUM MOLDAVICA SEED OIL,emollient
DRACOCEPHALUM MOLDAVICA SEED OIL,skin-conditioning
DRACOCEPHALUM MOLDAVICA SEED OIL,skin-protecting
GLEDITSIA AUSTRALIS THORN EXTRACT,skin-conditioning
CURCUMA LONGA CALLUS EXTRACT,skin-protecting
1-(3‚4-DIMETHOXYPHENYL)-4‚4-DIMETHYL-1‚3-PENTANEDIONE,stabilising
1-(3‚4-DIMETHOXYPHENYL)-4‚4-DIMETHYL-1‚3-PENTANEDIONE,uv-filter
ACETYL HEXAPEPTIDE-49,skin-conditioning
PRUNUS PERSICA FRUIT EXTRACT,abrasive
PRUNUS PERSICA FRUIT EXTRACT,bulking
PRUNUS PERSICA FRUIT EXTRACT,moisturising
PRUNUS PERSICA FRUIT EXTRACT,skin-conditioning
ACACIA FARNESIANA GUM,astringent
ACACIA FARNESIANA GUM,film-forming
ACACIA FARNESIANA GUM,viscosity-controlling
DECYL GLUCOSIDE,cleansing
DECYL GLUCOSIDE,emulsion-stabilising
DECYL GLUCOSIDE,surfactant
C18-29 ALKANE,emollient
C18-29 ALKANE,skin-conditioning
CELLULOSE ACETATE PROPIONATE CARBOXYLATE,binding
CELLULOSE ACETATE PROPIONATE CARBOXYLATE,emulsion-stabilising
CELLULOSE ACETATE PROPIONATE CARBOXYLATE,film-forming
CELLULOSE ACETATE PROPIONATE CARBOXYLATE,surfactant
CELLULOSE ACETATE PROPIONATE CARBOXYLATE,viscosity-controlling
ETHYLHEXYL ISONONANOATE,emollient
THUJA PLICATA WOOD WATER,skin-conditioning
TABEBUIA IMPETIGINOSA LEAF EXTRACT,skin-conditioning
SH-PENTAPEPTIDE-19,skin-conditioning
CYMBIDIUM KANRAN EXTRACT,antioxidant
CYMBIDIUM KANRAN EXTRACT,astringent
CYMBIDIUM KANRAN EXTRACT,emollient
CYMBIDIUM KANRAN EXTRACT,skin-conditioning
AILANTHUS ALTISSIMA BARK EXTRACT,skin-conditioning
WISTERIA BRACHYBOTRYS LEAF EXTRACT,emollient
METHYLHEPTYL ISOSTEARATE,skin-conditioning
BERTHOLLETIA EXCELSA FLOWER EXTRACT,skin-conditioning
DIISOBUTYL ADIPATE,emollient
DIISOBUTYL ADIPATE,masking
DIISOBUTYL ADIPATE,plasticiser
DIISOBUTYL ADIPATE,skin-conditioning
DIISOBUTYL ADIPATE,solvent
BETA VULGARIS ROOT JUICE,skin-conditioning
CURCUMA AROMATICA ROOT OIL,skin-conditioning
DELTAMETHRIN,masking
DELTAMETHRIN,skin-conditioning
METHYL STEARATE,emollient
METHYL STEARATE,skin-conditioning
PPG-68-PEG-10 TRIMETHYLOLPROPANE,skin-conditioning
PPG-68-PEG-10 TRIMETHYLOLPROPANE,surfactant
PLUKENETIA VOLUBILIS SEEDCAKE EXTRACT,skin-conditioning
MONOGLYCERIDES LACTATE,emollient
MONOGLYCERIDES LACTATE,skin-conditioning
ASTILBE CHINENSIS ROOT EXTRACT,antioxidant
ASTILBE CHINENSIS ROOT EXTRACT,skin-protecting
THREONINAMIDO ORNITHINE,skin-conditioning
BEE VENOM,astringent
BEE VENOM,skin-protecting
PPG-8-CETETH-2,skin-conditioning
PPG-8-CETETH-2,surfactant
CATALPA OVATA FRUIT EXTRACT,skin-conditioning
SH-POLYPEPTIDE-50,skin-conditioning
JASMINUM GRANDIFLORUM FLOWER CERA,skin-conditioning
MYRISTOYL PENTAPEPTIDE-8,skin-conditioning
ARCTIUM MAJUS ROOT WATER,skin-conditioning
BLACK CURRANT SEED OIL/OLIVE OIL/AMINOPROPANEDIOL ESTERS,skin-conditioning
XEROCHRYSUM BRACTEATUM FLOWER/LEAF/STEM,skin-conditioning
ETHYLHEXYL BEHENATE,emollient
ETHYLHEXYL BEHENATE,skin-conditioning
BEHENYL/OCTYLDODECYL PROPANEDIOL CITRATE CROSSPOLYMER,skin-conditioning
OVOTRANSFERRIN,antimicrobial
OVOTRANSFERRIN,antiplaque
OVOTRANSFERRIN,chelating
OVOTRANSFERRIN,oral-care
OVOTRANSFERRIN,preservative
OVOTRANSFERRIN,skin-conditioning
INGA BOURGONI BARK EXTRACT,skin-conditioning
TRIPEPTIDE-49 OLIGOPEPTIDE-91 DIPEPTIDE-19 SH-POLYPEPTIDE-3,skin-conditioning
FRAXINUS EXCELSIOR WOOD EXTRACT,skin-conditioning
ISOBUTYLMETHACRYLATE/BIS-HYDROXYPROPYL DIMETHICONE ACRYLATE COPOLYMER,film-forming
AJUGA TURKESTANICA EXTRACT,skin-conditioning
POTASSIUM GLYCYRRHIZINATE,skin-conditioning
PEANUT GLYCERIDES,emulsifying
PEANUT GLYCERIDES,skin-conditioning
STREPTOCOCCUS THERMOPHILUS/CYCLOPIA INTERMEDIA LEAF/STEM EXTRACT/LACTOSE/WHOLE DRY MILK FERMENT,antioxidant
STREPTOCOCCUS THERMOPHILUS/CYCLOPIA INTERMEDIA LEAF/STEM EXTRACT/LACTOSE/WHOLE DRY MILK FERMENT,emollient
STREPTOCOCCUS THERMOPHILUS/CYCLOPIA INTERMEDIA LEAF/STEM EXTRACT/LACTOSE/WHOLE DRY MILK FERMENT,skin-conditioning
STREPTOCOCCUS THERMOPHILUS/CYCLOPIA INTERMEDIA LEAF/STEM EXTRACT/LACTOSE/WHOLE DRY MILK FERMENT,skin-protecting
POLYQUATERNIUM-36,antistatic
POLYQUATERNIUM-36,film-forming
C10-40 HYDROXYALKYL ACID CHOLESTEROL ESTERS,skin-conditioning
C10-40 HYDROXYALKYL ACID CHOLESTEROL ESTERS,viscosity-controlling
SAPONARIA OFFICINALIS ROOT POWDER,cleansing
SAPONARIA OFFICINALIS ROOT POWDER,skin-conditioning
SAPONARIA OFFICINALIS ROOT POWDER,surfactant
PPG-5-LAURETH-5,emollient
PPG-5-LAURETH-5,emulsifying
PARINARI CURATELLIFOLIA OIL POLYGLYCERYL-6 ESTERS,emollient
PARINARI CURATELLIFOLIA OIL POLYGLYCERYL-6 ESTERS,emulsifying
PARINARI CURATELLIFOLIA OIL POLYGLYCERYL-6 ESTERS,skin-conditioning
PARINARI CURATELLIFOLIA OIL POLYGLYCERYL-6 ESTERS,surfactant
PHALLUS INDUSIATUS MYCELIUM/POLYGONUM MULTIFLORUM ROOT EXTRACT FERMENT FILTRATE,skin-conditioning
URIC ACID,buffering
URIC ACID,skin-conditioning
LUFFA CYLINDRICA SEED OIL,skin-conditioning
BIFIDOBACTERIUM,skin-protecting
CELLULOSE,absorbent
CELLULOSE,bulking
CELLULOSE,opacifying
CELLULOSE,viscosity-controlling
COPPER HEPTAPEPTIDE-14 PANTOTHENATE,skin-conditioning
MAGNESIUM/ALUMINUM/HYDROXIDE/CARBONATE,viscosity-controlling
DUNALIELLA SALINA/HAEMATOCOCCUS PLUVIALIS EXTRACT,antioxidant
DUNALIELLA SALINA/HAEMATOCOCCUS PLUVIALIS EXTRACT,skin-protecting
HEXYL ISOSTEARATE,emollient
HEXYL ISOSTEARATE,skin-conditioning
REHMANNIA GLUTINOSA ROOT EXTRACT,skin-conditioning
HELICHRYSUM ITALICUM FLOWER WATER,skin-conditioning
HYDROLYZED PANAX GINSENG MERISTEM CELL,antioxidant
HYDROLYZED PANAX GINSENG MERISTEM CELL,skin-conditioning
HYDROLYZED PANAX GINSENG MERISTEM CELL,skin-protecting
ETHYLHEXYL ISOPALMITATE,emollient
LINARIA CYMBALARIA FLOWER/LEAF/STEM EXTRACT,skin-conditioning
POLYGONATUM OFFICINALE RHIZOME/ROOT POWDER,emulsifying
POLYGONATUM OFFICINALE RHIZOME/ROOT POWDER,skin-conditioning
POLYGONATUM OFFICINALE RHIZOME/ROOT POWDER,surfactant
COLLOIDAL GOLD/CAMELLIA SINENSIS LEAF POWDER,antioxidant
COLLOIDAL GOLD/CAMELLIA SINENSIS LEAF POWDER,humectant
COLLOIDAL GOLD/CAMELLIA SINENSIS LEAF POWDER,skin-conditioning
COLLOIDAL GOLD/CAMELLIA SINENSIS LEAF POWDER,skin-protecting
PEG-4 GLYCERYL DISTEARATE,emollient
PEG-4 GLYCERYL DISTEARATE,skin-conditioning
ASPERGILLUS/RICE FERMENT FILTRATE,skin-conditioning
DISODIUM BIS-DIOLEOYL GLYCEROPHOSPHOGLYCERIN,skin-conditioning
VERBENA OFFICINALIS WATER,skin-conditioning
LAMINARIA OCHOTENSIS EXTRACT,emollient
LAMINARIA OCHOTENSIS EXTRACT,skin-conditioning
RICINOLEAMIDE MIPA,antistatic
RICINOLEAMIDE MIPA,foam-boosting
RICINOLEAMIDE MIPA,surfactant
RICINOLEAMIDE MIPA,viscosity-controlling
POLYGLYCERYL-2 TETRABEHENATE/MACADAMIATE/SEBACATE,emollient
VA/CROTONIC ACID/PEG-20M COPOLYMER,film-forming
ISOSTEARYL NEOPENTANOATE,binding
ISOSTEARYL NEOPENTANOATE,emollient
ISOSTEARYL NEOPENTANOATE,skin-conditioning
ACRYLATES/METHACRYLOYLOXYETHYL PHOSPHATE COPOLYMER,skin-protecting
DAUCUS CAROTA SATIVA ROOT CELL CULTURE LYSATE,skin-conditioning
DIPTERYX ODORATA SEED OIL,emollient
DIPTERYX ODORATA SEED OIL,masking
DIPTERYX ODORATA SEED OIL,skin-conditioning
ISOSTEARYL ETHYLHEXANOATE,emollient
ISOSTEARYL ETHYLHEXANOATE,skin-conditioning
ASPARAGUS LUCIDUS ROOT EXTRACT,humectant
ASPARAGUS LUCIDUS ROOT EXTRACT,skin-conditioning
ISOBUTYL STEARATE,emollient
ISOBUTYL STEARATE,skin-conditioning
CITRUS TACHIBANA/RETICULATA FRUIT JUICE,flavouring
CITRUS TACHIBANA/RETICULATA FRUIT JUICE,skin-conditioning
LITHIUM STEARATE,anticaking
LITHIUM STEARATE,binding
LITHIUM STEARATE,opacifying
LITHIUM STEARATE,viscosity-controlling
SHEA BUTTER GLYCERIDE,emollient
SHEA BUTTER GLYCERIDE,emulsifying
DIHYDROXYMETHYLSILYLPROPOXY HYDROXYPROPYL HYDROLYZED CASEIN,skin-conditioning
PIPER METHYSTICUM RHIZOME/ROOT EXTRACT,skin-conditioning
SOYBEAN OIL PEG-36 ESTERS,emollient
SOYBEAN OIL PEG-36 ESTERS,emulsifying
VERONICA OFFICINALIS FLOWER/LEAF/STEM EXTRACT,astringent
VERONICA OFFICINALIS FLOWER/LEAF/STEM EXTRACT,skin-conditioning
BETULA ALBA LEAF,skin-conditioning
DILAURETH-7 CITRATE,emollient
DILAURETH-7 CITRATE,emulsifying
DILAURETH-7 CITRATE,skin-conditioning
DILAURETH-7 CITRATE,surfactant
PRUNUS AMYGDALUS DULCIS FLOWER EXTRACT,humectant
MYRISTOYL DIPEPTIDE-13,skin-conditioning
CETETH-5 STEARATE,skin-conditioning
PAEONIA LACTIFLORA PHYTOPLACENTA EXTRACT,antimicrobial
PAEONIA LACTIFLORA PHYTOPLACENTA EXTRACT,antioxidant
PAEONIA LACTIFLORA PHYTOPLACENTA EXTRACT,skin-conditioning
PAEONIA LACTIFLORA PHYTOPLACENTA EXTRACT,skin-protecting
SR-ESCHERICHIA COLI POLYPEPTIDE-1 TRIPEPTIDE-64 SR-SILKWORM POLYPEPTIDE-1 SH-POLYPEPTIDE-50 OLIGOPEPTIDE-144 HEXAPEPTIDE-40,humectant
SR-ESCHERICHIA COLI POLYPEPTIDE-1 TRIPEPTIDE-64 SR-SILKWORM POLYPEPTIDE-1 SH-POLYPEPTIDE-50 OLIGOPEPTIDE-144 HEXAPEPTIDE-40,skin-conditioning
ALLYL METHACRYLATE/GLYCOL DIMETHACRYATE CROSSPOLYMER,emollient
ALLYL METHACRYLATE/GLYCOL DIMETHACRYATE CROSSPOLYMER,oral-care
ALLYL METHACRYLATE/GLYCOL DIMETHACRYATE CROSSPOLYMER,skin-conditioning
ALLYL METHACRYLATE/GLYCOL DIMETHACRYATE CROSSPOLYMER,skin-protecting
PPG-28 CETYL ETHER,skin-conditioning
PERSEA GRATISSIMA CERA,emollient
HYDROLYZED GRACILARIOPSIS CHIANGII EXTRACT,skin-conditioning
IPDI/DI-C12-13 ALKYL TARTRATE/BIS-HYDROXYETHOXYPROPYL DIMETHICONE COPOLYMER,film-forming
VIBURNUM LANTANA BUD EXTRACT,skin-conditioning
SH-DECAPEPTIDE-1 SH-POLYPEPTIDE-11,skin-conditioning
ACRYLONITRILE/METHYL METHACRYLATE CROSSPOLYMER,film-forming
AVENA SATIVA PROTEIN EXTRACT,skin-conditioning
HYDROGENATED TALLOWAMIDE DEA,foam-boosting
HYDROGENATED TALLOWAMIDE DEA,stabilising
HYDROGENATED TALLOWAMIDE DEA,surfactant
HYDROGENATED TALLOWAMIDE DEA,viscosity-controlling
BUTYROYL TRIHEXYL CITRATE,emollient
BUTYROYL TRIHEXYL CITRATE,plasticiser
HYDROXYPROPYL BISISOSTEARAMIDE MEA,emollient
BUTYROSPERMUM PARKII BUTTER,skin-conditioning
BUTYROSPERMUM PARKII BUTTER,viscosity-controlling
TRIPEPTIDE-65,skin-conditioning
SH-OLIGOPEPTIDE-8,humectant
SH-OLIGOPEPTIDE-8,skin-conditioning
SH-OLIGOPEPTIDE-8,skin-protecting
SUCROSE TETRASTEARATE TRIACETATE,emollient
SUCROSE TETRASTEARATE TRIACETATE,emulsifying
SUCROSE TETRASTEARATE TRIACETATE,skin-conditioning
METHYLSILANOL GLYCYRRHIZINATE,skin-conditioning
TRIPELARGONIN,emollient
TRIPELARGONIN,skin-conditioning
LENTINUS EDODES MYCELIUM EXTRACT,skin-conditioning
RIBES NIGRUM CALLUS POWDER,skin-conditioning
C8-12 ACID TRIGLYCERIDE,skin-conditioning
C8-12 ACID TRIGLYCERIDE,solvent
C8-12 ACID TRIGLYCERIDE,viscosity-controlling
ACRYLATES/C12-22 ALKYL METHACRYLATE COPOLYMER,film-forming
PEG-25 PABA,uv-absorber
PEG-25 PABA,uv-filter
PICHIA/SAFFLOWER FLOWER FERMENT FILTRATE,skin-conditioning
BIS-COUMARAMIDOBUTANE,skin-conditioning
ISHIGE FOLIACEA EXTRACT,skin-conditioning
POLYGLYCERYL-6 DIPALMITATE,emollient
POLYGLYCERYL-6 DIPALMITATE,emulsifying
BOEHMERIA PANNOSA BRANCH/LEAF EXTRACT,skin-conditioning
SODIUM ASCORBYL GLUCOSIDE,humectant
SODIUM ASCORBYL GLUCOSIDE,skin-conditioning
AMARYLLIS BELLADONNA FLOWER/LEAF/STEM EXTRACT,humectant
AMARYLLIS BELLADONNA FLOWER/LEAF/STEM EXTRACT,skin-conditioning
POLYGLYCERYL-6 PENTARICINOLEATE,emollient
POLYGLYCERYL-6 PENTARICINOLEATE,emulsifying
MIPA-MYRISTATE,foam-boosting
MIPA-MYRISTATE,surfactant
MIPA-MYRISTATE,viscosity-controlling
BUTYL METHOXYDIBENZOYLMETHANE,uv-absorber
BUTYL METHOXYDIBENZOYLMETHANE,uv-filter
KLUYVEROMYCES/LACTOBACILLUS/ACANTHOPANAX KOREANUM BARK/STEM OIL FERMENT FILTRATE,antioxidant
KLUYVEROMYCES/LACTOBACILLUS/ACANTHOPANAX KOREANUM BARK/STEM OIL FERMENT FILTRATE,astringent
KLUYVEROMYCES/LACTOBACILLUS/ACANTHOPANAX KOREANUM BARK/STEM OIL FERMENT FILTRATE,skin-conditioning
KLUYVEROMYCES/LACTOBACILLUS/ACANTHOPANAX KOREANUM BARK/STEM OIL FERMENT FILTRATE,skin-protecting
DIPROPYLENE GLYCOL SALICYLATE,emollient
DIPROPYLENE GLYCOL SALICYLATE,skin-conditioning
DIPROPYLENE GLYCOL SALICYLATE,surfactant
DIPROPYLENE GLYCOL SALICYLATE,tonic
DIPROPYLENE GLYCOL SALICYLATE,viscosity-controlling
PYLAIELLA LITTORALIS EXTRACT,skin-protecting
CALOPHYLLUM TACAMAHACA SEED EXTRACT,humectant
CALOPHYLLUM TACAMAHACA SEED EXTRACT,skin-conditioning
BACILLUS/MORUS ALBA LEAF/SOYBEAN SEED FERMENT FILTRATE,antimicrobial
BACILLUS/MORUS ALBA LEAF/SOYBEAN SEED FERMENT FILTRATE,antioxidant
BACILLUS/MORUS ALBA LEAF/SOYBEAN SEED FERMENT FILTRATE,antiseborrhoeic
BACILLUS/MORUS ALBA LEAF/SOYBEAN SEED FERMENT FILTRATE,emollient
AESCULUS HIPPOCASTANUM BARK EXTRACT,astringent
AESCULUS HIPPOCASTANUM BARK EXTRACT,skin-conditioning
AESCULUS HIPPOCASTANUM BARK EXTRACT,tonic
PEG-444 PENTAERYTHRITYL TETRA(AMIDOGLUTAROYL SUCCINIMIDO ETHYL ETHER),emollient
PEG-444 PENTAERYTHRITYL TETRA(AMIDOGLUTAROYL SUCCINIMIDO ETHYL ETHER),skin-conditioning
THEOBROMA GRANDIFLORUM FRUIT EXTRACT,skin-conditioning
CAPROYL DIPEPTIDE-21 AMIDE,antioxidant
CAPROYL DIPEPTIDE-21 AMIDE,skin-conditioning
CAPROYL DIPEPTIDE-21 AMIDE,skin-protecting
POLYGLYCERYL-2 TETRAPELARGONATE,emollient
POLYGLYCERYL-2 TETRAPELARGONATE,skin-conditioning
POLYDIETHYLSILOXANE,emollient
HYDROGENATED EGG OIL,skin-conditioning
DISODIUM C12-14 PARETH-2 SULFOSUCCINATE,cleansing
DISODIUM C12-14 PARETH-2 SULFOSUCCINATE,foam-boosting
DISODIUM C12-14 PARETH-2 SULFOSUCCINATE,hydrotrope
DISODIUM C12-14 PARETH-2 SULFOSUCCINATE,skin-conditioning
DISODIUM C12-14 PARETH-2 SULFOSUCCINATE,surfactant
SPIRAEA PRUNIFOLIA BRANCH/LEAF EXTRACT,skin-conditioning
BOLBOSTEMMA PANICULATUM STEM EXTRACT,skin-conditioning
PLUKENETIA VOLUBILIS SEED EXTRACT,skin-conditioning
HORDEUM VULGARE LEAF JUICE,emollient
HORDEUM VULGARE LEAF JUICE,skin-conditioning
ASPERGILLUS/SOYBEAN/WHEAT GERM/CAMELLIA SINENSIS LEAF/JOB'S TEARS SEED/RICE GERM/SESAME SEED FERMENT EXTRACT,humectant
TRIMETHYLOLPROPANE TRILAURATE,emollient
TRIMETHYLOLPROPANE TRILAURATE,skin-conditioning
ASPERGILLUS/SACCHAROMYCES/IPOMOEA BATATAS ROOT FERMENT LEES EXTRACT,humectant
ASPERGILLUS/SACCHAROMYCES/IPOMOEA BATATAS ROOT FERMENT LEES EXTRACT,skin-conditioning
SILVER BOROSILICATE,antimicrobial
SILVER BOROSILICATE,skin-conditioning
OLEYL LINOLEATE,emollient
HYDROXYLAURIC ACID,skin-conditioning
OLIGOPEPTIDE-122,skin-conditioning
COIX LACRYMA-JOBI MA-YUEN SEED OIL,skin-conditioning
CITRUS AURANTIUM TACHIBANA PEEL EXTRACT,humectant
CITRUS AURANTIUM TACHIBANA PEEL EXTRACT,skin-conditioning
PICHIA/OSAJIN FERMENT EXTRACT,skin-conditioning
VACCINIUM MYRTILLUS LEAF CELL EXTRACT,skin-conditioning
METHOXYDIGLYCOL METHACRYLATE,film-forming
CYCAS REVOLUTA LEAF POWDER,abrasive
CYCAS REVOLUTA LEAF POWDER,skin-conditioning
GLYCINE SOJA GERM EXTRACT,emollient
GLYCINE SOJA GERM EXTRACT,skin-conditioning
CYATHEA MEDULLARIS LEAF EXTRACT,skin-conditioning
CARPINUS BETULUS FLOWER EXTRACT,skin-conditioning
ARGAN OIL PEG-8 ESTERS,emollient
ARGAN OIL PEG-8 ESTERS,emulsifying
ARGAN OIL PEG-8 ESTERS,skin-conditioning
ARGAN OIL PEG-8 ESTERS,surfactant
ANGELICA GLAUCA ROOT EXTRACT,skin-conditioning
OLETH-2 BENZOATE,emollient
OLETH-2 BENZOATE,skin-conditioning
PFAFFIA GLOMERATA ROOT JUICE,skin-conditioning
LEONURUS SIBIRICUS LEAF EXTRACT,skin-conditioning
LACTOBACILLUS/RHODOPSEUDOMONAS/SACCHAROMYCES/MOLASSES/LAVENDER/THYMUS SERPYLLUM/CYMBOPOGON CITRATUS/PEPPERMINT/MELISSA OFFICINALIS/CHAMOMILLA RECUTITA FLOWER/BERGAMOT LEAF/SPEARMINT/ROSEMARY FERMENT FILTRATE,emollient
LACTOBACILLUS/RHODOPSEUDOMONAS/SACCHAROMYCES/MOLASSES/LAVENDER/THYMUS SERPYLLUM/CYMBOPOGON CITRATUS/PEPPERMINT/MELISSA OFFICINALIS/CHAMOMILLA RECUTITA FLOWER/BERGAMOT LEAF/SPEARMINT/ROSEMARY FERMENT FILTRATE,skin-conditioning
CHONDRUS ELATUS EXTRACT,emollient
CHONDRUS ELATUS EXTRACT,skin-conditioning
OLEYL ERUCATE,emollient
BUTYLENE GLYCOL COCOATE,emulsifying
BUTYLENE GLYCOL COCOATE,emulsion-stabilising
BUTYLENE GLYCOL COCOATE,viscosity-controlling
COLOCASIA ESCULENTA ROOT EXTRACT,skin-conditioning
OLEYL LACTATE,emollient
NARCISSUS PSEUDONARCISSUS FLOWER EXTRACT,skin-conditioning
AVOCADO OIL PEG-8 ESTERS,emollient
AVOCADO OIL PEG-8 ESTERS,emulsifying
AVOCADO OIL PEG-8 ESTERS,skin-conditioning
AVOCADO OIL PEG-8 ESTERS,surfactant
SOLANUM MELONGENA ROOT EXTRACT,skin-conditioning
GLYCERYL COCOATE/CITRATE/LACTATE,emollient
PROPYLENE GLYCOL LAURATE,skin-conditioning
PROPYLENE GLYCOL LAURATE,surfactant
TRILACTIN,humectant
TRILACTIN,moisturising
TRILACTIN,skin-conditioning
PRUNUS CERASUS FRUIT WATER,emollient
PRUNUS CERASUS FRUIT WATER,skin-conditioning
MYRISTOYL PENTAPEPTIDE-9,skin-conditioning
POLY(DIMER ALMOND OIL),film-forming
POLY(DIMER ALMOND OIL),skin-conditioning
POLY(DIMER ALMOND OIL),viscosity-controlling
PALMITOYL MARE MILK,skin-conditioning
ACETYL CYSTEINE,antioxidant
ACETYL CYSTEINE,skin-conditioning
DIMER DILINOLEYL DIMER DILINOLEATE/IPDI COPOLYMER,binding
DIMER DILINOLEYL DIMER DILINOLEATE/IPDI COPOLYMER,emollient
DIMER DILINOLEYL DIMER DILINOLEATE/IPDI COPOLYMER,skin-conditioning
HEXAPEPTIDE-67 PALMITATE,skin-conditioning
COLEUS BARBATUS ROOT EXTRACT,skin-conditioning
AEGOPODIUM PODAGRARIA EXTRACT,skin-conditioning
PSORALEA CORYLIFOLIA SEED POWDER,skin-conditioning
POLY(BENZOTRIAZOLYLHYDROXYPHENETHYL METHACRYLATE),skin-protecting
POLY(BENZOTRIAZOLYLHYDROXYPHENETHYL METHACRYLATE),stabilising
HYDROXYPROPYL TRIMONIUM CORN/WHEAT/SOY AMINO ACIDS,humectant
HYDROXYPROPYL TRIMONIUM CORN/WHEAT/SOY AMINO ACIDS,skin-conditioning
TRISODIUM TETRAMETHYLHEXADECENYLCYSTEINE BIS-CARBOXYMETHYL FORMYLAMINE,skin-protecting
SOLANUM VIRGINIANUM EXTRACT,skin-conditioning
SOLIDAGO ODORA EXTRACT,skin-conditioning
THAUMATOCOCCUS DANIELLI FRUIT EXTRACT,skin-conditioning
BIS-(C12-14 ALKYL PPG-2) HEXAMETHYLENEDIUREA,viscosity-controlling
ACETOBACTER/SACCHAROMYCES/RICE KERNEL FERMENT,skin-conditioning
JASMINUM OFFICINALE FLOWER POWDER,skin-conditioning
DECURSIN,antioxidant
DECURSIN,emollient
DECURSIN,skin-conditioning
DECURSIN,skin-protecting
GLYCERYL MYRISTATE,emollient
GLYCERYL MYRISTATE,emulsifying
MESYLOXYBENZYL ISOBUTYLBENZENESULFONAMIDE,skin-conditioning
COCOYL ARGININAMIDE,skin-conditioning
HYDROLYZED COIX LACRYMA-JOBI MA-YUEN SEED,humectant
OENOCARPUS BATAUA SEED OIL,emollient
PYRUS MALUS SEED EXTRACT,skin-conditioning
CALCIUM PHOSPHATE,abrasive
CALCIUM PHOSPHATE,antiplaque
CALCIUM PHOSPHATE,buffering
CALCIUM PHOSPHATE,bulking
CALCIUM PHOSPHATE,oral-care
CALCIUM PHOSPHATE,viscosity-controlling
COENOCHLORIS SIGNIENSIS EXTRACT,skin-conditioning
COFFEA CANEPHORA SEED EXTRACT,emollient
COFFEA CANEPHORA SEED EXTRACT,skin-conditioning
ENTEROCOCCUS FAECIUM/RHEUM PALMATUM ROOT EXTRACT FERMENT FILTRATE,emollient
ENTEROCOCCUS FAECIUM/RHEUM PALMATUM ROOT EXTRACT FERMENT FILTRATE,skin-conditioning
ACETYLATED HYDROGENATED LARD GLYCERIDE,emollient
ACETYLATED HYDROGENATED LARD GLYCERIDE,skin-conditioning
ACRYLATES/PEG-4 DIMETHACRYLATE CROSSPOLYMER,film-forming
SH-POLYPEPTIDE-94,skin-conditioning
ISODECYL CITRATE,emollient
ISODECYL CITRATE,plasticiser
ISODECYL CITRATE,skin-conditioning
MELICOPE ELLERYANA LEAF EXTRACT,antioxidant
MELICOPE ELLERYANA LEAF EXTRACT,skin-protecting
POLYGLYCERYL-10 ISOSTEARATE,skin-conditioning
ISODONIS JAPONICUS LEAF/STALK EXTRACT,masking
ISODONIS JAPONICUS LEAF/STALK EXTRACT,skin-conditioning
IRIS GERMANICA ROOT,skin-conditioning
CLEMATIS APIIFOLIA EXTRACT,skin-conditioning
FAEX,skin-conditioning
MADECASSOSIDE,antioxidant
MADECASSOSIDE,skin-conditioning
ASPERGILLUS/RICE BRAN FERMENT EXTRACT,emollient
ASPERGILLUS/RICE BRAN FERMENT EXTRACT,humectant
ASPERGILLUS/RICE BRAN FERMENT EXTRACT,skin-conditioning
ALCHEMILLA VULGARIS LEAF EXTRACT,antioxidant
ALCHEMILLA VULGARIS LEAF EXTRACT,astringent
ALCHEMILLA VULGARIS LEAF EXTRACT,skin-conditioning
SILKWORM SH-OLIGOPEPTIDE-1,skin-conditioning
MENTHA VIRIDIS LEAF JUICE,skin-conditioning
CAMELLIA SINENSIS LEAF OIL,antioxidant
CAMELLIA SINENSIS LEAF OIL,skin-conditioning
SODIUM HYDROXYPROPYL STARCH PHOSPHATE,abrasive
SODIUM HYDROXYPROPYL STARCH PHOSPHATE,bulking
SODIUM HYDROXYPROPYL STARCH PHOSPHATE,viscosity-controlling
VIBURNUM OPULUS BARK EXTRACT,astringent
VIBURNUM OPULUS BARK EXTRACT,skin-conditioning
PPG-6 TRIDECETH-8,emollient
PPG-6 TRIDECETH-8,emulsifying
BRASSICA NAPUS SPROUT EXTRACT,humectant
BRASSICA NAPUS SPROUT EXTRACT,skin-conditioning
LACTAMIDE DEA,skin-conditioning
SUCCINOYL SERUM ALBUMIN,skin-conditioning
TRIPEPTIDE-54,skin-conditioning
SH-OLIGOPEPTIDE-1 SR-SEA RAVEN POLYPEPTIDE-1,skin-protecting
COREOPSIS BASALIS EXTRACT,antioxidant
COREOPSIS BASALIS EXTRACT,humectant
COREOPSIS BASALIS EXTRACT,skin-conditioning
POLYGLYCERYL-4 DILAURATE,emollient
POLYGLYCERYL-4 DILAURATE,emulsifying
MURRAYA EXOTICA WOOD POWDER,humectant
ILLITE EXTRACT,skin-conditioning
SOPHORA JAPONICA FLOWER EXTRACT,skin-protecting
HYDROLYZED VIOLA TRICOLOR EXTRACT,skin-protecting
TRICYCLODECANEDIMETHANOL DIACRYLATE,skin-conditioning
LACTIS LIPIDA,emollient
LACTIS LIPIDA,skin-conditioning
TRIISOCETYL CITRATE,emollient
TRIISOCETYL CITRATE,skin-conditioning
CALCIUM TITANATE,skin-protecting
SODIUM LEVULINATE,skin-conditioning
FRAXINUS EXCELSIOR BARK EXTRACT,skin-conditioning
OLIGOPEPTIDE-99 AMIDE,antimicrobial
OLIGOPEPTIDE-99 AMIDE,antioxidant
OLIGOPEPTIDE-99 AMIDE,antiseborrhoeic
OLIGOPEPTIDE-99 AMIDE,skin-protecting
TITHONIA DIVERSIFOLIA FLOWER EXTRACT,skin-conditioning
PEG-3 TRIMETHYLOLPROPANE TRIACRYLATE,binding
PEG-3 TRIMETHYLOLPROPANE TRIACRYLATE,film-forming
RICE SH-POLYPEPTIDE-9,skin-conditioning
PRUNUS PERSICA FLOWER POWDER,abrasive
PRUNUS PERSICA FLOWER POWDER,masking
PRUNUS PERSICA FLOWER POWDER,skin-protecting
ACETYL OCTAPEPTIDE-29 AMIDE,skin-conditioning
SH-OLIGOPEPTIDE-83 AMIDE,emollient
SH-OLIGOPEPTIDE-83 AMIDE,humectant
SH-OLIGOPEPTIDE-83 AMIDE,skin-conditioning
TETRAPEPTIDE-63 ACETATE,skin-conditioning
FUCUS VESICULOSUS,skin-conditioning
TETRAPEPTIDE-62,skin-conditioning
SH-POLYPEPTIDE-39,skin-conditioning
PELARGONIUM SIDOIDES CALLUS EXTRACT,skin-conditioning
ERIGERON ANNUUS FLOWER EXTRACT,skin-conditioning
PEONIFLORIN,skin-protecting
HOUTTUYNIA CORDATA FLOWER/LEAF/STEM WATER,antimicrobial
HOUTTUYNIA CORDATA FLOWER/LEAF/STEM WATER,antioxidant
HOUTTUYNIA CORDATA FLOWER/LEAF/STEM WATER,skin-conditioning
SMILAX CHINA BARK EXTRACT,skin-conditioning
PEG-160M,binding
PEG-160M,emulsion-stabilising
PEG-160M,viscosity-controlling
TOCOPHERYLOXYPROPYL TRISILOXANE,emollient
TOCOPHERYLOXYPROPYL TRISILOXANE,skin-conditioning
POLYGONATUM MULTIFLORUM RHIZOME EXTRACT,skin-conditioning
PHYLLOSTACHYS EDULIS LEAF/SHOOT EXTRACT,skin-protecting
DIPEPTIDE-28 NICOTINATE,skin-conditioning
PISTACIA LENTISCUS LEAF CERA,skin-protecting
PISTACIA LENTISCUS LEAF CERA,viscosity-controlling
RASPBERRY SEED OIL/TOCOPHERYL SUCCINATE AMINOPROPANEDIOL ESTERS,skin-conditioning
SODIUM CARBOXYMETHYL DEXTRAN,binding
SODIUM CARBOXYMETHYL DEXTRAN,emulsion-stabilising
SODIUM CARBOXYMETHYL DEXTRAN,viscosity-controlling
SYMPHORICARPOS ALBUS LEAF EXTRACT,emollient
SYMPHORICARPOS ALBUS LEAF EXTRACT,skin-conditioning
ALPINIA INTERMEDIA SEED WATER,emollient
ALPINIA INTERMEDIA SEED WATER,skin-conditioning
HEPTYLUNDECYL HYDROXYSTEARATE,emollient
ANTHEMIS NOBILIS FLOWER WATER,masking
ANTHEMIS NOBILIS FLOWER WATER,skin-conditioning
OSMANTHUS FRAGRANS LEAF EXTRACT,humectant
OSMANTHUS FRAGRANS LEAF EXTRACT,skin-conditioning
DIMER DILINOLEYL BIS-LAUROYLGLUTAMATE/LAUROYLSARCOSINATE,binding
DIMER DILINOLEYL BIS-LAUROYLGLUTAMATE/LAUROYLSARCOSINATE,emollient
DIMER DILINOLEYL BIS-LAUROYLGLUTAMATE/LAUROYLSARCOSINATE,skin-conditioning
TETRACARBOXYMETHYL HEXANOYL DIPEPTIDE-12,skin-conditioning
CRINUM ASIATICUM ROOT EXTRACT,skin-conditioning
METHYL HYDROXYETHYLCELLULOSE,stabilising
METHYL HYDROXYETHYLCELLULOSE,viscosity-controlling
SUCROSE BENZOATE/SUCROSE ACETATE ISOBUTYRATE COPOLYMER,film-forming
SUCROSE BENZOATE/SUCROSE ACETATE ISOBUTYRATE COPOLYMER,viscosity-controlling
IRVINGIA GABONENSIS KERNEL BUTTER,skin-conditioning
CLITORIA TERNATEA FRUIT EXTRACT,skin-conditioning
C5-6 OLEFIN/C8-10 NAPHTHA OLEFIN COPOLYMER,film-forming
AMINOPROPYL CALCIUM POLYSILSESQUIOXANE CHLORIDE,humectant
AMINOPROPYL CALCIUM POLYSILSESQUIOXANE CHLORIDE,skin-conditioning
PARAXANTHINE,skin-conditioning
TINOSPORA CORDIFOLIA STEM POWDER,skin-conditioning
ULMUS CAMPESTRIS BARK EXTRACT,astringent
ULMUS CAMPESTRIS BARK EXTRACT,skin-conditioning
USTILAGO ESCULENTA/ZIZANIA LATIFOLIA STEM FERMENT EXTRACT,skin-conditioning
OLIGOPEPTIDE-87,skin-conditioning
AMMONIUM CHLORIDE,buffering
AMMONIUM CHLORIDE,masking
AMMONIUM CHLORIDE,viscosity-controlling
SAGERETIA THEEZANS BRANCH/LEAF EXTRACT,skin-conditioning
NELUMBO NUCIFERA LEAF/OROSTACHYS JAPONICA EXTRACT,humectant
NELUMBO NUCIFERA LEAF/OROSTACHYS JAPONICA EXTRACT,skin-conditioning
HAZELNUT SEED OIL PEG-8 ESTERS,emulsifying
HAZELNUT SEED OIL PEG-8 ESTERS,emulsion-stabilising
HAZELNUT SEED OIL PEG-8 ESTERS,skin-conditioning
HAZELNUT SEED OIL PEG-8 ESTERS,surfactant
PRUNELLA VULGARIS,skin-conditioning
SUCCINOYL HYDROLYZED CONCHIOLIN PROTEIN,humectant
SUCCINOYL HYDROLYZED CONCHIOLIN PROTEIN,skin-conditioning
CAPSAICINYL SUCCINOYL TRIPEPTIDE-35,antioxidant
CAPSAICINYL SUCCINOYL TRIPEPTIDE-35,skin-protecting
ENTEROCOCCUS FAECIUM/SAURURUS CHINENSIS EXTRACT FERMENT FILTRATE,emollient
ENTEROCOCCUS FAECIUM/SAURURUS CHINENSIS EXTRACT FERMENT FILTRATE,skin-conditioning
ASCORBYL ISOSTEARATE,skin-conditioning
SH-HEPTAPEPTIDE-13,antioxidant
SH-HEPTAPEPTIDE-13,skin-protecting
LACTOBACILLUS/ALOE BARBADENSIS LEAF/LIQUIDAMBAR STYRACIFLUA FERMENT FILTRATE,skin-conditioning
ARBUTUS UNEDO LEAF CELL EXTRACT,antioxidant
ARBUTUS UNEDO LEAF CELL EXTRACT,skin-protecting
CIMICIFUGA SIMPLEX ROOT EXTRACT,skin-conditioning
COBAMAMIDE,antioxidant
COBAMAMIDE,skin-conditioning
COBAMAMIDE,skin-protecting
LARIX DECIDUA FLOWER EXTRACT,skin-conditioning
LARIX DECIDUA FLOWER EXTRACT,skin-protecting
SACCHAROMYCES/LINSEED OIL FERMENT FILTRATE,emollient
SACCHAROMYCES/LINSEED OIL FERMENT FILTRATE,skin-conditioning
HIMANTHALIA ELONGATA POWDER,absorbent
HIMANTHALIA ELONGATA POWDER,binding
HIMANTHALIA ELONGATA POWDER,viscosity-controlling
ACACIA SEYAL GUM EXTRACT,humectant
LACTOBACILLUS/SPIRULINA FERMENT FILTRATE,antioxidant
LACTOBACILLUS/SPIRULINA FERMENT FILTRATE,skin-protecting
SECALE CEREALE PHYTOPLACENTA EXTRACT,skin-conditioning
SECALE CEREALE PHYTOPLACENTA EXTRACT,skin-protecting
CASSIA ANGUSTIFOLIA LEAF,skin-conditioning
COMMIPHORA MUKUL RESIN POWDER,skin-conditioning
LACTOBACILLUS/ROYAL JELLY FERMENT FILTRATE,skin-conditioning
CAPROOYL TETRAPEPTIDE-3 AMIDE,skin-conditioning
DIISOSTEAROYL TRIMETHYLOLPROPANE SILOXY SILICATE,skin-conditioning
SODIUM PALM KERNELATE,cleansing
SODIUM PALM KERNELATE,emulsifying
SODIUM PALM KERNELATE,surfactant
SODIUM PALM KERNELATE,viscosity-controlling
FIBROIN/PEG-16/SODIUM ACRYLATE COPOLYMER,film-forming
SOPHORA JAPONICA FRUIT EXTRACT,skin-conditioning
DIETHYL PALMITOYL ASPARTATE,emollient
DIETHYL PALMITOYL ASPARTATE,skin-conditioning
TRIETHYLENE GLYCOL DIBENZOATE,plasticiser
TRIETHYLENE GLYCOL DIBENZOATE,viscosity-controlling
TRIFLUOROACETYL TRIPEPTIDE-2,skin-conditioning
TRIFLUOROACETYL TRIPEPTIDE-2,skin-protecting
SODIUM MA/VINYL ALCOHOL COPOLYMER,binding
SODIUM MA/VINYL ALCOHOL COPOLYMER,film-forming
TRICHOLOMA MAGNIVELARE EXTRACT,antimicrobial
TRICHOLOMA MAGNIVELARE EXTRACT,antioxidant
TRICHOLOMA MAGNIVELARE EXTRACT,humectant
TRICHOLOMA MAGNIVELARE EXTRACT,skin-conditioning
TRICHOLOMA MAGNIVELARE EXTRACT,skin-protecting
DECAPEPTIDE-41,skin-conditioning
BIOTIN/FOLIC ACID/CYANOCOBALAMIN/NIACINAMIDE/PANTOTHENIC ACID/PYRIDOXINE/RIBOFLAVIN/THIAMINE/YEAST POLYPEPTIDES,skin-conditioning
SHARK LIVER OIL,skin-conditioning
SHARK LIVER OIL,skin-protecting
SHARK LIVER OIL,solvent
GLYCERYL ABIETATE,emollient
KOCHIA SCOPARIA FRUIT EXTRACT,skin-conditioning
ASPERGILLUS/CENTELLA ASIATICA LEAF/STEM EXTRACT/SWIFTLET NEST EXTRACT FERMENT FILTRATE,antioxidant
ASPERGILLUS/CENTELLA ASIATICA LEAF/STEM EXTRACT/SWIFTLET NEST EXTRACT FERMENT FILTRATE,emollient
ASPERGILLUS/CENTELLA ASIATICA LEAF/STEM EXTRACT/SWIFTLET NEST EXTRACT FERMENT FILTRATE,skin-conditioning
ASPERGILLUS/CENTELLA ASIATICA LEAF/STEM EXTRACT/SWIFTLET NEST EXTRACT FERMENT FILTRATE,skin-protecting
ETHYLENE/ETHYLIDENE NORBORNENE/PROPYLENE COPOLYMER,film-forming
SODIUM STEARATE,cleansing
SODIUM STEARATE,emulsifying
SODIUM STEARATE,surfactant
SODIUM STEARATE,viscosity-controlling
ACRYLATES/C26-28 OLEFIN COPOLYMER,viscosity-controlling
PEG-8 GLYCERYL TRILAURATE,viscosity-controlling
ORYZA SATIVA LEES EXTRACT,skin-conditioning
AGRIMONIA EUPATORIA LEAF EXTRACT,skin-conditioning
HEXYL KETOGLUTARATE ESTERS,skin-conditioning
POLY(C30-45 OLEFIN),film-forming
NIGELLA DAMASCENA COTYLEDON EXTRACT,moisturising
NIGELLA DAMASCENA COTYLEDON EXTRACT,skin-conditioning
HYDROLYZED PROANTHOCYANIDIN,antioxidant
HYDROLYZED PROANTHOCYANIDIN,emollient
HYDROLYZED PROANTHOCYANIDIN,humectant
PHYLLOSTACHYS PUBESCENS SAP,skin-conditioning
GLYCERYL STEARATE SUCCINATE,emollient
GLYCERYL STEARATE SUCCINATE,skin-conditioning
OLIGOPEPTIDE-143,skin-conditioning
C40-60 ALKYL STEARATE,skin-conditioning
EUGLENA/OLEIC ACID FERMENT,skin-conditioning
C18-22 ALKYL PEG-25 METHACRYLATE/DIETHYLAMINOETHYL METHACRYLATE COPOLYMER,emulsion-stabilising
C18-22 ALKYL PEG-25 METHACRYLATE/DIETHYLAMINOETHYL METHACRYLATE COPOLYMER,surfactant
C18-22 ALKYL PEG-25 METHACRYLATE/DIETHYLAMINOETHYL METHACRYLATE COPOLYMER,viscosity-controlling
POTASSIUM COCOYL BARLEY AMINO ACIDS,emollient
POTASSIUM COCOYL BARLEY AMINO ACIDS,emulsifying
POTASSIUM COCOYL BARLEY AMINO ACIDS,emulsion-stabilising
POTASSIUM COCOYL BARLEY AMINO ACIDS,skin-conditioning
CURCUMA LONGA CALLUS CULTURE CONDITIONED MEDIA,antioxidant
CURCUMA LONGA CALLUS CULTURE CONDITIONED MEDIA,skin-conditioning
CURCUMA LONGA CALLUS CULTURE CONDITIONED MEDIA,skin-protecting
PANDANUS ODORATISSIMUS BRACT EXTRACT,skin-conditioning
PANDANUS ODORATISSIMUS BRACT EXTRACT,skin-protecting
RETINOYL PULLULAN,antioxidant
RETINOYL PULLULAN,emollient
RETINOYL PULLULAN,skin-conditioning
AMMONIUM POLYACRYLOYLDIMETHYL TAURATE,emulsion-stabilising
AMMONIUM POLYACRYLOYLDIMETHYL TAURATE,viscosity-controlling
TENACIBACULUM JEJUENSE/OAT BRAN EXTRACT/VOLCANIC ASH EXTRACT FERMENT FILTRATE,skin-conditioning
GLEDITSIA JAPONICA FRUIT EXTRACT,skin-conditioning
POPULUS NIGRA FLOWER EXTRACT,skin-conditioning
(GRIFOLA FRONDOSA/ INONOTUS OBLIQUUS / SCHIZOPHYLLUM COMMUNE/ TRICHOLOMA MATSUTAKE) MYCELIUM /LETHARIELLA CLADONIOIDES FERMENT EXTRACT FILTRATE,humectant
(GRIFOLA FRONDOSA/ INONOTUS OBLIQUUS / SCHIZOPHYLLUM COMMUNE/ TRICHOLOMA MATSUTAKE) MYCELIUM /LETHARIELLA CLADONIOIDES FERMENT EXTRACT FILTRATE,skin-conditioning
HELIANTHUS ANNUUS SEED CERA,emollient
CORDYCEPS MILITARIS/PRUNUS MUME FRUIT/SUCROSE FERMENT FILTRATE,skin-conditioning
PRUNUS AMYGDALUS DULCIS BUD EXTRACT,skin-conditioning
SH-POLYPEPTIDE-101,skin-conditioning
CASSIA ITALICA LEAF POWDER,skin-conditioning
CHAMOMILLA RECUTITA FLOWER/LEAF/STEM EXTRACT,skin-conditioning
HUMAN OOCYTE LYSATE,emollient
HUMAN OOCYTE LYSATE,skin-conditioning
LACTOBACILLUS FERMENT LYSATE FILTRATE,skin-conditioning
POLYSILICONE-31,film-forming
C26-54 OLEFIN,skin-conditioning
MAGNESIUM CARBOXYMETHYL BETA-GLUCAN,skin-conditioning
HYDROGENATED SOY POLYGLYCERIDES/SOYAMIDE DEA,emollient
HYDROGENATED SOY POLYGLYCERIDES/SOYAMIDE DEA,surfactant
HYDROGENATED SOY POLYGLYCERIDES/SOYAMIDE DEA,viscosity-controlling
ANGOROSIDE C,antioxidant
ANGOROSIDE C,skin-conditioning
BIS-STEAROXYETHYL DIMETHICONE,emollient
BIS-STEAROXYETHYL DIMETHICONE,skin-conditioning
HEXYLDECYL HEXYLDECANOATE,emollient
TETRAPEPTIDE-15,skin-conditioning
OLEOYLOXYPHENOXY PROPIONIC ACID,antioxidant
OLEOYLOXYPHENOXY PROPIONIC ACID,skin-conditioning
PEG-30 GLYCERYL TRIOLEATE,emollient
PEG-30 GLYCERYL TRIOLEATE,emulsifying
TITANIUM DIOXIDE,opacifying
TITANIUM DIOXIDE,uv-absorber
TITANIUM DIOXIDE,uv-filter
BARLEY SPROUT/SUCROSE FERMENT,skin-conditioning
BARLEY SPROUT/SUCROSE FERMENT,skin-protecting
C21-28 ALKANE,emollient
C21-28 ALKANE,skin-conditioning
HYDROLYZED CAMELLIA SINENSIS LEAF,humectant
BRACHIARIA MUTICA POWDER,skin-conditioning
PEG-60 HYDROGENATED CASTOR OIL TRIISOSTEARATE,emulsifying
PEG-60 HYDROGENATED CASTOR OIL TRIISOSTEARATE,viscosity-controlling
ALPINIA URAIENSIS LEAF WATER,humectant
ALPINIA URAIENSIS LEAF WATER,masking
METHOXY PEG-13 ETHYL POLYSILSESQUIOXANE,humectant
SODIUM ACRYLATE/SODIUM ACRYLOYLDIMETHYL TAURATE/ACRYLAMIDE COPOLYMER,anticaking
SODIUM ACRYLATE/SODIUM ACRYLOYLDIMETHYL TAURATE/ACRYLAMIDE COPOLYMER,emulsion-stabilising
SODIUM ACRYLATE/SODIUM ACRYLOYLDIMETHYL TAURATE/ACRYLAMIDE COPOLYMER,opacifying
SODIUM ACRYLATE/SODIUM ACRYLOYLDIMETHYL TAURATE/ACRYLAMIDE COPOLYMER,viscosity-controlling
CARTHAMUS TINCTORIUS FLOWER/VITIS VINIFERA FRUIT/(CAMELIA SINENSIS/DIOSPYROS KAKI) LEAF/POLYGONUM CUSPIDATUM ROOT/CASTANEA CRENATA SHELL/COFFEA ARABICA SEED WATER,antimicrobial
CARTHAMUS TINCTORIUS FLOWER/VITIS VINIFERA FRUIT/(CAMELIA SINENSIS/DIOSPYROS KAKI) LEAF/POLYGONUM CUSPIDATUM ROOT/CASTANEA CRENATA SHELL/COFFEA ARABICA SEED WATER,antioxidant
CARTHAMUS TINCTORIUS FLOWER/VITIS VINIFERA FRUIT/(CAMELIA SINENSIS/DIOSPYROS KAKI) LEAF/POLYGONUM CUSPIDATUM ROOT/CASTANEA CRENATA SHELL/COFFEA ARABICA SEED WATER,antiseborrhoeic
CARTHAMUS TINCTORIUS FLOWER/VITIS VINIFERA FRUIT/(CAMELIA SINENSIS/DIOSPYROS KAKI) LEAF/POLYGONUM CUSPIDATUM ROOT/CASTANEA CRENATA SHELL/COFFEA ARABICA SEED WATER,skin-conditioning
CARTHAMUS TINCTORIUS FLOWER/VITIS VINIFERA FRUIT/(CAMELIA SINENSIS/DIOSPYROS KAKI) LEAF/POLYGONUM CUSPIDATUM ROOT/CASTANEA CRENATA SHELL/COFFEA ARABICA SEED WATER,skin-protecting
PLINIA CAULIFLORA FRUIT EXTRACT,skin-conditioning
CALCIUM STARCH OCTENYLSUCCINATE,absorbent
CALCIUM STARCH OCTENYLSUCCINATE,emulsifying
CALCIUM STARCH OCTENYLSUCCINATE,emulsion-stabilising
CALCIUM STARCH OCTENYLSUCCINATE,viscosity-controlling
METHOXYPROPYLGLUCONAMIDE,humectant
METHOXYPROPYLGLUCONAMIDE,skin-conditioning
PETASITES JAPONICUS LEAF EXTRACT,emollient
HYDROLYZED PASSIFLORA ALATA FRUIT,astringent
HYDROLYZED PASSIFLORA ALATA FRUIT,skin-protecting
ETHYLHEXYL STEAROYL POLYHYDROXYSTEARATE,emollient
ETHYLHEXYL STEAROYL POLYHYDROXYSTEARATE,skin-conditioning
ETHYLHEXYL STEAROYL POLYHYDROXYSTEARATE,surfactant
SORGHUM BICOLOR LEAF/STEM EXTRACT,skin-conditioning
PYROCYSTIS NOCTILUCA EXTRACT,skin-conditioning
SODIUM PHENYLACETYL ISOGLUTAMINE,skin-conditioning
DIHYDROCHOLESTERYL OCTYLDECANOATE,emollient
DIHYDROCHOLESTERYL OCTYLDECANOATE,skin-conditioning
MONASCUS/LETTUCE ROOT/SOYBEAN FERMENT FILTRATE,antioxidant
MONASCUS/LETTUCE ROOT/SOYBEAN FERMENT FILTRATE,humectant
MONASCUS/LETTUCE ROOT/SOYBEAN FERMENT FILTRATE,skin-conditioning
SR-CAT POLYPEPTIDE-1,skin-protecting
LACTOBACILLUS/GLYCERIN/HYDROLYZED SOY PROTEIN/CATHARANTHUS ROSEUS SEED/YEAST EXTRACT FERMENT,skin-conditioning
ROSA CANINA FRUIT/FLOWER EXTRACT,humectant
ROSA CANINA FRUIT/FLOWER EXTRACT,skin-conditioning
POLOXAMER 338/PPG-51/SMDI COPOLYMER,emulsion-stabilising
PORTULACA GRANDIFLORA EXTRACT,skin-conditioning
UREA,antistatic
UREA,buffering
UREA,humectant
UREA,skin-conditioning
NEOPENTYL GLYCOL DIPELARGONATE,emollient
NEOPENTYL GLYCOL DIPELARGONATE,plasticiser
NEOPENTYL GLYCOL DIPELARGONATE,skin-conditioning
NEOPENTYL GLYCOL DIPELARGONATE,solvent
PLUMBAGO ZEYLANICA FLOWER EXTRACT,skin-conditioning
PEG-7 COCOGLYCERIDES,emollient
PEG-7 COCOGLYCERIDES,emulsifying
TRIDECYL COCOATE,emollient
TRIDECYL COCOATE,skin-conditioning
APIUM GRAVEOLENS CALLUS EXTRACT,antioxidant
APIUM GRAVEOLENS CALLUS EXTRACT,skin-protecting
CYCLODEXTRIN HYDROXYPROPYLTRIMONIUM CHLORIDE,film-forming
CYCLODEXTRIN HYDROXYPROPYLTRIMONIUM CHLORIDE,humectant
CYCLODEXTRIN HYDROXYPROPYLTRIMONIUM CHLORIDE,skin-conditioning
CYCLODEXTRIN HYDROXYPROPYLTRIMONIUM CHLORIDE,viscosity-controlling
IODIZED GARLIC,skin-conditioning
HYGROPHILA RINGENS SEED,emollient
HYGROPHILA RINGENS SEED,humectant
HYGROPHILA RINGENS SEED,skin-conditioning
HYGROPHILA RINGENS SEED,skin-protecting
ABRUS FRUTICULOSUS ROOT EXTRACT,skin-conditioning
NEPHELIUM LONGANA SEED EXTRACT,skin-conditioning
HALOBACTERIUM FERMENT LYSATE EXTRACT,film-forming
HALOBACTERIUM FERMENT LYSATE EXTRACT,skin-conditioning
PSIDIUM GUAJAVA FRUIT EXTRACT,astringent
PSIDIUM GUAJAVA FRUIT EXTRACT,skin-conditioning
PENTAERYTHRITYL ISOSTEARATE/CAPRATE/CAPRYLATE/ADIPATE,emollient
PROPANEDIOL DICAPRYLATE/CAPRATE,emollient
COCONUT OIL MIPA AMIDES,viscosity-controlling
HYDROLYZED CARROT EXTRACT,skin-conditioning
HYDROGENATED LARD GLYCERIDE,emulsifying
HYDROGENATED LARD GLYCERIDE,skin-conditioning
HYDROLYZED CAMELLIA SINENSIS SEED EXTRACT,antioxidant
HYDROLYZED CAMELLIA SINENSIS SEED EXTRACT,skin-conditioning
HYDROLYZED CAMELLIA SINENSIS SEED EXTRACT,skin-protecting
RUBUS IDAEUS CALLUS POWDER,skin-conditioning
AMMONIUM LACTATE,buffering
AMMONIUM LACTATE,humectant
AMMONIUM LACTATE,keratolytic
AMMONIUM LACTATE,skin-conditioning
ACETYL CYCLOHEXAPEPTIDE-34,skin-conditioning
ALOE MACULATA LEAF EXTRACT,skin-conditioning
WHEAT GERMAMIDE DEA,foam-boosting
WHEAT GERMAMIDE DEA,skin-conditioning
WHEAT GERMAMIDE DEA,surfactant
WHEAT GERMAMIDE DEA,viscosity-controlling
HYDROGENATED MILK LIPIDS,skin-conditioning
PERSEA GRATISSIMA STEROLS,emollient
MACLURA AURANTIACA WOOD EXTRACT,skin-conditioning
ALUMINUM MYRISTATE,anticaking
ALUMINUM MYRISTATE,emulsion-stabilising
ALUMINUM MYRISTATE,viscosity-controlling
TETRAMETHYL PYRAZOLYLPYRIMIDINE HCL,skin-conditioning
TARAXACUM OFFICINALE JUICE,skin-conditioning
PHELLINUS LINTEUS/INONOTUS OBLIQUUS EXTRACT FERMENT WATER,antioxidant
PHELLINUS LINTEUS/INONOTUS OBLIQUUS EXTRACT FERMENT WATER,humectant
PHELLINUS LINTEUS/INONOTUS OBLIQUUS EXTRACT FERMENT WATER,skin-conditioning
SILANETRIOL MELANINATE,skin-conditioning
PALMITOYL TRIPEPTIDE-7 HCL,skin-conditioning
BLETILLA STRIATA ROOT EXTRACT,skin-conditioning
ELAEIS GUINEENSIS FRUIT EXTRACT,skin-conditioning
ISOSTEARYL LACTATE,emollient
ISOSTEARYL LACTATE,skin-conditioning
ACETYL HEXAPEPTIDE-30,skin-conditioning
OXALIS ACETOSELLA EXTRACT,skin-conditioning
KYOUNIN YU,skin-conditioning
LATHYRUS JAPONICUS EXTRACT,skin-conditioning
TRIISOSTEAROYL POLYGLYCERYL-3 DIMER DILINOLEATE,emollient
TRIISOSTEAROYL POLYGLYCERYL-3 DIMER DILINOLEATE,skin-conditioning
PEG-20 HYDROGENATED CASTOR OIL TRIISOSTEARATE,emulsifying
PEG-20 HYDROGENATED CASTOR OIL TRIISOSTEARATE,viscosity-controlling
PIMPINELLA SAXIFRAGA FLOWER/LEAF/STEM EXTRACT,skin-conditioning
ACETYL HEXAPEPTIDE-24,skin-conditioning
HYDROGENATED DIDODECENE,viscosity-controlling
DONKEY MILK,skin-conditioning
MYRISTYL SALICYLATE,skin-conditioning
VIOLA YEDOENSIS EXTRACT,skin-conditioning
SODIUM PIPERAZINOETHYL LINOLEATE ETHYLSULFONATE,skin-protecting
RHODODENDRON YEDOENSE BRANCH/LEAF EXTRACT,skin-conditioning
POTASSIUM FRUCTOBORATE,skin-conditioning
BACILLUS/ROSEMARY LEAF/SOYBEAN FERMENT EXTRACT FILTRATE,antimicrobial
BACILLUS/ROSEMARY LEAF/SOYBEAN FERMENT EXTRACT FILTRATE,emollient
BACILLUS/ROSEMARY LEAF/SOYBEAN FERMENT EXTRACT FILTRATE,humectant
BACILLUS/ROSEMARY LEAF/SOYBEAN FERMENT EXTRACT FILTRATE,skin-conditioning
BACILLUS/ROSEMARY LEAF/SOYBEAN FERMENT EXTRACT FILTRATE,skin-protecting
CETYL DIMETHICONE PEG-7 ACETATE,emulsion-stabilising
POLYGLYCERYL-6 SCLEROCARYA BIRREA SEEDATE,emollient
POLYGLYCERYL-6 SCLEROCARYA BIRREA SEEDATE,emulsifying
THEOPHYLLINE,skin-conditioning
THEOPHYLLINE,tonic
POLYQUATERNIUM-37,antistatic
POLYQUATERNIUM-37,film-forming
ISOCETYL LINOLEOYL STEARATE,emollient
ISOCETYL LINOLEOYL STEARATE,skin-conditioning
CELLULOSE ACETATE PROPIONATE,film-forming
DECAPEPTIDE-39,skin-conditioning
FORSYTHIA KOREANA FLOWER EXTRACT,antioxidant
FORSYTHIA KOREANA FLOWER EXTRACT,emollient
FORSYTHIA KOREANA FLOWER EXTRACT,skin-conditioning
ISOPROPYL TALLOWATE,binding
ISOPROPYL TALLOWATE,emollient
ISOPROPYL TALLOWATE,skin-conditioning
CALCIUM POTASSIUM CARBOMER,emulsion-stabilising
CALCIUM POTASSIUM CARBOMER,film-forming
CALCIUM POTASSIUM CARBOMER,viscosity-controlling
DIBUTYL ADIPATE,emollient
DIBUTYL ADIPATE,film-forming
DIBUTYL ADIPATE,plasticiser
DIBUTYL ADIPATE,skin-conditioning
DIBUTYL ADIPATE,solvent
SALICYLOYL DECAPEPTIDE-10,skin-conditioning
SOPHORA JAPONICA BRANCH EXTRACT,skin-conditioning
BUTEA SUPERBA EXTRACT,skin-conditioning
STYRENE/STEARYL METHACRYLATE CROSSPOLYMER,absorbent
STYRENE/STEARYL METHACRYLATE CROSSPOLYMER,skin-conditioning
BEHENYL ALCOHOL,binding
BEHENYL ALCOHOL,emollient
BEHENYL ALCOHOL,emulsion-stabilising
BEHENYL ALCOHOL,viscosity-controlling
POTASSIUM NICOTINOYL ALANYL GLUTAMINE,antioxidant
POTASSIUM NICOTINOYL ALANYL GLUTAMINE,humectant
SODIUM STEAROXY PG-HYDROXYETHYLCELLULOSE SULFONATE,viscosity-controlling
MELISSA OFFICINALIS SEED OIL,skin-conditioning
C12-13 PARETH-1,cleansing
C12-13 PARETH-1,emollient
MONOGLYCERIDES SUCCINATE,emollient
MONOGLYCERIDES SUCCINATE,skin-conditioning
HYDROLYZED CUCUMBER FRUIT,skin-conditioning
HYDROLYZED CUCUMBER FRUIT,skin-protecting
PUERARIA MIRIFICA ROOT EXTRACT,skin-conditioning
ACER SACCHARUM SAP EXTRACT,humectant
ACER SACCHARUM SAP EXTRACT,skin-conditioning
BIS-ADAMANTYL PEG-800 DICARBOXAMIDE,film-forming
BIS-ADAMANTYL PEG-800 DICARBOXAMIDE,humectant
BIS-ADAMANTYL PEG-800 DICARBOXAMIDE,skin-protecting
BIS-ADAMANTYL PEG-800 DICARBOXAMIDE,viscosity-controlling
BIS-ETHYLHYDROXYCYCLOHEXYL METHACRYLATE DIMETHICONE,film-forming
SODIUM BUTYROYL/FORMOYL HYALURONATE,humectant
POLYETHYLACRYLATE,binding
POLYETHYLACRYLATE,film-forming
DIOSCOREA OPPOSITIFOLIA ROOT,skin-conditioning
HALIMEDA BIKINIENSIS CALLUS CULTURE EXTRACT,skin-conditioning
POLYGLYCERYL-6 BEHENATE,emulsion-stabilising
ACHILLEA MILLEFOLIUM FLOWER/LEAF/STEM JUICE,skin-conditioning
MARSDENIA CUNDURANGO BARK EXTRACT,skin-conditioning
TRICYCLODECANEMETHYL NEOPENTANOATE,emollient
TRICYCLODECANEMETHYL NEOPENTANOATE,skin-conditioning
POLYDIMETHYLSILOXY PEG/PPG-24/19 BUTYL ETHER SILSESQUIOXANE,humectant
POLYDIMETHYLSILOXY PEG/PPG-24/19 BUTYL ETHER SILSESQUIOXANE,skin-conditioning
POLYDIMETHYLSILOXY PEG/PPG-24/19 BUTYL ETHER SILSESQUIOXANE,surfactant
RHUS JAVANICA FRUIT EXTRACT,antioxidant
RHUS JAVANICA FRUIT EXTRACT,skin-conditioning
PPG-69,skin-conditioning
HYDROLYZED FUCUS VESICULOSUS EXTRACT,skin-conditioning
HYDROLYZED FUCUS VESICULOSUS EXTRACT,smoothing
HYDROLYZED FUCUS VESICULOSUS EXTRACT,soothing
ETHOXYDIGLYCOL BEHENATE,emollient
CAMELLIA JAPONICA SEEDCOAT POWDER,skin-conditioning
PEG-30 GLYCERYL SOYATE,cleansing
PEG-30 GLYCERYL SOYATE,emollient
PEG-30 GLYCERYL SOYATE,surfactant
RHEUM RHAPONTICUM ROOT EXTRACT,skin-conditioning
ACETYL ZINGERONE,antioxidant
ACETYL ZINGERONE,chelating
ACETYL ZINGERONE,skin-protecting
PIPER BETLE LEAF POWDER,humectant
PIPER BETLE LEAF POWDER,skin-conditioning
SORBETH-2 HEXALAURATE,emollient
POLYDIALLYL PHTHALATE,film-forming
OLEOSTEARINE,binding
OLEOSTEARINE,emollient
HYDROLYZED MYTILUS EDULIS BYSSUS,skin-conditioning
BERGENIA CRASSIFOLIA ROOT EXTRACT,humectant
AMINOBUTYROYL HEXAPEPTIDE-8 AMIDE,antioxidant
AMINOBUTYROYL HEXAPEPTIDE-8 AMIDE,skin-protecting
ODONTELLA AURITA OIL,emollient
DRACAENA SANDERIANA LEAF/STEM EXTRACT,emollient
HYDROGENATED FARNESENE/C10-16 OLEFIN COPOLYMER,emollient
HYDROGENATED FARNESENE/C10-16 OLEFIN COPOLYMER,skin-conditioning
SODIUM ACETYL CYSTEINATE,absorbent
SODIUM ACETYL CYSTEINATE,skin-conditioning
SODIUM ACETYL CYSTEINATE,uv-absorber
BACILLUS/SARGASSUM MUTICUM FERMENT EXTRACT FILTRATE,skin-conditioning
BACILLUS/SARGASSUM MUTICUM FERMENT EXTRACT FILTRATE,skin-protecting
CROTON GLABELLUS BARK EXTRACT,skin-conditioning
HYDROLYZED JOJOBA SEED EXTRACT,film-forming
HAMAMELIS VIRGINIANA BARK/LEAF/TWIG EXTRACT,skin-conditioning
BIS-HEMA POLY(1‚4-BUTANEDIOL)-14/IPDI COPOLYMER,binding
BIS-HEMA POLY(1‚4-BUTANEDIOL)-14/IPDI COPOLYMER,skin-conditioning
SUCROSE PENTAHYDROXYSTEARATE,humectant
NEOLENTINUS LEPIDEUS/STACHYS RIEDERI ROOT EXTRACT FERMENT FILTRATE,emollient
NEOLENTINUS LEPIDEUS/STACHYS RIEDERI ROOT EXTRACT FERMENT FILTRATE,skin-conditioning
NEMATODE RH-POLYPEPTIDE-47,emollient
NEMATODE RH-POLYPEPTIDE-47,humectant
NEMATODE RH-POLYPEPTIDE-47,skin-conditioning
GLYCERETH-6 TRIOLEATE,emollient
GLYCERETH-6 TRIOLEATE,skin-conditioning
HALOMONAS ELONGATA FERMENT FILTRATE,antioxidant
HALOMONAS ELONGATA FERMENT FILTRATE,skin-conditioning
C11-15 PARETH-3 STEARATE,emollient
C11-15 PARETH-3 STEARATE,skin-conditioning
METHYLMETHIONINE,astringent
METHYLMETHIONINE,emollient
METHYLMETHIONINE,oral-care
METHYLMETHIONINE,skin-conditioning
METHYLMETHIONINE,skin-protecting
AZELOYL DIETHYL SALICYLATE,skin-conditioning
HARPAGOSIDE,skin-conditioning
HEXAPEPTIDE-51,skin-conditioning
DIETHYL ADIPATE,emollient
DIETHYL ADIPATE,masking
DIETHYL ADIPATE,skin-conditioning
ISOPROPYL HYDROXYSTEARATE,emollient
ISOPROPYL HYDROXYSTEARATE,skin-conditioning
BETA-SITOSTERYL ACETATE,skin-conditioning
BETA-SITOSTERYL ACETATE,stabilising
TRIETHYLAMINE,emulsion-stabilising
SPHINGOMONAS FERMENT EXTRACT,skin-conditioning
LAURUS NOBILIS LEAF WATER,humectant
LAURUS NOBILIS LEAF WATER,skin-conditioning
PALMITOYL OCTAPEPTIDE-24,skin-conditioning
PHASEOLUS ACONITIFOLIUS SEED EXTRACT,skin-conditioning
ERYNGIUM MARITIMUM CALLUS CULTURE FILTRATE,skin-conditioning
LOLIUM PERENNE FLOWER EXTRACT,skin-protecting
ALCHEMILLA ALPINA EXTRACT,skin-conditioning
SACCHAROMYCES/ALLIUM SATIVUM BULB FERMENT FILTRATE,skin-conditioning
AESCULUS HIPPOCASTANUM FRUIT POWDER,emollient
ZIZIPHUS JUJUBA SEED EXTRACT,skin-conditioning
AZELAOYL BIS-DIPEPTIDE-10,skin-conditioning
ALEURITIC ACID,skin-conditioning
CELLULOSE ACETATE PHTHALATE,film-forming
OCTAPEPTIDE-29 TRIFLUOROACETATE,skin-conditioning
ADENOPHORA STRICTA ROOT EXTRACT,humectant
ADENOPHORA STRICTA ROOT EXTRACT,skin-conditioning
LACTOBACILLUS/SACCHAROMYCES/GLUCOSE/CABBAGE LEAF/LETTUCE LEAF/GARLIC LEAF/PERILLA FRUTESCENS LEAF/BRASSICA RAPA CHINENSIS/BRASSICA RAPA PERUVIRIDIS/CARROT ROOT/GINGER ROOT/CUCUMBER FRUIT/MELON FRUIT/WATERMELON FRUIT/CAPSICUM ANNUUM FRUIT/CITRUS HASSAKU FRUIT/CITRUS JUNOS FRUIT/LEMON FRUIT/CAULIFLOWER/PEACH FRUIT/CITRUS SALICINA FRUIT/SWEET CHERRY FRUIT/FIG FRUIT/LENTINUS EDODES/ASPARAGUS STEM/ BRASSICA RAPA PEKINENSIS LEAF/CHRYSANTHEMUM CORONARIUM/CRYPTOTAENIA JAPONICA/BRUSSELS SPROUTS/CELERY/RAPHANUS SATIVUS/TURNIP ROOT/ RADISH/TOMATO FRUIT/PINEAPPLE FRUIT/HIBISCUS ESCULENTUS FRUIT/CITRUS UNSHIU FRUIT/TANGERINE FRUIT/CITRUS NATSUDAIDAI FRUIT/BROCCOLI FLOWER/APPLE FRUIT/PEAR FRUIT/GRAPE FRUIT/ERIOBOTRYA JAPONICA FRUIT/HYPSIZIGUS MARMOREUS/FLAMMULINA VELUTIPES/STRAWBERRY FRUIT/UNDARIA PINNATIFIDA/LAMINARIA JAPONICA FERMENT FILTRATE,emollient
LACTOBACILLUS/SACCHAROMYCES/GLUCOSE/CABBAGE LEAF/LETTUCE LEAF/GARLIC LEAF/PERILLA FRUTESCENS LEAF/BRASSICA RAPA CHINENSIS/BRASSICA RAPA PERUVIRIDIS/CARROT ROOT/GINGER ROOT/CUCUMBER FRUIT/MELON FRUIT/WATERMELON FRUIT/CAPSICUM ANNUUM FRUIT/CITRUS HASSAKU FRUIT/CITRUS JUNOS FRUIT/LEMON FRUIT/CAULIFLOWER/PEACH FRUIT/CITRUS SALICINA FRUIT/SWEET CHERRY FRUIT/FIG FRUIT/LENTINUS EDODES/ASPARAGUS STEM/ BRASSICA RAPA PEKINENSIS LEAF/CHRYSANTHEMUM CORONARIUM/CRYPTOTAENIA JAPONICA/BRUSSELS SPROUTS/CELERY/RAPHANUS SATIVUS/TURNIP ROOT/ RADISH/TOMATO FRUIT/PINEAPPLE FRUIT/HIBISCUS ESCULENTUS FRUIT/CITRUS UNSHIU FRUIT/TANGERINE FRUIT/CITRUS NATSUDAIDAI FRUIT/BROCCOLI FLOWER/APPLE FRUIT/PEAR FRUIT/GRAPE FRUIT/ERIOBOTRYA JAPONICA FRUIT/HYPSIZIGUS MARMOREUS/FLAMMULINA VELUTIPES/STRAWBERRY FRUIT/UNDARIA PINNATIFIDA/LAMINARIA JAPONICA FERMENT FILTRATE,skin-conditioning
LUFFA CYLINDRICA LEAF EXTRACT,skin-conditioning
BACILLUS/MONASCUS/PERILLA OCYMOIDES SPROUT/RICE BRAN FERMENT FILTRATE,emollient
BACILLUS/MONASCUS/PERILLA OCYMOIDES SPROUT/RICE BRAN FERMENT FILTRATE,humectant
BACILLUS/MONASCUS/PERILLA OCYMOIDES SPROUT/RICE BRAN FERMENT FILTRATE,skin-conditioning
OXYMETHYLENE/MELAMINE COPOLYMER,film-forming
SACCHAROMYCES/HEXAPEPTIDE-11 FERMENT FILTRATE EXTRACT,skin-conditioning
METHYL EPOXIDIZED SOYATE,film-forming
METHYL EPOXIDIZED SOYATE,plasticiser
MORAY EEL OIL,skin-conditioning
COUMAROYL SH-PENTAPEPTIDE-5,antioxidant
COUMAROYL SH-PENTAPEPTIDE-5,skin-protecting
HYDROGENATED PALM GLYCERIDES CITRATE,emollient
HYDROGENATED PALM GLYCERIDES CITRATE,skin-conditioning
DIISODECYL ADIPATE,emollient
DIISODECYL ADIPATE,plasticiser
DIISODECYL ADIPATE,skin-conditioning
DIISODECYL ADIPATE,solvent
PENTAERYTHRITYL TETRABEHENATE,emollient
PENTAERYTHRITYL TETRABEHENATE,viscosity-controlling
PALM OIL POLYGLYCERYL-3 ESTERS,emollient
PALM OIL POLYGLYCERYL-3 ESTERS,emulsifying
PALM OIL POLYGLYCERYL-3 ESTERS,skin-conditioning
PALM OIL POLYGLYCERYL-3 ESTERS,surfactant
TEA-HYDROIODIDE,buffering
TEA-HYDROIODIDE,skin-conditioning
STEARYL/OCTYLDODECYL CITRATE CROSSPOLYMER,humectant
HYDROGENATED POLY(C6-20 OLEFIN),abrasive
HYDROGENATED POLY(C6-20 OLEFIN),viscosity-controlling
ASPERGILLUS/WALNUT SEED/PEACH SEED/APRICOT SEED/PRUNUS MUME SEED FERMENT FILTRATE,humectant
TETRAPEPTIDE-38,skin-conditioning
ANTI-COLLAGENASE-1 MOUSE MONOCLONAL ANTIBODY,skin-conditioning
FABIANA IMBRICATA LEAF/STEM EXTRACT,skin-conditioning
FABIANA IMBRICATA LEAF/STEM EXTRACT,tonic
PUERARIA THUNBERGIANA ROOT EXTRACT,skin-conditioning
NIACINAMIDE LACTATE,skin-conditioning
EUPATORIUM AYAPANA EXTRACT,skin-conditioning
DIOSCOREA JAPONICA ROOT EXTRACT,skin-conditioning
APIUM GRAVEOLENS STEM EXTRACT,humectant
POLYGLYCERYL-6 STEARATE,emollient
CINNAMOMUM CAMPHORA LINALOOLIFERA LEAF OIL,masking
CINNAMOMUM CAMPHORA LINALOOLIFERA LEAF OIL,skin-conditioning
SODIUM ACRYLATES/VINYL ISODECANOATE CROSSPOLYMER,emulsion-stabilising
SODIUM ACRYLATES/VINYL ISODECANOATE CROSSPOLYMER,viscosity-controlling
CYATHEA CUMINGII LEAF EXTRACT,film-forming
ACETYL SH-TETRAPEPTIDE-1,skin-conditioning
CASTOR OIL BENZOATE,antimicrobial
CASTOR OIL BENZOATE,emollient
CASTOR OIL BENZOATE,skin-conditioning
PALMITOYL DECAPEPTIDE-21,skin-conditioning
ACRYLIC ACID/ISOPROPYLACRYLAMIDE/MIBK ACRYLAMIDE CROSSPOLYMER,film-forming
ACRYLIC ACID/ISOPROPYLACRYLAMIDE/MIBK ACRYLAMIDE CROSSPOLYMER,viscosity-controlling
PHTHALIC ANHYDRIDE/GLYCERIN/GLYCIDYL DECANOATE COPOLYMER,film-forming
PHTHALIC ANHYDRIDE/GLYCERIN/GLYCIDYL DECANOATE COPOLYMER,viscosity-controlling
ACETYL TETRAPEPTIDE-40,skin-conditioning
MILK,skin-conditioning
POTASSIUM LINOLEATE,cleansing
POTASSIUM LINOLEATE,emulsifying
POTASSIUM LINOLEATE,viscosity-controlling
TANGERITIN,antioxidant
TANGERITIN,skin-conditioning
PAEONIA LACTIFLORA BARK/SAP EXTRACT,skin-conditioning
CITRUS LIMON (LEMON)/FUCUS SERRATUS EXTRACT,skin-conditioning
TRICHILIA EMETICA SEED BUTTER,emollient
TRICHILIA EMETICA SEED BUTTER,skin-conditioning
S-METHANOCALDOCOCCUS JANNASCHII HEPTAPEPTIDE-1,skin-conditioning
KLUYVEROMYCES/LACTOBACILLUS/LACTOCOCCUS/LEUCONOSTOC/SACCHAROMYCES MILK FERMENT FILTRATE,skin-conditioning
MAGNESIUM LANOLATE,anticaking
MAGNESIUM LANOLATE,emulsifying
MAGNESIUM LANOLATE,surfactant
MAGNESIUM LANOLATE,viscosity-controlling
GERAEA CANESCENS FLOWER EXTRACT,skin-conditioning
DIETHYLHEXYLCYCLOHEXANE,emollient
DIETHYLHEXYLCYCLOHEXANE,skin-conditioning
SACCHAROMYCES/GRAPE FRUIT/SEED/STALK FERMENT EXTRACT,skin-conditioning
SODIUM BUTYROYL HYALURONATE,humectant
SODIUM BUTYROYL HYALURONATE,skin-conditioning
VITIS COIGNETIAE SAP,antioxidant
VITIS COIGNETIAE SAP,humectant
VITIS COIGNETIAE SAP,skin-conditioning
OLIGOPEPTIDE-127 RH-OLIGOPEPTIDE-4,emollient
OLIGOPEPTIDE-127 RH-OLIGOPEPTIDE-4,humectant
OLIGOPEPTIDE-127 RH-OLIGOPEPTIDE-4,skin-conditioning
DODECENYL STEARYLSUCCINAMIDE,emollient
DODECENYL STEARYLSUCCINAMIDE,humectant
DODECENYL STEARYLSUCCINAMIDE,skin-conditioning
DODECENYL STEARYLSUCCINAMIDE,skin-protecting
CENTIPEDA CUNNINGHAMII EXTRACT,skin-conditioning
ACETYL HISTIDINE,emollient
ACETYL HISTIDINE,humectant
ACETYL HISTIDINE,skin-conditioning
OCTYLDODECYL OLEATE,emollient
EQUISETUM HYEMALE LEAF/STEM EXTRACT,skin-conditioning
TRIOLEYL CITRATE,emollient
TRIOLEYL CITRATE,plasticiser
TRIOLEYL CITRATE,skin-conditioning
HYDROLYZED ANNONA CHERIMOLA FRUIT EXTRACT,antioxidant
HYDROLYZED ANNONA CHERIMOLA FRUIT EXTRACT,skin-conditioning
COCOYL METHYL BETA-ALANINE,skin-conditioning
COCO-CAPRYLATE/CAPRATE,emollient
COCO-CAPRYLATE/CAPRATE,skin-conditioning
PEG-10 GLYCERYL TRIISOSTEARATE,emollient
PEG-10 GLYCERYL TRIISOSTEARATE,emulsifying
TRISODIUM RESVERATROL TRIPHOSPHATE,antioxidant
TRISODIUM RESVERATROL TRIPHOSPHATE,skin-conditioning
DODONAEA MICROZYGA LEAF/STEM EXTRACT,skin-conditioning
OCTAPEPTIDE-20 AMIDE,skin-conditioning
MILKAMIDOPROPYL BETAINE,cleansing
MILKAMIDOPROPYL BETAINE,skin-conditioning
MILKAMIDOPROPYL BETAINE,surfactant
CETYL C12-15 PARETH-8 CARBOXYLATE,emollient
CETYL C12-15 PARETH-8 CARBOXYLATE,skin-conditioning
POLYGLYCERYL-10 HEPTACAPRYLATE,emollient
POLYGLYCERYL-10 HEPTACAPRYLATE,emulsifying
POLYGLYCERYL-10 HEPTACAPRYLATE,emulsion-stabilising
POLYGLYCERYL-10 HEPTACAPRYLATE,surfactant
ACRYLAMIDE/SODIUM ACRYLATE COPOLYMER,antistatic
ACRYLAMIDE/SODIUM ACRYLATE COPOLYMER,film-forming
DIETHYLHEXYL MALEATE,emollient
DIETHYLHEXYL MALEATE,skin-conditioning
CAPRYLIC/CAPRIC/CAMELLIA SINENSIS LEAF EXTRACT ESTERS,antioxidant
CAPRYLIC/CAPRIC/CAMELLIA SINENSIS LEAF EXTRACT ESTERS,emollient
CAPRYLIC/CAPRIC/CAMELLIA SINENSIS LEAF EXTRACT ESTERS,humectant
CAPRYLIC/CAPRIC/CAMELLIA SINENSIS LEAF EXTRACT ESTERS,skin-conditioning
CAPRYLIC/CAPRIC/CAMELLIA SINENSIS LEAF EXTRACT ESTERS,skin-protecting
CALENDULA OFFICINALIS CALLUS EXTRACT,emollient
CALENDULA OFFICINALIS CALLUS EXTRACT,skin-conditioning
CALENDULA OFFICINALIS CALLUS EXTRACT,skin-protecting
PENTAERYTHRITYL TETRAUNDECYLENATE,emollient
PENTAERYTHRITYL TETRAUNDECYLENATE,skin-conditioning
SACCHAROMYCES/MARIS SAL FERMENT,skin-conditioning
OLIGOPEPTIDE-63,skin-conditioning
ZINC ROSINATE,anticaking
ZINC ROSINATE,opacifying
ZINC ROSINATE,viscosity-controlling
DIPENTAERYTHRITYL PENTAISOSTEARATE,binding
DIPENTAERYTHRITYL PENTAISOSTEARATE,emollient
DIPENTAERYTHRITYL PENTAISOSTEARATE,skin-conditioning
DIPENTAERYTHRITYL PENTAISOSTEARATE,solvent
HYDROGENATED PISTACIA VERA SEED OIL,emollient
HYDROGENATED PISTACIA VERA SEED OIL,skin-conditioning
VITIS VINIFERA FRUIT WATER,skin-conditioning
SODIUM ACRYLOYLDIMETHYLTAURATE CROSSPOLYMER,emulsion-stabilising
SODIUM ACRYLOYLDIMETHYLTAURATE CROSSPOLYMER,viscosity-controlling
SUNFLOWER OIL DECYL ESTERS,skin-conditioning
CENTELLA ASIATICA LEAF CELL CULTURE EXTRACT,antioxidant
CENTELLA ASIATICA LEAF CELL CULTURE EXTRACT,skin-protecting
SD ALCOHOL 36,astringent
SD ALCOHOL 36,solvent
SD ALCOHOL 36,viscosity-controlling
TRISODIUM CHLORIN E6,skin-conditioning
MACHILUS JAPONICA BRANCH/LEAF EXTRACT,skin-protecting
ISODECETH-2 COCOATE,emollient
ISODECETH-2 COCOATE,emulsifying
ISODECETH-2 COCOATE,surfactant
QUERCUS ACUTA BRANCH/LEAF EXTRACT,skin-conditioning
BUDDLEJA DAVIDII LEAF CELL CULTURE EXTRACT,skin-conditioning
ANGELICA KOREANA ROOT EXTRACT,skin-conditioning
LAURETH-2 BENZOATE,emollient
FRITILLARIA VERTICILLATA BULB EXTRACT,skin-conditioning
METHYL UNDECYLENOYL DIPEPTIDE-16,skin-conditioning
ACACIA DEALBATA LEAF EXTRACT,skin-conditioning
ACACIA DEALBATA LEAF EXTRACT,skin-protecting
POTASSIUM MAGNESIUM ASPARTATE,buffering
POTASSIUM MAGNESIUM ASPARTATE,skin-protecting
DIETHYLHEXYL IPDI,binding
DIETHYLHEXYL IPDI,film-forming
BIS-PEG-1 DIMETHICONE/PPG-26/IPDI COPOLYMER,emollient
BIS-PEG-1 DIMETHICONE/PPG-26/IPDI COPOLYMER,film-forming
BIS-PEG-1 DIMETHICONE/PPG-26/IPDI COPOLYMER,skin-conditioning
GERANIUM THUNBERGII FLOWER/LEAF/STEM EXTRACT,skin-conditioning
TRITICUM-SECALE CEREALE SEED EXTRACT,skin-conditioning
PALMITOYL TETRAPEPTIDE-50,skin-conditioning
LAVANDULA ANGUSTIFOLIA FLOWER/LEAF/STEM WATER,flavouring
LAVANDULA ANGUSTIFOLIA FLOWER/LEAF/STEM WATER,humectant
LAVANDULA ANGUSTIFOLIA FLOWER/LEAF/STEM WATER,masking
NONAPEPTIDE-27 AMIDE,antiseborrhoeic
NONAPEPTIDE-27 AMIDE,skin-conditioning
NONAPEPTIDE-27 AMIDE,skin-protecting
GLYCINE MAX SPROUT EXTRACT,skin-conditioning
CARAPA PROCERA SEED OIL,skin-conditioning
RICE RH-OLIGOPEPTIDE-2,skin-conditioning
CAPRYLOYLOXYPALMITOYL CAPRYLOYLOXYPALMITAMIDE MEA,emollient
CAPRYLOYLOXYPALMITOYL CAPRYLOYLOXYPALMITAMIDE MEA,emulsifying
CAPRYLOYLOXYPALMITOYL CAPRYLOYLOXYPALMITAMIDE MEA,skin-conditioning
CAPRYLOYLOXYPALMITOYL CAPRYLOYLOXYPALMITAMIDE MEA,skin-protecting
CAPRYLOYLOXYPALMITOYL CAPRYLOYLOXYPALMITAMIDE MEA,surfactant
OLIGOPEPTIDE-107 SH-OLIGOPEPTIDE-1,skin-conditioning
GLYCERETH-26 CAPRYLATE,emollient
GLUCURONIC ACID,buffering
GLUCURONIC ACID,chelating
GLUCURONIC ACID,humectant
MYRISTOYL TRIPEPTIDE-31,skin-conditioning
CLAY,absorbent
CLAY,binding
CLAY,bulking
CLAY,skin-conditioning
CLAY,viscosity-controlling
CHOLESTERYL GLUCOSIDE,skin-conditioning
SIDERITIS HYSSOPIFOLIA FLOWER/LEAF/STEM EXTRACT,skin-conditioning
GLYCOL/BUTYLENE GLYCOL MONTANATE,emollient
GLYCOL/BUTYLENE GLYCOL MONTANATE,skin-conditioning
GLYCOL/BUTYLENE GLYCOL MONTANATE,viscosity-controlling
SH-POLYPEPTIDE-74,skin-conditioning
CHLAMYDOCAPSA EXTRACT,skin-conditioning
STEARYL ALCOHOL,emollient
STEARYL ALCOHOL,emulsifying
STEARYL ALCOHOL,emulsion-stabilising
STEARYL ALCOHOL,foam-boosting
STEARYL ALCOHOL,masking
STEARYL ALCOHOL,opacifying
STEARYL ALCOHOL,refatting
STEARYL ALCOHOL,surfactant
STEARYL ALCOHOL,viscosity-controlling
POPULUS ALBA BARK EXTRACT,skin-conditioning
GLYCERYL OLIVATE,emollient
GLYCERYL OLIVATE,emulsifying
GLYCERYL OLIVATE,skin-conditioning
GLYCERYL OLIVATE,surfactant
HUMAN BLOOD/FIBROBLAST INDUCED PLURIPOTENT CELL CULTURE CONDITIONED MEDIA,humectant
HUMAN BLOOD/FIBROBLAST INDUCED PLURIPOTENT CELL CULTURE CONDITIONED MEDIA,skin-conditioning
HUMAN BLOOD/FIBROBLAST INDUCED PLURIPOTENT CELL CULTURE CONDITIONED MEDIA,skin-protecting
CHOUJI YU,masking
CHOUJI YU,skin-conditioning
VP/DIMETHYLAMINOETHYLMETHACRYLATE/POLYCARBAMYL POLYGLYCOL ESTER,film-forming
TRIDECYL NEOPENTANOATE,binding
TRIDECYL NEOPENTANOATE,emollient
TRIDECYL NEOPENTANOATE,skin-conditioning
LITHIUM OXIDIZED POLYETHYLENE,film-forming
LITHIUM OXIDIZED POLYETHYLENE,viscosity-controlling
VACCINIUM ANGUSTIFOLIUM FRUIT JUICE,astringent
VACCINIUM ANGUSTIFOLIUM FRUIT JUICE,skin-conditioning
LACTOBACILLUS/SACCHAROMYCES/GLUCOSE/CABBAGE LEAF/LETTUCE LEAF/GARLIC LEAF/PERILLA FRUTESCENS LEAF/BRASSICA RAPA CHINENSIS/BRASSICA RAPA PERUVIRIDIS/CARROT ROOT/GINGER ROOT/CUCUMBER FRUIT/MELON FRUIT/WATERMELON FRUIT/CAPSICUM ANNUUM FRUIT/CITRUS HASSAKU FRUIT/CITRUS JUNOS FRUIT/LEMON FRUIT/CAULIFLOWER/PEACH FRUIT/CITRUS SALICINA FRUIT/SWEET CHERRY FRUIT/FIG FRUIT/LENTINUS EDODES/ASPARAGUS STEM/ BRASSICA RAPA PEKINENSIS LEAF/CHRYSANTHEMUM CORONARIUM/CRYPTOTAENIA JAPONICA/BRUSSELS SPROUTS/CELERY/RAPHANUS SATIVUS SPROUT/TURNIP ROOT/ RADISH/TOMATO FRUIT/PINEAPPLE FRUIT/HIBISCUS ESCULENTUS FRUIT/CITRUS UNSHIU FRUIT/TANGERINE FRUIT/CITRUS NATSUDAIDAI FRUIT/BROCCOLI FLOWER/APPLE FRUIT/PEAR FRUIT/GRAPE FRUIT/ERIOBOTRYA JAPONICA FRUIT/HYPSIZIGUS MARMOREUS/FLAMMULINA VELUTIPES/STRAWBERRY FRUIT/UNDARIA PINNATIFIDA/LAMINARIA JAPONICA FERMENT FILTRATE,emollient
LACTOBACILLUS/SACCHAROMYCES/GLUCOSE/CABBAGE LEAF/LETTUCE LEAF/GARLIC LEAF/PERILLA FRUTESCENS LEAF/BRASSICA RAPA CHINENSIS/BRASSICA RAPA PERUVIRIDIS/CARROT ROOT/GINGER ROOT/CUCUMBER FRUIT/MELON FRUIT/WATERMELON FRUIT/CAPSICUM ANNUUM FRUIT/CITRUS HASSAKU FRUIT/CITRUS JUNOS FRUIT/LEMON FRUIT/CAULIFLOWER/PEACH FRUIT/CITRUS SALICINA FRUIT/SWEET CHERRY FRUIT/FIG FRUIT/LENTINUS EDODES/ASPARAGUS STEM/ BRASSICA RAPA PEKINENSIS LEAF/CHRYSANTHEMUM CORONARIUM/CRYPTOTAENIA JAPONICA/BRUSSELS SPROUTS/CELERY/RAPHANUS SATIVUS SPROUT/TURNIP ROOT/ RADISH/TOMATO FRUIT/PINEAPPLE FRUIT/HIBISCUS ESCULENTUS FRUIT/CITRUS UNSHIU FRUIT/TANGERINE FRUIT/CITRUS NATSUDAIDAI FRUIT/BROCCOLI FLOWER/APPLE FRUIT/PEAR FRUIT/GRAPE FRUIT/ERIOBOTRYA JAPONICA FRUIT/HYPSIZIGUS MARMOREUS/FLAMMULINA VELUTIPES/STRAWBERRY FRUIT/UNDARIA PINNATIFIDA/LAMINARIA JAPONICA FERMENT FILTRATE,skin-conditioning
RICINODENDRON RAUTENENII SEED OIL,skin-conditioning
HYDROGENATED MINK OIL,emollient
HYDROGENATED MINK OIL,skin-conditioning
CAFFEINE,masking
CAFFEINE,skin-conditioning
BASSIA LATIFOLIA SEED BUTTER,skin-conditioning
POTATO STARCH DODECENYLSUCCINATE,viscosity-controlling
T-BUTYLCHROMENAMIDO FLUOROBENZYL METHANESULFONAMIDE,antioxidant
T-BUTYLCHROMENAMIDO FLUOROBENZYL METHANESULFONAMIDE,skin-protecting
TRIISOTRIDECYL TRIMELLITATE,skin-conditioning
BACILLUS/GLUTAMIC ACID FERMENT FILTRATE,skin-conditioning
PEG-42 MUSHROOM GLYCERIDES,emollient
PEG-42 MUSHROOM GLYCERIDES,emulsifying
CENTELLA ASIATICA MERISTEM CELL CULTURE EXTRACT,emollient
CENTELLA ASIATICA MERISTEM CELL CULTURE EXTRACT,skin-conditioning
LACTOBACILLUS/RHUS SEMIALATA GALL EXTRACT FERMENT,skin-conditioning
HYDROLYZED ERUCA SATIVA LEAF,antioxidant
HYDROLYZED ERUCA SATIVA LEAF,emollient
HYDROLYZED ERUCA SATIVA LEAF,skin-conditioning
HYDROLYZED ERUCA SATIVA LEAF,skin-protecting
HYDROLYZED FORSYTHIA VIRIDISSIMA FRUIT/(ANGELICA ACUTILOBA/CIMICIFUGA DAHURICA/GLYCYRRHIZA GLABRA (LICORICE)/PAEONIA LACTIFLORA/PLATYCODON GRANDIFLORUS/PUERARIA LOBATA) ROOT EXTRACT,skin-conditioning
TRIMETHYLSILYLAMODIMETHICONE,antistatic
TRIMETHYLSILYLAMODIMETHICONE,emollient
TRIMETHYLSILYLAMODIMETHICONE,skin-conditioning
BIS-VINYLDIMETHICONE/PEG-10 DIMETHICONE CROSSPOLYMER,emulsion-stabilising
BIS-VINYLDIMETHICONE/PEG-10 DIMETHICONE CROSSPOLYMER,film-forming
BIS-VINYLDIMETHICONE/PEG-10 DIMETHICONE CROSSPOLYMER,skin-conditioning
BIS-VINYLDIMETHICONE/PEG-10 DIMETHICONE CROSSPOLYMER,viscosity-controlling
C12-17 ALKANE,emollient
QUERCUS GLAUCA BRANCH/LEAF EXTRACT,skin-conditioning
NAUCLEA ORIENTALIS CALLUS EXTRACT,antioxidant
NAUCLEA ORIENTALIS CALLUS EXTRACT,skin-conditioning
NAUCLEA ORIENTALIS CALLUS EXTRACT,skin-protecting
ETHYLHEXYLOXYGLYCERYL PALMITATE,emollient
ETHYLHEXYLOXYGLYCERYL PALMITATE,emulsifying
ETHYLHEXYLOXYGLYCERYL PALMITATE,skin-conditioning
ETHYLHEXYLOXYGLYCERYL PALMITATE,surfactant
PNA-7 CARBOXYETHYL FLUORENE,emollient
PNA-7 CARBOXYETHYL FLUORENE,humectant
PNA-7 CARBOXYETHYL FLUORENE,skin-conditioning
HDI/DI-C12-14 ALKYL TARTRATE/HYDROGENATED DILINOLEYL ALCOHOL COPOLYMER,film-forming
FUMARIA OFFICINALIS FLOWER/LEAF/STEM EXTRACT,skin-conditioning
SORBARIA SORBIFOLIA BARK/LEAF EXTRACT,emollient
GOSSYPIUM HERBACEUM,skin-conditioning
ALBATRELLUS OVINUS EXTRACT,skin-conditioning
JOJOBA OIL/CAPRYLIC/CAPRIC TRIGLYCERIDE ESTERS,skin-conditioning
JOJOBA OIL/CAPRYLIC/CAPRIC TRIGLYCERIDE ESTERS,skin-protecting
S-VIPER CYSTEINE-RICH VENOM PROTEIN,skin-protecting
SACCHAROMYCES/PANAX GINSENG FLOWER FERMENT EXTRACT,antioxidant
SACCHAROMYCES/PANAX GINSENG FLOWER FERMENT EXTRACT,emollient
SACCHAROMYCES/PANAX GINSENG FLOWER FERMENT EXTRACT,skin-conditioning
POLYGLYCERYL-2 ISOSTEARATE/DIMER DILINOLEATE COPOLYMER,emollient
POLYGLYCERYL-2 ISOSTEARATE/DIMER DILINOLEATE COPOLYMER,skin-protecting
POLYGLYCERYL-2 ISOSTEARATE/DIMER DILINOLEATE COPOLYMER,viscosity-controlling
NELUMBO NUCIFERA GERM/(BRASSICA NAPUS/RHYNCHOSIA NULUBILIS/HORDEUM VULGARE/PERILLA OCYMOIDES/POLYGONUM FAGOPYRUM/TRITICUM VULGARE) SPROUT EXTRACT,skin-conditioning
ETHYL BUTYLACETYLAMINOPROPIONATE,skin-conditioning
ETHYL BUTYLACETYLAMINOPROPIONATE,surfactant
ISOSTEARYL PCA,emollient
ISOSTEARYL PCA,humectant
HYMENAEA COURBARIL POD EXTRACT,skin-conditioning
DEFINED CELL CULTURE MEDIA 4,skin-conditioning
DEFINED CELL CULTURE MEDIA 4,skin-protecting
HYDROXYCETYL HYDROXYETHYLSTEARAMIDE,skin-conditioning
ZINGIBER OFFICINALE LEAF CELL EXTRACT,antioxidant
ZINGIBER OFFICINALE LEAF CELL EXTRACT,skin-protecting
YUCCA ALOIFOLIA LEAF/ROOT EXTRACT,masking
YUCCA ALOIFOLIA LEAF/ROOT EXTRACT,skin-protecting
URTICA URENS FLOWER/LEAF/STEM EXTRACT,skin-conditioning
TRIMETHYLOLPROPANE TRIETHYLHEXANOATE,emollient
TRIMETHYLOLPROPANE TRIETHYLHEXANOATE,skin-conditioning
OXALIS TRIANGULARIS EXTRACT,skin-conditioning
CAULOPHYLLUM THALICTROIDES RHIZOME/ROOT,skin-conditioning
ISOMERIZED SAFFLOWER ACID,oral-care
ISOMERIZED SAFFLOWER ACID,skin-conditioning
HYDROXYPINACOLONE RETINOATE,skin-conditioning
STIGMASTERYL NONANOATE,emulsion-stabilising
STIGMASTERYL NONANOATE,skin-conditioning
BOUGAINVILLEA GLABRA FLOWER EXTRACT,skin-conditioning
AZADIRACHTA INDICA LEAF EXTRACT,skin-conditioning
PALM OIL GLYCERETH-8 ESTERS,emollient
PALM OIL GLYCERETH-8 ESTERS,emulsifying
GALLSTONE,skin-conditioning
ISOBORNYL DIPROPYLENE GLYCOL ETHERS,antifoaming
ISOBORNYL DIPROPYLENE GLYCOL ETHERS,emulsion-stabilising
ISOBORNYL DIPROPYLENE GLYCOL ETHERS,solvent
ISOBORNYL DIPROPYLENE GLYCOL ETHERS,viscosity-controlling
CHITOSAN GLUTATHIONAMIDE,film-forming
CHITOSAN GLUTATHIONAMIDE,skin-conditioning
CHITOSAN GLUTATHIONAMIDE,skin-protecting
DEFINED CELL CULTURE MEDIA 2,skin-conditioning
LITHOSPERMUM OFFICINALE ROOT EXTRACT,skin-conditioning
DAUCUS CAROTA SATIVA SEED OIL,emollient
DAUCUS CAROTA SATIVA SEED OIL,masking
DAUCUS CAROTA SATIVA SEED OIL,skin-conditioning
HYDROLYZED ULVA LACTUCA EXTRACT,skin-conditioning
SCHINUS MOLLE LEAF EXTRACT,skin-conditioning
TULIPALIN B,skin-protecting
EQUISETUM ARVENSE JUICE,skin-conditioning
CORN GLYCERIDES,emulsifying
CORN GLYCERIDES,humectant
CORN GLYCERIDES,skin-conditioning
CORN GLYCERIDES,surfactant
CITRUS LIMON FLOWER EXTRACT,emollient
CITRUS LIMON FLOWER EXTRACT,skin-conditioning
TULIPA KAUFMANNIANA BULB EXTRACT,skin-conditioning
DISODIUM CETEARYL SULFOSUCCINATE,cleansing
DISODIUM CETEARYL SULFOSUCCINATE,emulsifying
DISODIUM CETEARYL SULFOSUCCINATE,foam-boosting
DISODIUM CETEARYL SULFOSUCCINATE,foaming
DISODIUM CETEARYL SULFOSUCCINATE,hydrotrope
DISODIUM CETEARYL SULFOSUCCINATE,skin-conditioning
DISODIUM CETEARYL SULFOSUCCINATE,surfactant
RETINOYL TRIPEPTIDE-35,antioxidant
RETINOYL TRIPEPTIDE-35,skin-protecting
INULIN,skin-conditioning
REHMANNIA ELATA ROOT EXTRACT,skin-protecting
BRASSICA OLERACEA ACEPHALA POWDER,skin-conditioning
ORYZA SATIVA GERM CELL CULTURE EXTRACT,skin-conditioning
GALLOYL TETRAPEPTIDE-19,antioxidant
GALLOYL TETRAPEPTIDE-19,skin-protecting
TETRAPEPTIDE-5,skin-conditioning
HYDROXYPROPYL BISPALMITAMIDE MEA,emollient
METHOXY PEG-200 BETULIN,skin-conditioning
HALOMONAS ANTICARIENSIS FERMENT EXTRACT FILTRATE,skin-conditioning
DIMETHICONE/LAURYL DIMETHICONE/BIS-VINYLDIMETHICONE CROSSPOLYMER,emulsion-stabilising
DIMETHICONE/LAURYL DIMETHICONE/BIS-VINYLDIMETHICONE CROSSPOLYMER,skin-conditioning
DIMETHICONE/LAURYL DIMETHICONE/BIS-VINYLDIMETHICONE CROSSPOLYMER,viscosity-controlling
LUFFA OPERCULATA EXTRACT,skin-conditioning
GUAR HYDROXYPROPYLTRIMONIUM CHLORIDE,antistatic
GUAR HYDROXYPROPYLTRIMONIUM CHLORIDE,film-forming
GUAR HYDROXYPROPYLTRIMONIUM CHLORIDE,skin-conditioning
GUAR HYDROXYPROPYLTRIMONIUM CHLORIDE,viscosity-controlling
PEA PALMITATE,skin-conditioning
HYDROLYZED TORULASPORA DELBRUEKII EXTRACT,skin-protecting
SASA VEITCHII LEAF POWDER,humectant
CITRUS AURANTIUM AMARA LEAF/TWIG EXTRACT,skin-conditioning
BACILLUS/CINNAMOMUM CASSIA BARK/MOMORDICA CHARANTIA/OPUNTIA HUMIFUSA FRUIT/ALOE VERA/ARTEMISIA VULGARIS/CAMELLIA SINENSIS/NELUMBO NUCIFERA LEAF/PUERARIA THUNBERGIANA ROOT FERMENT FILTRATE,antioxidant
BACILLUS/CINNAMOMUM CASSIA BARK/MOMORDICA CHARANTIA/OPUNTIA HUMIFUSA FRUIT/ALOE VERA/ARTEMISIA VULGARIS/CAMELLIA SINENSIS/NELUMBO NUCIFERA LEAF/PUERARIA THUNBERGIANA ROOT FERMENT FILTRATE,skin-protecting
AMMONIUM GLYCYRRHIZATE,masking
AMMONIUM GLYCYRRHIZATE,skin-conditioning
OROSTACHYS JAPONICA/SAURURUS CHINENSIS EXTRACT,humectant
OROSTACHYS JAPONICA/SAURURUS CHINENSIS EXTRACT,skin-conditioning
DIBUTYLHEXYL IPDI,binding
DIBUTYLHEXYL IPDI,film-forming
CHLORANTHUS JAPONICUS EXTRACT,humectant
CHLORANTHUS JAPONICUS EXTRACT,skin-conditioning
POLYSILICONE-17,skin-conditioning
GLUTATHIONE PALMITAMIDE,skin-conditioning
ISOOCTANOYL TETRAPEPTIDE-25,skin-conditioning
ACETOXYANDROSTENEDIONE,skin-conditioning
PHYSALIS PUBESCENS FRUIT EXTRACT,skin-conditioning
TETRAPEPTIDE-40,skin-conditioning
CHONDRUS CRISPUS,masking
CHONDRUS CRISPUS,skin-conditioning
RUBUS IDAEUS/URSINUS FRUIT JUICE EXTRACT,humectant
RUBUS IDAEUS/URSINUS FRUIT JUICE EXTRACT,skin-conditioning
BUTYL ACRYLATE/LAURYL METHACRYLATE/METHACRYLOYLOXYPROPYL DIMETHICONE COPOLYMER,film-forming
TOUHI EKISU,skin-conditioning
HYDROGENATED POLYBUTADIENE/GLYCOL/HDI COPOLYMER,film-forming
PALMITOYL OCTAPEPTIDE-27 AMIDE,skin-conditioning
PHLORIDZIN,skin-conditioning
CITRUS DEPRESSA PEEL POWDER,skin-conditioning
MONASCUS/BRASSICA NAPUS SEED OIL FERMENT EXTRACT,emollient
MONASCUS/BRASSICA NAPUS SEED OIL FERMENT EXTRACT,humectant
MONASCUS/BRASSICA NAPUS SEED OIL FERMENT EXTRACT,skin-conditioning
ASPERGILLUS/SACCHARUM OFFICINARUM STEM EXTRACT FERMENT FILTRATE,humectant
SHEEP ADIPOSE STROMAL CELL CONDITIONED MEDIA,skin-conditioning
KOUSOU,skin-conditioning
SR-SILKWORM POLYPEPTIDE-1,skin-conditioning
ASCOPHYLLUM NODOSUM/FUCUS VESICULOSUS/LAMINARIA CLOUSTONI/LAMINARIA DIGITATA EXTRACT,emollient
ASCOPHYLLUM NODOSUM/FUCUS VESICULOSUS/LAMINARIA CLOUSTONI/LAMINARIA DIGITATA EXTRACT,skin-conditioning
PALMITOYL MYRISTYL SERINATE,skin-conditioning
SACCHAROMYCES/BARLEY SEED FERMENT EXTRACT,skin-conditioning
SH-OLIGOPEPTIDE-11,skin-conditioning
RAPESEED OIL PEG-20 ESTERS,emollient
RAPESEED OIL PEG-20 ESTERS,emulsifying
RAPESEED OIL PEG-20 ESTERS,surfactant
LACTOBACILLUS/PAECILOMYCES JAPONICA MYCELIUM/PANAX GINSENG ROOT FERMENT FILTRATE,skin-conditioning
HELICHRYSUM ORIENTALE FLOWER,antioxidant
HELICHRYSUM ORIENTALE FLOWER,skin-conditioning
POLYSORBATE 20 DICINNAMATE,emulsion-stabilising
POLYSORBATE 20 DICINNAMATE,surfactant
KOCHIA SCOPARIA FRUIT POWDER,abrasive
KOCHIA SCOPARIA FRUIT POWDER,skin-protecting
PEG/PPG-55/28 DIMETHYL ETHER,skin-conditioning
LACTOBACILLUS/SACCHAROMYCES/PICHIA ANOMALA/CAMELLIA SINENSIS LEAF EXTRACT/ARTEMISIA PRINCEPS LEAF EXTRACT/HONEY FERMENT FILTRATE,antioxidant
LACTOBACILLUS/SACCHAROMYCES/PICHIA ANOMALA/CAMELLIA SINENSIS LEAF EXTRACT/ARTEMISIA PRINCEPS LEAF EXTRACT/HONEY FERMENT FILTRATE,skin-conditioning
LACTOBACILLUS/SACCHAROMYCES/PICHIA ANOMALA/CAMELLIA SINENSIS LEAF EXTRACT/ARTEMISIA PRINCEPS LEAF EXTRACT/HONEY FERMENT FILTRATE,skin-protecting
PEG-3 GLYCERYL TRISTEARATE,emollient
PEG-3 GLYCERYL TRISTEARATE,emulsifying
SMILAX LANCEFOLIA ROOT/STALK POWDER,abrasive
SMILAX LANCEFOLIA ROOT/STALK POWDER,masking
SMILAX LANCEFOLIA ROOT/STALK POWDER,skin-protecting
ZINGIBER OFFICINALE ROOT POWDER,skin-conditioning
OLIVE OIL POLYGLYCERYL-6 ESTERS,emollient
OLIVE OIL POLYGLYCERYL-6 ESTERS,emulsifying
PALMITOYL SH-TRIPEPTIDE-3 AMIDE,humectant
PALMITOYL SH-TRIPEPTIDE-3 AMIDE,skin-conditioning
PALMITOYL SH-TRIPEPTIDE-3 AMIDE,skin-protecting
HYDROLYZED TRITICUM SPELTA STARCH,skin-conditioning
METHOXY PEG-226 ETHYLAMINO POLY(LEUCINE/BENZYL GLUTAMATE),skin-conditioning
ENTEROMORPHA COMPRESSA POWDER,skin-conditioning
POLYACRYLATE CROSSPOLYMER-6,emulsion-stabilising
POLYACRYLATE CROSSPOLYMER-6,viscosity-controlling
ASPERGILLUS/AMARANTHUS HYPOCHONDRIACUS SEED FERMENT FILTRATE,humectant
ETHYLHEXYL MEADOWFOAMATE,emollient
ETHYLHEXYL MEADOWFOAMATE,skin-conditioning
RH-RICE EXTRACT,skin-conditioning
OCTYLDODECYL LACTATE,emollient
DICETYL ETHER,emollient
DICETYL ETHER,skin-conditioning
APRICOT KERNEL OIL POLYGLYCERYL-10 ESTERS,emollient
APRICOT KERNEL OIL POLYGLYCERYL-10 ESTERS,emulsifying
APRICOT KERNEL OIL POLYGLYCERYL-10 ESTERS,skin-conditioning
APRICOT KERNEL OIL POLYGLYCERYL-10 ESTERS,surfactant
FUSANUS SPICATUS WOOD EXTRACT,antiseborrhoeic
FUSANUS SPICATUS WOOD EXTRACT,astringent
FUSANUS SPICATUS WOOD EXTRACT,skin-conditioning
PLUMERIA OBTUSA LEAF CELL EXTRACT,antioxidant
PLUMERIA OBTUSA LEAF CELL EXTRACT,skin-protecting
SILVER HYDROXIDE,antioxidant
SILVER HYDROXIDE,skin-conditioning
HYDROXYDECYL UBIQUINOYL DIPALMITOYL GLYCERATE,skin-conditioning
SCHINZIOPHYTON RAUTANENII KERNEL OIL POLYGLYCERYL-6 ESTERS,emollient
SCHINZIOPHYTON RAUTANENII KERNEL OIL POLYGLYCERYL-6 ESTERS,emulsifying
SCHINZIOPHYTON RAUTANENII KERNEL OIL POLYGLYCERYL-6 ESTERS,surfactant
ANNONA MURICATA SEEDCAKE POWDER,abrasive
ANNONA MURICATA SEEDCAKE POWDER,skin-conditioning
CORN OIL GLYCERETH-8 ESTERS,emollient
CORN OIL GLYCERETH-8 ESTERS,emulsifying
SASA VEITCHII LEAF EXTRACT,skin-conditioning
MELOTHRIA HETEROPHYLLA ROOT EXTRACT,skin-conditioning
POLYURETHANE-63,film-forming
LILIUM CANDIDUM BULB EXTRACT,skin-conditioning
LUFFA CYLINDRICA FRUIT/LEAF/STEM EXTRACT,skin-conditioning
LYCIUM BARBARUM SEED OIL,skin-conditioning
PEG-175 DISTEARATE,emulsifying
PEG-175 DISTEARATE,surfactant
PEG-175 DISTEARATE,viscosity-controlling
TRIGONELLA FOENUM-GRAECUM FRUIT EXTRACT,masking
TRIGONELLA FOENUM-GRAECUM FRUIT EXTRACT,skin-conditioning
DIOSCOREA OPPOSITA ROOT EXTRACT,skin-conditioning
BIS-HYDROXYETHOXYPROPYL DIMETHICONE,emollient
BIS-HYDROXYETHOXYPROPYL DIMETHICONE,skin-conditioning
LYSINAMIDO ORNITHINE,skin-conditioning
ATTALEA SPECIOSA MESOCARP EXTRACT,film-forming
ATTALEA SPECIOSA MESOCARP EXTRACT,skin-conditioning
TRIGLYCERETH-7 CITRATE,humectant
TRIGLYCERETH-7 CITRATE,skin-conditioning
SODIUM FORMYLHIPPURATE TRIFLUOROACETYLISOBUTYL DIPEPTIDE-42 AMIDE,skin-conditioning
FICUS INDICA LEAF EXTRACT,skin-conditioning
SASA VEITCHII,skin-conditioning
PYRUS MALUS FRUIT EXTRACT,skin-conditioning
TRIHYDROXYSTEARIN,skin-conditioning
TRIHYDROXYSTEARIN,viscosity-controlling
CIPADESSA BACCIFERA FLOWER/LEAF/STEM EXTRACT,skin-conditioning
BACILLUS,skin-conditioning
ENDOMYCES/AESCULUS HIPPOCASTANUM FERMENT FILTRATE,skin-conditioning
SACCHARIDE ISOMERATE,humectant
CITRUS AURANTIUM DULCIS LEAF EXTRACT,skin-conditioning
ASPERGILLUS/RICE GERM FERMENT EXTRACT FILTRATE,emollient
DITRIMETHYLOLPROPANE TETRASTEARATE,emollient
DITRIMETHYLOLPROPANE TETRASTEARATE,skin-conditioning
TRIDECYL SALICYLATE,antistatic
TRIDECYL SALICYLATE,skin-conditioning
HYDROLYZED GELIDIUM ELEGANS/GRACILARIA VERMICULOPHYLLA/GRACILARIA GIGAS/PTEROCLADIELLA CAPILLACEA/AHNFELTIA PLICATA EXTRACT,emollient
HYDROLYZED GELIDIUM ELEGANS/GRACILARIA VERMICULOPHYLLA/GRACILARIA GIGAS/PTEROCLADIELLA CAPILLACEA/AHNFELTIA PLICATA EXTRACT,skin-conditioning
GLYCERYL LAURATE DIACETATE,not-reported
GLYCERYL LAURATE DIACETATE,skin-conditioning
SODIUM TETRAHYDROJASMONATE,abrasive
SODIUM TETRAHYDROJASMONATE,skin-conditioning
OLEA EUROPAEA HUSK OIL,skin-conditioning
DIGLYCERIN/DILINOLEIC ACID/HYDROXYSTEARIC ACID COPOLYMER,emollient
DIGLYCERIN/DILINOLEIC ACID/HYDROXYSTEARIC ACID COPOLYMER,emulsifying
DIGLYCERIN/DILINOLEIC ACID/HYDROXYSTEARIC ACID COPOLYMER,emulsion-stabilising
DIGLYCERIN/DILINOLEIC ACID/HYDROXYSTEARIC ACID COPOLYMER,viscosity-controlling
HEXAPEPTIDE-48,skin-conditioning
HYDROLYZED HAZELNUT PROTEIN,skin-conditioning
ADENINE,skin-conditioning
EQUISETUM ARVENSE/(ARNICA MONTANA/CHAMOMILLA RECUTITA) FLOWER EXTRACT,humectant
EQUISETUM ARVENSE/(ARNICA MONTANA/CHAMOMILLA RECUTITA) FLOWER EXTRACT,skin-conditioning
ABIES HOMOLEPIS LEAF EXTRACT,astringent
ABIES HOMOLEPIS LEAF EXTRACT,humectant
ASPERGILLUS/LACTOBACILLUS/ASTRAGALUS MEMBRANACEUS ROOT EXTRACT FERMENT FILTRATE,skin-conditioning
OLIGOPEPTIDE-52,skin-conditioning
ETHYL TURTLATE,skin-conditioning
PAULOWNIA TOMENTOSA WOOD EXTRACT,skin-conditioning
BUTYL STEARATE,emollient
BUTYL STEARATE,masking
BUTYL STEARATE,skin-conditioning
TRIMETHYL PENTAPHENYL TRISILOXANE,emollient
TRIMETHYL PENTAPHENYL TRISILOXANE,skin-conditioning
PRUNUS AMYGDALUS DULCIS OIL,skin-conditioning
STRONTIUM CHLORIDE,oral-care
STRONTIUM CHLORIDE,skin-conditioning
STRONTIUM CHLORIDE,soothing
SD ALCOHOL 27-B,astringent
SD ALCOHOL 27-B,solvent
SD ALCOHOL 27-B,viscosity-controlling
ROSA RUGOSA FRUIT EXTRACT,skin-conditioning
SH-OLIGOPEPTIDE-6,skin-conditioning
JUNIPERUS COMMUNIS FRUIT/ROSMARINUS OFFICINALIS/SALVIA OFFICINALIS EXTRACT,skin-conditioning
PICRASMA EXCELSA WOOD EXTRACT,astringent
PICRASMA EXCELSA WOOD EXTRACT,skin-conditioning
OCTYLDODECYL MYRISTATE,emollient
ALUMINUM HYDROXY BIS-METHYLENE BIS-DI-T-BUTYLPHENYL PHOSPHATE,skin-conditioning
TRIFOLIUM PRATENSE SYMBIOSOME EXTRACT,antioxidant
TRIFOLIUM PRATENSE SYMBIOSOME EXTRACT,skin-conditioning
PENTAERYTHRITYL COCOATE,skin-conditioning
SALMO OVUM EXTRACT,skin-conditioning
LACTOBACILLUS/CAMELLIA SINENSIS CATECHINS/GELIDIUM CRINALE/LAMINARIA JAPONICA/MONOSTROMA NITIDUM/RESVERATROL FERMENT FITRATE,antioxidant
LACTOBACILLUS/CAMELLIA SINENSIS CATECHINS/GELIDIUM CRINALE/LAMINARIA JAPONICA/MONOSTROMA NITIDUM/RESVERATROL FERMENT FITRATE,antiseborrhoeic
LACTOBACILLUS/CAMELLIA SINENSIS CATECHINS/GELIDIUM CRINALE/LAMINARIA JAPONICA/MONOSTROMA NITIDUM/RESVERATROL FERMENT FITRATE,skin-conditioning
LACTOBACILLUS/CAMELLIA SINENSIS CATECHINS/GELIDIUM CRINALE/LAMINARIA JAPONICA/MONOSTROMA NITIDUM/RESVERATROL FERMENT FITRATE,uv-filter
METHYL DIETHANOLAMINE,film-forming
SACCHAROMYCES FERMENT FILTRATE,humectant
PEG/PPG-5/10 TOCOPHERYL ETHER,anticaking
PEG/PPG-5/10 TOCOPHERYL ETHER,antioxidant
PEG/PPG-5/10 TOCOPHERYL ETHER,binding
PEG/PPG-5/10 TOCOPHERYL ETHER,emulsion-stabilising
PEG/PPG-5/10 TOCOPHERYL ETHER,plasticiser
PEG/PPG-5/10 TOCOPHERYL ETHER,skin-conditioning
PEG/PPG-5/10 TOCOPHERYL ETHER,surfactant
PEG/PPG-5/10 TOCOPHERYL ETHER,uv-absorber
COENZYME A,skin-conditioning
HYDROLYZED FORSYTHIA VIRIDISSIMA FRUIT/ROOT EXTRACT,skin-conditioning
CYCLOHEXYL PHENYLCARBAMATE,skin-conditioning
ACETYL METHIONINE,skin-conditioning
BACILLUS/MONASCUS/KRILL/SOYBEAN FERMENT FILTRATE,antioxidant
BACILLUS/MONASCUS/KRILL/SOYBEAN FERMENT FILTRATE,emollient
BACILLUS/MONASCUS/KRILL/SOYBEAN FERMENT FILTRATE,humectant
BACILLUS/MONASCUS/KRILL/SOYBEAN FERMENT FILTRATE,skin-conditioning
ORYZA SATIVA CALLUS CULTURE EXTRACT,skin-conditioning
VERMICULITE,skin-conditioning
HYDROLYZED CANDIDA SAITOANA EXTRACT,skin-protecting
SALACIA MADAGASCARIENSIS ROOT EXTRACT,skin-conditioning
LAURIC/PALMITIC/OLEIC TRIGLYCERIDE,emollient
LAURIC/PALMITIC/OLEIC TRIGLYCERIDE,skin-conditioning
DITHIODIETHYL BIS-LACTAMIDE,skin-conditioning
ASCORBYL CARBONYL DIPEPTIDE-17,skin-conditioning
HYDROLYZED CHONDRUS CRISPUS EXTRACT,skin-conditioning
FICUS CARICA FRUIT/LEAF EXTRACT,skin-conditioning
LACTOYL PHYTOSPHINGOSINE,skin-conditioning
RAYON,bulking
RAYON,viscosity-controlling
CUCURBITA PEPO GIROMONTIINA FRUIT EXTRACT,skin-conditioning
POLYGONUM TINCTORIUM LEAF/STEM EXTRACT,skin-conditioning
SUNFLOWER SEED OIL POLYGLYCERYL-5 ESTERS,emollient
SUNFLOWER SEED OIL POLYGLYCERYL-5 ESTERS,emulsifying
SUNFLOWER SEED OIL POLYGLYCERYL-5 ESTERS,skin-conditioning
SUNFLOWER SEED OIL POLYGLYCERYL-5 ESTERS,surfactant
PICRASMA QUASSIOIDES FRUIT EXTRACT,antimicrobial
PICRASMA QUASSIOIDES FRUIT EXTRACT,skin-conditioning
PSOPHOCARPUS TETRAGONOLOBUS ROOT EXTRACT,skin-protecting
ROSA HYBRID OVARY EXTRACT,skin-conditioning
CURCUMA ZEDOARIA ROOT POWDER,skin-conditioning
ASTRAGALUS MEMBRANACEUS SPROUT EXTRACT,emollient
ASTRAGALUS MEMBRANACEUS SPROUT EXTRACT,skin-conditioning
HYDROGENATED TALLOW GLYCERIDE CITRATE,emollient
HYDROGENATED TALLOW GLYCERIDE CITRATE,emulsifying
HYDROGENATED TALLOW GLYCERIDE CITRATE,skin-conditioning
OPUNTIA TUNA STEM EXTRACT,skin-conditioning
PASSIFLORA EDULIS SEED OIL/PALM OIL/ AMINOPROPANEDIOL ESTERS ACETATE ETHYLDIMONIUM CHLORIDE,skin-conditioning
HYDROLYZED BAMBUSA ARUNDINACEA EXTRACT,skin-conditioning
BACILLUS/CITRUS UNSHIU PEEL EXTRACT FERMENT FILTRATE,antimicrobial
BACILLUS/CITRUS UNSHIU PEEL EXTRACT FERMENT FILTRATE,emollient
POLYQUATERNIUM-71,humectant
LACTOBACILLUS/CORNUS OFFICINALIS FRUIT/ANGELICA ACUTILOBA ROOT/DEER ANTLER/THYME FERMENT FILTRATE,skin-conditioning
R-CLOSTRIDIUM BOTULINUM POLYPEPTIDE-1,skin-conditioning
TETRASELMIS CHUI EXTRACT,emollient
TETRASELMIS CHUI EXTRACT,skin-conditioning
ALARIA PRAELONGA EXTRACT,humectant
ALARIA PRAELONGA EXTRACT,skin-conditioning
BETA-ALANINE,humectant
CHROMULINA OCHROMONOIDES EXTRACT,emollient
CHROMULINA OCHROMONOIDES EXTRACT,skin-conditioning
HYDROGENATED ADANSONIA DIGITATA SEED OIL,emollient
BACILLUS/MONASCUS/PRUNUS TOMENTOSA FRUIT/SOYBEAN FERMENT FILTRATE,antioxidant
BACILLUS/MONASCUS/PRUNUS TOMENTOSA FRUIT/SOYBEAN FERMENT FILTRATE,emollient
BACILLUS/MONASCUS/PRUNUS TOMENTOSA FRUIT/SOYBEAN FERMENT FILTRATE,skin-conditioning
MARANTA ARUNDINACEA ROOT POWDER,skin-conditioning
PERICHLAENA RICHARDII FLOWER/LEAF EXTRACT,antioxidant
PERICHLAENA RICHARDII FLOWER/LEAF EXTRACT,skin-conditioning
PERICHLAENA RICHARDII FLOWER/LEAF EXTRACT,skin-protecting
HEXYL NICOTINATE,antistatic
HEXYL NICOTINATE,emollient
ROSA GALLICA FLOWER POWDER,skin-conditioning
AGAVE ATROVIRENS EXTRACT,humectant
AGAVE ATROVIRENS EXTRACT,skin-conditioning
STEREOSPERMUM SUAVEOLENS ROOT POWDER,skin-conditioning
POLYACRYLATE CROSSPOLYMER-5,film-forming
POLYACRYLATE CROSSPOLYMER-5,surfactant
CAMELLIA SINENSIS LEAF/PANAX GINSENG ROOT EXTRACT,emollient
CAMELLIA SINENSIS LEAF/PANAX GINSENG ROOT EXTRACT,skin-conditioning
HYDROLYZED ENTEROMORPHA COMPRESSA,skin-conditioning
SOLANUM MELONGENA FRUIT JUICE,skin-conditioning
DIMETHYLSILANOL HYALURONATE,humectant
DIMETHYLSILANOL HYALURONATE,moisturising
DIMETHYLSILANOL HYALURONATE,skin-conditioning
STREPTOCOCCUS ZOOEPIDEMICUS/WHEAT PEPTIDE FERMENT,skin-conditioning
ETHYLHEXYL HYDROXYSTEARATE BENZOATE,emollient
ETHYLHEXYL HYDROXYSTEARATE BENZOATE,skin-conditioning
BEHENYL BENZOATE,antimicrobial
BEHENYL BENZOATE,emollient
BEHENYL BENZOATE,skin-conditioning
FRAXINUS EXCELSIOR BUD EXTRACT,skin-conditioning
HYDROLYZED CYPERUS ROTUNDUS ROOT EXTRACT,skin-protecting
USNEA FILIPENDULA EXTRACT,skin-conditioning
LAUROYL METHYL GLUCAMIDE,skin-conditioning
LAUROYL METHYL GLUCAMIDE,surfactant
PISUM SATIVUM SYMBIOSOME EXTRACT,antioxidant
PISUM SATIVUM SYMBIOSOME EXTRACT,skin-conditioning
PALM OIL OLEYL ESTERS,emollient
PALM OIL OLEYL ESTERS,humectant
PALM OIL OLEYL ESTERS,skin-conditioning
PINUS DENSIFLORA LEAF/SUGAR FERMENT FILTRATE,antidandruff
PINUS DENSIFLORA LEAF/SUGAR FERMENT FILTRATE,antimicrobial
PINUS DENSIFLORA LEAF/SUGAR FERMENT FILTRATE,antioxidant
PINUS DENSIFLORA LEAF/SUGAR FERMENT FILTRATE,oral-care
PINUS DENSIFLORA LEAF/SUGAR FERMENT FILTRATE,skin-conditioning
HIBISCUS MAKINOI LEAF EXTRACT,skin-conditioning
RADIUM ORE POWDER,abrasive
RADIUM ORE POWDER,antimicrobial
RADIUM ORE POWDER,antioxidant
RADIUM ORE POWDER,humectant
RADIUM ORE POWDER,preservative
DECAPEPTIDE-17,skin-conditioning
CHOLESTERYL ISOSTEARATE,emollient
CHOLESTERYL ISOSTEARATE,skin-conditioning
CHOLESTERYL ISOSTEARATE,viscosity-controlling
OXALIS HEDYSAROIDES FLOWER,skin-conditioning
ERIOPHORUM SPISSUM FLOWER/STEM EXTRACT,skin-conditioning
OXIDIZED ETHYLENE/PROPYLENE COPOLYMER,viscosity-controlling
BAILLONELLA TOXISPERMA SEED OIL,emollient
BAILLONELLA TOXISPERMA SEED OIL,skin-protecting
LONICERA CAERULEA FRUIT WATER,humectant
THIODIPROPIONIC ACID,skin-conditioning
CHRYSANTHEMUM BOREALE FLOWER EXTRACT,antioxidant
CHRYSANTHEMUM BOREALE FLOWER EXTRACT,skin-conditioning
MICROGLENA REGINAE,skin-conditioning
QUILLAJA SAPONARIA ROOT EXTRACT,masking
QUILLAJA SAPONARIA ROOT EXTRACT,skin-conditioning
C20-24 ALKYL METHICONE,emollient
C20-24 ALKYL METHICONE,skin-conditioning
C20-24 ALKYL METHICONE,viscosity-controlling
CITRUS IYO PEEL EXTRACT,humectant
PUERARIA MIRIFICA ROOT POWDER,skin-conditioning
ACRYLATES/BEHENETH-25 METHACRYLATE COPOLYMER,viscosity-controlling
PRUNUS PERSICA LEAF EXTRACT,emollient
PRUNUS PERSICA LEAF EXTRACT,moisturising
PRUNUS PERSICA LEAF EXTRACT,skin-conditioning
CITRUS DEPRESSA FRUIT WATER,humectant
GRACILARIOPSIS CHORDA EXTRACT,skin-conditioning
CANNABIS SATIVA SEED OIL GLYCERETH-8 ESTERS,emollient
CANNABIS SATIVA SEED OIL GLYCERETH-8 ESTERS,emulsion-stabilising
BRASSICA OLERACEA ITALICA SPROUT POWDER,cleansing
BRASSICA OLERACEA ITALICA SPROUT POWDER,skin-conditioning
SHIKIMOYL NONAPEPTIDE-11,antioxidant
SHIKIMOYL NONAPEPTIDE-11,antiseborrhoeic
SHIKIMOYL NONAPEPTIDE-11,skin-protecting
VIOLA TRICOLOR FLOWER JUICE,skin-conditioning
GERMINATED CARTHAMUS TINCTORIUS SEED/PLANTAGO ASIATICA SEED/NELUMBO NUCIFERA SEED/PSORALEA CORYLIFOLIA SEED/ALLIUM TUBEROSUM SEED/BRASSICA CAMPESTRIS SEED/ZIZYPHUS JUJUBA FRUIT/ASTRAGALUS MEMBRANACEUS ROOT/PLATYCODON GRANDIFLORUS ROOT/POLYGONUM MULTIFLORUM/ANGELICA GIGAS/VELVET/PORIA COCOS/LYCIUM CHINENSE FRUIT/PANAX GINSENG ROOT/EUCOMMIA ULMOIDES BARK/TRIBULUS TERRESTRIS FRUIT/POLYGALA TENUIFOLIA ROOT/DENDROBIUM NOBILE/ACHYRANTHES JAPONICA/EPIMEDIUM KOREANUM/REHMANNIA GLUTINOSA ROOT/CORNUS OFFICINALIS FRUIT/RUBUS COREANUS FRUIT/MORINDA CITRIFOLIA/ALPINIA OXYPHYLLA SEED EXTRACT,antioxidant
GERMINATED CARTHAMUS TINCTORIUS SEED/PLANTAGO ASIATICA SEED/NELUMBO NUCIFERA SEED/PSORALEA CORYLIFOLIA SEED/ALLIUM TUBEROSUM SEED/BRASSICA CAMPESTRIS SEED/ZIZYPHUS JUJUBA FRUIT/ASTRAGALUS MEMBRANACEUS ROOT/PLATYCODON GRANDIFLORUS ROOT/POLYGONUM MULTIFLORUM/ANGELICA GIGAS/VELVET/PORIA COCOS/LYCIUM CHINENSE FRUIT/PANAX GINSENG ROOT/EUCOMMIA ULMOIDES BARK/TRIBULUS TERRESTRIS FRUIT/POLYGALA TENUIFOLIA ROOT/DENDROBIUM NOBILE/ACHYRANTHES JAPONICA/EPIMEDIUM KOREANUM/REHMANNIA GLUTINOSA ROOT/CORNUS OFFICINALIS FRUIT/RUBUS COREANUS FRUIT/MORINDA CITRIFOLIA/ALPINIA OXYPHYLLA SEED EXTRACT,skin-conditioning
SHARK FIN EXTRACT,emollient
SHARK FIN EXTRACT,humectant
SHARK FIN EXTRACT,skin-conditioning
VITEX AGNUS-CASTUS FRUIT OIL,masking
VITEX AGNUS-CASTUS FRUIT OIL,skin-conditioning
TRIETHANOLAMINE SESQUISTEARATE,emollient
TRIETHANOLAMINE SESQUISTEARATE,skin-conditioning
C18-26 OLEFIN,skin-conditioning
HEXAPEPTIDE-63 DIMER,skin-conditioning
BUTYLOCTYL BENZOATE,emollient
BUTYLOCTYL BENZOATE,plasticiser
BUTYLOCTYL BENZOATE,skin-conditioning
BUTYLOCTYL BENZOATE,solvent
MAGNOLIA GRANDIFLORA LEAF EXTRACT,skin-conditioning
CANADIAN COLLOIDAL CLAY,skin-conditioning
SODIUM ASTROCARYUM MURUMURUATE,emollient
SODIUM ASTROCARYUM MURUMURUATE,surfactant
THEOBROMA CACAO FLOWER EXTRACT,skin-conditioning
HYDROGENATED PALM/PALM KERNEL OIL PEG-6 ESTERS,emollient
HYDROGENATED PALM/PALM KERNEL OIL PEG-6 ESTERS,emulsifying
HYDROGENATED PALM/PALM KERNEL OIL PEG-6 ESTERS,skin-conditioning
HYDROGENATED PALM/PALM KERNEL OIL PEG-6 ESTERS,stabilising
HYDROGENATED PALM/PALM KERNEL OIL PEG-6 ESTERS,surfactant
ALGIN,binding
ALGIN,masking
ALGIN,viscosity-controlling
POLYETHYLGLUTAMATE,film-forming
PPG-4 LAURETH-2,emollient
PPG-4 LAURETH-2,emulsion-stabilising
PPG-4 LAURETH-2,skin-conditioning
PROPYLENE GLYCOL MYRISTATE,skin-conditioning
PROPYLENE GLYCOL MYRISTATE,surfactant
PEUCEDANUM JAPONICUM LEAF/STEM EXTRACT,humectant
PEUCEDANUM JAPONICUM LEAF/STEM EXTRACT,skin-conditioning
VITIS VINIFERA STEM EXTRACT,skin-conditioning
VITIS VINIFERA STEM EXTRACT,skin-protecting
BIS-DIOCTADECYLAMIDE DIMER DILINOLEIC ACID/ETHYLENEDIAMINE COPOLYMER,binding
BIS-DIOCTADECYLAMIDE DIMER DILINOLEIC ACID/ETHYLENEDIAMINE COPOLYMER,viscosity-controlling
PEG-6 TRIMETHYLOLPROPANE TRIACRYLATE,binding
PEG-6 TRIMETHYLOLPROPANE TRIACRYLATE,film-forming
ROSA CANINA SEED EXTRACT,emollient
ROSA CANINA SEED EXTRACT,humectant
ROSA CANINA SEED EXTRACT,skin-conditioning
NANNOCHLOROPSIS OCULATA EXTRACT,humectant
NANNOCHLOROPSIS OCULATA EXTRACT,skin-conditioning
DIMETHICONE/PEG-10/15 CROSSPOLYMER,film-forming
DIMETHICONE/PEG-10/15 CROSSPOLYMER,opacifying
BACILLUS/FOLIC ACID FERMENT FILTRATE EXTRACT,antioxidant
BACILLUS/FOLIC ACID FERMENT FILTRATE EXTRACT,humectant
BACILLUS/FOLIC ACID FERMENT FILTRATE EXTRACT,skin-conditioning
COLOPHONIUM,binding
COLOPHONIUM,depilatory
COLOPHONIUM,film-forming
COLOPHONIUM,viscosity-controlling
GLYCEROPHOSPHOINOSITOL ARGININE,skin-protecting
TRILINOLENIN,emollient
TRILINOLENIN,refatting
TRILINOLENIN,skin-conditioning
TRILINOLENIN,viscosity-controlling
TRIFLUOROPROPYL DIMETHICONE/VINYL TRIFLUOROPROPYL DIMETHICONE/SILSESQUIOXANE CROSSPOLYMER,viscosity-controlling
TRITICUM VULGARE GERM EXTRACT,skin-conditioning
TRITICUM VULGARE GERM EXTRACT,skin-protecting
ESCHSCHOLZIA CALIFORNICA FLOWER/LEAF/STEM EXTRACT,skin-conditioning
HEPTACODIUM MICONIOIDES FLOWER EXTRACT,skin-conditioning
PEG-4 PROLINE LINOLENATE,emollient
BOERHAVIA REPENS EXTRACT,skin-conditioning
DEFATTED OPUNTIA FICUS-INDICA FLOWER,skin-conditioning
DEFATTED OPUNTIA FICUS-INDICA FLOWER,skin-protecting
POLYGLYCERIN-40,antimicrobial
POLYGLYCERIN-40,humectant
PROPYLENE GLYCOL BUTYL ETHER,humectant
PROPYLENE GLYCOL BUTYL ETHER,solvent
PROPYLENE GLYCOL BUTYL ETHER,viscosity-controlling
SODIUM AVOCADOATE,cleansing
SODIUM AVOCADOATE,emulsifying
SODIUM AVOCADOATE,viscosity-controlling
CYMBIDIUM GRANDIFLORUM ROOT EXTRACT,humectant
CYMBIDIUM GRANDIFLORUM ROOT EXTRACT,skin-conditioning
HYDROXYCINNAMIC ACID,skin-conditioning
DIPENTAERYTHRITYL HEXAOCTANOATE/HEXABEHENATE,skin-conditioning
DIPENTAERYTHRITYL HEXAOCTANOATE/HEXABEHENATE,viscosity-controlling
HIBISCUS SYRIACUS CALLUS POWDER,antioxidant
HIBISCUS SYRIACUS CALLUS POWDER,skin-protecting
CAPRYLYL 2-GLYCERYL ASCORBATE,antioxidant
CAPRYLYL 2-GLYCERYL ASCORBATE,humectant
LAURYL PEG-10 TRIS(TRIMETHYLSILOXY)SILYLETHYL DIMETHICONE,emulsifying
LAURYL PEG-10 TRIS(TRIMETHYLSILOXY)SILYLETHYL DIMETHICONE,skin-conditioning
LAURYL PEG-10 TRIS(TRIMETHYLSILOXY)SILYLETHYL DIMETHICONE,surfactant
CLEMATIS VITALBA FLOWER EXTRACT,skin-conditioning
HATOMUGI SHUSHI EKISU,skin-conditioning
MESOPHYLLUM LICHENOIDES EXTRACT,skin-conditioning
UNDECANOIC ACID DIMETHICONES,emulsifying
UNDECANOIC ACID DIMETHICONES,surfactant
UNDECANOIC ACID DIMETHICONES,viscosity-controlling
HYDROGENATED ORANGE ROUGHY OIL,emollient
HYDROGENATED ORANGE ROUGHY OIL,skin-conditioning
OCTYLDODECYL CITRATE CROSSPOLYMER,humectant
PEG-15/LAURYL POLYDIMETHYLSILOXYETHYL DIMETHICONE CROSSPOLYMER,viscosity-controlling
ANTENNARIA DIOICA CALLUS EXTRACT,skin-conditioning
MICHELIA CHAMPACA FLOWER OIL,skin-conditioning
MAGNESIUM PALMITATE,anticaking
MAGNESIUM PALMITATE,opacifying
MAGNESIUM PALMITATE,viscosity-controlling
VATERIA INDICA BARK EXTRACT,antioxidant
VATERIA INDICA BARK EXTRACT,skin-conditioning
CHOLESTERYL/OCTYLDODECYL LAUROYL GLUTAMATE,skin-conditioning
PROPYLENE GLYCOL HEPTANOATE,skin-conditioning
PROPYLENE GLYCOL HEPTANOATE,surfactant
HYDROXYPROPYL METHYLCELLULOSE,antistatic
HYDROXYPROPYL METHYLCELLULOSE,binding
HYDROXYPROPYL METHYLCELLULOSE,emulsion-stabilising
HYDROXYPROPYL METHYLCELLULOSE,film-forming
HYDROXYPROPYL METHYLCELLULOSE,surfactant
HYDROXYPROPYL METHYLCELLULOSE,viscosity-controlling
ACETYL TRIPEPTIDE-30 CITRULLINE,skin-conditioning
HYDROLYZED CORIANDRUM SATIVUM FRUIT EXTRACT,skin-protecting
ARALIA ELATA CALLUS CONDITIONED MEDIA EXTRACT,antioxidant
ARALIA ELATA CALLUS CONDITIONED MEDIA EXTRACT,skin-protecting
OLEAMIDE SERINOL,emollient
OLEAMIDE SERINOL,skin-conditioning
OLEAMIDE SERINOL,skin-protecting
BABASSU SEED OIL ETHYL ESTERS,emollient
BABASSU SEED OIL ETHYL ESTERS,skin-conditioning
POLY LACTOBIONAMIDOMETHYLSTYRENE,humectant
POLY LACTOBIONAMIDOMETHYLSTYRENE,skin-conditioning
BACILLUS/MONASCUS/PUERARIA MIRIFICA ROOT/RICE BRAN FERMENT FILTRATE,antioxidant
BACILLUS/MONASCUS/PUERARIA MIRIFICA ROOT/RICE BRAN FERMENT FILTRATE,humectant
BACILLUS/MONASCUS/PUERARIA MIRIFICA ROOT/RICE BRAN FERMENT FILTRATE,refreshing
BACILLUS/MONASCUS/PUERARIA MIRIFICA ROOT/RICE BRAN FERMENT FILTRATE,skin-protecting
POLY(C4-12 OLEFIN),skin-conditioning
SOLEIROLIA SOLEIROLII EXTRACT,antioxidant
SOLEIROLIA SOLEIROLII EXTRACT,astringent
SOLEIROLIA SOLEIROLII EXTRACT,emollient
SOLEIROLIA SOLEIROLII EXTRACT,skin-conditioning
SOLEIROLIA SOLEIROLII EXTRACT,skin-protecting
MALTOOLIGOSYL GLUCOSIDE,binding
MALTOOLIGOSYL GLUCOSIDE,film-forming
MALTOOLIGOSYL GLUCOSIDE,skin-conditioning
PEG-50 HYDROGENATED CASTOR OIL LAURATE,skin-conditioning
DIMYRISTOYL GLYCERYL ASCORBATE,antioxidant
DIMYRISTOYL GLYCERYL ASCORBATE,humectant
DIMYRISTOYL GLYCERYL ASCORBATE,skin-conditioning
VACCINIUM VITIS-IDAEA FRUIT JUICE,skin-conditioning
HYDROLYZED AVOCADO PROTEIN,skin-conditioning
BAMBUSA VULGARIS SHOOT EXTRACT,antioxidant
BAMBUSA VULGARIS SHOOT EXTRACT,astringent
BAMBUSA VULGARIS SHOOT EXTRACT,emollient
BAMBUSA VULGARIS SHOOT EXTRACT,humectant
BAMBUSA VULGARIS SHOOT EXTRACT,skin-conditioning
MYRCIARIA CAULIFLORA PULP,skin-conditioning
STREPTOMYCES SUBRUTILUS/APRICOT FLOWER EXTRACT/LITHOSPERMUM OFFICINALE ROOT EXTRACT/MAGNOLIA OFFICINALIS FLOWER EXTRACT/SPIRODELA POLYRHIZA EXTRACT FERMENT FILTRATE,skin-conditioning
POLYSTICHUM POLYBLEPHARUM EXTRACT,skin-conditioning
VACCINIUM OXYCOCCOS FRUIT WATER,skin-conditioning
HYACINTHUS ORIENTALIS LEAF EXTRACT,skin-conditioning
AMPELOPSIS JAPONICA ROOT POWDER,abrasive
AMPELOPSIS JAPONICA ROOT POWDER,masking
AMPELOPSIS JAPONICA ROOT POWDER,skin-protecting
SORBUS AUCUPARIA FRUIT EXTRACT,skin-conditioning
ASPERGILLUS/MOLASSES FERMENT FILTRATE,skin-conditioning
TRIACONTENE/VP COPOLYMER,emulsion-stabilising
TRIACONTENE/VP COPOLYMER,film-forming
GYMNANTHEMUM AMYGDALINUM LEAF EXTRACT,humectant
GYMNANTHEMUM AMYGDALINUM LEAF EXTRACT,skin-conditioning
RIBES NIGRUM,emollient
RIBES NIGRUM,humectant
RIBES NIGRUM,skin-conditioning
ASPERGILLUS/ASTRAGALUS SINICUS SEED/RICE FERMENT FILTRATE,skin-conditioning
POLYMETHYL/OCTYL/PHENYL/PROPYLSILSESQUIOXANE DIMETHICONE CROSSPOLYMER,film-forming
POLYMETHYL/OCTYL/PHENYL/PROPYLSILSESQUIOXANE DIMETHICONE CROSSPOLYMER,skin-conditioning
DECYL SUCCINATE,emollient
DECYL SUCCINATE,skin-conditioning
LARIX KAEMPFERI ROOT BARK EXTRACT,skin-conditioning
THIANTHOL,antimicrobial
THIANTHOL,skin-conditioning
AVENA SATIVA (OAT) KERNEL EXTRACT,abrasive
AVENA SATIVA (OAT) KERNEL EXTRACT,antioxidant
AVENA SATIVA (OAT) KERNEL EXTRACT,emollient
AVENA SATIVA (OAT) KERNEL EXTRACT,skin-conditioning
SODIUM PIPERAZINOETHYL ACETATE ETHYLSULFONATE,skin-conditioning
SODIUM TAURIDE ACRYLATES/ACRYLIC ACID/ACRYLONITROGENS COPOLYMER,film-forming
SODIUM TAURIDE ACRYLATES/ACRYLIC ACID/ACRYLONITROGENS COPOLYMER,viscosity-controlling
ALCHEMILLA VULGARIS FLOWER/LEAF/STEM EXTRACT,astringent
ALCHEMILLA VULGARIS FLOWER/LEAF/STEM EXTRACT,skin-conditioning
LACTOCOCCUS/LEUCONOSTOC/LACTOBACILLUS/ZYGOSACCHAROMYCES/MILK FERMENT,skin-protecting
ROSA CANINA FLOWER POWDER,skin-conditioning
DIOLEOYL PG-TRIMONIUM CHLORIDE,skin-conditioning
NEOPENTYL GLYCOL DICAPRYLATE/DICAPRATE,emollient
NEOPENTYL GLYCOL DICAPRYLATE/DICAPRATE,skin-conditioning
TOCOPHERYL SUCCINATE METHYLGLUCAMIDE,antioxidant
TOCOPHERYL SUCCINATE METHYLGLUCAMIDE,emulsion-stabilising
TOCOPHERYL SUCCINATE METHYLGLUCAMIDE,skin-conditioning
HYDROXYETHYL IMIDAZOLIDINONE,humectant
TRIMETHYLOLPROPANE TRIMETHACRYLATE,film-forming
OLIGOPEPTIDE-141 HEXAPEPTIDE-8 HEPTAPEPTIDE-32,skin-conditioning
RUBUS OCCIDENTALIS FRUIT JUICE,skin-conditioning
ACTINIDIA CHINENSIS FRUIT EXTRACT,emollient
ACTINIDIA CHINENSIS FRUIT EXTRACT,skin-conditioning
SACCHAROMYCES/LACTOBACILLUS/MANDARIN ORANGE PEEL/PHELLINUS LINTEUS/PINUS DENSIFLORA LEAF FERMENT FILTRATE,emollient
SACCHAROMYCES/LACTOBACILLUS/MANDARIN ORANGE PEEL/PHELLINUS LINTEUS/PINUS DENSIFLORA LEAF FERMENT FILTRATE,skin-conditioning
XYLITOL,humectant
XYLITOL,skin-conditioning
OLIGOPEPTIDE-121,skin-conditioning
PEG-7/PPG-2 PENTAERYTHRITYL TETRAACRYLATE,film-forming
ACETYL HEXAPEPTIDE-37,skin-conditioning
HYDROLYZED LYCIUM BARBARUM FRUIT,skin-conditioning
PIRACETAM,skin-conditioning
RETINYL RETINOATE,skin-conditioning
GLYCOL DITALLOWATE,emollient
GLYCOL DITALLOWATE,opacifying
GLYCOL DITALLOWATE,skin-conditioning
GLYCOL DITALLOWATE,viscosity-controlling
MENTHA AQUATICA FLOWER/LEAF/STEM EXTRACT,skin-conditioning
LIQUIDAMBAR FORMOSANA FRUIT EXTRACT,skin-conditioning
POLYVINYL ACETATE,antistatic
POLYVINYL ACETATE,binding
POLYVINYL ACETATE,emulsion-stabilising
POLYVINYL ACETATE,film-forming
N-NICOTINOYL DOPAMINE,skin-conditioning
PEI-275,viscosity-controlling
STENOLOMA CHUSANUM LEAF/STEM EXTRACT,skin-conditioning
KINGINKA EKISU,masking
KINGINKA EKISU,skin-conditioning
CEREUS HILDMANNIANUS EXTRACT,skin-conditioning
QUERCUS ROBUR BUD EXTRACT,antioxidant
QUERCUS ROBUR BUD EXTRACT,skin-conditioning
CITRUS DEPRESSA FLOWER WATER,emollient
CITRUS DEPRESSA FLOWER WATER,humectant
CITRUS DEPRESSA FLOWER WATER,skin-conditioning
CITRUS DEPRESSA FLOWER WATER,skin-protecting
OLIGOPEPTIDE-140,skin-conditioning
HYDROGENATED ISOPROPYL JOJOBATE,skin-conditioning
MORINDA OFFICINALIS ROOT EXTRACT,antioxidant
MORINDA OFFICINALIS ROOT EXTRACT,skin-conditioning
STEARYL BENZOATE,emollient
STEARYL BENZOATE,skin-conditioning
STEARYL BENZOATE,solvent
SH-POLYPEPTIDE-73,skin-protecting
HYDROLYZED CHLORELLA VULGARIS EXTRACT,emollient
HYDROLYZED CHLORELLA VULGARIS EXTRACT,skin-conditioning
ACTAEA HERACLEIFOLIA ROOT EXTRACT,antioxidant
ACTAEA HERACLEIFOLIA ROOT EXTRACT,skin-conditioning
TETRAHYDROFURFURYL RICINOLEATE,emollient
TETRAHYDROFURFURYL RICINOLEATE,skin-conditioning
CENTELLA ASIATICA LEAF WATER,skin-conditioning
DIBENZYLIDENE SORBITOL,viscosity-controlling
AESCULUS TURBINATA BARK,skin-conditioning
LACTOCOCCUS/NONFAT MILK FERMENT FILTRATE,humectant
LACTOCOCCUS/NONFAT MILK FERMENT FILTRATE,skin-conditioning
MYRCIARIA DUBIA FRUIT EXTRACT,skin-conditioning
VIOLA ODORATA FLOWER/LEAF EXTRACT,masking
VIOLA ODORATA FLOWER/LEAF EXTRACT,skin-conditioning
VIOLA ODORATA FLOWER/LEAF EXTRACT,tonic
BETA-SITOSTERYL (OCTADECENE/MA) COPOLYMER,film-forming
DIISOSTEARYL FUMARATE,emollient
DIISOSTEARYL FUMARATE,skin-conditioning
PYRUS COMMUNIS FRUIT CELL CULTURE EXTRACT,skin-conditioning
OLIGOPEPTIDE-127 RH-POLYPEPTIDE-7,emollient
OLIGOPEPTIDE-127 RH-POLYPEPTIDE-7,skin-conditioning
OSBECKIA CHINENSIS EXTRACT,skin-conditioning
PEG-4 GLYCERYL TRISTEARATE,emollient
PEG-4 GLYCERYL TRISTEARATE,emulsifying
DISODIUM ISOSTEARAMIDO MEA-SULFOSUCCINATE,cleansing
DISODIUM ISOSTEARAMIDO MEA-SULFOSUCCINATE,foam-boosting
DISODIUM ISOSTEARAMIDO MEA-SULFOSUCCINATE,foaming
DISODIUM ISOSTEARAMIDO MEA-SULFOSUCCINATE,hydrotrope
DISODIUM ISOSTEARAMIDO MEA-SULFOSUCCINATE,skin-conditioning
DISODIUM ISOSTEARAMIDO MEA-SULFOSUCCINATE,surfactant
TRIBUTYLCRESYLBUTANE,film-forming
TRIBUTYLCRESYLBUTANE,plasticiser
TRIBUTYLCRESYLBUTANE,solvent
HIBISCUS ROSA-SINENSIS FLOWER/LEAF EXTRACT,skin-conditioning
HIBISCUS ROSA-SINENSIS FLOWER/LEAF EXTRACT,tonic
LACTOBACILLUS/GRAPE JUICE FERMENT FILTRATE,skin-conditioning
LACTOBACILLUS/BARK/LYCIUM CHINENSE FRUIT/APRICOT KERNEL/ARTEMISIA CAPILLARIS LEAF/ROOT/SOYBEAN SEED/HOUTTUYNIA CORDATA/MISTLETOE/PORIA COCOS FERMENT FILTRATE,humectant
LACTOBACILLUS/BARK/LYCIUM CHINENSE FRUIT/APRICOT KERNEL/ARTEMISIA CAPILLARIS LEAF/ROOT/SOYBEAN SEED/HOUTTUYNIA CORDATA/MISTLETOE/PORIA COCOS FERMENT FILTRATE,skin-protecting
ACETYLATED HYDROGENATED LANOLIN,emollient
ACETYLATED HYDROGENATED LANOLIN,skin-conditioning
PEG-15 PENTAERYTHRITYL TETRA(LAURETH-6 CARBOXYLATE),humectant
PEG-15 PENTAERYTHRITYL TETRA(LAURETH-6 CARBOXYLATE),skin-protecting
URSOLOYL TRIPEPTIDE-1,antioxidant
URSOLOYL TRIPEPTIDE-1,skin-protecting
THYMUS LINEARIS LEAF EXTRACT,skin-conditioning
PEI-1400,viscosity-controlling
ASCORBYL CARBOXYDECYL TRISILOXANE,skin-conditioning
SOLANUM AVICULARE LEAF EXTRACT,skin-conditioning
DIACETYL BOLDINE,skin-conditioning
CITRUS LIMON FRUIT POWDER,skin-conditioning
CRATAEGUS MONOGYNA FLOWER WATER,skin-conditioning
SORBETH-7,emollient
SORBETH-7,emulsifying
PNA-9 CARBOXYETHYL FLUORENE,emollient
PNA-9 CARBOXYETHYL FLUORENE,humectant
PNA-9 CARBOXYETHYL FLUORENE,skin-conditioning
POLYSTYRENE/HYDROGENATED POLYISOPENTENE COPOLYMER,stabilising
POLYSTYRENE/HYDROGENATED POLYISOPENTENE COPOLYMER,viscosity-controlling
ISOCETYL STEAROYL STEARATE,emollient
ISOCETYL STEAROYL STEARATE,skin-conditioning
ISOCETYL STEAROYL STEARATE,viscosity-controlling
EUPHORBIA LATHYRIS SEED EXTRACT,skin-conditioning
PICRASMA QUASSIOIDES WOOD EXTRACT,skin-protecting
POLYGLYCERYL-3 PCA,emollient
TIMONACIC,skin-conditioning
POLYGONATUM SIBIRICUM ROOT/RHIZOME POWDER,skin-conditioning
COCOGLUCOSIDES HYDROXYPROPYLTRIMONIUM CHLORIDE,cleansing
COCOGLUCOSIDES HYDROXYPROPYLTRIMONIUM CHLORIDE,emulsifying
COCOGLUCOSIDES HYDROXYPROPYLTRIMONIUM CHLORIDE,skin-conditioning
COCOGLUCOSIDES HYDROXYPROPYLTRIMONIUM CHLORIDE,surfactant
PHELLINUS LINTEUS/COLLAGEN FERMENT FILTRATE,emollient
PHELLINUS LINTEUS/COLLAGEN FERMENT FILTRATE,humectant
PHELLINUS LINTEUS/COLLAGEN FERMENT FILTRATE,skin-conditioning
PHELLINUS LINTEUS/COLLAGEN FERMENT FILTRATE,skin-protecting
OZONIZED ARGAN OIL,skin-conditioning
PEG/PPG-50/20 TOCOPHERYL ETHER,anticaking
PEG/PPG-50/20 TOCOPHERYL ETHER,antioxidant
PEG/PPG-50/20 TOCOPHERYL ETHER,binding
PEG/PPG-50/20 TOCOPHERYL ETHER,emulsifying
PEG/PPG-50/20 TOCOPHERYL ETHER,emulsion-stabilising
PEG/PPG-50/20 TOCOPHERYL ETHER,plasticiser
PEG/PPG-50/20 TOCOPHERYL ETHER,skin-conditioning
PEG/PPG-50/20 TOCOPHERYL ETHER,surfactant
PEG/PPG-50/20 TOCOPHERYL ETHER,uv-absorber
SACCHAROMYCES/GRAPE FERMENT EXTRACT,skin-conditioning
METHYLSILANOL SPIRULINATE,skin-conditioning
OLIGOPEPTIDE-65,skin-conditioning
SORBETH-40,emulsifying
SORBETH-40,humectant
SORBETH-40,solvent
SORBETH-40,viscosity-controlling
SEQUOIA SEMPERVIRENS STEM EXTRACT,skin-conditioning
PRUNUS CERASUS FRUIT EXTRACT,antioxidant
PRUNUS CERASUS FRUIT EXTRACT,skin-conditioning
AKEBIA QUINATA STEM EXTRACT,skin-conditioning
PANTOTHENIC ACID/YEAST POLYPEPTIDE,skin-conditioning
SH-POLYPEPTIDE-48,skin-conditioning
BUTYL METHACRYLATE,film-forming
BUTYL METHACRYLATE,masking
BUTYL METHACRYLATE,viscosity-controlling
MOLYBDENUM CHLORIDE,skin-conditioning
HYDROGENATED CASTOR OIL PEG-8 ESTERS,skin-conditioning
HYDROGENATED CASTOR OIL PEG-8 ESTERS,viscosity-controlling
BUTENYL AMINOLEVULINATE HCL,antioxidant
BUTENYL AMINOLEVULINATE HCL,skin-conditioning
BUTENYL AMINOLEVULINATE HCL,skin-protecting
GLYCERYL CITRATE CROSSPOLYMER,skin-conditioning
COCONUT OIL POLYGLYCERYL-6 ESTERS,emollient
COCONUT OIL POLYGLYCERYL-6 ESTERS,emulsifying
POLYGLYCERYL-4 TRISTEARATE,emollient
POLYGLYCERYL-4 TRISTEARATE,emulsifying
(LIQUIDAMBAR FORMOSANA/TRIBULUS TERRESTRIS) FRUIT/PAEONIA LACTIFLORA ROOT EXTRACT,skin-conditioning
BRUCEA AMARISSIMA GALL EXTRACT,skin-conditioning
DIVINYLDIMETHICONE/DIMETHICONE/SILSESQUIOXANE CROSSPOLYMER,anticaking
DIVINYLDIMETHICONE/DIMETHICONE/SILSESQUIOXANE CROSSPOLYMER,opacifying
DIVINYLDIMETHICONE/DIMETHICONE/SILSESQUIOXANE CROSSPOLYMER,viscosity-controlling
SH-NONAPEPTIDE-12,skin-conditioning
LACTOBACILLUS/SACCHAROMYCES/RICE/SUCROSE FERMENT FILTRATE,humectant
LACTOBACILLUS/SACCHAROMYCES/RICE/SUCROSE FERMENT FILTRATE,skin-conditioning
LACTOBACILLUS/SACCHAROMYCES/RICE/SUCROSE FERMENT FILTRATE,skin-protecting
DIPROPYL CARBONATE,skin-conditioning
PRUNUS MUME FLOWER EXTRACT,skin-conditioning
TORULASPORA DELBRUECKII EXTRACT,skin-protecting
ADIPIC ACID/NEOPENTYL GLYCOL/TRIMELLITIC ANHYDRIDE COPOLYMER,film-forming
VITIS VINIFERA CALLUS POWDER,skin-conditioning
HEXYLDODECYL/OCTYLDECYL HYDROXYSTEARATE,emollient
HEXYLDODECYL/OCTYLDECYL HYDROXYSTEARATE,skin-conditioning
SD ALCOHOL 23-F,astringent
SD ALCOHOL 23-F,solvent
SD ALCOHOL 23-F,viscosity-controlling
MYRISTYL MALATE PHOSPHONIC ACID,skin-conditioning
PETASITES VULGARIS LEAF EXTRACT,astringent
PETASITES VULGARIS LEAF EXTRACT,skin-conditioning
PANAX GINSENG ROOT/ROYAL JELLY EXTRACT,skin-conditioning
ZANTHOXYLUM ZANTHOXYLOIDES BARK EXTRACT,skin-conditioning
C15-35 ISOPARAFFIN/ISOALKYLCYCLOALKANES,skin-conditioning
ALPINIA MUTICA ROOT EXTRACT,skin-conditioning
BIS-PHENYLISOPROPYL PHENYLISOPROPYL DIMETHICONE/VINYL DIMETHICONE CROSSPOLYMER,humectant
BETULIN,skin-conditioning
OZOKERITE,binding
OZOKERITE,emulsion-stabilising
OZOKERITE,opacifying
OZOKERITE,viscosity-controlling
EREMANTHUS ERYTHROPAPPUS BRANCH/LEAF OIL,skin-conditioning
ASIMINA TRILOBA FRUIT EXTRACT,skin-conditioning
SPIRAEOSIDE,skin-conditioning
R-(METHIONYL SH-OLIGOPEPTIDE-85),antioxidant
R-(METHIONYL SH-OLIGOPEPTIDE-85),skin-conditioning
R-(METHIONYL SH-OLIGOPEPTIDE-85),skin-protecting
LAURYL POLYGLYCERYL-6 CETEARYL GLYCOL ETHER,emulsifying
LAURYL POLYGLYCERYL-6 CETEARYL GLYCOL ETHER,skin-conditioning
TULIPA HYBRID FLOWER EXTRACT,skin-conditioning
CETEARYL BEHENATE,emollient
CETEARYL BEHENATE,skin-conditioning
CETEARYL BEHENATE,skin-protecting
PEG-11 CASTOR OIL,emollient
PEG-11 CASTOR OIL,emulsifying
ALPINIA SPECIOSA FLOWER WATER,skin-conditioning
METHYL GLUCOSE SESQUICOCOATE,emollient
METHYL GLUCOSE SESQUICOCOATE,emulsifying
METHYL GLUCOSE SESQUICOCOATE,skin-conditioning
KYOUNIN EKISU,skin-conditioning
HYDROXYETHYL ETHYLENE DIPALMITAMIDE,skin-conditioning
PEG/PPG-5/30 TOCOPHERYL ETHER,anticaking
PEG/PPG-5/30 TOCOPHERYL ETHER,antioxidant
PEG/PPG-5/30 TOCOPHERYL ETHER,binding
PEG/PPG-5/30 TOCOPHERYL ETHER,emulsifying
PEG/PPG-5/30 TOCOPHERYL ETHER,emulsion-stabilising
PEG/PPG-5/30 TOCOPHERYL ETHER,plasticiser
PEG/PPG-5/30 TOCOPHERYL ETHER,skin-conditioning
PEG/PPG-5/30 TOCOPHERYL ETHER,surfactant
PEG/PPG-5/30 TOCOPHERYL ETHER,uv-absorber
ISOPROPYL NICOTINATE,skin-conditioning
HIERACIUM UMBELLATUM EXTRACT,skin-conditioning
PERFLUOROHEXYLETHYL DIMETHYLBUTYL ETHER,skin-conditioning
HYDROXYOCTACOSANYL HYDROXYSTEARATE,emollient
HYDROXYOCTACOSANYL HYDROXYSTEARATE,skin-conditioning
HYDROLYZED EUGENIA EDULIS FRUIT,skin-conditioning
PLATONIN,skin-conditioning
SAMBUCUS NIGRA FLOWER JUICE,skin-conditioning
POTASSIUM OXIDIZED MICROCRYSTALLINE WAX,viscosity-controlling
ALCANTAREA IMPERIALIS LEAF EXTRACT,emollient
ALCANTAREA IMPERIALIS LEAF EXTRACT,humectant
ALCANTAREA IMPERIALIS LEAF EXTRACT,skin-conditioning
SALVIANOLIC ACID B,skin-conditioning
SALVIANOLIC ACID B,skin-protecting
HYDROLYZED ACTINIDIA ARGUTA LEAF EXTRACT,skin-conditioning
TARCHONANTHUS CAMPHORATUS OIL,masking
TARCHONANTHUS CAMPHORATUS OIL,skin-conditioning
HYDROLYZED MELON FRUIT,emollient
HYDROLYZED MELON FRUIT,skin-conditioning
LANETH-5,emulsifying
LANETH-5,skin-conditioning
LANETH-5,surfactant
LANETH-5,viscosity-controlling
LAMINARIA HYPERBOREA EXTRACT,skin-protecting
CETYL LACTATE,emollient
CETYL LACTATE,skin-conditioning
CAFFEYL GLUCOSIDE,antioxidant
CAFFEYL GLUCOSIDE,skin-conditioning
CYMBOPOGON SCHOENANTHUS LEAF POWDER,astringent
CYMBOPOGON SCHOENANTHUS LEAF POWDER,skin-conditioning
SARGACHROMANOL B,skin-conditioning
CYANOBACTERIUM APONINUM FERMENT,skin-conditioning
HYLOTELEPHIUM CAUTICOLUM CALLUS EXTRACT,humectant
HYLOTELEPHIUM CAUTICOLUM CALLUS EXTRACT,skin-conditioning
DIDODECYL BUTANETETRACARBOXYLATE,cleansing
DIDODECYL BUTANETETRACARBOXYLATE,emulsifying
DIDODECYL BUTANETETRACARBOXYLATE,foam-boosting
DIDODECYL BUTANETETRACARBOXYLATE,surfactant
DIDODECYL BUTANETETRACARBOXYLATE,viscosity-controlling
HYDROXYETHYL SORBITOL,humectant
HYDROXYETHYL SORBITOL,skin-conditioning
PALMITOYL CAMELLIA SINENSIS EXTRACT,skin-conditioning
COIX LACRYMA-JOBI MA-YUEN SHELL EXTRACT,humectant
ACRYLATES/TDI/TRIMETHYLOLPROPANE COPOLYMER,film-forming
CHENOPODIUM QUINOA SEED OIL ETHYL ESTERS,emollient
CHENOPODIUM QUINOA SEED OIL ETHYL ESTERS,skin-conditioning
GLUCONOLACTONE,chelating
GLUCONOLACTONE,skin-conditioning
HYDROLYZED ULVA PERTUSA EXTRACT,skin-conditioning
SORBETH-450 TRISTEARATE,emulsifying
SORBETH-450 TRISTEARATE,foam-boosting
SORBETH-450 TRISTEARATE,surfactant
SORBETH-450 TRISTEARATE,viscosity-controlling
MYRISTICA FRAGRANS FRUIT POWDER,skin-conditioning
PEG-180M,binding
PEG-180M,emulsion-stabilising
PEG-180M,viscosity-controlling
LIGUSTRUM LUCIDUM SEED EXTRACT,skin-conditioning
HALOPTERIS SCOPARIA EXTRACT,skin-conditioning
GASTRODIA ELATA ROOT EXTRACT,skin-conditioning
LYCIUM CHINENSE LEAF EXTRACT,skin-conditioning
IPOMOEA BATATAS ROOT EXTRACT,skin-conditioning
ASPARAGUS LUCIDUS EXTRACT,skin-conditioning
ACINOS ALPINUS EXTRACT,skin-conditioning
KAEMPFERIA PARVIFLORA RHIZOME WATER,humectant
KAEMPFERIA PARVIFLORA RHIZOME WATER,skin-conditioning
CITRULLUS LANATUS FRUIT JUICE,flavouring
CITRULLUS LANATUS FRUIT JUICE,humectant
AMARANTHUS SPINOSUS SEED OIL,emollient
AMARANTHUS SPINOSUS SEED OIL,skin-conditioning
TETRAHYDROPYRANYLAMINO DIOXOTHIOMORPHOLINOMETHYL PHENYLINDOLE,antioxidant
TETRAHYDROPYRANYLAMINO DIOXOTHIOMORPHOLINOMETHYL PHENYLINDOLE,skin-protecting
BARLEY SH-OLIGOPEPTIDE-1,skin-conditioning
DIMETHICONE/BIS-ISOBUTYL PPG-20 CROSSPOLYMER,emollient
DIMETHICONE/BIS-ISOBUTYL PPG-20 CROSSPOLYMER,viscosity-controlling
SODIUM FRUCTOBORATE,humectant
SODIUM FRUCTOBORATE,skin-conditioning
PHENYLBENZIMIDAZOLE SULFONIC ACID,light-stabilizer
PHENYLBENZIMIDAZOLE SULFONIC ACID,uv-absorber
PHENYLBENZIMIDAZOLE SULFONIC ACID,uv-filter
CITRUS AURANTIFOLIA FRUIT OIL,masking
CITRUS AURANTIFOLIA FRUIT OIL,skin-conditioning
LACTIDE,abrasive
LACTIDE,skin-conditioning
SALICYLOYLHYDROXAMIC ACID,chelating
SALICYLOYLHYDROXAMIC ACID,skin-conditioning
DEXTRIN,absorbent
DEXTRIN,binding
DEXTRIN,bulking
DEXTRIN,viscosity-controlling
COREOPSIS TINCTORIA FLOWER/LEAF/STEM EXTRACT,skin-conditioning
MUSA PARADISIACA FRUIT EXTRACT,skin-conditioning
PROPYLENE GLYCOL CAPRYLATE,skin-conditioning
PROPYLENE GLYCOL CAPRYLATE,surfactant
POLYPROPYLSILSESQUIOXANE,film-forming
RICINOLEIC/CAPROIC/CAPRYLIC/CAPRIC TRIGLYCERIDE,skin-conditioning
HYDROLYZED LINSEED EXTRACT,skin-conditioning
ISOSTEARYL SEBACATE,skin-conditioning
EUTREPTIELLA GYMNASTICA LYSATE,skin-conditioning
SOYMILK,skin-conditioning
POLYQUATERNIUM-19,antistatic
POLYQUATERNIUM-19,film-forming
ASARUM HETEROTROPOIDES ROOT EXTRACT,emollient
ASARUM HETEROTROPOIDES ROOT EXTRACT,skin-conditioning
CORYLUS ROSTRATA SEED EXTRACT,skin-conditioning
CYMBIDIUM ERYTHRAEUM FLOWER EXTRACT,antioxidant
CYMBIDIUM ERYTHRAEUM FLOWER EXTRACT,humectant
CYMBIDIUM ERYTHRAEUM FLOWER EXTRACT,skin-conditioning
CYMBIDIUM ERYTHRAEUM FLOWER EXTRACT,skin-protecting
HORDEUM VULGARE ROOT EXTRACT,emollient
HORDEUM VULGARE ROOT EXTRACT,skin-conditioning
CAPSICUM ANNUUM LEAF EXTRACT,skin-conditioning
GLYCYRRHIZA GLABRA RHIZOME/ROOT,emollient
GLYCYRRHIZA GLABRA RHIZOME/ROOT,moisturising
GLYCYRRHIZA GLABRA RHIZOME/ROOT,smoothing
GLYCYRRHIZA GLABRA RHIZOME/ROOT,soothing
SODIUM HYALURONATE CROSSPOLYMER,humectant
SODIUM HYALURONATE CROSSPOLYMER,skin-conditioning
TETRAPEPTIDE-38 HEXAPEPTIDE-40 DECAPEPTIDE-27 OLIGOPEPTIDE-91 DIPEPTIDE-19 SH-POLYPEPTIDE-80,antioxidant
TETRAPEPTIDE-38 HEXAPEPTIDE-40 DECAPEPTIDE-27 OLIGOPEPTIDE-91 DIPEPTIDE-19 SH-POLYPEPTIDE-80,skin-conditioning
PENTAPEPTIDE-59,skin-conditioning
SANICULA EUROPAEA FLOWER/LEAF/STEM EXTRACT,skin-conditioning
SOLANUM TUBEROSUM PEEL EXTRACT,skin-conditioning
BIS-DIMETHICONE,emollient
BIS-DIMETHICONE,skin-conditioning
ANNONA ATEMOYA PEEL EXTRACT,skin-conditioning
PIMENTA ACRIS LEAF WATER,skin-conditioning
HYDROLYZED STRAWBERRY FRUIT,astringent
HYDROLYZED STRAWBERRY FRUIT,skin-protecting
STACHYS OFFICINALIS FLOWER/LEAF/STEM EXTRACT,skin-conditioning
OLEIC/LINOLEIC/LINOLENIC POLYGLYCERIDES,binding
OLEIC/LINOLEIC/LINOLENIC POLYGLYCERIDES,emollient
OLEIC/LINOLEIC/LINOLENIC POLYGLYCERIDES,emulsion-stabilising
OLEIC/LINOLEIC/LINOLENIC POLYGLYCERIDES,surfactant
OLEIC/LINOLEIC/LINOLENIC POLYGLYCERIDES,viscosity-controlling
VITIS VINIFERA SEED POWDER,emollient
SACCHAROMYCES/CAMELLIA SINENSIS EXTRACT FERMENT FILTRATE,skin-conditioning
SPONDIAS AMARA FRUIT EXTRACT,emollient
PEG-30 HYDROGENATED CASTOR OIL LAURATE,skin-conditioning
CETYL DIMETHICONE/BIS-VINYLDIMETHICONE CROSSPOLYMER,emollient
CETYL DIMETHICONE/BIS-VINYLDIMETHICONE CROSSPOLYMER,skin-conditioning
BACILLUS/ROYAL JELLY/SOYBEAN FERMENT FILTRATE EXTRACT,skin-protecting
CAESALPINIA ECHINATA WOOD EXTRACT,skin-conditioning
DAEDALEA DICKINSII/SODIUM HYAURONATE FERMENT FILTRATE,antioxidant
DAEDALEA DICKINSII/SODIUM HYAURONATE FERMENT FILTRATE,humectant
TANACETUM ANNUUM FLOWER/LEAF/STEM OIL,masking
TANACETUM ANNUUM FLOWER/LEAF/STEM OIL,skin-conditioning
4-FURANYLETHYL RESORCINOL,antioxidant
4-FURANYLETHYL RESORCINOL,skin-conditioning
CHAMAECYPARIS OBTUSA LEAF/ROOT EXTRACT,skin-conditioning
MAGNESIUM BROMIDE,viscosity-controlling
ROYAL JELLY WATER,humectant
GYNOSTEMMA PENTAPHYLLUM POWDER,skin-conditioning
GANODERMA NEO-JAPONICUM FRUITING BODY EXTRACT,skin-conditioning
SOLANUM LYCOCARPUM MERISTEM CELL CULTURE CONDITIONED MEDIA,antioxidant
SOLANUM LYCOCARPUM MERISTEM CELL CULTURE CONDITIONED MEDIA,skin-conditioning
HORDEUM DISTICHON EXTRACT,skin-protecting
PEG-15 GLYCERYL TRISTEARATE,emollient
PEG-15 GLYCERYL TRISTEARATE,emulsifying
ISOBAVACHALCONE,skin-conditioning
ISOCETYL LAURATE,emollient
ISOCETYL LAURATE,skin-conditioning
SH-POLYPEPTIDE-103,skin-protecting
ULVA LACTUCA POWDER,absorbent
ULVA LACTUCA POWDER,binding
ULVA LACTUCA POWDER,viscosity-controlling
CAESALPINIA BENTHAMIANA ROOT EXTRACT,skin-protecting
THURFYL NICOTINATE,skin-conditioning
MYRICA ESCULENTA BARK EXTRACT,humectant
MYRICA ESCULENTA BARK EXTRACT,skin-conditioning
ETHYL ISOSTEARATE,emollient
ISODECYL STEARATE,emollient
ISODECYL STEARATE,skin-conditioning
TREHALOSE ISOSTEARATE ESTERS,emollient
TREHALOSE ISOSTEARATE ESTERS,skin-conditioning
CARTHAMUS TINCTORIUS FLOWER/VITIS VINIFERA FRUIT/LEAF/POLYGONUM CUSPIDATUM ROOT/CASTANEA CRENATA SHELL/COFFEA ARABICA SEED WATER,antioxidant
CARTHAMUS TINCTORIUS FLOWER/VITIS VINIFERA FRUIT/LEAF/POLYGONUM CUSPIDATUM ROOT/CASTANEA CRENATA SHELL/COFFEA ARABICA SEED WATER,antiseborrhoeic
CARTHAMUS TINCTORIUS FLOWER/VITIS VINIFERA FRUIT/LEAF/POLYGONUM CUSPIDATUM ROOT/CASTANEA CRENATA SHELL/COFFEA ARABICA SEED WATER,skin-conditioning
CARTHAMUS TINCTORIUS FLOWER/VITIS VINIFERA FRUIT/LEAF/POLYGONUM CUSPIDATUM ROOT/CASTANEA CRENATA SHELL/COFFEA ARABICA SEED WATER,skin-protecting
SYMPHORICARPOS ALBUS FRUIT EXTRACT,emollient
SYMPHORICARPOS ALBUS FRUIT EXTRACT,skin-conditioning
YUCCA VERA EXTRACT,masking
YUCCA VERA EXTRACT,skin-conditioning
PEG/PPG-12/18 DIMETHICONE,antifoaming
PEG/PPG-12/18 DIMETHICONE,emulsifying
PEG/PPG-12/18 DIMETHICONE,skin-conditioning
OENOTHERA BIENNIS LEAF CELL EXTRACT,skin-conditioning
ASTER TATARICUS ROOT/RHIZOME EXTRACT,skin-conditioning
SCLEROCARYA BIRREA SEED OIL POLYGLYCERYL-6 ESTERS,emulsifying
SCLEROCARYA BIRREA SEED OIL POLYGLYCERYL-6 ESTERS,skin-conditioning
2-O-ETHYL ASCORBIC ACID,skin-conditioning
ACETYL TETRAPEPTIDE-9,skin-conditioning
SILENE FIRMA BRANCH/FRUIT/LEAF EXTRACT,skin-conditioning
BEESWAX POLYGLYCERYL-3 ESTERS,emulsion-stabilising
HYDROGENATED JAPAN WAX,binding
HYDROGENATED JAPAN WAX,skin-conditioning
HYDROGENATED JAPAN WAX,viscosity-controlling
SWIFTLET NEST EXTRACT,skin-conditioning
SUCROSE TETRAHYDROXYSTEARATE,emollient
PEG-5 TRICETYL CITRATE,emollient
PEG-7 GLYCERYL SOYATE,emollient
PEG-7 GLYCERYL SOYATE,emulsifying
N-ADAMANTANOYL TYRAMINE,antioxidant
N-ADAMANTANOYL TYRAMINE,skin-protecting
ARTEMISIA GMELINII EXTRACT,emollient
ARTEMISIA GMELINII EXTRACT,skin-conditioning
ARTEMISIA GMELINII EXTRACT,skin-protecting
PEG-23 GLYCERYL DISTEARATE,emollient
HYDROGENATED ETHYLHEXYL SESAMATE,binding
HYDROGENATED ETHYLHEXYL SESAMATE,emollient
HYDROGENATED ETHYLHEXYL SESAMATE,skin-conditioning
DIOCTADECANYL DIDECYLTETRADECANOATE,emollient
DIOCTADECANYL DIDECYLTETRADECANOATE,skin-conditioning
SANGUISORBA OFFICINALIS ROOT/STALK POWDER,abrasive
SANGUISORBA OFFICINALIS ROOT/STALK POWDER,skin-protecting
4-AMINO-3-HYDROXYBUTYRIC ACID,skin-conditioning
GLYCYRRHETINYL STEARATE,humectant
GLYCYRRHETINYL STEARATE,skin-conditioning
PYROCYSTIS NOCTILUCA LYSATE,skin-conditioning
LACTOBACILLUS/SOYMILK FERMENT FILTRATE,skin-conditioning
NEPHTHEA COLUMNARIS EXTRACT,skin-conditioning
ISOCHRYSIS GALBANA EXTRACT,skin-conditioning
HYDROXYETHYL ACRYLATE/METHOXYETHYL ACRYLATE COPOLYMER,film-forming
ACRYLATES/PALMETH-25 ACRYLATE COPOLYMER,viscosity-controlling
PENTAPEPTIDE-41,skin-conditioning
TYROSINASE,skin-conditioning
DIPENTAERYTHRITYL HEXACAPRYLATE/HEXACAPRATE,emulsifying
DIPENTAERYTHRITYL HEXACAPRYLATE/HEXACAPRATE,skin-conditioning
DIPENTAERYTHRITYL HEXACAPRYLATE/HEXACAPRATE,smoothing
DIPENTAERYTHRITYL HEXACAPRYLATE/HEXACAPRATE,viscosity-controlling
AMINOPROPYL DIHYDROGEN PHOSPHATE,skin-conditioning
HYDROLYZED SPONGE EXTRACT,film-forming
HYDROLYZED SPONGE EXTRACT,skin-conditioning
POLYOXYMETHYLENE MELAMINE,film-forming
ALMOND OIL PEG-6 ESTERS,emollient
ALMOND OIL PEG-6 ESTERS,emulsifying
ILEX LATIFOLIA LEAF EXTRACT,skin-protecting
SARGACHROMANOL E,skin-conditioning
N-ETHYLTOSYLAMIDE/EPOXY RESIN,film-forming
N-ETHYLTOSYLAMIDE/EPOXY RESIN,plasticiser
RAVENALA MADAGASCARIENSIS ARIL EXTRACT,emollient
RAVENALA MADAGASCARIENSIS ARIL EXTRACT,skin-conditioning
RAVENALA MADAGASCARIENSIS ARIL EXTRACT,skin-protecting
HYDROLYZED CHESTNUT EXTRACT,skin-protecting
COCO/SHEA BUTTER GLYCERIDES,emollient
ASPERGILLUS/GARLIC BULB/RICE BRAN/RICE VINEGAR FERMENT,humectant
ASPERGILLUS/GARLIC BULB/RICE BRAN/RICE VINEGAR FERMENT,skin-conditioning
TRIS-TRIBUTOXYSILOXYMETHYLSILANE,emollient
SASA PALMATA LEAF EXTRACT,emollient
SASA PALMATA LEAF EXTRACT,humectant
SASA PALMATA LEAF EXTRACT,skin-conditioning
THIOBACILLUS BAREGENSIS EXOPOLYSACCHARIDES,skin-protecting
OENOTHERA BIENNIS ROOT EXTRACT,skin-conditioning
BUTYLOCTANOL,humectant
BUTYLOCTANOL,solvent
CITRUS AURANTIFOLIA LEAF EXTRACT,skin-conditioning
TRITICUM VULGARE SEED EXTRACT,buffering
TRITICUM VULGARE SEED EXTRACT,detangling
TRITICUM VULGARE SEED EXTRACT,skin-conditioning
TRITICUM VULGARE SEED EXTRACT,skin-protecting
MALTITOL,humectant
MALTITOL,masking
MALTITOL,moisturising
MALTITOL,skin-conditioning
ASPERGILLUS/HYDROLYZED COLLAGEN FERMENT FILTRATE,skin-conditioning
PERSEA GRATISSIMA OIL UNSAPONIFIABLES WATER,skin-conditioning
PEG-3 PPG-20 SUCCINATE,emollient
THYMIDINE,skin-conditioning
STRELITZIA NICOLAI SEED ARIL EXTRACT,skin-conditioning
ALLETHRINS,masking
ALLETHRINS,skin-conditioning
ECKLONIA LAMINARIA EXTRACT,skin-conditioning
MENTHA AQUATICA LEAF EXTRACT,skin-conditioning
SACCHAROMYCES/ACHYRANTHES BIDENTATA ROOT/ANGELICA GIGAS ROOT/ANGELICA PUBESCENS ROOT/ANGELICA TENUISSIMA ROOT/CNIDIUM OFFICINALE ROOT/EUCOMMIA ULMOIDES BARK/LEDEBOURIELLA DIVARICATA ROOT/PAEONIA SUFFRUTICOSA ROOT FERMENT FILTRATE,skin-conditioning
SORBUS ALNIFOLIA BRANCH/LEAF EXTRACT,skin-conditioning
LACTOBACILLUS/PANAX GINSENG ROOT EXTRACT FERMENT FILTRATE,skin-conditioning
LACTOBACILLUS/MILT FERMENT FILTRATE,skin-conditioning
GLYCERYL OLEATE/ELAIDATE,emollient
GLYCERYL OLEATE/ELAIDATE,emulsifying
GLYCERYL OLEATE/ELAIDATE,skin-conditioning
GLYCERYL OLEATE/ELAIDATE,surfactant
HYDROLYZED SCLEROTIUM GUM,film-forming
HYDROLYZED SCLEROTIUM GUM,humectant
HYDROLYZED SCLEROTIUM GUM,skin-protecting
OLDENLANDIA DIFFUSA FRUIT EXTRACT,skin-conditioning
STEARYL ETHYLHEXANOATE,emollient
STEARYL ETHYLHEXANOATE,skin-conditioning
CERIPORIA LACERATA MYCELIUM,skin-conditioning
POTASSIUM BROMIDE,viscosity-controlling
CORYLUS AVELLANA ETHYL ESTER,skin-conditioning
STEARYLDIMONIUMHYDROXYPROPYL BUTYLGLUCOSIDES CHLORIDE,cleansing
STEARYLDIMONIUMHYDROXYPROPYL BUTYLGLUCOSIDES CHLORIDE,emulsifying
STEARYLDIMONIUMHYDROXYPROPYL BUTYLGLUCOSIDES CHLORIDE,skin-conditioning
STEARYLDIMONIUMHYDROXYPROPYL BUTYLGLUCOSIDES CHLORIDE,surfactant
CYCLODEXTRIN CROSSPOLYMER,film-forming
CYCLODEXTRIN CROSSPOLYMER,skin-protecting
CYCLODEXTRIN CROSSPOLYMER,viscosity-controlling
HYDROGENATED CASTOR OIL/SEBACIC ACID COPOLYMER CAPRATE/CAPRYLATE,emulsion-stabilising
HYDROGENATED CASTOR OIL/SEBACIC ACID COPOLYMER CAPRATE/CAPRYLATE,humectant
CITRUS AURANTIUM BERGAMIA PEEL WATER,skin-conditioning
LIQUIDAMBAR ORIENTALIS RESIN EXTRACT,skin-conditioning
NUTMEG KERNEL OIL/FLOWER WAX GLYCERIDES,skin-conditioning
ROSA PENDULINA LEAF CELL EXTRACT,antioxidant
ROSA PENDULINA LEAF CELL EXTRACT,skin-protecting
SESAME SEED OIL PEG-8 ESTERS,emulsifying
SESAME SEED OIL PEG-8 ESTERS,skin-conditioning
LAMINARIA DIABOLICA EXTRACT,humectant
LAMINARIA DIABOLICA EXTRACT,skin-conditioning
RHUS SUCCEDANEA FRUIT CERA,binding
RHUS SUCCEDANEA FRUIT CERA,emollient
RHUS SUCCEDANEA FRUIT CERA,viscosity-controlling
PELARGONIUM GRAVEOLENS CALLUS CULTURE EXTRACT,humectant
PELARGONIUM GRAVEOLENS CALLUS CULTURE EXTRACT,skin-conditioning
PELARGONIUM GRAVEOLENS CALLUS CULTURE EXTRACT,skin-protecting
IBUPROFEN,skin-conditioning
BAMBUSA VULGARIS LEAF/STEM EXTRACT,humectant
BAMBUSA VULGARIS LEAF/STEM EXTRACT,oral-care
TOCOPHERETH-10,antioxidant
TOCOPHERETH-10,skin-conditioning
TOCOPHERETH-10,surfactant
PPG-3 ISOSTEARYL METHYL ETHER,emollient
PPG-3 ISOSTEARYL METHYL ETHER,skin-conditioning
CAPRYLOYL/CAPROYL METHYL GLUCAMIDE,emulsifying
CAPRYLOYL/CAPROYL METHYL GLUCAMIDE,foam-boosting
CAPRYLOYL/CAPROYL METHYL GLUCAMIDE,skin-conditioning
CAPRYLOYL/CAPROYL METHYL GLUCAMIDE,surfactant
ANCHUSA ARVENSIS EXTRACT,skin-conditioning
PPG-3 DIPIVALATE,skin-conditioning
STRONTIUM CHLORIDE HEXAHYDRATE,oral-care
STRONTIUM CHLORIDE HEXAHYDRATE,skin-conditioning
ACORUS GRAMINEUS RHIZOME EXTRACT,emollient
ACORUS GRAMINEUS RHIZOME EXTRACT,skin-conditioning
TEPRENONE,skin-conditioning
SH-POLYPEPTIDE-16,skin-protecting
DAUCUS CAROTA SATIVA ROOT POWDER,skin-conditioning
HYDROLYZED THYMUS EXTRACT,skin-conditioning
CERAMIUM KONDOI EXTRACT,humectant
CERAMIUM KONDOI EXTRACT,skin-conditioning
LACTOBACILLUS/ACEROLA CHERRY FERMENT,skin-protecting
DECAPEPTIDE-38,skin-conditioning
SCHIZOPHYLLUM COMMUNE FERMENT FILTRATE,humectant
SCHIZOPHYLLUM COMMUNE FERMENT FILTRATE,skin-conditioning
SPHAGNUM SQUARROSUM EXTRACT,skin-conditioning
ANOGEISSUS LEIOCARPA BARK EXTRACT,skin-conditioning
ANOGEISSUS LEIOCARPA BARK EXTRACT,skin-protecting
TRIMETHYL PENTANOL HYDROXYETHYL ETHER,solvent
TRIMETHYL PENTANOL HYDROXYETHYL ETHER,viscosity-controlling
PINUS STROBUS BARK EXTRACT,skin-conditioning
N-NICOTINOYL TYRAMINE,skin-conditioning
PENTADECYL ALCOHOL,emollient
PENTADECYL ALCOHOL,emulsion-stabilising
BIOSACCHARIDE GUM-3,skin-conditioning
PPG-70 TOCOPHERETH-100,anticaking
PPG-70 TOCOPHERETH-100,antioxidant
PPG-70 TOCOPHERETH-100,skin-conditioning
DIISOSTEARYL DIMER DILINOLEATE,emollient
DIISOSTEARYL DIMER DILINOLEATE,skin-conditioning
POLYGLYCERYL-3 SORBITYL GLYCYRRHETINATE,emollient
POLYGLYCERYL-3 SORBITYL GLYCYRRHETINATE,skin-conditioning
PELARGONIUM CAPITATUM LEAF EXTRACT,skin-conditioning
METHYLCYCLOHEXENYL ISOPROPYLTRISILOXANE,humectant
METHYLCYCLOHEXENYL ISOPROPYLTRISILOXANE,skin-conditioning
LACTATE DEHYDROGENASE,skin-conditioning
SODIUM HYALURONATE DIMETHYLSILANOL,humectant
SODIUM HYALURONATE DIMETHYLSILANOL,skin-conditioning
PARINARI CURATELLIFOLIA OIL PEG-8 ESTERS,emollient
PARINARI CURATELLIFOLIA OIL PEG-8 ESTERS,emulsifying
PARINARI CURATELLIFOLIA OIL PEG-8 ESTERS,skin-conditioning
PARINARI CURATELLIFOLIA OIL PEG-8 ESTERS,surfactant
HYDROLYZED PALM SOPHOROLIPIDS,skin-conditioning
HYDROLYZED PALM SOPHOROLIPIDS,skin-protecting
HYDROLYZED PALM SOPHOROLIPIDS,surfactant
OLIVE OIL PEG-6 ESTERS,emollient
ACRYLIC ACID/ISOBORNYL METHACRYLATE/ISOBUTYL METHACRYLATE COPOLYMER,film-forming
NAPROXEN,skin-conditioning
EVOLVULUS ALSINOIDES FLOWER/LEAF/STEM EXTRACT,skin-conditioning
GIGARTINA STELLATA EXTRACT,skin-protecting
CENTELLA ASIATICA ROOT EXTRACT,skin-conditioning
SPHINGOMONAS/PANAX GINSENG ROOT FERMENT FILTRATE,humectant
SPHINGOMONAS/PANAX GINSENG ROOT FERMENT FILTRATE,skin-conditioning
DIPTERYX ODORATA SEED WATER,masking
DIPTERYX ODORATA SEED WATER,skin-conditioning
LEPECHINIA CAULESCENS LEAF EXTRACT,skin-conditioning
LEPECHINIA CAULESCENS LEAF EXTRACT,skin-protecting
DIMETHICONOL/SILICA CROSSPOLYMER,film-forming
VIGNA ANGULARIS SEEDCOAT EXTRACT,humectant
VIGNA ANGULARIS SEEDCOAT EXTRACT,skin-conditioning
VIGNA ANGULARIS SEEDCOAT EXTRACT,skin-protecting
PRUNUS SERRULATA BARK EXTRACT,skin-conditioning
AMMONIUM XYLENESULFONATE,hydrotrope
AMMONIUM XYLENESULFONATE,surfactant
AMMONIUM XYLENESULFONATE,viscosity-controlling
PRUNUS MUME FRUIT/CINNAMOMUM CAMPHORA LEAF/ROOT EXTRACT,emollient
PRUNUS MUME FRUIT/CINNAMOMUM CAMPHORA LEAF/ROOT EXTRACT,humectant
PRUNUS MUME FRUIT/CINNAMOMUM CAMPHORA LEAF/ROOT EXTRACT,skin-conditioning
TRISODIUM ASCORBYL ISOPALMITATE PHOSPHATE,antioxidant
TRISODIUM ASCORBYL ISOPALMITATE PHOSPHATE,skin-conditioning
POLYUREA CROSSPOLYMER-5,film-forming
OCIMUM BASILICUM HAIRY ROOT CULTURE EXTRACT,skin-conditioning
ENTEROCOCCUS FAECIUM FERMENT FILTRATE,emollient
ENTEROCOCCUS FAECIUM FERMENT FILTRATE,skin-conditioning
THUJA ORIENTALIS BRANCH/LEAF POWDER,abrasive
THUJA ORIENTALIS BRANCH/LEAF POWDER,skin-conditioning
ARAUCARIA BIDWILLII SEED EXTRACT,skin-conditioning
GLYCERETH-7 GLYCOLATE,humectant
GLYCERETH-7 GLYCOLATE,skin-conditioning
SACCHAROMYCES/(ASPARAGUS COCHINCHINENSIS/LYCIUM CHINENSE/OPHIOPOGON JAPONICUS/PANAX GINSENG/REHMANNIA GLUTINOSA) ROOT/PORIA COCOS FERMENT FILTRATE,skin-conditioning
LACTOBACILLUS/PROPIONIBACTERIUM/LACTOSE/LEMON FRUIT/DATE FRUIT/FIG FRUIT/WALNUT NUT/SOYBEAN/ONION BULB/SOYBEAN SPROUT/CELERY BULB/COCONUT FRUIT/ARTICHOKE BUDS/MILLET SEED/PEA POD FERMENT FILTRATE,antioxidant
LACTOBACILLUS/PROPIONIBACTERIUM/LACTOSE/LEMON FRUIT/DATE FRUIT/FIG FRUIT/WALNUT NUT/SOYBEAN/ONION BULB/SOYBEAN SPROUT/CELERY BULB/COCONUT FRUIT/ARTICHOKE BUDS/MILLET SEED/PEA POD FERMENT FILTRATE,skin-conditioning
LACTOBACILLUS/PROPIONIBACTERIUM/LACTOSE/LEMON FRUIT/DATE FRUIT/FIG FRUIT/WALNUT NUT/SOYBEAN/ONION BULB/SOYBEAN SPROUT/CELERY BULB/COCONUT FRUIT/ARTICHOKE BUDS/MILLET SEED/PEA POD FERMENT FILTRATE,skin-protecting
BACILLUS/RICE FERMENT LEES FERMENT FILTRATE,skin-conditioning
TRISODIUM GLYCYRRHIZATE,masking
TRISODIUM GLYCYRRHIZATE,skin-conditioning
SUCROSE ACETATE ISOBUTYRATE,film-forming
SUCROSE ACETATE ISOBUTYRATE,plasticiser
PASSIFLORA EDULIS CALLUS CULTURE CONDITIONED MEDIA,skin-conditioning
ACTINIDIA CHINENSIS SEED EXTRACT,skin-conditioning
GLYCERYL DIRETINOATE,skin-conditioning
AUREOBASIDIUM PULLULANS/SUCROSE FERMENT FILTRATE EXTRACT,humectant
HYDROLYZED PUMPKIN SEEDCAKE EXTRACT,skin-conditioning
ATRACTYLIS LYRATA ROOT EXTRACT,skin-conditioning
OLIGOPEPTIDE-119,skin-conditioning
RASPBERRY SEED OIL PEG-8 ESTERS,emollient
RASPBERRY SEED OIL PEG-8 ESTERS,emulsifying
BIFIDA/ENTEROCOCCUS FAECIUM/LACTOBACILLUS/STREPTOCOCCUS THERMOPHILUS/SOYMILK/NONFAT MILK FERMENT CURD,humectant
LACTOBACILLUS/LEUCONOSTOC/COCONUT FRUIT EXTRACT FERMENT FILTRATE,humectant
LACTOBACILLUS/LEUCONOSTOC/COCONUT FRUIT EXTRACT FERMENT FILTRATE,skin-conditioning
ULMUS FULVA BARK EXTRACT,moisturising
METHYL HESPERIDIN,skin-conditioning
QUERCUS GLAUCA WOOD VINEGAR,humectant
QUERCUS GLAUCA WOOD VINEGAR,skin-conditioning
SH-POLYPEPTIDE-111,skin-conditioning
SH-POLYPEPTIDE-111,skin-protecting
EGG SHELL MEMBRANE EXTRACT,preservative
EGG SHELL MEMBRANE EXTRACT,skin-protecting
TRIMETHYLSILOXYSILICATE,antifoaming
TRIMETHYLSILOXYSILICATE,emollient
TRIMETHYLSILOXYSILICATE,skin-conditioning
PSEUDOCHLORODESMIS AUSTRALIS CALLUS CULTURE EXTRACT,skin-conditioning
ACETYL TETRAPEPTIDE-15,skin-conditioning
ACANTHOPANAX SESSILIFLORUS BARK/ROOT/STEM EXTRACT,skin-conditioning
PROPYL GRAPEVINE SHOOT EXTRACT OLIVATE,antioxidant
PROPYL GRAPEVINE SHOOT EXTRACT OLIVATE,skin-protecting
CINNAMOMUM CAMPHORA BARK OIL,masking
CINNAMOMUM CAMPHORA BARK OIL,skin-conditioning
CINNAMOMUM CAMPHORA BARK OIL,tonic
POLYAMIDE-1,film-forming
AUREOBASIDIUM PULLULANS/OLIVE LEAF EXTRACT FERMENT FILTRATE,antioxidant
AUREOBASIDIUM PULLULANS/OLIVE LEAF EXTRACT FERMENT FILTRATE,astringent
AUREOBASIDIUM PULLULANS/OLIVE LEAF EXTRACT FERMENT FILTRATE,humectant
CANDIDA BOMBICOLA/GLUCOSE/RAPESEED OIL FERMENT EXTRACT,skin-conditioning
CETYL TALLOWATE,skin-conditioning
SYRINGA VULGARIS FLOWER WATER,skin-conditioning
ANGELICA PUBESCENS ROOT EXTRACT,skin-conditioning
HYDROLYZED THEOBROMA CACAO SEED MEAL,skin-conditioning
PENTAPEPTIDE-56,skin-conditioning
ALEURITES FORDII BRANCH/FRUIT/LEAF EXTRACT,skin-conditioning
SH-DECAPEPTIDE-1 SH-OLIGOPEPTIDE-2,skin-conditioning
ERYTHRINA VARIEGATA LEAF EXTRACT,skin-conditioning
OLIGOPEPTIDE-33,skin-conditioning
MENTHANE CARBOXAMIDOETHYL ACETATE,skin-conditioning
BIS-DIHYDROXYCINNAMIDO PROPANE,antioxidant
BIS-DIHYDROXYCINNAMIDO PROPANE,skin-conditioning
BIS-DIHYDROXYCINNAMIDO PROPANE,skin-protecting
OLEA EUROPAEA BRANCH EXTRACT,skin-conditioning
POLYGLYCERYL-10 TRIDECANOATE,emollient
POLYGLYCERYL-10 TRIDECANOATE,emulsifying
OENOTHERA TETRAPTERA LEAF EXTRACT,skin-conditioning
OLEIC ACID,emollient
OLEIC ACID,emulsifying
PENTAPEPTIDE-57,skin-conditioning
MACROPIPER EXCELSUM LEAF POWDER,skin-conditioning
MACROPIPER EXCELSUM LEAF POWDER,skin-protecting
LEONTOPODIUM ALPINUM FLOWER EXTRACT,skin-conditioning
HIBISCUS SYRIACUS SEED EXTRACT,emollient
TRIETHYLHEXYL CITRATE,emollient
TRIETHYLHEXYL CITRATE,plasticiser
TRIETHYLHEXYL CITRATE,skin-conditioning
BEHENOXY PEG-10 DIMETHICONE,humectant
BEHENOXY PEG-10 DIMETHICONE,viscosity-controlling
PPG-26/HDI COPOLYMER,film-forming
PPG-26/HDI COPOLYMER,plasticiser
ACACIA VICTORIAE SEED OIL,antioxidant
ACACIA VICTORIAE SEED OIL,humectant
ACACIA VICTORIAE SEED OIL,skin-conditioning
PORPHYRIDIUM PURPUREUM EXTRACT,skin-conditioning
OLEIC/STEARIC GLYCERIDES/DIMER DILINOLEATE CROSSPOLYMER,skin-conditioning
LACTUCA VIROSA LEAF EXTRACT,skin-conditioning
TETRACARBOXYMETHYL DIPEPTIDE-12,humectant
ISOCETYL ISOSTEARATE,emollient
ISOCETYL ISOSTEARATE,skin-conditioning
GLYCOSAMINOGLYCANS,emollient
GLYCOSAMINOGLYCANS,film-forming
GLYCOSAMINOGLYCANS,skin-conditioning
SALICYLOYL PENTAPEPTIDE-33,antioxidant
SALICYLOYL PENTAPEPTIDE-33,skin-protecting
GRATELOUPIA ELLIPTICA EXTRACT,skin-conditioning
METHYLSERINE,skin-conditioning
TRIFOLIUM PRATENSE FLOWER/LEAF/STEM WATER,emollient
TRIFOLIUM PRATENSE FLOWER/LEAF/STEM WATER,skin-conditioning
CHIMAPHILA UMBELLATA LEAF EXTRACT,skin-conditioning
SORBITAN PALMATE,emollient
SORBITAN PALMATE,emulsion-stabilising
POPULUS TREMULA FLOWER EXTRACT,skin-conditioning
HYDROGENATED COTTONSEED GLYCERIDE,emollient
HYDROGENATED COTTONSEED GLYCERIDE,skin-conditioning
SOLANUM XANTHOCARPUM POWDER,skin-conditioning
SUCROSE POLYLAURATE,emollient
SUCROSE POLYLAURATE,emulsifying
SUCROSE POLYLAURATE,skin-conditioning
SUCROSE POLYLAURATE,surfactant
TRIMETHYLSILOXYSILICATE/DIMETHICONOL CROSSPOLYMER,film-forming
TRIMETHYLSILOXYSILICATE/DIMETHICONOL CROSSPOLYMER,viscosity-controlling
NONAPEPTIDE-38,skin-conditioning
GRIFOLA FRONDOSA /(PANAX GINSENG/REHMANNIA GLUTINOSA/GLYCYRRHIZA URALENSIS/ANGELICA GIGAS/OPHIOPOGON JAPONICUS/ATRACTYLODES MACROCEPHALA/ASTRAGALUS MEMBRANACEUS) ROOT/ RICE SEED/CITRUS UNSHIU PEEL/CARTHAMUS TINCTORIUS SEED OIL FERMENT FILTRATE,antioxidant
GRIFOLA FRONDOSA /(PANAX GINSENG/REHMANNIA GLUTINOSA/GLYCYRRHIZA URALENSIS/ANGELICA GIGAS/OPHIOPOGON JAPONICUS/ATRACTYLODES MACROCEPHALA/ASTRAGALUS MEMBRANACEUS) ROOT/ RICE SEED/CITRUS UNSHIU PEEL/CARTHAMUS TINCTORIUS SEED OIL FERMENT FILTRATE,skin-conditioning
TRICHILIA EMETICA SEED OIL POLYGLYCERYL-6 ESTERS,emollient
TRICHILIA EMETICA SEED OIL POLYGLYCERYL-6 ESTERS,emulsifying
TRICHILIA EMETICA SEED OIL POLYGLYCERYL-6 ESTERS,skin-conditioning
TRICHILIA EMETICA SEED OIL POLYGLYCERYL-6 ESTERS,surfactant
CARAPA GUAIANENSIS OIL POLYGLYCERYL-6 ESTERS,emollient
DIETHYLAMINO HYDROXYBENZOYL HEXYL BENZOATE,uv-filter
PELARGONIUM RENIFORME ROOT EXTRACT,skin-conditioning
HYDROLYZED ASPERGILLUS/SACCHAROMYCES/RICE FERMENT LEES EXTRACT,skin-conditioning
ISOPROPYL OLEATE,binding
ISOPROPYL OLEATE,emollient
ISOPROPYL OLEATE,skin-conditioning
SACCHAROMYCES/AGAVE AMERICANA LEAF FERMENT FILTRATE,skin-conditioning
CICHORIUM INTYBUS SEED OIL,antioxidant
CICHORIUM INTYBUS SEED OIL,humectant
CITRUS UNSHIU FRUIT POWDER,antioxidant
CITRUS UNSHIU FRUIT POWDER,masking
CITRUS UNSHIU FRUIT POWDER,skin-conditioning
MALPIGHIA PUNICIFOLIA FRUIT,astringent
MALPIGHIA PUNICIFOLIA FRUIT,skin-protecting
MALPIGHIA PUNICIFOLIA FRUIT,tonic
ETHYL LINOLENATE,emollient
DIBUTYLOCTYL SEBACATE,emollient
DIBUTYLOCTYL SEBACATE,skin-conditioning
DIBUTYLOCTYL SEBACATE,solvent
TETRAPEPTIDE-58 DIMER,skin-conditioning
COLLINSONIA CANADENSIS ROOT,skin-conditioning
PYRUS COMMUNIS FLOWER WATER,skin-conditioning
DIPHENYL DIMETHICONE/VINYL DIPHENYL DIMETHICONE/SILSESQUIOXANE CROSSPOLYMER,viscosity-controlling
MICROCOCCUS/PANAX GINSENG ROOT FERMENT FILTRATE,emollient
MICROCOCCUS/PANAX GINSENG ROOT FERMENT FILTRATE,skin-conditioning
VALPROOYL OLIGOPEPTIDE-33,skin-conditioning
ALUMINUM HYDROXIDE,emollient
ALUMINUM HYDROXIDE,humectant
ALUMINUM HYDROXIDE,opacifying
ALUMINUM HYDROXIDE,skin-protecting
ALUMINUM HYDROXIDE,viscosity-controlling
METHYLSILANOL ELASTINATE,antistatic
METHYLSILANOL ELASTINATE,skin-conditioning
CETEARYL STEARATE,skin-conditioning
CETEARYL STEARATE,skin-protecting
LACTOBACILLUS/HORSE FAT FERMENT FILTRATE,humectant
BABASSU ACID,buffering
BABASSU ACID,cleansing
BABASSU ACID,emulsion-stabilising
HYDROLYZED THEOBROMA GRANDIFLORUM FRUIT,astringent
HYDROLYZED THEOBROMA GRANDIFLORUM FRUIT,skin-protecting
SACCHAROMYCES/PRUNUS MUME EXTRACT FERMENT FILTRATE,humectant
PINUS PINEA KERNEL EXTRACT,skin-conditioning
SPIRULINA SUBSALSA EXTRACT,skin-protecting
BACILLUS/CORN SEED FERMENT FILTRATE,skin-conditioning
MIRABILIS JALAPA SEED EXTRACT,skin-protecting
SH-POLYPEPTIDE-47,skin-conditioning
INDOL ACETYL PHENYLALANINE,skin-conditioning
PEG-20 METHYL GLUCOSE DISTEARATE,emollient
PEG-20 METHYL GLUCOSE DISTEARATE,emulsifying
HYDROLYZED AGAVE TEQUILANA STEM EXTRACT,humectant
HYDROLYZED AGAVE TEQUILANA STEM EXTRACT,skin-conditioning
CITRUS SPHAEROCARPA PEEL WATER,humectant
CITRUS SPHAEROCARPA PEEL WATER,skin-conditioning
3-ETHYLHEXYLGLYCERYL ASCORBATE,antioxidant
3-ETHYLHEXYLGLYCERYL ASCORBATE,humectant
ZANTHOXYLUM AMERICANUM BARK EXTRACT,masking
ZANTHOXYLUM AMERICANUM BARK EXTRACT,skin-conditioning
LAGERSTROEMIA INDICA PHYTOPLACENTA EXTRACT,antimicrobial
LAGERSTROEMIA INDICA PHYTOPLACENTA EXTRACT,antioxidant
LAGERSTROEMIA INDICA PHYTOPLACENTA EXTRACT,skin-conditioning
LAGERSTROEMIA INDICA PHYTOPLACENTA EXTRACT,skin-protecting
ARCTIUM LAPPA SEED OIL,emollient
ARCTIUM LAPPA SEED OIL,skin-conditioning
ASCORBYL TETRAISOPALMITATE,antioxidant
ASCORBYL TETRAISOPALMITATE,emollient
ASCORBYL TETRAISOPALMITATE,skin-conditioning
CAPRAE BUTYRUM,emollient
CAPRAE BUTYRUM,skin-conditioning
HUMAN AMNIOTIC FLUID INDUCED PLURIPOTENT CELL EXOSOMES,skin-conditioning
SODIUM STYRENE/ACRYLATES COPOLYMER,film-forming
SODIUM STYRENE/ACRYLATES COPOLYMER,opacifying
SODIUM STYRENE/ACRYLATES COPOLYMER,viscosity-controlling
MENTHA CANADENSIS BRANCH/LEAF EXTRACT,humectant
MENTHA CANADENSIS BRANCH/LEAF EXTRACT,skin-conditioning
SUCROSE DISINAPATE,skin-conditioning
LAURETH-2 ACETATE,emollient
LAURETH-2 ACETATE,skin-conditioning
AMMONIUM ETHYLENE/MA COPOLYMER,emulsifying
AMMONIUM ETHYLENE/MA COPOLYMER,emulsion-stabilising
AMMONIUM ETHYLENE/MA COPOLYMER,surfactant
BAICALIN,antioxidant
BAICALIN,skin-conditioning
DIHYDROMYRICETIN,skin-conditioning
CANNABIS SATIVA FLOWER/LEAF/STEM EXTRACT,antioxidant
CANNABIS SATIVA FLOWER/LEAF/STEM EXTRACT,antiseborrhoeic
CANNABIS SATIVA FLOWER/LEAF/STEM EXTRACT,skin-conditioning
CANNABIS SATIVA FLOWER/LEAF/STEM EXTRACT,skin-protecting
BUTENE/ISOBUTENE COPOLYMER,binding
BUTENE/ISOBUTENE COPOLYMER,humectant
BUTENE/ISOBUTENE COPOLYMER,viscosity-controlling
SOUHAKUHI EKISU,skin-conditioning
LACTOBACILLUS/STREPTOCOCCUS THERMOPHILUS/LEPIDIUM MEYENII HYPOCOTYL FERMENT FILTRATE,skin-conditioning
C12-14 SEC-PARETH-8,emulsifying
C12-14 SEC-PARETH-8,emulsion-stabilising
C12-14 SEC-PARETH-8,surfactant
RUBUS CHAMAEMORUS FRUIT JUICE,skin-conditioning
PENTAPEPTIDE-34 TRIFLUOROACETATE,emollient
PENTAPEPTIDE-34 TRIFLUOROACETATE,skin-conditioning
BACILLUS/ROSE FLOWER/SOYBEAN FERMENT FILTRATE,antioxidant
BACILLUS/ROSE FLOWER/SOYBEAN FERMENT FILTRATE,emollient
BACILLUS/ROSE FLOWER/SOYBEAN FERMENT FILTRATE,skin-conditioning
BACILLUS/ROSE FLOWER/SOYBEAN FERMENT FILTRATE,skin-protecting
DEFINED CELL CULTURE MEDIA 12,skin-conditioning
R-THERMOTOGA MARITIMA POLYPEPTIDE-1,skin-conditioning
MYRICYL ALCOHOL,viscosity-controlling
PPG-10 TOCOPHERETH-30,antioxidant
PPG-10 TOCOPHERETH-30,binding
PPG-10 TOCOPHERETH-30,skin-conditioning
PEG-4,humectant
PEG-4,solvent
CHOLESTERYL ACETATE,skin-conditioning
CHOLESTERYL ACETATE,viscosity-controlling
ELEOCHARIS DULCIS SEED EXTRACT,emollient
ELEOCHARIS DULCIS SEED EXTRACT,skin-conditioning
ELEOCHARIS DULCIS SEED EXTRACT,tonic
MUSA PARADISIACA FRUIT JUICE,skin-conditioning
HYDROLYZED LEPIDIUM MEYENII ROOT EXTRACT,skin-conditioning
(PAEONIA LACTIFLORA BARK/SAP)/PHELLODENDRON AMURENSE BARK/MENTHA ARVENSIS LEAF/SCUTELLARIA BAICALENSIS ROOT EXTRACT,emollient
(PAEONIA LACTIFLORA BARK/SAP)/PHELLODENDRON AMURENSE BARK/MENTHA ARVENSIS LEAF/SCUTELLARIA BAICALENSIS ROOT EXTRACT,humectant
(PAEONIA LACTIFLORA BARK/SAP)/PHELLODENDRON AMURENSE BARK/MENTHA ARVENSIS LEAF/SCUTELLARIA BAICALENSIS ROOT EXTRACT,skin-conditioning
HEXAPEPTIDE-62,skin-conditioning
ECLIPTA PROSTRATA CERA,skin-conditioning
FAGARA ZANTHOXYLOIDES FRUIT EXTRACT,skin-conditioning
NANNOCHLOROPSIS OCEANICA POWDER,antioxidant
NANNOCHLOROPSIS OCEANICA POWDER,humectant
NANNOCHLOROPSIS OCEANICA POWDER,skin-conditioning
ACETYL HEXAPEPTIDE-1,skin-conditioning
HEPTYLUNDECANOL,emollient
HEPTYLUNDECANOL,skin-conditioning
CONVALLARIA MAJALIS CALLUS CULTURE EXTRACT,antimicrobial
CONVALLARIA MAJALIS CALLUS CULTURE EXTRACT,skin-conditioning
CONVALLARIA MAJALIS CALLUS CULTURE EXTRACT,skin-protecting
ARTEMISIA PRINCEPS LEAF/TRITICUM VULGARE BRAN EXTRACT,antimicrobial
ARTEMISIA PRINCEPS LEAF/TRITICUM VULGARE BRAN EXTRACT,antioxidant
ARTEMISIA PRINCEPS LEAF/TRITICUM VULGARE BRAN EXTRACT,antiplaque
ARTEMISIA PRINCEPS LEAF/TRITICUM VULGARE BRAN EXTRACT,antiseborrhoeic
ARTEMISIA PRINCEPS LEAF/TRITICUM VULGARE BRAN EXTRACT,skin-protecting
HYDROGENATED ETHYLENE/PROPYLENE/STYRENE COPOLYMER,emollient
HYDROGENATED ETHYLENE/PROPYLENE/STYRENE COPOLYMER,stabilising
HYDROGENATED ETHYLENE/PROPYLENE/STYRENE COPOLYMER,viscosity-controlling
ANTHURIUM ANDRAEANUM FLOWER EXTRACT,skin-conditioning
LAURYL METHICONE,skin-conditioning
MALVA ROTUNDIFOLIA FLOWER,skin-conditioning
VALPROIC ACID,skin-conditioning
OCTACARBOXYMETHYL DIPEPTIDE-12 LYSINAMIDE,humectant
RUMEX PSEUDONATRONATUS FLOWER/LEAF/STEM EXTRACT,skin-conditioning
RICE SH-POLYPEPTIDE-1,humectant
RICE SH-POLYPEPTIDE-1,opacifying
RICE SH-POLYPEPTIDE-1,skin-conditioning
SPHAGNUM MAGELLANICUM EXTRACT,skin-conditioning
R-SACCHAROMYCES POLYPEPTIDE-1,skin-conditioning
GLUCONACETOBACTER XYLINUS FERMENT FILTRATE EXTRACT,emollient
GLUCONACETOBACTER XYLINUS FERMENT FILTRATE EXTRACT,humectant
GLUCONACETOBACTER XYLINUS FERMENT FILTRATE EXTRACT,skin-conditioning
BOSWELLIA NEGLECTA RESIN OIL,emollient
BOSWELLIA NEGLECTA RESIN OIL,masking
BOSWELLIA NEGLECTA RESIN OIL,skin-conditioning
STEARAMIDE MEA,antistatic
STEARAMIDE MEA,foam-boosting
STEARAMIDE MEA,viscosity-controlling
DRACOCEPHALUM HETEROPHYLLUM FLOWER/LEAF/STEM EXTRACT,skin-conditioning
POLYQUATERNIUM-12,antistatic
POLYQUATERNIUM-12,film-forming
SANTALUM AUSTROCALEDONICUM WOOD WATER,skin-conditioning
PANAX NOTOGINSENG BARK EXTRACT,skin-conditioning
PEG-240,humectant
PEG-240,solvent
CAPSAICINYL SUCCINOYL TRIPEPTIDE-7,antioxidant
CAPSAICINYL SUCCINOYL TRIPEPTIDE-7,skin-protecting
CAESALPINIA SAPPAN BARK EXTRACT,skin-conditioning
CANARIUM PIMELA LEAF EXTRACT,humectant
CANARIUM PIMELA LEAF EXTRACT,skin-conditioning
PEG/PPG-450/50 TRIMETHYLOLPROPANE LAURYL ETHER,viscosity-controlling
SODIUM PHENYLBENZIMIDAZOLE SULFONATE,uv-absorber
SODIUM PHENYLBENZIMIDAZOLE SULFONATE,uv-filter
MAGNOLIA SIEBOLDII CALLUS CULTURE EXTRACT,skin-conditioning
CHRYSANTHEMUM PARTHENIUM FLOWER/LEAF/STEM JUICE,antioxidant
CHRYSANTHEMUM PARTHENIUM FLOWER/LEAF/STEM JUICE,skin-conditioning
SEC-BUTYLPHENYL ETHYL GLYCERYL DIETHER,antioxidant
SEC-BUTYLPHENYL ETHYL GLYCERYL DIETHER,humectant
ACRYLATES/PERFLUOROHEXYLETHYL METHACRYLATE COPOLYMER,film-forming
LACTOBACILLUS/PHELLINUS LINTEUS MYCELIUM/RICE FERMENT EXTRACT,skin-conditioning
HYDROLYZED TAMARINDUS INDICA SEED EXTRACT,skin-conditioning
DECAPEPTIDE-22,skin-conditioning
BOUGAINVILLEA GLABRA LEAF CELL EXTRACT,antioxidant
BOUGAINVILLEA GLABRA LEAF CELL EXTRACT,skin-protecting
MYRETH-3 ETHYLHEXANOATE,emollient
MYRETH-3 ETHYLHEXANOATE,skin-conditioning
HYDROLYZED COCKSCOMB,skin-conditioning
N-PALMITOYL LAURYLACETYLMETHYL AMINOPROPANEDIOL,humectant
N-PALMITOYL LAURYLACETYLMETHYL AMINOPROPANEDIOL,skin-conditioning
SOLANUM LYCOPERSICUM LEAF CELL CULTURE EXTRACT,skin-conditioning
BOSWELLIA SACRA RESIN WATER,masking
BOSWELLIA SACRA RESIN WATER,skin-conditioning
CHAMOMILLA RECUTITA MERISTEM CELL CULTURE EXTRACT,absorbent
CHAMOMILLA RECUTITA MERISTEM CELL CULTURE EXTRACT,antioxidant
CHAMOMILLA RECUTITA MERISTEM CELL CULTURE EXTRACT,skin-conditioning
CHAMOMILLA RECUTITA MERISTEM CELL CULTURE EXTRACT,skin-protecting
ACETYL HEPTAPEPTIDE-4,humectant
ACETYL HEPTAPEPTIDE-4,skin-conditioning
NARCISSUS PSEUDO-NARCISSUS FLOWER EXTRACT,skin-conditioning
EYSENHARDTIA POLYSTACHYA WOOD EXTRACT,skin-conditioning
TRIOLEYL PHOSPHATE,emollient
TRIOLEYL PHOSPHATE,plasticiser
TRIOLEYL PHOSPHATE,skin-conditioning
PERFLUORONONYLETHYL PEG-8 DIMETHICONE,skin-conditioning
PODOCARPUS ELATUS FRUIT EXTRACT,skin-conditioning
TEREPHTHALYLIDENE DICAMPHOR SULFONIC ACID,uv-absorber
TEREPHTHALYLIDENE DICAMPHOR SULFONIC ACID,uv-filter
LINSEED OIL/PALM OIL AMINOPROPANEDIOL ESTERS,skin-conditioning
CITRUS AURANTIUM DULCIS FRUIT EXTRACT,masking
CITRUS AURANTIUM DULCIS FRUIT EXTRACT,skin-conditioning
C12-22 ALKYL ACRYLATE/HYDROXYETHYLACRYLATE COPOLYMER,binding
C12-22 ALKYL ACRYLATE/HYDROXYETHYLACRYLATE COPOLYMER,stabilising
C12-22 ALKYL ACRYLATE/HYDROXYETHYLACRYLATE COPOLYMER,viscosity-controlling
C18-38 ALKYL C24-54 ACID ESTER,viscosity-controlling
4‚4'-ISOPROPYLIDENEDIPHENOL/EPICHLOROHYDRIN COPOLYMER,film-forming
POLYDIMETHYLAMINOETHYL METHACRYLATE,film-forming
TRIPEPTIDE-63,skin-conditioning
KNIPHOFIA UVARIA SEED OIL,humectant
KNIPHOFIA UVARIA SEED OIL,skin-conditioning
ARGANIA SPINOSA LEAF EXTRACT,skin-conditioning
PALMAMIDE DEA,emulsifying
PALMAMIDE DEA,emulsion-stabilising
PALMAMIDE DEA,foam-boosting
PALMAMIDE DEA,surfactant
PALMAMIDE DEA,viscosity-controlling
FAGUS SYLVATICA SHELL EXTRACT,skin-conditioning
BUTYL DIMETHICONE ACRYLATE/CYCLOHEXYLMETHACRYLATE/ETHYLHEXYL ACRYLATE COPOLYMER,film-forming
HYDROLYZED TRITICUM MONOCOCCUM SEED EXTRACT,skin-conditioning
HYDROLYZED WINTERGREEN EXTRACT,skin-conditioning
BERGENIA CRASSIFOLIA LEAF EXTRACT,humectant
BERGENIA CRASSIFOLIA LEAF EXTRACT,skin-conditioning
BUTYLOCTYL CANDELILLATE,skin-conditioning
BUTYLOCTYL CANDELILLATE,viscosity-controlling
MEL,emollient
MEL,humectant
MEL,moisturising
ASTROCARYUM VULGARE OIL PEG-8 ESTERS,emollient
LYCIUM CHINENSE FLOWER EXTRACT,antioxidant
LYCIUM CHINENSE FLOWER EXTRACT,humectant
LYCIUM CHINENSE FLOWER EXTRACT,skin-protecting
STEARYL LACTATE,emollient
STEARYL LACTATE,skin-conditioning
PROTODIOSCIN,skin-conditioning
SOLANUM MELONGENA FRUIT EXTRACT,skin-conditioning
ESCULETIN,skin-conditioning
SH-POLYPEPTIDE-69,skin-protecting
LOTUS CORNICULATUS SEED EXTRACT,skin-conditioning
GRIFOLIA FRONDOSA MYCELIUM FERMENT FILTRATE EXTRACT,skin-conditioning
PHLORIDZINYL GLUCOSIDE,antioxidant
PHLORIDZINYL GLUCOSIDE,skin-conditioning
CETYL RICINOLEATE BENZOATE,antimicrobial
CETYL RICINOLEATE BENZOATE,skin-conditioning
SODIUM GUANOSINE CYCLIC MONOPHOSPHATE,skin-conditioning
RUSSULA VIRESENS EXTRACT,skin-conditioning
TOUGARASHI EKISU,skin-conditioning
CITRUS LIMON BUD EXTRACT,humectant
CITRUS LIMON BUD EXTRACT,skin-conditioning
PERFLUORONONYLETHYL CARBOXYDECYL HEXACOSYL DIMETHICONE,skin-conditioning
GENISTA TINCTORIA FLOWER/LEAF/STEM EXTRACT,skin-conditioning
POLYBUTYLENE GLYCOL/PPG-9/1 COPOLYMER,skin-conditioning
HYDROXYPHENYL PROPAMIDOBENZOIC ACID,skin-conditioning
SACCHAROMYCES/SUNFLOWER SEED OIL FERMENT FILTRATE,emollient
SACCHAROMYCES/SUNFLOWER SEED OIL FERMENT FILTRATE,skin-conditioning
TRIDECYL STEAROYL STEARATE,emollient
TRIDECYL STEAROYL STEARATE,skin-conditioning
BOEHMERIA SPICATA EXTRACT,skin-protecting
POTENTILLA ERECTA ROOT EXTRACT,skin-conditioning
SONCHUS OLERACEUS JUICE EXTRACT,skin-conditioning
COLEUS FORSKOHLII ROOT EXTRACT,emollient
COLEUS FORSKOHLII ROOT EXTRACT,humectant
COLEUS FORSKOHLII ROOT EXTRACT,oral-care
COLEUS FORSKOHLII ROOT EXTRACT,skin-conditioning
HOMARINE HCL,skin-conditioning
ACETYL OCTAPEPTIDE-17 AMIDE,skin-conditioning
TRIOCTYLDODECYL BORATE,emollient
CINCHONA PUBESCENS BARK EXTRACT,skin-conditioning
ACETYL HEXAPEPTIDE-7,skin-protecting
C12-18 ALKYL GLUCOSIDE,emulsion-stabilising
MENTHYL ETHYLCARBAMATE,skin-conditioning
HORDEUM VULGARE CERA,emollient
HORDEUM VULGARE CERA,skin-conditioning
DIMETHICONE PEG-8 POLYACRYLATE,film-forming
DIMETHICONE PEG-8 POLYACRYLATE,plasticiser
DIMETHICONE PEG-8 POLYACRYLATE,surfactant
CAPSICUM ANNUUM FRUIT JUICE,skin-conditioning
PENTADOXYNOL-200,emollient
PENTADOXYNOL-200,surfactant
SESAMIDE DIPA,emulsifying
SESAMIDE DIPA,surfactant
SESAMIDE DIPA,viscosity-controlling
GLYCOL ROSINATE,film-forming
HYDROXYMETHOXYPHENYL DECANONE,skin-conditioning
ISOPHTHALIC ACID/PENTAERYTHRITOL CROSSPOLYMER BENZOATE/ISOSTEARATE,film-forming
ISOPHTHALIC ACID/PENTAERYTHRITOL CROSSPOLYMER BENZOATE/ISOSTEARATE,viscosity-controlling
STEARAMIDE DEA-DISTEARATE,foam-boosting
STEARAMIDE DEA-DISTEARATE,opacifying
STEARAMIDE DEA-DISTEARATE,viscosity-controlling
MYRISTOYL PENTAPEPTIDE-11,skin-conditioning
RICE SH-POLYPEPTIDE-9 DIMER,humectant
RICE SH-POLYPEPTIDE-9 DIMER,skin-conditioning
OCTYLDODECYL STEAROYL STEARATE,emollient
OCTYLDODECYL STEAROYL STEARATE,viscosity-controlling
CHONDRACANTHUS TENELLUS/SACCHARINA ANGUSTATA/ULVA LINZA EXTRACT,skin-conditioning
CRYPTOMERIA JAPONICA CALLUS CULTURE EXTRACT,antioxidant
CRYPTOMERIA JAPONICA CALLUS CULTURE EXTRACT,skin-protecting
SACCHAROMYCES/BLACK STRAP POWDER/PLACENTAL EXTRACT FERMENT FILTRATE,emollient
SACCHAROMYCES/BLACK STRAP POWDER/PLACENTAL EXTRACT FERMENT FILTRATE,humectant
SACCHAROMYCES/BLACK STRAP POWDER/PLACENTAL EXTRACT FERMENT FILTRATE,skin-conditioning
MORINDA CITRIFOLIA LEAF POWDER,skin-conditioning
ALANGIUM SALVIIFOLIUM BARK EXTRACT,skin-conditioning
HYDROGENATED PISTACHIO SEED OIL,skin-conditioning
CHRYSOPHYLLUM CAINITO FRUIT EXTRACT,humectant
POTASSIUM ACRYLATES/ETHYLHEXYL ACRYLATE COPOLYMER,film-forming
POLYGLYCERYL-4 OLEYL ETHER OLIVATE,emulsion-stabilising
POLYGLYCERYL-4 OLEYL ETHER OLIVATE,surfactant
NYMPHAEA ALBA FLOWER EXTRACT,skin-conditioning
NYMPHAEA ALBA FLOWER EXTRACT,tonic
PPG-20 CETYL ETHER,skin-conditioning
BUTEA SUPERBA ROOT POWDER,humectant
BUTEA SUPERBA ROOT POWDER,skin-conditioning
ACACIA FARNESIANA FLOWER CERA,skin-protecting
STEARYL STEARATE,emollient
STEARYL STEARATE,skin-conditioning
STEARYL STEARATE,viscosity-controlling
HIBISCUS ROSA-SINENSIS CALLUS EXTRACT,skin-conditioning
HYDROGENATED SUNFLOWER SEED EXTRACT,skin-conditioning
OPUNTIA TUNA FRUIT,skin-conditioning
GLYCERYL CAPRYLATE/CAPRATE,emollient
GLYCERYL CAPRYLATE/CAPRATE,emulsifying
KAEMPFEROL,antioxidant
KAEMPFEROL,emollient
AMMONIUM ACRYLOYL DIMETHYLTAURATE/CARBOXYETHYL ACRYLATE CROSSPOLYMER,viscosity-controlling
CISTANCHE DESERTICOLA STEM EXTRACT,skin-conditioning
REHMANNIA CHINENSIS ROOT EXTRACT,skin-conditioning
REHMANNIA CHINENSIS ROOT EXTRACT,tonic
LESPEDEZA CAPITATA FLOWER/LEAF/STEM EXTRACT,skin-conditioning
PAEONIA SUFFRUTICOSA BRANCH/FLOWER/LEAF EXTRACT,skin-conditioning
YEAST,skin-conditioning
GLYCERETH-20 STEARATE,emollient
GLYCERETH-20 STEARATE,emulsifying
GLYCERETH-20 STEARATE,surfactant
MYRISTYL PROPIONATE,emollient
MYRISTYL PROPIONATE,skin-conditioning
LONICERA JAPONICA CALLUS EXTRACT,skin-protecting
CAPSAICIN,masking
CAPSAICIN,skin-conditioning
CAPRYLYL GLYCOL/GLYCERIN/POLYACRYLIC ACID COPOLYMER,emollient
CAPRYLYL GLYCOL/GLYCERIN/POLYACRYLIC ACID COPOLYMER,humectant
CAPRYLYL GLYCOL/GLYCERIN/POLYACRYLIC ACID COPOLYMER,skin-conditioning
ALLIUM SATIVUM BULB OIL,masking
ALLIUM SATIVUM BULB OIL,skin-conditioning
CHRYSANTHELLUM AMERICANUM EXTRACT,skin-conditioning
PLATANUS OCCIDENTALIS BARK EXTRACT,skin-protecting
ASPERGILLUS/LACTOBACILLUS/APHANIZOMENON FLOS-AQUAE/RICE SEED EXTRACT FERMENT FILTRATE,emollient
ASPERGILLUS/LACTOBACILLUS/APHANIZOMENON FLOS-AQUAE/RICE SEED EXTRACT FERMENT FILTRATE,skin-conditioning
TETRAPEPTIDE-1,skin-conditioning
FELDSPAR POWDER,abrasive
FELDSPAR POWDER,skin-conditioning
TURNERA DIFFUSA LEAF EXTRACT,skin-conditioning
RHODIOLA SACRA ROOT EXTRACT,emollient
PROPYLENE GLYCOL,humectant
PROPYLENE GLYCOL,skin-conditioning
PROPYLENE GLYCOL,solvent
PROPYLENE GLYCOL,viscosity-controlling
SUCROSE BENZOATE/SUCROSE ACETATE ISOBUTYRATE/BUTYL BENZYL PHTHALATE/METHYL METHACRYLATE COPOLYMER,film-forming
SUCROSE BENZOATE/SUCROSE ACETATE ISOBUTYRATE/BUTYL BENZYL PHTHALATE/METHYL METHACRYLATE COPOLYMER,viscosity-controlling
MURRAYA KOENIGII STEM EXTRACT,skin-conditioning
POLYDIMETHYLSILOXYETHYL DIMETHICONE/BIS-VINYLDIMETHICONE CROSSPOLYMER,viscosity-controlling
HYDROLYZED CALCIUM HYALURONATE,skin-conditioning
SODIUM CYCLIC LYSOPHOSPHATIDIC ACID,humectant
SODIUM CYCLIC LYSOPHOSPHATIDIC ACID,skin-conditioning
METHYLENEDIOXYPHENYLSUCCINOYL HEPTAPEPTIDE-16,skin-conditioning
RHAMNOSE,humectant
RHAMNOSE,masking
ROSMARINUS OFFICINALIS PHYTOPLACENTA EXTRACT,antimicrobial
ROSMARINUS OFFICINALIS PHYTOPLACENTA EXTRACT,antioxidant
ROSMARINUS OFFICINALIS PHYTOPLACENTA EXTRACT,humectant
ROSMARINUS OFFICINALIS PHYTOPLACENTA EXTRACT,skin-protecting
BUTYLENE GLYCOL,humectant
BUTYLENE GLYCOL,masking
BUTYLENE GLYCOL,skin-conditioning
BUTYLENE GLYCOL,solvent
BUTYLENE GLYCOL,viscosity-controlling
VERONICA AMERICANA FLOWER/LEAF/STEM EXTRACT,skin-conditioning
DIMETHYL LAURAMIDE/MYRISTAMIDE,emulsifying
DIMETHYL LAURAMIDE/MYRISTAMIDE,foam-boosting
DIMETHYL LAURAMIDE/MYRISTAMIDE,solvent
DIMETHYL LAURAMIDE/MYRISTAMIDE,surfactant
DIMETHYL LAURAMIDE/MYRISTAMIDE,viscosity-controlling
LACTOBACILLUS/SACCHAROMYCES/RHODOPSEUDOMONAS/MOLASSES/CALCIUM CARBONATE/YEAST EXTRACT FERMENT FILTRATE,humectant
PLEIOGYNIUM TIMORIENSE FRUIT EXTRACT,skin-conditioning
ACETOACETOXYETHOXY METHACRYLATE,film-forming
HORDEUM VULGARE LEAF EXTRACT,skin-conditioning
PORTULACA OLERACEA FLOWER/LEAF/STEM EXTRACT,antioxidant
PORTULACA OLERACEA FLOWER/LEAF/STEM EXTRACT,skin-conditioning
VERONICA OFFICINALIS EXTRACT,skin-conditioning
OLIGOPEPTIDE-146,skin-conditioning
VOACANGA AFRICANA SEED EXTRACT,skin-protecting
HEXAPEPTIDE-48 HCL,skin-conditioning
OLIGOPEPTIDE-123 RH-POLYPEPTIDE-7,skin-conditioning
TRIHYDROXYAURONE,skin-conditioning
METHYL GLUCOSE ISOSTEARATE,emulsifying
METHYL GLUCOSE ISOSTEARATE,skin-conditioning
BUTYL ACETYL RICINOLEATE,emollient
BUTYL ACETYL RICINOLEATE,skin-conditioning
SOYAMIDE DEA,emulsifying
SOYAMIDE DEA,emulsion-stabilising
SOYAMIDE DEA,foam-boosting
SOYAMIDE DEA,surfactant
SOYAMIDE DEA,viscosity-controlling
MALVA SYLVESTRIS LEAF EXTRACT,skin-conditioning
HEXAPEPTIDE-49,skin-conditioning
GLYCINE SOJA OIL UNSAPONIFIABLES,emollient
GLYCINE SOJA OIL UNSAPONIFIABLES,skin-conditioning
METHYLTHIOPROPYLAMIDO ACETYL METHIONINE,skin-protecting
ACETYL HEXAPEPTIDE-8 AMIDE,skin-conditioning
MORUS AUSTRALIS LEAF POWDER,skin-conditioning
LANETH-60,cleansing
LANETH-60,emulsifying
LANETH-60,masking
LANETH-60,surfactant
LANETH-60,viscosity-controlling
DIMETHYL LAUROYL LYSINE,skin-conditioning
RIBOFLAVIN TETRABUTYRATE,skin-conditioning
CETYL BABASSUATE,emollient
CETYL BABASSUATE,skin-conditioning
CETYL BABASSUATE,viscosity-controlling
DAEDALEA DICKINSII MYCELIUM EXTRACT FILTRATE,antioxidant
DAEDALEA DICKINSII MYCELIUM EXTRACT FILTRATE,humectant
DAEDALEA DICKINSII MYCELIUM EXTRACT FILTRATE,skin-conditioning
DAEDALEA DICKINSII MYCELIUM EXTRACT FILTRATE,skin-protecting
UURON-CHA EKISU,antioxidant
UURON-CHA EKISU,skin-conditioning
ETHYLHEXYL METHOXYCINNAMATE,uv-absorber
ETHYLHEXYL METHOXYCINNAMATE,uv-filter
BALANITES ROXBURGHII SEED OIL,skin-conditioning
SODIUM HYALURONATE CROSSPOLYMER-3,humectant
SODIUM HYALURONATE CROSSPOLYMER-3,skin-conditioning
AERVA JAVANICA FLOWER/LEAF/STEM EXTRACT,skin-protecting
PERILLA OCYMOIDES SEED OIL,skin-conditioning
PRUNUS YEDOENSIS BRANCH/LEAF EXTRACT,skin-conditioning
CITRUS AURANTIFOLIA FLOWER/SAMBUCUS NIGRA FLOWER EXTRACT,skin-conditioning
SAURURUS CHINENSIS LEAF/ROOT EXTRACT,antimicrobial
SAURURUS CHINENSIS LEAF/ROOT EXTRACT,antioxidant
SAURURUS CHINENSIS LEAF/ROOT EXTRACT,astringent
SAURURUS CHINENSIS LEAF/ROOT EXTRACT,emollient
SAURURUS CHINENSIS LEAF/ROOT EXTRACT,skin-conditioning
SAURURUS CHINENSIS LEAF/ROOT EXTRACT,skin-protecting
YUUKARI EKISU,skin-conditioning
MACROCYSTIS PYRIFERA JUICE,skin-conditioning
BUTYROYL PENTAPEPTIDE-24,skin-conditioning
SCLEROCARYA BIRREA SEED OIL POLYGLYCERYL-10 ESTERS,emulsifying
SCLEROCARYA BIRREA SEED OIL POLYGLYCERYL-10 ESTERS,skin-conditioning
MYRISTOYL HEXAPEPTIDE-16,skin-conditioning
TAMARIX CHINENSIS EXTRACT,skin-conditioning
RAFFINOSE ISOSTEARATE,emollient
ACACIA SENEGAL GUM EXTRACT,viscosity-controlling
HYDROXYLATED LANOLIN,antistatic
HYDROXYLATED LANOLIN,binding
HYDROXYLATED LANOLIN,emollient
HYDROXYLATED LANOLIN,emulsifying
HYDROXYLATED LANOLIN,film-forming
HYDROXYLATED LANOLIN,skin-conditioning
STEARAMIDE DEA,antistatic
STEARAMIDE DEA,foam-boosting
STEARAMIDE DEA,viscosity-controlling
FICUS CARICA BUD EXTRACT,skin-conditioning
ETHYLHEXYL OLEATE,emollient
POTENTILLA CHINENSIS PHYTOPLACENTA EXTRACT,antimicrobial
POTENTILLA CHINENSIS PHYTOPLACENTA EXTRACT,antioxidant
POTENTILLA CHINENSIS PHYTOPLACENTA EXTRACT,skin-conditioning
POTASSIUM BEHENOYL HYDROLYZED RICE PROTEIN,binding
POTASSIUM BEHENOYL HYDROLYZED RICE PROTEIN,emulsion-stabilising
POTASSIUM BEHENOYL HYDROLYZED RICE PROTEIN,humectant
SH-DECAPEPTIDE-9,skin-conditioning
SUAEDA MARITIMA FLOWER/LEAF/STEM POWDER,emollient
RAFFINOSE MYRISTATE,emollient
RAFFINOSE MYRISTATE,emulsifying
RAFFINOSE MYRISTATE,surfactant
PINELLIA TERNATA ROOT EXTRACT,skin-conditioning
MYRISTYL PCA,skin-conditioning
CORYDALIS OCHOTENSIS EXTRACT,skin-conditioning
HYDROGENATED FARNESENE,emollient
HYDROGENATED FARNESENE,skin-conditioning
HYDROGENATED FARNESENE,solvent
SHOREA ROBUSTA SEED BUTTER,emollient
SHOREA ROBUSTA SEED BUTTER,skin-conditioning
STIGMASTERYL CHLORIDE,emollient
STIGMASTERYL CHLORIDE,emulsion-stabilising
STIGMASTERYL CHLORIDE,skin-conditioning
PRUNUS SPINOSA FRUIT EXTRACT,skin-conditioning
ADANSONIA DIGITATA SEED EXTRACT,skin-conditioning
LACTOBACILLUS/BAMBUSA ARUNDINACEA JUICE/SUCROSE FERMENT FILTRATE,skin-conditioning
HYDROGENATED STYRENE/ISOPRENE COPOLYMER,viscosity-controlling
AGASTACHE RUGOSA CALLUS CULTURE,skin-conditioning
METHOXY PEG-8 DIMETHYLSILYLETHYL TRIMETHYLSILANE,skin-conditioning
PORPHYRA TENERA SPOROPHYTE EXTRACT,antioxidant
PORPHYRA TENERA SPOROPHYTE EXTRACT,skin-protecting
PEG-16 MACADAMIA GLYCERIDES,emollient
PEG-16 MACADAMIA GLYCERIDES,emulsifying
ARNICA MONTANA FLOWER WATER,skin-conditioning
HEPTAPEPTIDE-31,skin-conditioning
SYNTHETIC MOONSTONE POWDER,skin-conditioning
SPOTTED DOGFISH SKIN EXTRACT,skin-conditioning
CORDYCEPS MILITARIS/GERMINATED SOYBEAN FERMENT EXTRACT FILTRATE,skin-conditioning
CORDYCEPS MILITARIS/GERMINATED SOYBEAN FERMENT EXTRACT FILTRATE,skin-protecting
SH-POLYPEPTIDE-51,skin-conditioning
BAMBUSA VULGARIS SAP EXTRACT,emollient
BAMBUSA VULGARIS SAP EXTRACT,skin-conditioning
C14-22 ALCOHOLS,emulsion-stabilising
SH-DECAPEPTIDE-1 SR-PINEAPPLE STEM BROMELAIN,skin-conditioning
LILIUM CANDIDUM LEAF CELL EXTRACT,skin-conditioning
SIDERITIS SCARDICA FLOWER/LEAF/STEM EXTRACT,antioxidant
SIDERITIS SCARDICA FLOWER/LEAF/STEM EXTRACT,skin-conditioning
SIDERITIS SCARDICA FLOWER/LEAF/STEM EXTRACT,skin-protecting
MORINDA CITRIFOLIA LEAF JUICE,skin-conditioning
PVM/MA DECADIENE CROSSPOLYMER,binding
PVM/MA DECADIENE CROSSPOLYMER,film-forming
PVM/MA DECADIENE CROSSPOLYMER,viscosity-controlling
SCUTELLARIA LATERIFLORA FLOWER POWDER,skin-conditioning
LACTOBACILLUS/SORGHUM BICOLOR LEAF/STEM EXTRACT FERMENT FILTRATE,skin-conditioning
CAMPSIS GRANDIFLORA FLOWER EXTRACT,antioxidant
CAMPSIS GRANDIFLORA FLOWER EXTRACT,skin-conditioning
SPIRAEA ULMARIA FLOWER WATER,skin-conditioning
PRUNUS ARMENIACA FRUIT EXTRACT,skin-conditioning
SCLERANTHUS ANNUUS FLOWER EXTRACT,skin-protecting
RHEUM RHAPONTICUM FRUIT WATER,skin-conditioning
BRASSICA OLERACEA CAPITATA (CABBAGE) SPROUT EXTRACT,skin-conditioning
DIAMMONIUM FERRIC PENTETATE,humectant
OLEYL GLYCERYL ETHER,emollient
OLEYL GLYCERYL ETHER,skin-conditioning
GMELINA ARBOREA ROOT POWDER,skin-conditioning
SACCHAROMYCES/ANEMARRHENA ASPHODELOIDES ROOT/ANGELICA GIGAS ROOT/ASPARAGUS COCHINCHINENSIS/ATRACTYLODES MACROCEPHALA ROOT/FRAXINUS EXCELSIOR BARK/LICORICE ROOT/OPHIOPOGON JAPONICUS ROOT/PAEONIA LACTIFLORA ROOT/PHELLODENDRON AMURENSE BARK FERMENT EXTRACT,skin-conditioning
LENTINUS EDODES MYCELIUM FERMENT FILTRATE EXTRACT,skin-conditioning
LENTINUS EDODES MYCELIUM FERMENT FILTRATE EXTRACT,skin-protecting
SIDA CORDIFOLIA ROOT POWDER,skin-conditioning
KLUYVEROMYCES/LACTOBACILLUS/LACTOCOCCUS/LEUCONOSTOC/SACCHAROMYCES/HYDROLYZED RICE PROTEIN FERMENT FILTRATE,skin-conditioning
CITRUS AURANTIFOLIA FLOWER EXTRACT,astringent
CITRUS AURANTIFOLIA FLOWER EXTRACT,skin-conditioning
MORUS BOMBYCIS LEAF/ROOT EXTRACT,astringent
MORUS BOMBYCIS LEAF/ROOT EXTRACT,skin-conditioning
VITEX TRIFOLIA FRUIT EXTRACT,skin-conditioning
DUNALIELLA SALINA/ISOCHRYSIS GALBANA/NANNOCHLOROPSIS GADITANA/PHAEODACTYLUM TRICORNUTUM/TETRASELMIS CHUII EXTRACT,antioxidant
DUNALIELLA SALINA/ISOCHRYSIS GALBANA/NANNOCHLOROPSIS GADITANA/PHAEODACTYLUM TRICORNUTUM/TETRASELMIS CHUII EXTRACT,skin-conditioning
PEG-15 TRIMETHYLOLPROPANE TRIACRYLATE,binding
PEG-15 TRIMETHYLOLPROPANE TRIACRYLATE,film-forming
POTATO SH-OLIGOPEPTIDE-1,skin-protecting
JUNIPERUS COMMUNIS CALLUS EXTRACT,antioxidant
JUNIPERUS COMMUNIS CALLUS EXTRACT,skin-protecting
PEG-10 SUNFLOWER GLYCERIDES,emollient
PEG-10 SUNFLOWER GLYCERIDES,emulsifying
MYRISTICA FRAGRANS KERNEL EXTRACT,skin-conditioning
DIFLUOROPHENYL PROPYLCYCLOPENTENE OXIME,antioxidant
DIFLUOROPHENYL PROPYLCYCLOPENTENE OXIME,skin-protecting
PROPYLENE GLYCOL DICAPROATE,emollient
ACETOBACTER/BACILLUS/LACTOBACILLUS/SACCHAROMYCES/STREPTOCOCCUS/FRUIT/LEAF/IMPERATA CYLINDRICA ROOT/SEED/BROCCOLI/ERIOCEPHALUS PUNCTULATUS/MISTLETOE/ACRYLATES C10-30 ALKYL ACRYLATES CROSSPOLYMER/ALPHA-GLUCAN/BETAINE/BUTYLENE GLYCOL/EPIGALLOCATECHIN GALLATYL GLUCOSIDE/GLYCERETH-26/GLYCERIN/GLUCOSYL CERAMIDE/GLUCOSYL HESPERIDIN/HYDROLYZED HYALURONIC ACID/MALTODEXTRIN/PANTHENOL/SCLEROTIUM GUM/TROMETHAMINE/XANTHAN GUM FERMENT FILTRATE,skin-conditioning
DISODIUM DIGLYCERYL PHOSPHATE,skin-conditioning
SASA VEITCHII LEAF/STEM WATER,humectant
MIRODENAFIL,skin-conditioning
LACTOBACILLUS/BAMBUSA VULGARIS SHOOT EXTRACT/GLYCYRRHIZA GLABRA ROOT EXTRACT/LUFFA CYLINDRICA FRUIT EXTRACT/MORUS ALBA ROOT EXTRACT/PUERARIA LOBATA ROOT EXTRACT FERMENT FILTRATE,skin-conditioning
TAPIOCA STARCH POLYMETHYLSILSESQUIOXANE,absorbent
TAPIOCA STARCH POLYMETHYLSILSESQUIOXANE,skin-conditioning
TAPIOCA STARCH POLYMETHYLSILSESQUIOXANE,viscosity-controlling
GANODERMA AMBOINENSE FRUITING BODY EXTRACT,humectant
BAKUMONDOU EKISU,skin-conditioning
SERENOA SERRULATA FRUIT OIL,skin-conditioning
HYDROGENATED ORANGE SEED OIL,emulsion-stabilising
HYDROGENATED ORANGE SEED OIL,viscosity-controlling
POTASSIUM SOYATE,cleansing
POTASSIUM SOYATE,emulsifying
POTASSIUM SOYATE,viscosity-controlling
EPIGALLOCATECHIN GALLATYL GLUCOSIDE,antioxidant
EPIGALLOCATECHIN GALLATYL GLUCOSIDE,skin-conditioning
VP/POLYCARBAMYL POLYGLYCOL ESTER,film-forming
SORBETH-150 HEXASTEARATE,viscosity-controlling
ISOMERIZED JOJOBA OIL,emollient
ISOMERIZED JOJOBA OIL,skin-conditioning
FUMARIA OFFICINALIS EXTRACT,skin-conditioning
COCOA BUTTER PEG-8 ESTERS,emollient
POLYPHENYLSILSESQUIOXANE/TRIMETHYLSILOXYSILICATE,film-forming
SORBETH-6,emulsifying
SORBETH-6,solvent
SORBETH-6,viscosity-controlling
CITRUS JAPONICA FRUIT EXTRACT,skin-conditioning
M-HYDROXYANISOLE,skin-conditioning
SH-HEXAPEPTIDE-43,skin-protecting
STYRENE/ACRYLATES/DIMETHICONE ACRYLATE CROSSPOLYMER,skin-conditioning
LAURYL PHENYLISOPROPYL METHICONE,viscosity-controlling
AVOCADAMIDE DEA,emulsifying
AVOCADAMIDE DEA,emulsion-stabilising
AVOCADAMIDE DEA,foam-boosting
AVOCADAMIDE DEA,surfactant
AVOCADAMIDE DEA,viscosity-controlling
ACANTHOPANAX SESSILIFLORUS ROOT EXTRACT,skin-conditioning
BUDDLEJA DAVIDII LEAF EXTRACT,skin-conditioning
C5-6 ALKANE/CYCLOALKANE/TERPENE COPOLYMER,film-forming
POLYGONUM FAGOPYRUM CALLUS CULTURE EXTRACT,absorbent
POLYGONUM FAGOPYRUM CALLUS CULTURE EXTRACT,antimicrobial
POLYGONUM FAGOPYRUM CALLUS CULTURE EXTRACT,antioxidant
POLYGONUM FAGOPYRUM CALLUS CULTURE EXTRACT,humectant
POLYGONUM FAGOPYRUM CALLUS CULTURE EXTRACT,skin-conditioning
BUTOXYETHANOL,masking
BUTOXYETHANOL,solvent
BUTOXYETHANOL,viscosity-controlling
HYDROLYZED SNAIL BODY EXTRACT,skin-conditioning
HYDROLYZED SNAIL BODY EXTRACT,skin-protecting
FURFURYL TETRAHYDROPYRANYLADENINE,skin-conditioning
BIS-OCTYLDODECYL DIMER DILINOLEATE/PROPANEDIOL COPOLYMER,emollient
BIS-OCTYLDODECYL DIMER DILINOLEATE/PROPANEDIOL COPOLYMER,skin-conditioning
CETYL RICINOLEATE,emollient
CETYL RICINOLEATE,skin-conditioning
PINUS KORAIENSIS CALLUS CULTURE EXTRACT,skin-conditioning
RUBUS CHAMAEMORUS FRUIT JUICE EXTRACT,humectant
RUBUS CHAMAEMORUS FRUIT JUICE EXTRACT,skin-conditioning
CANDELILLA WAX ESTERS,film-forming
SR-SPIDER POLYPEPTIDE-3,skin-conditioning
POLYETHYLHEXYL METHACRYLATE,bulking
POLYETHYLHEXYL METHACRYLATE,film-forming
ISOSTEARYL LAURATE,emollient
ISOSTEARYL LAURATE,skin-conditioning
ISOBUTYL METHACRYLATE,film-forming
DIISONONYL ETHER,humectant
TORREYA NUCIFERA SEED POWDER,absorbent
TORREYA NUCIFERA SEED POWDER,antioxidant
TORREYA NUCIFERA SEED POWDER,skin-conditioning
SODIUM MANGOSEEDATE,cleansing
SODIUM MANGOSEEDATE,emulsifying
SODIUM MANGOSEEDATE,uv-absorber
SODIUM MANGOSEEDATE,viscosity-controlling
MENTHA PIPERITA MERISTEM CELL CULTURE,skin-conditioning
ZINC PENTADECENE TRICARBOXYLATE,anticaking
ZINC PENTADECENE TRICARBOXYLATE,skin-conditioning
ZINC PENTADECENE TRICARBOXYLATE,surfactant
MYRISTOYL TETRAPEPTIDE-13,skin-conditioning
PEG-40 HYDROGENATED CASTOR OIL LAURATE,skin-conditioning
POLYGLYCERYL-6 TRICHILIA EMETICA SEEDATE,emollient
POLYGLYCERYL-6 TRICHILIA EMETICA SEEDATE,emulsifying
GLYCINE SOJA FIBER,skin-conditioning
SH-POLYPEPTIDE-61,astringent
SH-POLYPEPTIDE-61,skin-conditioning
SH-POLYPEPTIDE-61,skin-protecting
DISODIUM EDTA,chelating
DISODIUM EDTA,viscosity-controlling
NICOTINOYL HEXAPEPTIDE-44,antioxidant
NICOTINOYL HEXAPEPTIDE-44,skin-protecting
CASTOR OIL/IPDI COPOLYMER,film-forming
SODIUM OLEANOLATE,skin-conditioning
ASPERGILLUS/SACCHAROMYCES RICE FERMENT LEES,emollient
HYDROLYZED CUCURBITA PEPO SEEDCAKE,skin-protecting
OLIGOPEPTIDE-44,skin-conditioning
BENZOIC ACID/PHTHALIC ANHYDRIDE/PENTAERYTHRITOL/NEOPENTYL GLYCOL/PALMITIC ACID COPOLYMER,film-forming
POLYURETHANE CROSSPOLYMER-2,film-forming
HEXAPEPTIDE-2 ASCORBYL PHOSPHATE,skin-conditioning
HELIANTHEMUM NUMMULARIUM FLOWER EXTRACT,skin-protecting
SD ALCOHOL 31-A,astringent
SD ALCOHOL 31-A,solvent
SD ALCOHOL 31-A,viscosity-controlling
OLIGOPEPTIDE-56 AMIDO PEG-220 METHYL ETHER,skin-conditioning
CYSTEINYL TRIPEPTIDE-35,antioxidant
CYSTEINYL TRIPEPTIDE-35,antiseborrhoeic
CYSTEINYL TRIPEPTIDE-35,chelating
CYSTEINYL TRIPEPTIDE-35,skin-protecting
SH-POLYPEPTIDE-59,skin-conditioning
RANUNCULUS FICARIA EXTRACT,skin-conditioning
SORBETH-30,emulsifying
SORBETH-30,humectant
SORBETH-30,solvent
SORBETH-30,viscosity-controlling
DAUCUS CAROTA SATIVA ROOT,skin-conditioning
DILINOLEIC ACID/ETHYLENEDIAMINE COPOLYMER,binding
DILINOLEIC ACID/ETHYLENEDIAMINE COPOLYMER,film-forming
DILINOLEIC ACID/ETHYLENEDIAMINE COPOLYMER,viscosity-controlling
DECYLOXAZOLIDINONE,antimicrobial
DECYLOXAZOLIDINONE,emollient
DECYLOXAZOLIDINONE,plasticiser
DECYLOXAZOLIDINONE,skin-conditioning
DECYLOXAZOLIDINONE,surfactant
NONAPEPTIDE-34,skin-conditioning
CLERODENDRON TRICHOTOMUM LEAF EXTRACT,skin-conditioning
PERICHLAENA RICHARDII FLOWER EXTRACT,skin-conditioning
JASMINUM OFFICINALE FLOWER WAX,emollient
JASMINUM OFFICINALE FLOWER WAX,skin-conditioning
JASMINUM OFFICINALE FLOWER WAX,skin-protecting
SMILAX GLABRA ROOT EXTRACT,skin-conditioning
UNDECETH-9,emollient
UNDECETH-9,emulsifying
UNDECETH-9,skin-conditioning
UNDECETH-9,surfactant
RUSCUS ACULEATUS ROOT EXTRACT,astringent
RUSCUS ACULEATUS ROOT EXTRACT,refreshing
RUSCUS ACULEATUS ROOT EXTRACT,skin-conditioning
RUSCUS ACULEATUS ROOT EXTRACT,soothing
RUSCUS ACULEATUS ROOT EXTRACT,stabilising
RUSCUS ACULEATUS ROOT EXTRACT,tonic
PENTYLPHENYL OCTYLOXYBENZOATE,skin-conditioning
ETHYLENE DISTEARAMIDE,viscosity-controlling
ZANTHOXYLUM AMERICANUM/CLAVA-HERCULES BARK EXTRACT,skin-conditioning
MYRISTYL LIGNOCERATE,emollient
MYRISTYL LIGNOCERATE,skin-conditioning
LAMINARIA OCHROLEUCA EXTRACT,skin-conditioning
PPG-4 JOJOBA ACID,emollient
PPG-4 JOJOBA ACID,skin-conditioning
PICHIA FERMENT LYSATE FILTRATE,humectant
PICHIA FERMENT LYSATE FILTRATE,skin-conditioning
PICHIA FERMENT LYSATE FILTRATE,skin-protecting
GANODERMA LUCIDUM STEM EXTRACT,skin-conditioning
ASPERGILLUS/SACCHAROMYCES/RICE LEES FERMENT FILTRATE,humectant
ASPERGILLUS/SACCHAROMYCES/RICE LEES FERMENT FILTRATE,skin-conditioning
ASCORBIC ACID/ORANGE/CITRUS LIMON/CITRUS AURANTIFOLIA POLYPEPTIDES,skin-conditioning
CECROPIA OBTUSA BARK EXTRACT,skin-conditioning
SPATHODEA CAMPANULATA FLOWER EXTRACT,skin-conditioning
POLYSILICONE-15,uv-filter
BUTOXYHYDROXYPROPYL CETYL HYDROXYETHYLCELLULOSE,emulsion-stabilising
BUTOXYHYDROXYPROPYL CETYL HYDROXYETHYLCELLULOSE,viscosity-controlling
SUCROSE DISTEARATE,emollient
SUCROSE DISTEARATE,emulsifying
SUCROSE DISTEARATE,skin-conditioning
SUCROSE DISTEARATE,surfactant
METHYLSTYRENE/VINYLTOLUENE COPOLYMER,viscosity-controlling
C24-28 OLEFIN,skin-conditioning
PPG-2 ISOSTEARATE,emollient
PPG-2 ISOSTEARATE,skin-conditioning
ETHYL CYSTEINATE HCL,skin-protecting
GLAUCINE,skin-conditioning
SACCHAROMYCES/IPOMOEA BATATAS FERMENT EXTRACT,skin-conditioning
VINYL DIMETHYL/TRIMETHYLSILOXYSILICATE STEARYL DIMETHICONE CROSSPOLYMER,bulking
VINYL DIMETHYL/TRIMETHYLSILOXYSILICATE STEARYL DIMETHICONE CROSSPOLYMER,film-forming
VINYL DIMETHYL/TRIMETHYLSILOXYSILICATE STEARYL DIMETHICONE CROSSPOLYMER,viscosity-controlling
BACILLUS/RHODODENDRON WEYRICHII FLOWER FERMENT EXTRACT FILTRATE,skin-conditioning
BACILLUS/RHODODENDRON WEYRICHII FLOWER FERMENT EXTRACT FILTRATE,skin-protecting
VITIS VINIFERA FRUIT POWDER,antioxidant
VITIS VINIFERA FRUIT POWDER,skin-conditioning
BRASSICA RAPA SEED EXTRACT,skin-conditioning
CESTRUM NOCTURNUM BRANCH/FLOWER/LEAF WATER,masking
CESTRUM NOCTURNUM BRANCH/FLOWER/LEAF WATER,skin-conditioning
LAVANDULA ANGUSTIFOLIA FLOWER WATER,skin-conditioning
BRASSICA OLERACEA CAPITATA LEAF WATER,skin-conditioning
ACACIA DEALBATA FLOWER WAX,emollient
ACACIA DEALBATA FLOWER WAX,skin-conditioning
DIMETHOXYAPIGENIN,skin-conditioning
DIMETHOXYAPIGENIN,skin-protecting
BROUSSONETIA KAZINOKI CALLUS CULTURE EXTRACT,skin-conditioning
SOPHORA JAPONICA LEAF EXTRACT,skin-protecting
METHOXYCINNAMIDOPROPYL/PHENYL POLYSILSESQUIOXANE,antioxidant
METHOXYCINNAMIDOPROPYL/PHENYL POLYSILSESQUIOXANE,film-forming
METHOXYCINNAMIDOPROPYL/PHENYL POLYSILSESQUIOXANE,skin-conditioning
METHOXYCINNAMIDOPROPYL/PHENYL POLYSILSESQUIOXANE,skin-protecting
METHOXYCINNAMIDOPROPYL/PHENYL POLYSILSESQUIOXANE,stabilising
C12-14 HYDROXYALKYL MALTITOL ETHER,emollient
C12-14 HYDROXYALKYL MALTITOL ETHER,skin-conditioning
POLYACRYLATE-41,film-forming
POGOSTEMON CABLIN LEAF/STEM EXTRACT,antidandruff
POGOSTEMON CABLIN LEAF/STEM EXTRACT,antimicrobial
POGOSTEMON CABLIN LEAF/STEM EXTRACT,antioxidant
POGOSTEMON CABLIN LEAF/STEM EXTRACT,astringent
POGOSTEMON CABLIN LEAF/STEM EXTRACT,skin-protecting
SODIUM CARBOXYMETHYL INULIN,chelating
SODIUM CARBOXYMETHYL INULIN,viscosity-controlling
SACCHAROMYCES/RICE LEES FERMENT FILTRATE,emollient
SACCHAROMYCES/RICE LEES FERMENT FILTRATE,skin-conditioning
ERGOCALCIFEROL,skin-conditioning
OLIGOPEPTIDE-107,skin-conditioning
PHORMIUM TENAX SEED EXTRACT,skin-conditioning
LEPTADENIA RETICULATA LEAF POWDER,skin-conditioning
ELAEAGNUS LATIFOLIA LEAF CELL EXTRACT,flavouring
ELAEAGNUS LATIFOLIA LEAF CELL EXTRACT,masking
ELAEAGNUS LATIFOLIA LEAF CELL EXTRACT,skin-protecting
STEARETH-10 ALLYL ETHER/ACRYLATES COPOLYMER,film-forming
STEARETH-10 ALLYL ETHER/ACRYLATES COPOLYMER,viscosity-controlling
ETHYL CAFFEATE,skin-conditioning
THEOBROMA CACAO FRUIT EXTRACT,emollient
THEOBROMA CACAO FRUIT EXTRACT,skin-conditioning
HEMIDESMUS INDICUS ROOT POWDER,skin-conditioning
CIRSIUM SETIDENS LEAF EXTRACT,skin-conditioning
OVUM SHELL MEMBRANE EXTRACT,skin-protecting
DISTEARETH-100 IPDI,viscosity-controlling
STEMONA SESSILIFOLIA ROOT EXTRACT,skin-conditioning
MENTHYL ETHYLAMIDO OXALATE,skin-conditioning
SALVIA MILTIORRHIZA FLOWER/LEAF/ROOT EXTRACT,skin-conditioning
PISCUM CARTILAGE EXTRACT,skin-conditioning
CUPRESSUS SEMPERVIRENS LEAF/STEM EXTRACT,skin-conditioning
LACTOBACILLUS/SOYMILK/PEUCEDANUM JAPONICUM LEAF/STEM FERMENT FILTRATE,humectant
COLEUS SCUTELLARIOIDES LEAF/STEM EXTRACT,humectant
COLEUS SCUTELLARIOIDES LEAF/STEM EXTRACT,skin-conditioning
ZEATIN,skin-conditioning
CHYMOTRYPSIN,skin-conditioning
QUERCUS SALICINA LEAF EXTRACT,skin-conditioning
GINKGO BILOBA MERISTEM CELL CULTURE CONDITIONED MEDIA,antimicrobial
GINKGO BILOBA MERISTEM CELL CULTURE CONDITIONED MEDIA,antioxidant
GINKGO BILOBA MERISTEM CELL CULTURE CONDITIONED MEDIA,skin-conditioning
VACCINIUM OXYCOCCOS SEEDCAKE,skin-conditioning
PEG-222 PENTAERYTHRITYL ADIPATE-SUCCINIMIDE DENDRIMER,emollient
PEG-222 PENTAERYTHRITYL ADIPATE-SUCCINIMIDE DENDRIMER,skin-conditioning
CUCURBITA MAXIMA FRUIT JUICE,skin-protecting
ROBINIA PSEUDOACACIA FLOWER EXTRACT,skin-conditioning
ROBINIA PSEUDOACACIA FLOWER EXTRACT,tonic
GLYCERYL TRIACETYL HYDROXYSTEARATE,emollient
GLYCERYL TRIACETYL HYDROXYSTEARATE,skin-conditioning
EUPATORIUM FORTUNEI EXTRACT,skin-conditioning
POLYGLYCERYL-3 POLYRICINOLEATE,emulsifying
POLYGLYCERYL-3 POLYRICINOLEATE,viscosity-controlling
LEONTOPODIUM HAPLOPHYLLOIDES FLOWER/LEAF/STEM EXTRACT,skin-conditioning
COCONUT OIL AMINOETHOXYETHANOL AMIDES,foaming
COCONUT OIL AMINOETHOXYETHANOL AMIDES,surfactant
COCONUT OIL AMINOETHOXYETHANOL AMIDES,viscosity-controlling
FREESIA ALBA FLOWER EXTRACT,skin-conditioning
CETYLDIMETHYLSILOXY TRIMETHYLSILOXYSILICATE,skin-protecting
PSEUDOZYMA TSUKUBAENSIS/OLIVE OIL/GLYCERIN/SOY PROTEIN FERMENT,antimicrobial
PSEUDOZYMA TSUKUBAENSIS/OLIVE OIL/GLYCERIN/SOY PROTEIN FERMENT,emollient
PSEUDOZYMA TSUKUBAENSIS/OLIVE OIL/GLYCERIN/SOY PROTEIN FERMENT,emulsifying
HEDERA RHOMBEA EXTRACT,humectant
HEDERA RHOMBEA EXTRACT,skin-conditioning
HEDERA RHOMBEA EXTRACT,skin-protecting
ADAMANTANYLCARBOXAMIDO TRIFLUOROMETHYLBENZONITRILE,film-forming
HYDROLYZED CELLULOSE GUM,emulsion-stabilising
HYDROLYZED CELLULOSE GUM,film-forming
HYDROLYZED CELLULOSE GUM,viscosity-controlling
TETRAPEPTIDE-54,skin-conditioning
OZONIZED SACCHAROMYCES FERMENT LYSATE FILTRATE,skin-conditioning
HYDROXYCETYL ISOSTEARATE,emollient
HYDROXYCETYL ISOSTEARATE,emulsifying
HYDROXYCETYL ISOSTEARATE,skin-conditioning
MONTMORILLONITE,absorbent
MONTMORILLONITE,bulking
MONTMORILLONITE,emulsion-stabilising
MONTMORILLONITE,stabilising
MONTMORILLONITE,viscosity-controlling
NYLON-12,bulking
NYLON-12,opacifying
NYLON-12,viscosity-controlling
PERILLA OCYMOIDES LEAF WATER,humectant
PERILLA OCYMOIDES LEAF WATER,skin-conditioning
PERILLA OCYMOIDES LEAF WATER,skin-protecting
CYMBOPOGON CITRATUS FLOWER WATER,masking
CYMBOPOGON CITRATUS FLOWER WATER,skin-conditioning
ACETYL SH-DECAPEPTIDE-2 AMIDE,skin-conditioning
PENTAERYTHRITYL TETRAMERCAPTOPROPIONATE,film-forming
ASPERGILLUS/PAEONIA SUFFRUTICOSA BARK/HONEYSUCKLE FLOWER/FORSYTHIA FRUIT/(ASTRAGALUS MEMBRANACEUS/GENTIANA SCABRA/LICORICE/REHMANNIA GLUTINOSA/RHEUM PALMATUM/SCROPHULARIA BUERGERIANA) ROOT/(CASTOR/RICE) SEED FERMENT EXTRACT,skin-conditioning
GLYCERIN/PHTHALIC ACID COPOLYMER HYDROXYPROPYL C9-11 ISOALKYL ACIDATE,emollient
MAGNOLIA BIONDII BUD/FLOWER EXTRACT,skin-conditioning
MAGNOLIA BIONDII BUD/FLOWER EXTRACT,skin-protecting
ACACIA ARABICA STEM BARK EXTRACT,skin-conditioning
PEG-20 HYDROGENATED CASTOR OIL LAURATE,skin-conditioning
HYDROLYZED AMORPHOPHALLUS KONJAC ROOT,humectant
DIMETHYLIMIDAZOLIDINONE CORN STARCH,absorbent
DIMETHYLIMIDAZOLIDINONE CORN STARCH,viscosity-controlling
HYDROGENATED TALLOWETH-12,emulsifying
HYDROGENATED TALLOWETH-12,stabilising
HYDROGENATED TALLOWETH-12,surfactant
HYDROGENATED TALLOWETH-12,viscosity-controlling
CARAGANA SINICA FLOWER EXTRACT,antioxidant
CARAGANA SINICA FLOWER EXTRACT,skin-protecting
MELIA AZADIRACHTA LEAF POWDER,skin-conditioning
POLYBUTYLENE TEREPHTHALATE,film-forming
POLYBUTYLENE TEREPHTHALATE,viscosity-controlling
ARUNCUS DIOICUS ROOT EXTRACT,skin-conditioning
METHYLSILANOL PEG-7 GLYCERYL COCOATE,emulsifying
METHYLSILANOL PEG-7 GLYCERYL COCOATE,skin-conditioning
COTINUS COGGYGRIA LEAF EXTRACT,antioxidant
COTINUS COGGYGRIA LEAF EXTRACT,astringent
COTINUS COGGYGRIA LEAF EXTRACT,humectant
ACRYLATES/DIMETHICONOL ACRYLATE COPOLYMER,film-forming
PELARGONIUM PELTATUM EXTRACT,skin-conditioning
ISOPROPYL AVOCADATE,emollient
ISOPROPYL AVOCADATE,skin-conditioning
STEVIA REBAUDIANA LEAF/STEM POWDER,skin-conditioning
ERYTHRITYL TRIETHYLHEXANOATE,emollient
ERYTHRITYL TRIETHYLHEXANOATE,skin-conditioning
ERYTHRITYL TRIETHYLHEXANOATE,solvent
OLIBANUM,masking
OLIBANUM,skin-conditioning
RAMARIA FORMOSA FRUITING BODY EXTRACT,humectant
RAMARIA FORMOSA FRUITING BODY EXTRACT,skin-conditioning
OLIVE OIL PEG-10 ESTERS,emollient
OLIVE OIL PEG-10 ESTERS,emulsifying
OLIVE OIL PEG-10 ESTERS,surfactant
ARTEMISIA UMBELLIFORMIS EXTRACT,skin-conditioning
PERFLUOROMETHYLDECALIN,absorbent
PERFLUOROMETHYLDECALIN,anticaking
PERFLUOROMETHYLDECALIN,binding
PERFLUOROMETHYLDECALIN,emulsion-stabilising
PERFLUOROMETHYLDECALIN,skin-conditioning
4-(2-BETA-GLUCOPYRANOSILOXY) PROPOXY-2HYDROXYBENZOPHENONE,stabilising
4-(2-BETA-GLUCOPYRANOSILOXY) PROPOXY-2HYDROXYBENZOPHENONE,uv-filter
HYDROGENATED SUNFLOWER SEED OIL,skin-conditioning
HYDROGENATED SUNFLOWER SEED OIL,viscosity-controlling
PENTAPEPTIDE-62,antimicrobial
PENTAPEPTIDE-62,humectant
PENTAPEPTIDE-62,skin-conditioning
PENTAPEPTIDE-62,skin-protecting
BRASSICA NIGRA SEED POWDER,skin-conditioning
MYRISTYL-PG HYDROXYETHYL DECANAMIDE,skin-conditioning
LACTOBACILLUS/PANAX GINSENG ROOT FERMENT FILTRATE,skin-conditioning
NEOLEPISORUS FORTUNEI ROOT EXTRACT,skin-conditioning
AMETHYST EXTRACT,skin-conditioning
BAUHINIA AUREIFOLIA LEAF EXTRACT,antioxidant
BAUHINIA AUREIFOLIA LEAF EXTRACT,skin-protecting
NARCISSUS TRIANDRUS EXTRACT,antioxidant
NARCISSUS TRIANDRUS EXTRACT,skin-conditioning
DENDROBIUM NOBILE PROTOCORM EXTRACT,emollient
DENDROBIUM NOBILE PROTOCORM EXTRACT,skin-conditioning
DENDROBIUM NOBILE PROTOCORM EXTRACT,skin-protecting
GLYCERYL DIPALMITOLEATE,emollient
MYRISTAMIDE MIPA,antistatic
MYRISTAMIDE MIPA,foam-boosting
MYRISTAMIDE MIPA,viscosity-controlling
RH-POLYPEPTIDE-83,emollient
RH-POLYPEPTIDE-83,skin-conditioning
ISOPROPYL JOJOBATE,emollient
ISOPROPYL JOJOBATE,skin-conditioning
NYMPHAEA STELLATA FLOWER POWDER,skin-conditioning
GENTIANA ACAULIS FLOWER/LEAF EXTRACT,skin-conditioning
CETYL PEG/PPG-15/15 BUTYL ETHER DIMETHICONE,emulsifying
CETYL PEG/PPG-15/15 BUTYL ETHER DIMETHICONE,skin-conditioning
CETYL PEG/PPG-15/15 BUTYL ETHER DIMETHICONE,surfactant
TRIBEHENIN,emollient
TRIBEHENIN,skin-conditioning
ACACIA CATECHU GUM,film-forming
ACACIA CATECHU GUM,masking
AMELANCHIER ALNIFOLIA FRUIT EXTRACT,skin-conditioning
ZINGIBER CASSUMUNAR ROOT EXTRACT,humectant
ZINGIBER CASSUMUNAR ROOT EXTRACT,skin-conditioning
SCENEDESMUS DESERTICOLA FERMENT EXTRACT,humectant
SCENEDESMUS DESERTICOLA FERMENT EXTRACT,skin-conditioning
SCENEDESMUS DESERTICOLA FERMENT EXTRACT,skin-protecting
CHLORELLA VARIABILIS EXTRACT,skin-conditioning
OCTYLDODECYL BEHENATE,emollient
CHENOPODIUM QUINOA SEED OIL,emollient
CHENOPODIUM QUINOA SEED OIL,skin-conditioning
PELARGONIUM SIDOIDES CALLUS CULTURE CONDITIONED MEDIA,antioxidant
PELARGONIUM SIDOIDES CALLUS CULTURE CONDITIONED MEDIA,skin-conditioning
PELARGONIUM SIDOIDES CALLUS CULTURE CONDITIONED MEDIA,skin-protecting
COCONUT/PALM KERNEL ALKANES,emollient
RESEDA ODORATA FLOWER/LEAF/STEM EXTRACT,masking
RESEDA ODORATA FLOWER/LEAF/STEM EXTRACT,skin-conditioning
RESEDA ODORATA FLOWER/LEAF/STEM EXTRACT,soothing
XENOTIME,binding
XENOTIME,skin-conditioning
SACCHAROMYCES/APPLE FRUIT/HONEY/PANAX GINSENG ROOT/ROYAL JELLY/SUCROSE FERMENT FILTRATE,humectant
SACCHAROMYCES/APPLE FRUIT/HONEY/PANAX GINSENG ROOT/ROYAL JELLY/SUCROSE FERMENT FILTRATE,skin-conditioning
HYDROLYZED ANTLER VELVET,skin-conditioning
DI-GLYCERYL STEARATE DIMER DILINOLEATE,emollient
DI-GLYCERYL STEARATE DIMER DILINOLEATE,skin-conditioning
BIS-VINYL DIMETHICONE/DIMETHICONE COPOLYMER,emulsion-stabilising
BIS-VINYL DIMETHICONE/DIMETHICONE COPOLYMER,film-forming
BIS-VINYL DIMETHICONE/DIMETHICONE COPOLYMER,skin-conditioning
BIS-VINYL DIMETHICONE/DIMETHICONE COPOLYMER,viscosity-controlling
METHYLSILANOL ACETYLTYROSINE,antistatic
METHYLSILANOL ACETYLTYROSINE,skin-conditioning
DIOCTYLDODECYL MALATE,skin-conditioning
DILAUROYL TRIMETHYLOLPROPANE SILOXY SILICATE,skin-conditioning
OCTYLDODECYL OCTYLDODECANOATE,skin-conditioning
PEG-2 TALLOWAMIDE DEA,emulsifying
PEG-2 TALLOWAMIDE DEA,emulsion-stabilising
CINCHONA CALISAYA BARK EXTRACT,skin-conditioning
HYDROLYZED SOY FLOUR,skin-conditioning
ALANYL GLUTAMINE,humectant
ALANYL GLUTAMINE,skin-conditioning
GLYCERYL STEARATE DIACETATE,emollient
GLYCERYL STEARATE DIACETATE,emulsifying
GLYCERYL STEARATE DIACETATE,skin-conditioning
GLYCERYL STEARATE DIACETATE,viscosity-controlling
PALMITOYL TRIPEPTIDE-31,skin-conditioning
PITTOSPORUM EUGENIOIDES FLOWER/LEAF EXTRACT,skin-conditioning
ADENOSINE TRIPHOSPHATE,skin-conditioning
MANGANESE CITRATE,skin-conditioning
TRIDECYL ETHYLHEXANOATE,emollient
TRIDECYL ETHYLHEXANOATE,skin-conditioning
PROPYLENE GLYCOL ISOSTEARATE,skin-conditioning
PROPYLENE GLYCOL ISOSTEARATE,surfactant
LACTOBACILLUS/WINE STILLAGE FERMENT,skin-protecting
HYDROLYZED OYSTER SHELL EXTRACT,skin-conditioning
MUSA SAPIENTUM WATER,skin-conditioning
HEXAPEPTIDE-47,skin-conditioning
GLYCERYL DIMYRISTATE,emollient
URSOLOYL TETRAPEPTIDE-37,antioxidant
URSOLOYL TETRAPEPTIDE-37,skin-protecting
CEDRUS ATLANTICA CALLUS EXTRACT,skin-protecting
MYRETH-3 PALMITATE,emollient
MYRETH-3 PALMITATE,skin-conditioning
DIOCTYLDODECYL FLUOROHEPTYL CITRATE,skin-conditioning
PALM OIL POLYGLYCERYL-6 ESTERS,emollient
PALM OIL POLYGLYCERYL-6 ESTERS,emulsifying
PALM OIL POLYGLYCERYL-6 ESTERS,skin-conditioning
PALM OIL POLYGLYCERYL-6 ESTERS,surfactant
LACTOCOCCUS/LAC FERMENT LYSATE,skin-conditioning
CYMBIDIUM SINENSE EXTRACT,antioxidant
CYMBIDIUM SINENSE EXTRACT,emollient
CYMBIDIUM SINENSE EXTRACT,humectant
CYMBIDIUM SINENSE EXTRACT,skin-conditioning
ANEMARRHENA ASPHODELOIDES ROOT EXTRACT,skin-conditioning
EUGENIA CUMINI LEAF EXTRACT,skin-conditioning
MYRISTICA FRAGRANS SHELL POWDER,abrasive
MYRISTICA FRAGRANS SHELL POWDER,skin-conditioning
ASPERGILLUS/PICHIA/SORGHUM BICOLOR FERMENT LEES EXTRACT,antioxidant
ASPERGILLUS/PICHIA/SORGHUM BICOLOR FERMENT LEES EXTRACT,skin-conditioning
VERONICASTRUM SIBIRICUM EXTRACT,humectant
VERONICASTRUM SIBIRICUM EXTRACT,skin-conditioning
VERONICASTRUM SIBIRICUM EXTRACT,skin-protecting
SEA SALT,abrasive
SEA SALT,humectant
SEA SALT,skin-conditioning
LACTOBACILLUS/CUCURBITA PEPO FERMENT EXTRACT,skin-conditioning
DISODIUM GLYCYRRHIZATE,skin-conditioning
R-THERMOTOGA MARITIMA POLYPEPTIDE-1 OLIGOPEPTIDE-105 OLIGOPEPTIDE-106 HEXAPEPTIDE-40,skin-conditioning
ACACIA DECURRENS/JOJOBA/SUNFLOWER SEED CERA/POLYGLYCERYL-3 ESTERS,emollient
ROSMARINUS OFFICINALIS FLOWER/LEAF/STEM EXTRACT,masking
ROSMARINUS OFFICINALIS FLOWER/LEAF/STEM EXTRACT,skin-conditioning
ARACHIDYL ERUCATE,emollient
ARACHIDYL ERUCATE,skin-conditioning
HAMAMELIS VIRGINIANA LEAF WATER,astringent
HAMAMELIS VIRGINIANA LEAF WATER,skin-conditioning
STYRENE/ACRYLATES/DIMETHICONE COPOLYMER,skin-conditioning
PENTAERYTHRITYL BEHENATE/POLYHYDROXYSTEARATE,emollient
PENTAERYTHRITYL BEHENATE/POLYHYDROXYSTEARATE,skin-conditioning
PETASITES HYBRIDUS LEAF EXTRACT,skin-conditioning
OLIVE OIL PEG-8 ESTERS,emollient
OLIVE OIL PEG-8 ESTERS,emulsifying
OLIVE OIL PEG-8 ESTERS,surfactant
TEUCRIUM SCORODONIA EXTRACT,skin-conditioning
PAECILOMYCES JAPONICA MYCELIUM/GINSENG ROOT FERMENT EXTRACT FILTRATE,humectant
PAECILOMYCES JAPONICA MYCELIUM/GINSENG ROOT FERMENT EXTRACT FILTRATE,skin-conditioning
SUCROSE PENTAERUCATE,emollient
SUCROSE PENTAERUCATE,emulsifying
SUCROSE PENTAERUCATE,skin-conditioning
SUCROSE PENTAERUCATE,surfactant
YUCCA FILAMENTOSA ROOT,skin-protecting
CITRUS CLEMENTINA LEAF CELL EXTRACT,antioxidant
CITRUS CLEMENTINA LEAF CELL EXTRACT,skin-protecting
OLEIC/PALMITIC/LAURIC/MYRISTIC/LINOLEIC TRIGLYCERIDE,emollient
DIETHYLHEXYL DIMER DILINOLEATE,emollient
DIETHYLHEXYL DIMER DILINOLEATE,skin-conditioning
MAGNOLIA SIEBOLDII FLOWER EXTRACT,skin-conditioning
CASSIA ITALICA LEAF EXTRACT,skin-conditioning
SAPONARIA OFFICINALIS LEAF/ROOT EXTRACT,skin-conditioning
SHEA BUTTER PEG-8 ESTERS,emollient
SHEA BUTTER PEG-8 ESTERS,emulsifying
SHEA BUTTER PEG-8 ESTERS,surfactant
METHYL MYRISTIC ACID,skin-protecting
METHYLBUTYLPHENYL DECYLOXYBENZOATE,skin-conditioning
GLYCERETH-7 HYDROXYSTEARATE/IPDI COPOLYMER,film-forming
GOSSYPIUM HERBACEUM FLOWER EXTRACT,humectant
GOSSYPIUM HERBACEUM FLOWER EXTRACT,skin-conditioning
ADANSONIA DIGITATA OIL,emollient
ADANSONIA DIGITATA OIL,skin-conditioning
RAPESEED OIL PEG-3 ESTERS,emollient
RAPESEED OIL PEG-3 ESTERS,emulsifying
RAPESEED OIL PEG-3 ESTERS,surfactant
KOU-CHA EKISU,antioxidant
KOU-CHA EKISU,skin-conditioning
RIBES GROSSULARIA FRUIT EXTRACT,moisturising
MALUS DOMESTICA FRUIT CELL CULTURE EXTRACT,skin-conditioning
ACRYLATES/ETHYLHEXYL ACRYLATE COPOLYMER,film-forming
PHTHALIC ANHYDRIDE/BENZOIC ACID/GLYCERIN COPOLYMER,film-forming
CINNAMOMUM TAMALA LEAF EXTRACT,skin-conditioning
SOPHORA ANGUSTIFOLIA ROOT EXTRACT,skin-conditioning
ALUMINUM PCA,astringent
ALUMINUM PCA,skin-conditioning
HEMICHLORIS ANTARCTICA EXTRACT,emollient
HEMICHLORIS ANTARCTICA EXTRACT,skin-conditioning
PALMITAMIDOHEXADECANEDIOL,skin-conditioning
PERFLUORONONYL DIMETHICONE,skin-conditioning
SACCHAROMYCES/LEDEBOURIELLA DIVARICATA ROOT/ACHYRANTHES BIDENTATA ROOT/CNIDIUM OFFICINALE ROOT/EUCOMMIA ULMOIDES BARK/ANGELICA GIGAS ROOT/PAEONIA SUFFRUTICOSA ROOT/ANGELICA TENUISSIMA ROOT/ASARUM SIEBOLDI ROOT/ANGELICA PUBESCENS ROOT/MAGNOLIA LILIFLORA BUD FERMENT FILTRATE,skin-conditioning
PPG-1-CETETH-1,skin-conditioning
PPG-1-CETETH-1,surfactant
TETRAHYDROBISDEMETHOXYDIFERULOYLMETHANE,antioxidant
TETRAHYDROBISDEMETHOXYDIFERULOYLMETHANE,oral-care
TETRAHYDROBISDEMETHOXYDIFERULOYLMETHANE,skin-conditioning
GLYCOL CETEARATE,emollient
GLYCOL CETEARATE,emulsifying
GLYCOL CETEARATE,emulsion-stabilising
GLYCOL CETEARATE,skin-conditioning
GLYCOL CETEARATE,stabilising
ACRYLAMIDOMETHYL CELLULOSE ACETATE BUTYRATE,film-forming
ACRYLAMIDE/SODIUM ACRYLOYLDIMETHYLTAURATE COPOLYMER,emulsion-stabilising
ACRYLAMIDE/SODIUM ACRYLOYLDIMETHYLTAURATE COPOLYMER,viscosity-controlling
CISTUS LADANIFERUS FLOWER WAX,skin-conditioning
PYRUS CYDONIA PEEL/FRUIT CERA,skin-conditioning
CITRUS AURANTIFOLIA PEEL POWDER,skin-conditioning
ISOPHORONE DIAMINE/ISOPHTHALIC ACID/TRIMETHYLOLPROPANE COPOLYMER,film-forming
COFFEA ARABICA LEAF/SEED EXTRACT,masking
COFFEA ARABICA LEAF/SEED EXTRACT,skin-conditioning
EMBELIA RIBES ROOT EXTRACT,skin-conditioning
SH-PENTAPEPTIDE-4,skin-conditioning
ALPINIA ZERUMBET LEAF WATER,emollient
ALPINIA ZERUMBET LEAF WATER,skin-conditioning
CINEOLE,skin-protecting
GNAPHALIUM POLYCEPHALUM EXTRACT,skin-conditioning
EPILOBIUM FLEISCHERI EXTRACT,skin-conditioning
ENTEROCOCCUS FAECALIS,humectant
HEA IPDI ISOCYANURATE TRIMER/POLYCAPROLACTONE DIOL COPOLYMER,film-forming
ANTENNARIA DIOICA EXTRACT,skin-conditioning
STEARETH-12 STEARATE,skin-conditioning
OCIMUM BASILICUM MERISTEM CELL CULTURE,skin-conditioning
MENTHA AQUATICA LEAF OIL,masking
MENTHA AQUATICA LEAF OIL,skin-conditioning
SACCHAROMYCES/RICE SPROUT FERMENT FILTRATE,humectant
ARTEMISIA GMELINII LEAF OIL,skin-conditioning
ARTEMISIA GMELINII LEAF OIL,skin-protecting
CETETH-10 STEARATE,skin-conditioning
PALMITOYL SH-TRIPEPTIDE-1 AMIDE,humectant
PALMITOYL SH-TRIPEPTIDE-1 AMIDE,skin-conditioning
PECTOLINARIN,antioxidant
PECTOLINARIN,skin-conditioning
HEA/SODIUM ACRYLOYLDIMETHYLTAURATE/STEARETH-20 METHACRYLATE COPOLYMER,emulsion-stabilising
HEA/SODIUM ACRYLOYLDIMETHYLTAURATE/STEARETH-20 METHACRYLATE COPOLYMER,viscosity-controlling
HYDROLYZED TAMARINDUS INDICA SEED POLYSACCHARIDE,film-forming
HYDROLYZED TAMARINDUS INDICA SEED POLYSACCHARIDE,skin-conditioning
HYDROLYZED TAMARINDUS INDICA SEED POLYSACCHARIDE,viscosity-controlling
DIONAEA MUSCIPULA EXTRACT,skin-conditioning
ETHYLHEXYL OLIVATE,skin-conditioning
LACTOBACILLUS/RICE BRAN/SACCHAROMYCES/CAMELLIA SINENSIS LEAF EXTRACT FERMENT,antidandruff
LACTOBACILLUS/RICE BRAN/SACCHAROMYCES/CAMELLIA SINENSIS LEAF EXTRACT FERMENT,skin-conditioning
ISOBUTYL/METHOXY PEG-10 POLYSILSESQUIOXANE,viscosity-controlling
MELALEUCA UNCINATA FLOWER/LEAF EXTRACT,skin-conditioning
BROMELIA BALANSEA EXTRACT,skin-conditioning
BIS-STEARYL PEG/PPG-8/6 SMDI/PEG-400 COPOLYMER,viscosity-controlling
HYDROGENATED WALNUT SEED OIL,emollient
HYDROGENATED WALNUT SEED OIL,skin-conditioning
HYDROGENATED WALNUT SEED OIL,viscosity-controlling
PPG-37 OLEYL ETHER,emollient
PPG-37 OLEYL ETHER,skin-conditioning
DIPTERYX ALATA SEED OIL,emollient
DIPTERYX ALATA SEED OIL,skin-conditioning
PRUNUS DOMESTICA SEEDCAKE EXTRACT,skin-protecting
PEG-12 SORBITAN TRIOLEATE,emulsion-stabilising
SODIUM HYDROSULFITE,reducing
SODIUM HYDROSULFITE,viscosity-controlling
PERILLA FRUTESCENS SEEDCAKE,skin-conditioning
OXO AZAANDROSTENE CARBOXYLOYL DECAPEPTIDE-18,skin-conditioning
GLYCERYL STEARATE CITRATE,emollient
GLYCERYL STEARATE CITRATE,emulsifying
GLYCERYL STEARATE CITRATE,skin-conditioning
HEPTACODIUM MICONIOIDES LEAF EXTRACT,skin-conditioning
BLACK STRAP POWDER,humectant
OXALIS HEDYSAROIDES LEAF,skin-conditioning
POLYGLYCERYL-2 DIOLEATE,film-forming
HYDROLYZED ACEROLA FRUIT,skin-conditioning
QUATERNIUM-18/BENZALKONIUM BENTONITE,viscosity-controlling
TRI-C14-15 ALKYL CITRATE,emollient
TRI-C14-15 ALKYL CITRATE,plasticiser
TRI-C14-15 ALKYL CITRATE,skin-conditioning
PEG-10 GLYCERYL ISOSTEARATE,emollient
PEG-10 GLYCERYL ISOSTEARATE,emulsifying
LAUROCAPRAM,skin-conditioning
CANNABIS SATIVA STEM POWDER,skin-conditioning
MENTHA SUAVEOLENS LEAF EXTRACT,astringent
MENTHA SUAVEOLENS LEAF EXTRACT,skin-conditioning
DRYOPTERIS FILIX-MAS ROOT EXTRACT,skin-conditioning
BAROSMA BETULINA ROOT EXTRACT,skin-conditioning
C9-14 ISOPARAFFIN,solvent
C9-14 ISOPARAFFIN,viscosity-controlling
TRICHOSANTHES KIRILOWII STEM JUICE,skin-conditioning
CUDRANIA TRICUSPIDATA CALLUS CULTURE EXTRACT,skin-conditioning
DUBOISIA LEICHHARDTII LEAF EXTRACT,skin-conditioning
LEPTOSPERMUM SCOPARIUM LEAF EXTRACT,skin-conditioning
METHYL 2‚4-DIHYDROXYBENZOATE,skin-conditioning
DIMETHYLACRYLAMIDE/SODIUM ACRYLOYLDIMETHYLTAURATE CROSSPOLYMER,viscosity-controlling
RICINOLEAMIDE MEA,antistatic
RICINOLEAMIDE MEA,foam-boosting
RICINOLEAMIDE MEA,surfactant
RICINOLEAMIDE MEA,viscosity-controlling
TRIPEPTIDE-61,skin-conditioning
GLYCERETH-31,humectant
GLYCERETH-31,skin-conditioning
GLYCERETH-31,surfactant
GLYCERETH-31,viscosity-controlling
ETHYLHEXYL OLEATE ESTOLIDES,emollient
ETHYLHEXYL OLEATE ESTOLIDES,skin-conditioning
SILANETRIOL TREHALOSE ETHER,emollient
SILANETRIOL TREHALOSE ETHER,skin-conditioning
THURFYLNICOTINATE HCL,skin-conditioning
SH-POLYPEPTIDE-30,skin-conditioning
LAURYL DIMETHICONE PEG-15 CROSSPOLYMER,emulsifying
LAURYL DIMETHICONE PEG-15 CROSSPOLYMER,surfactant
LAURYL DIMETHICONE PEG-15 CROSSPOLYMER,viscosity-controlling
ILEX AQUIFOLIUM LEAF EXTRACT,skin-conditioning
ATTALEA SPECIOSA SEED OIL,emollient
ATTALEA SPECIOSA SEED OIL,skin-conditioning
ACONITUM AUSTROKOREENSE FLOWER EXTRACT,emollient
ACONITUM AUSTROKOREENSE FLOWER EXTRACT,skin-conditioning
HYALURONIDASE,skin-conditioning
ETHOXYDIGLYCOL ACRYLATE,film-forming
PENTAERYTHRITYL TETRA(HYDROXYPROPYL BIS-HYDROXYETHYLAMINE),film-forming
PENTAERYTHRITYL TETRA(HYDROXYPROPYL BIS-HYDROXYETHYLAMINE),surfactant
PENTAPEPTIDE-53,skin-conditioning
BUTYL ACRYLATE/GLYCOL DIMETHACRYLATE CROSSPOLYMER,absorbent
BUTYL ACRYLATE/GLYCOL DIMETHACRYLATE CROSSPOLYMER,film-forming
ACETYL TYROSINE,skin-conditioning
ACETYL TYROSINE,tanning
PRUNUS ARMENIACA KERNEL EXTRACT,skin-conditioning
DIOSCOREA JAPONICA ROOT POWDER,skin-conditioning
COLLOIDAL GOLD,antimicrobial
COLLOIDAL GOLD,skin-conditioning
ASPERGILLUS/SACCHAROMYCES/GASTRODIA ELATA ROOT EXTRACT FERMENT FILTRATE,skin-conditioning
OENOTHERA ROSEA EXTRACT,antioxidant
OENOTHERA ROSEA EXTRACT,skin-protecting
TUSSILAGO FARFARA FLOWER EXTRACT,astringent
TUSSILAGO FARFARA FLOWER EXTRACT,emollient
PINUS THUNBERGII LEAF EXTRACT,skin-conditioning
CONVOLVULUS ARVENSIS LEAF CELL EXTRACT,antioxidant
CONVOLVULUS ARVENSIS LEAF CELL EXTRACT,skin-protecting
POLYISOBUTYL METHACRYLATE,film-forming
ALUMINUM DISTEARATE,anticaking
ALUMINUM DISTEARATE,emulsion-stabilising
ALUMINUM DISTEARATE,opacifying
ALUMINUM DISTEARATE,viscosity-controlling
RUBUS IDAEUS BUD EXTRACT,skin-conditioning
CETEARYL RICE BRANATE,skin-conditioning
OCTAPEPTIDE-33,skin-conditioning
TETRAHYDROPIPERINE,skin-conditioning
LYSINE GLUTAMATE,skin-conditioning
ARACHIDYL ALCOHOL,emollient
ARACHIDYL ALCOHOL,emulsion-stabilising
ARACHIDYL ALCOHOL,viscosity-controlling
SH-OLIGOPEPTIDE-14,skin-conditioning
BORAGE SEED OIL PEG-8 ESTERS,emollient
BORAGE SEED OIL PEG-8 ESTERS,emulsifying
BORAGE SEED OIL PEG-8 ESTERS,skin-conditioning
BORAGE SEED OIL PEG-8 ESTERS,surfactant
(MAGNOLIA OFFICINALIS/PHELLODENDRON AMURENSE) BARK/CAMELLIA JAPONICA LEAF/ZINGIBER OFFICINALE ROOT/CITRUS PARADISI SEED WATER,antimicrobial
(MAGNOLIA OFFICINALIS/PHELLODENDRON AMURENSE) BARK/CAMELLIA JAPONICA LEAF/ZINGIBER OFFICINALE ROOT/CITRUS PARADISI SEED WATER,antioxidant
(MAGNOLIA OFFICINALIS/PHELLODENDRON AMURENSE) BARK/CAMELLIA JAPONICA LEAF/ZINGIBER OFFICINALE ROOT/CITRUS PARADISI SEED WATER,antiseborrhoeic
(MAGNOLIA OFFICINALIS/PHELLODENDRON AMURENSE) BARK/CAMELLIA JAPONICA LEAF/ZINGIBER OFFICINALE ROOT/CITRUS PARADISI SEED WATER,skin-conditioning
AMPELOPSIS JAPONICA ROOT/ERIOBOTRYA JAPONICA LEAF/RHEUM TANGUTICUM RHIZOME/TARAXACUM PLATYCARPUM WATER,emollient
AMPELOPSIS JAPONICA ROOT/ERIOBOTRYA JAPONICA LEAF/RHEUM TANGUTICUM RHIZOME/TARAXACUM PLATYCARPUM WATER,humectant
AMPELOPSIS JAPONICA ROOT/ERIOBOTRYA JAPONICA LEAF/RHEUM TANGUTICUM RHIZOME/TARAXACUM PLATYCARPUM WATER,skin-conditioning
TAXUS (MEDIA/CUSPIDATA/BREVIFOLIA/BACCATA/CANADENSIS) MERISTEM CELL CULTURE CONDITIONED MEDIA,antimicrobial
TAXUS (MEDIA/CUSPIDATA/BREVIFOLIA/BACCATA/CANADENSIS) MERISTEM CELL CULTURE CONDITIONED MEDIA,antioxidant
TAXUS (MEDIA/CUSPIDATA/BREVIFOLIA/BACCATA/CANADENSIS) MERISTEM CELL CULTURE CONDITIONED MEDIA,skin-conditioning
NICOTINOYL PENTAPEPTIDE-46,skin-protecting
TRITICUM AESTIVUM GERM OIL,emollient
SEDUM DENDROIDEUM LEAF/STEM EXTRACT,skin-conditioning
HYDROGENATED CASTOR OIL LAURATE,emollient
HYDROGENATED CASTOR OIL LAURATE,skin-conditioning
GRIFOLA FRONDOSA/OPHIOGLOSSUM VULGATUM EXTRACT FERMENT FILTRATE,skin-conditioning
TARAXACUM OFFICINALE FLOWER/LEAF/STEM EXTRACT,skin-conditioning
GLYCERETH-7 LACTATE,skin-conditioning
GLYCERETH-7 LACTATE,solvent
HIEROCHLOE ODORATA,skin-conditioning
SH-POLYPEPTIDE-13,skin-protecting
OLIGOPEPTIDE-133,skin-conditioning
DIMETHICONE/PEG-10 CROSSPOLYMER,emollient
DIMETHICONE/PEG-10 CROSSPOLYMER,emulsifying
DIMETHICONE/PEG-10 CROSSPOLYMER,skin-conditioning
DIMETHICONE/PEG-10 CROSSPOLYMER,surfactant
DIMETHICONE/PEG-10 CROSSPOLYMER,viscosity-controlling
CRATAEGUS MONOGYNA MERISTEM CELL CULTURE EXTRACT,skin-conditioning
OCTYLDODECYL COCOATE,emollient
RETINYL RICE BRANATE,antioxidant
RETINYL RICE BRANATE,skin-conditioning
LACTOBACILLUS/STREPTOCOCCUS THERMOPHILUS/SOYBEAN FERMENT FILTRATE,skin-conditioning
DISPORUM SESSILE LEAF EXTRACT,antioxidant
DISPORUM SESSILE LEAF EXTRACT,skin-protecting
ISOLAURYL BEHENATE,emollient
ISOLAURYL BEHENATE,skin-conditioning
METHYLSALICYLATYL GLYCYRRHETINATE,skin-conditioning
PRATIA BEGONIFOLIA EXTRACT,skin-conditioning
CHANTHARELLUS CIBARIUS EXTRACT,skin-conditioning
ETHYLHEXYL CAPRYLATE/CAPRATE,emollient
ETHYLHEXYL CAPRYLATE/CAPRATE,skin-conditioning
ACETYL DIPEPTIDE-32 AMIDE,skin-conditioning
POLYGLYCERYL-10 PALMATE,emulsifying
POLYGLYCERYL-10 PALMATE,skin-conditioning
SYNTHETIC RUBY POWDER,abrasive
SYNTHETIC RUBY POWDER,skin-conditioning
SYNTHETIC RUBY POWDER,uv-absorber
BIS-VINYLDIMETHICONE CROSSPOLYMER,emollient
BIS-VINYLDIMETHICONE CROSSPOLYMER,skin-conditioning
ARTEMISIA CAPILLARIS LEAF EXTRACT,skin-conditioning
POTASSIUM AZELOYL DIGLYCINATE,skin-conditioning
ETHYLENE DILINOLEAMIDE,viscosity-controlling
PYRUS MALUS FLOWER WATER,emollient
PYRUS MALUS FLOWER WATER,skin-conditioning
CITRUS AURANTIUM DULCIS FLOWER CERA,skin-conditioning
ASPALATHUS LINEARIS LEAF/STALK EXTRACT,skin-conditioning
PYRIDOXAL 5-PHOSPHATE,skin-conditioning
SODIUM PEANUTATE,cleansing
SODIUM PEANUTATE,emulsifying
SODIUM PEANUTATE,surfactant
SODIUM PEANUTATE,viscosity-controlling
CAFFEOYL HEXAPEPTIDE-50,antioxidant
CAFFEOYL HEXAPEPTIDE-50,chelating
CAFFEOYL HEXAPEPTIDE-50,skin-protecting
CAFFEOYL HEXAPEPTIDE-50,uv-filter
GLYCINE MAX CALLUS CULTURE,antioxidant
GLYCINE MAX CALLUS CULTURE,humectant
GLYCINE MAX CALLUS CULTURE,skin-conditioning
GLYCINE MAX CALLUS CULTURE,skin-protecting
CETYL PCA,skin-conditioning
CORYLUS ROSTRATA TWIG EXTRACT,antioxidant
CORYLUS ROSTRATA TWIG EXTRACT,skin-conditioning
OCTADECENE/MA COPOLYMER,stabilising
OCTADECENE/MA COPOLYMER,viscosity-controlling
POLYMNIA SONCHIFOLIA ROOT JUICE,skin-conditioning
C18-20 GLYCOL ISOSTEARATE,emollient
C18-20 GLYCOL ISOSTEARATE,emulsifying
C18-20 GLYCOL ISOSTEARATE,skin-conditioning
FOMES OFFICINALIS EXTRACT,skin-protecting
THYMUS VULGARIS FLOWER/LEAF/STEM EXTRACT,skin-conditioning
SACCHAROMYCES/LICORICE ROOT EXTRACT/RICE FERMENT EXTRACT FILTRATE,antioxidant
SACCHAROMYCES/LICORICE ROOT EXTRACT/RICE FERMENT EXTRACT FILTRATE,humectant
SACCHAROMYCES/LICORICE ROOT EXTRACT/RICE FERMENT EXTRACT FILTRATE,skin-conditioning
TRIOCTYLDODECYL CITRATE,emollient
TRIOCTYLDODECYL CITRATE,skin-conditioning
LIMONIA ACIDISSIMA BARK EXTRACT,skin-protecting
LIMONIA ACIDISSIMA BARK EXTRACT,uv-absorber
CUPRIC ACETATE,skin-conditioning
SODIUM GLUCONATE,chelating
SODIUM GLUCONATE,skin-conditioning
RICE FERMENT FILTRATE,skin-conditioning
CAFFEINE SALICYLATE,skin-conditioning
BUTYL HYDROXYCYCLOHEXANE CARBOXYLATE,skin-conditioning
PALMITOYL TRIPEPTIDE-40,skin-conditioning
LIGNINASE,humectant
AUREOBASIDIUM PULLULANS/CITRUS UNSHIU FRUIT EXTRACT FERMENT FILTRATE,skin-conditioning
LACTOBACILLUS/SACCHAROMYCES/ASTRAGALUS MEMBRANACEUS ROOT EXTRACT FERMENT FILTRATE,skin-conditioning
LACTOBACILLUS/SACCHAROMYCES/ASTRAGALUS MEMBRANACEUS ROOT EXTRACT FERMENT FILTRATE,skin-protecting
POTASSIUM CARBOMER,emulsion-stabilising
POTASSIUM CARBOMER,film-forming
POTASSIUM CARBOMER,viscosity-controlling
POLYURETHANE-36,film-forming
CINNAMOMUM CAMPHORA GUM EXTRACT,astringent
CINNAMOMUM CAMPHORA GUM EXTRACT,skin-conditioning
CORYLUS AVELLANA FLOWER EXTRACT,skin-conditioning
OLIGOPEPTIDE-127,skin-conditioning
PPG-50 CETYL ETHER,skin-conditioning
ACRYLIC ACID/ISOBUTYL ACRYLATE/ISOBORNYL ACRYLATE COPOLYMER,film-forming
POTASSIUM CHLORIDE,viscosity-controlling
CAMEL MILK,humectant
CAMEL MILK,skin-conditioning
CYCLOHYDROXYPROLYL SERINE,emollient
CYCLOHYDROXYPROLYL SERINE,humectant
CYCLOHYDROXYPROLYL SERINE,skin-conditioning
ALPINIA FORMOSANA SEED WATER,emollient
ALPINIA FORMOSANA SEED WATER,skin-conditioning
PEG-100/IPDI COPOLYMER,binding
PEG-100/IPDI COPOLYMER,emulsion-stabilising
PEG-100/IPDI COPOLYMER,viscosity-controlling
DNA,skin-conditioning
LUFFA CYLINDRICA FRUIT/DAUCUS CAROTA SATIVA ROOT/CUCUMIS SATIVUS FRUIT EXTRACT,skin-conditioning
AMP-ACRYLATES/ETHYLHEXYL ACRYLATE COPOLYMER,film-forming
ROSA RUBIGINOSA SEED OIL PEG-8 ESTERS,emollient
ROSA RUBIGINOSA SEED OIL PEG-8 ESTERS,emulsifying
ROSA RUBIGINOSA SEED OIL PEG-8 ESTERS,surfactant
SHEA BUTTER DECYL ESTERS,skin-conditioning
PRUNUS SERRULATA FLOWER WATER,skin-conditioning
PHYLLOSTACHYS BAMBUSOIDES LEAF EXTRACT,skin-conditioning
ISOEICOSANE,emollient
ISOEICOSANE,skin-conditioning
ISOEICOSANE,solvent
LEUCONOSTOC/LUFFA CYLINDRICA STEM SAP FERMENT FILTRATE,skin-conditioning
LACTOCOCCUS/GRAPE JUICE FERMENT FILTRATE,humectant
DIISOTRIDECYL LAUROYL GLUTAMATE,emulsion-stabilising
DIISOTRIDECYL LAUROYL GLUTAMATE,humectant
DIISOTRIDECYL LAUROYL GLUTAMATE,surfactant
ADAMANTANYLCARBOXAMIDO METHYLHYDROXYLBENZAMIDE,antioxidant
ADAMANTANYLCARBOXAMIDO METHYLHYDROXYLBENZAMIDE,skin-protecting
TRONA,antioxidant
TRONA,skin-protecting
TIPA-ACRYLATES/ETHYLHEXYL ACRYLATE COPOLYMER,film-forming
MELILOTUS OFFICINALIS LEAF EXTRACT,skin-conditioning
SH-HEXAPEPTIDE-1,skin-conditioning
LACTOBACILLUS/BRASSICA OLERACEA ACEPHALA LEAF FERMENT FILTRATE,emollient
LACTOBACILLUS/BRASSICA OLERACEA ACEPHALA LEAF FERMENT FILTRATE,humectant
LACTOBACILLUS/BRASSICA OLERACEA ACEPHALA LEAF FERMENT FILTRATE,skin-conditioning
DISODIUM TETRAMETHYLHEXADECENYL SUCCINOYL CYSTEINE,antimicrobial
DISODIUM TETRAMETHYLHEXADECENYL SUCCINOYL CYSTEINE,antiseborrhoeic
DISODIUM TETRAMETHYLHEXADECENYL SUCCINOYL CYSTEINE,reducing
DISODIUM TETRAMETHYLHEXADECENYL SUCCINOYL CYSTEINE,skin-conditioning
DISODIUM TETRAMETHYLHEXADECENYL SUCCINOYL CYSTEINE,skin-protecting
PROPYLENE GLYCOL DICOCOATE,emollient
PROPYLENE GLYCOL DICOCOATE,emulsifying
VALERIANA FAURIEI RHIZOME/ROOT EXTRACT,skin-conditioning
CNIDIUM OFFICINALE CALLUS CULTURE EXTRACT,skin-conditioning
SORBUS COMMIXTA BERRY EXTRACT,skin-conditioning
HYDROLYZED BANANA FRUIT,astringent
HYDROLYZED BANANA FRUIT,skin-protecting
ISOSTEARYL DIGLYCERYL SUCCINATE,antistatic
ISOSTEARYL DIGLYCERYL SUCCINATE,skin-conditioning
GERANIUM CANTABRIGIENSE FLOWER/LEAF EXTRACT,skin-conditioning
CORYLUS AVELLANA BUD EXTRACT,skin-conditioning
STEARYL ACETYL GLUTAMINATE,emollient
STEARYL ACETYL GLUTAMINATE,humectant
STEARYL ACETYL GLUTAMINATE,skin-conditioning
TRIMETHYLSILYL TRIMETHYLSILOXY LACTATE,skin-conditioning
ACRYLATES/VA CROSSPOLYMER,film-forming
PLANTAGO MAJOR CALLUS CULTURE EXTRACT,skin-conditioning
TRIMETHYLPENTANEDIOL/ISOPHTHALIC ACID/TRIMELLITIC ANHYDRIDE COPOLYMER,film-forming
TRIMETHYLPENTANEDIOL/ISOPHTHALIC ACID/TRIMELLITIC ANHYDRIDE COPOLYMER,viscosity-controlling
DECAPEPTIDE-34,skin-conditioning
CASTANEA SATIVA PERICARP EXTRACT,skin-conditioning
IMPERATA CYLINDRICA ROOT EXTRACT,skin-conditioning
HEPARIN,skin-conditioning
ETHYLENE/CALCIUM ACRYLATE COPOLYMER,film-forming
ETHYLENE/CALCIUM ACRYLATE COPOLYMER,opacifying
FUCOSYLLACTOSE,skin-conditioning
FUCOSYLLACTOSE,skin-protecting
COLLOIDAL DIAMOND/GOLD,skin-conditioning
COLLOIDAL DIAMOND/GOLD,skin-protecting
POLYGLUTAMIC ACID,skin-conditioning
PICHIA PASTORIS/DIETHYLHEXYL SYRINGYLIDENEMALONATE/TOCOPHEROL FERMENT EXTRACT FILTRATE,skin-conditioning
COLEUS VETTIVEROIDES ROOT EXTRACT,skin-conditioning
LACTOBACILLUS/RHODOPSEUDOMONAS/SACCHAROMYCES/MOLASSES/YEAST EXTRACT/MAGNESIUM CHLORIDE/CALCIUM CARBONATE FERMENT FILTRATE,emollient
LACTOBACILLUS/RHODOPSEUDOMONAS/SACCHAROMYCES/MOLASSES/YEAST EXTRACT/MAGNESIUM CHLORIDE/CALCIUM CARBONATE FERMENT FILTRATE,skin-conditioning
TROXERUTIN,skin-conditioning
HYDROLYZED HALYMENIA DURVILLEI POLYSACCHARIDE,skin-protecting
ENTEROMORPHA PROLIFERA/SARGASSUM HORNERI EXTRACT,humectant
ENTEROMORPHA PROLIFERA/SARGASSUM HORNERI EXTRACT,skin-conditioning
ENTEROMORPHA PROLIFERA/SARGASSUM HORNERI EXTRACT,skin-protecting
S-MU-CONOTOXIN CNIIIC,skin-protecting
LITSEA POLYANTHA LEAF EXTRACT,skin-conditioning
CIBOTIUM BAROMETZ OIL,skin-conditioning
ETHYL PALMATE,emollient
CASSIA ANGUSTIFOLIA LEAF EXTRACT,skin-conditioning
SARSASAPOGENIN,skin-conditioning
PLANTAGO MAJOR CALLUS EXTRACT,skin-conditioning
PLANTAGO MAJOR CALLUS EXTRACT,skin-protecting
PPG-8-CETETH-1,skin-conditioning
PPG-8-CETETH-1,surfactant
RICINOLEAMIDE DEA,antistatic
RICINOLEAMIDE DEA,foam-boosting
RICINOLEAMIDE DEA,surfactant
RICINOLEAMIDE DEA,viscosity-controlling
PRUNUS MUME ROOT EXTRACT,skin-conditioning
HEDYCHIUM CORONARIUM ROOT EXTRACT,masking
HEDYCHIUM CORONARIUM ROOT EXTRACT,skin-conditioning
HEDYCHIUM CORONARIUM ROOT EXTRACT,tonic
ENGELHARDTIA CHRYSOLEPIS LEAF EXTRACT,skin-conditioning
TRIBENZOIN,masking
TRIBENZOIN,skin-conditioning
LITHOSPERMUM OFFICINALE EXTRACT,masking
LITHOSPERMUM OFFICINALE EXTRACT,skin-protecting
RH-POLYPEPTIDE-104,skin-protecting
CHRYSANTHEMUM COCCINEUM FLOWER EXTRACT,skin-conditioning
PUNICA GRANATUM LEAF CELL EXTRACT,antioxidant
PUNICA GRANATUM LEAF CELL EXTRACT,skin-protecting
HYDROXYECTOIN,buffering
HYDROXYECTOIN,emollient
HYDROXYECTOIN,skin-conditioning
CHLOROSALICYLIC ACID,skin-conditioning
CARTHAMUS TINCTORIUS SPROUT EXTRACT,skin-conditioning
BIS(T-BUTYL BENZOXAZOLYL) THIOPHENE,skin-conditioning
DIHEXYLDECYL SEBACATE,emollient
DIHEXYLDECYL SEBACATE,skin-conditioning
DIHEXYLDECYL SEBACATE,solvent
CITRUS TACHIBANA/RETICULATA PEEL OIL,emollient
CITRUS TACHIBANA/RETICULATA PEEL OIL,skin-conditioning
ISOBUTOXYPROPANOL,solvent
ISOBUTOXYPROPANOL,surfactant
ISOBUTOXYPROPANOL,viscosity-controlling
FUSCOPORIA OBLIQUA CULTURE FILTRATE,skin-conditioning
ACRYLATES/BEHENYL METHACRYLATE/DIMETHICONE METHACRYLATE COPOLYMER,anticaking
ACRYLATES/BEHENYL METHACRYLATE/DIMETHICONE METHACRYLATE COPOLYMER,film-forming
ACRYLATES/BEHENYL METHACRYLATE/DIMETHICONE METHACRYLATE COPOLYMER,skin-conditioning
LENS ESCULENTA SEED EXTRACT,skin-protecting
MELIA AZADIRACHTA BRANCH/LEAF EXTRACT,skin-protecting
PRUNUS DOMESTICA FRUIT EXTRACT,moisturising
PRUNUS DOMESTICA FRUIT EXTRACT,skin-conditioning
PRUNUS DOMESTICA FRUIT EXTRACT,smoothing
FUSANUS ACUMINATUS SEED OIL,antioxidant
FUSANUS ACUMINATUS SEED OIL,humectant
FUSANUS ACUMINATUS SEED OIL,skin-conditioning
FUSANUS ACUMINATUS SEED OIL,skin-protecting
CAPRYLOYL PENTAPEPTIDE-26,skin-conditioning
ALPINIA FORMOSANA LEAF/STEM WATER,antioxidant
ALPINIA FORMOSANA LEAF/STEM WATER,skin-conditioning
MAGNESIUM CHLORIDE,viscosity-controlling
SINAPYL ACETATE HYDROXYPHENETHYLAMIDE,antioxidant
SINAPYL ACETATE HYDROXYPHENETHYLAMIDE,skin-protecting
ROSA CANINA CALLUS EXTRACT,skin-protecting
MOURERA FLUVIATILIS EXTRACT,skin-conditioning
LACTOBACILLUS/HIBISCUS SABDARIFFA FLOWER FERMENT FILTRATE,skin-conditioning
CARYOPTERIS INCANA CALLUS CULTURE EXTRACT,skin-conditioning
ALPINIA GALANGA LEAF EXTRACT,skin-conditioning
VALENCENE,skin-conditioning
VALENCENE,skin-protecting
ANANAS SATIVUS FRUIT,skin-conditioning
POLYGLYCERYL-2 TETRAISOSTEARATE,emollient
POLYGLYCERYL-2 TETRAISOSTEARATE,emulsion-stabilising
POLYGLYCERYL-2 TETRAISOSTEARATE,skin-conditioning
POLYGLYCERYL-2 TETRAISOSTEARATE,surfactant
PENTAERYTHRITOL/TEREPHTHALIC ACID COPOLYMER,film-forming
HYDROLYZED EUTERPE OLERACEA FRUIT,skin-conditioning
GLYCERYL HYDROXYSTEARATE,emollient
GLYCERYL HYDROXYSTEARATE,emulsifying
CITRUS LIMON PEEL POWDER,absorbent
CITRUS LIMON PEEL POWDER,viscosity-controlling
LAMINARIA LONGISSIMA EXTRACT,humectant
SACCHAROMYCES/MAGNESIUM FERMENT LYSATE FILTRATE,skin-conditioning
SINE ADIPE COLOSTRUM,skin-conditioning
TALLOL,emollient
TALLOL,solvent
POTERIUM SANGUISORBA ROOT EXTRACT,emollient
POTERIUM SANGUISORBA ROOT EXTRACT,skin-conditioning
CANAVALIA GLADIATA LEAF/VINE EXTRACT,skin-conditioning
DISODIUM TETRAMETHYLHEXADECENYLCYSTEINE FORMYLPROLINATE,skin-protecting
ROSMARINUS OFFICINALIS LEAF POWDER,masking
ROSMARINUS OFFICINALIS LEAF POWDER,skin-conditioning
COFFEA ROBUSTA SEED EXTRACT,skin-conditioning
HYDROLYZED MULBERRY FRUIT,astringent
HYDROLYZED MULBERRY FRUIT,skin-protecting
HELIANTHUS ANNUUS HYBRID OIL,emollient
PSEUDANABAENACEAE FERMENT FILTRATE,skin-conditioning
DI-C16-18 ALKYL DIMER DILINOLEATE,emollient
DI-C16-18 ALKYL DIMER DILINOLEATE,skin-conditioning
TRIACETYL RETINOYL PHYTOSPHINGOSINE,skin-conditioning
ZIYU GLYCOSIDE III,skin-conditioning
PENTAERYTHRITYL TETRAABIETATE,emollient
PENTAERYTHRITYL TETRAABIETATE,viscosity-controlling
BACKHOUSIA CITRIODORA LEAF EXTRACT,astringent
BACKHOUSIA CITRIODORA LEAF EXTRACT,skin-conditioning
PROPYLENE GLYCOL DICAPRYLATE,emollient
PROPYLENE GLYCOL DICAPRYLATE,viscosity-controlling
ACETYL TETRAPEPTIDE-2,skin-conditioning
APOCYNUM VENETUM LEAF/STEM EXTRACT,humectant
APOCYNUM VENETUM LEAF/STEM EXTRACT,skin-conditioning
IRAKUSA EKISU,skin-conditioning
OXIDIZED GLUTATHIONE,emollient
OXIDIZED GLUTATHIONE,skin-conditioning
SODIUM OXIDIZED CELLULOSE,emollient
SODIUM OXIDIZED CELLULOSE,skin-conditioning
DIISOAMYL MALATE,emollient
DIISOAMYL MALATE,plasticiser
DIISOAMYL MALATE,skin-conditioning
DIISOAMYL MALATE,solvent
HYDROLYZED SALMON OVARY MEMBRANE EXTRACT,skin-conditioning
LARIX DECIDUA LEAF CELL EXTRACT,antioxidant
LARIX DECIDUA LEAF CELL EXTRACT,skin-protecting
STYRENE/ACRYLATES COPOLYMER/POLYURETHANE,binding
STYRENE/ACRYLATES COPOLYMER/POLYURETHANE,film-forming
STYRENE/ACRYLATES COPOLYMER/POLYURETHANE,plasticiser
VERBENA OFFICINALIS LEAF/STEM WATER,skin-conditioning
OLIGOPEPTIDE-123 RH-POLYPEPTIDE-1,skin-conditioning
SALIX ALBA/DAPHNOIDES/FRAGILIS/PURPUREA BARK EXTRACT,skin-conditioning
DIMETHICONOL/IPDI COPOLYMER,film-forming
PEG-8 LINOLEATE,emollient
NARCISSUS POETICUS EXTRACT,skin-protecting
HYDROXYETHYL STEARAMIDE-MIPA,antistatic
HYDROXYETHYL STEARAMIDE-MIPA,opacifying
HYDROXYETHYL STEARAMIDE-MIPA,viscosity-controlling
GELATIN,film-forming
GELATIN,viscosity-controlling
SODIUM MAGNESIUM FLUOROSILICATE,abrasive
SODIUM MAGNESIUM FLUOROSILICATE,absorbent
SODIUM MAGNESIUM FLUOROSILICATE,opacifying
SODIUM MAGNESIUM FLUOROSILICATE,viscosity-controlling
ERIOBOTRYA JAPONICA SEED POWDER,skin-conditioning
TSUGA CANADENSIS BARK EXTRACT,skin-conditioning
PPG-2 NEOPENTYL GLYCOL DIACRYLATE,film-forming
PALMITIC ACID/PENTAERYTHRITOL/STEARIC ACID/TEREPHTHALIC ACID COPOLYMER,film-forming
PALMITOYL GRAPEVINE SHOOT EXTRACT,antioxidant
PALMITOYL GRAPEVINE SHOOT EXTRACT,skin-protecting
DATURA STRAMONIUM LEAF EXTRACT,skin-conditioning
METHIONYL SH-POLYPEPTIDE-11,skin-conditioning
THUJA ORIENTALIS SEED EXTRACT,skin-conditioning
DIOCTYLDODECYL SEBACATE,emollient
DIOCTYLDODECYL SEBACATE,skin-conditioning
DIOCTYLDODECYL SEBACATE,solvent
CORNUS WALTERI LEAF EXTRACT,skin-conditioning
ASPERGILLUS/SACCHAROMYCES/CHICORY ROOT FERMENT LEES EXTRACT,skin-conditioning
DAMNACANTHUS MAJOR CALLUS EXTRACT,antimicrobial
DAMNACANTHUS MAJOR CALLUS EXTRACT,antioxidant
DAMNACANTHUS MAJOR CALLUS EXTRACT,humectant
DAMNACANTHUS MAJOR CALLUS EXTRACT,skin-protecting
KINA EKISU,emollient
KINA EKISU,skin-conditioning
CITRUS HASSAKU/NATSUDAIDAI FRUIT POWDER,emollient
CRAMBE MARITIMA LEAF EXTRACT,skin-conditioning
GLYCERYL LANOLATE,antistatic
GLYCERYL LANOLATE,emollient
GLYCERYL LANOLATE,emulsifying
HYDROXYPHENYL THIAZINANE CARBOXYLIC ACID,skin-conditioning
HYDROXYPHENYL THIAZINANE CARBOXYLIC ACID,skin-protecting
PEG-6 GLYCERYL ISOSTEARATE,emollient
PEG-6 GLYCERYL ISOSTEARATE,emulsifying
STEARETH-4 STEARATE,skin-conditioning
IMILOXAN HCL,skin-conditioning
SH-HEPTAPEPTIDE-3,skin-conditioning
CANDELILLA CERA,emollient
CANDELILLA CERA,film-forming
METASEQUOIA GLYPTOSTROBOIDES LEAF EXTRACT,skin-conditioning
POLYQUATERNIUM-11,antistatic
POLYQUATERNIUM-11,film-forming
SALVIA OFFICINALIS LEAF WATER,masking
SALVIA OFFICINALIS LEAF WATER,skin-conditioning
MENTHA PIPERITA LEAF/URTICA DIOICA LEAF EXTRACT,skin-conditioning
CORIANDRUM SATIVUM CALLUS EXTRACT,antioxidant
CORIANDRUM SATIVUM CALLUS EXTRACT,skin-conditioning
CORIANDRUM SATIVUM CALLUS EXTRACT,skin-protecting
PPG-25-PEG-25 TRIMETHYLOLPROPANE,skin-conditioning
PPG-25-PEG-25 TRIMETHYLOLPROPANE,surfactant
BUTYLENE GLYCOL PALMITATE,emollient
BUTYLENE GLYCOL PALMITATE,emulsifying
BUTYLENE GLYCOL PALMITATE,skin-conditioning
BUTYLENE GLYCOL PALMITATE,surfactant
GLYCERYL CHROMONYL ETHER,antioxidant
GLYCERYL CHROMONYL ETHER,skin-conditioning
DEINOCOCCUS FERMENT EXTRACT FILTRATE,skin-conditioning
DEINOCOCCUS FERMENT EXTRACT FILTRATE,skin-protecting
BIS-BENZYL UNDECANOATE DIMETHICONE,skin-conditioning
BIS-BENZYL UNDECANOATE DIMETHICONE,viscosity-controlling
TETRACARBOXYMETHYL LAUROYL DIPEPTIDE-12,skin-conditioning
HYPTIS SUAVEOLENS SEED OIL,emollient
C1-5 ALKYL GALACTOMANNAN,binding
C1-5 ALKYL GALACTOMANNAN,emulsifying
C1-5 ALKYL GALACTOMANNAN,emulsion-stabilising
C1-5 ALKYL GALACTOMANNAN,film-forming
C1-5 ALKYL GALACTOMANNAN,viscosity-controlling
ISOMERIZED LINOLEYL GALLATE,antioxidant
ISOMERIZED LINOLEYL GALLATE,emollient
ISOMERIZED LINOLEYL GALLATE,skin-conditioning
ISOMERIZED LINOLEYL GALLATE,skin-protecting
AMINOPROPYL CERIUM POLYSILSESQUIOXANE CHLORIDE,humectant
AMINOPROPYL CERIUM POLYSILSESQUIOXANE CHLORIDE,skin-conditioning
SODIUM M-NITROBENZENESULFONATE,viscosity-controlling
CUCURBITA MAXIMA PHYTOPLACENTA EXTRACT,humectant
CUCURBITA MAXIMA PHYTOPLACENTA EXTRACT,skin-conditioning
C14-20 ALKANE,emollient
C14-20 ALKANE,skin-conditioning
C14-20 ALKANE,solvent
DIMETHYL ETHER,propellant
DIMETHYL ETHER,solvent
DIMETHYL ETHER,viscosity-controlling
NOSTOCHOPSIS LOBATUS EXTRACT,skin-conditioning
LACTOBACILLUS/SACCHAROMYCES/ZIZYPHUS FRUCTUS FRUIT FERMENT FILTRATE,antioxidant
LACTOBACILLUS/SACCHAROMYCES/ZIZYPHUS FRUCTUS FRUIT FERMENT FILTRATE,skin-protecting
RH-POLYPEPTIDE-84,skin-conditioning
ACETOBACTER/LEDEBOURIELLA DIVARICATA ROOT/ANGELICA DAHURICA ROOT/ANGELICA TENUISSIMA ROOT/MAGNOLIA LILIFLORA BUD/ASARUM SIEBOLDI ROOT/PAEONIA SUFFRUTICOSA ROOT/CNIDIUM OFFICINALE ROOT/ANGELICA GIGAS ROOT/AUCKLANDIA LAPPA ROOT/ACHYRANTHES JAPONICA ROOT/EUCOMMIA ULMOIDES BARK/ANGELICA PUBESCENS ROOT/ACONITUM KOREANUM ROOT FERMENT FILTRATE,skin-conditioning
SODIUM HYDROXYPYRANONYLMETHYL SULFOTHIOATE,skin-conditioning
TRICYCLODECANEMETHYL ISOSTEARATE,emollient
TRICYCLODECANEMETHYL ISOSTEARATE,skin-conditioning
BETULA ALLEGHANIENSIS BARK EXTRACT,skin-conditioning
PROPANEDIYL 3-HYDROXYCAPRATE,emollient
PROPANEDIYL 3-HYDROXYCAPRATE,skin-conditioning
SUCROSE TRISTEARATE,emollient
SUCROSE TRISTEARATE,emulsifying
SUCROSE TRISTEARATE,skin-conditioning
VITIS VINIFERA FLOWER EXTRACT,emollient
VITIS VINIFERA FLOWER EXTRACT,masking
VITIS VINIFERA FLOWER EXTRACT,skin-conditioning
CAMEL MILK EXTRACT,skin-conditioning
VACCINIUM MACROCARPON FRUIT JUICE,skin-conditioning
POLYGLYCERYL-10 STEARATE,skin-conditioning
CASSIA MIMOSOIDES BRANCH/LEAF EXTRACT,skin-conditioning
CETYL BEHENYL DIMETHICONE,emollient
SPOTTED LANTERNFLY EXTRACT,skin-conditioning
SPOTTED LANTERNFLY EXTRACT,skin-protecting
OPLOPANAX ELATUS CALLUS CULTURE EXTRACT,skin-conditioning
PROPYLENE GLYCOL DIBENZOATE,skin-conditioning
PEG/PPG-30/10 TOCOPHERYL ETHER,anticaking
PEG/PPG-30/10 TOCOPHERYL ETHER,antioxidant
PEG/PPG-30/10 TOCOPHERYL ETHER,binding
PEG/PPG-30/10 TOCOPHERYL ETHER,emulsifying
PEG/PPG-30/10 TOCOPHERYL ETHER,emulsion-stabilising
PEG/PPG-30/10 TOCOPHERYL ETHER,plasticiser
PEG/PPG-30/10 TOCOPHERYL ETHER,skin-conditioning
PEG/PPG-30/10 TOCOPHERYL ETHER,surfactant
PEG/PPG-30/10 TOCOPHERYL ETHER,uv-absorber
PRUNUS SEROTINA JUICE,skin-conditioning
HEXYLDECYL PALMITATE,skin-conditioning
PAECILOMYCES JAPONICA/PANAX GINSENG ROOT/JUGLANS REGIA SEED/SOYBEAN SEED/PINUS KORAIENSIS SEED FERMENT EXTRACT FILTRATE,humectant
PAECILOMYCES JAPONICA/PANAX GINSENG ROOT/JUGLANS REGIA SEED/SOYBEAN SEED/PINUS KORAIENSIS SEED FERMENT EXTRACT FILTRATE,skin-conditioning
LACTOBACILLUS/MILK FERMENT FILTRATE,skin-conditioning
LAURYL DIMETHICONE PEG-10 PHOSPHATE,emollient
LAURYL DIMETHICONE PEG-10 PHOSPHATE,emulsifying
LAURYL DIMETHICONE PEG-10 PHOSPHATE,surfactant
MONTAN CERA,antistatic
MONTAN CERA,binding
MONTAN CERA,opacifying
MONTAN CERA,viscosity-controlling
GLYCERYL UNDECYLENATE,emollient
GLYCERYL UNDECYLENATE,emulsifying
GLYCERYL UNDECYLENATE,skin-conditioning
BEHENYL METHACRYLATE/PERFLUOROOCTYLETHYL METHACRYLATE COPOLYMER,film-forming
BEHENYL METHACRYLATE/PERFLUOROOCTYLETHYL METHACRYLATE COPOLYMER,viscosity-controlling
TRIPEPTIDE-49 OLIGOPEPTIDE-91 DIPEPTIDE-19 R-BOVINE OCTAPEPTIDE-1,skin-conditioning
HONEY COCOATES,antiseborrhoeic
HONEY COCOATES,film-forming
HONEY COCOATES,skin-conditioning
ACETOBACTER/BACILLUS/LACTOBACILLUS/SACCHAROMYCES/STREPTOCOCCUS/FRUIT/IMPERATA CYLINDRICA ROOT/SEED/APPLE/BARLEY/BLUEBERRY/CABBAGE/CITRUS UNSHIU/CRANBERRY/CYMBOPOGON SCHOENANTHUS/ERIOCEPHALUS PUNCTULATUS/GRAPE/LETTUCE/MISTLETOE/RASPBERRY/RICE/ROSA CANINA/ROSEMARY/SOYBEAN/SPINACH/STRAWBERRY/THYME/VACCINIUM MYRTILLUS FERMENT FILTRATE,skin-conditioning
CAPRYLIC/CAPRIC TRIGLYCERIDE PEG-4 ESTERS,emollient
CAPRYLIC/CAPRIC TRIGLYCERIDE PEG-4 ESTERS,emulsifying
CAPRYLIC/CAPRIC TRIGLYCERIDE PEG-4 ESTERS,skin-conditioning
CAPRYLIC/CAPRIC TRIGLYCERIDE PEG-4 ESTERS,surfactant
CARBONADO EXTRACT,abrasive
CARBONADO EXTRACT,skin-conditioning
COPPER PCA METHYLSILANOL,humectant
C8-10 ALKYL ETHYL PHOSPHATE,viscosity-controlling
SODIUM ACRYLATE/VINYLACETAMIDE COPOLYMER,film-forming
SODIUM ACRYLATE/VINYLACETAMIDE COPOLYMER,viscosity-controlling
PISONIA GRANDIS LEAF EXTRACT,antioxidant
PISONIA GRANDIS LEAF EXTRACT,skin-conditioning
CALCIUM STARCH ISODODECENYLSUCCINATE,emollient
CALCIUM STARCH ISODODECENYLSUCCINATE,skin-conditioning
AVENA SATIVA STRAW EXTRACT,skin-conditioning
PALMITOYL TRYPTAMINE,skin-conditioning
ETHYLENE/ZINC ACRYLATE COPOLYMER,film-forming
ACETYLATED PALM KERNEL GLYCERIDES,emollient
ACETYLATED PALM KERNEL GLYCERIDES,emulsifying
ACETAMIDOPHENYL METHOXYPROPIONIC ACID,emollient
ACETAMIDOPHENYL METHOXYPROPIONIC ACID,skin-conditioning
CAREX HUMILLIS ROOT EXTRACT,skin-conditioning
ECHINACEA ANGUSTIFOLIA LEAF EXTRACT,moisturising
ECHINACEA ANGUSTIFOLIA LEAF EXTRACT,skin-conditioning
ECHINACEA ANGUSTIFOLIA LEAF EXTRACT,soothing
ECHINACEA ANGUSTIFOLIA LEAF EXTRACT,tonic
DIHYDROXYBENZYLIDINE THIAZOLIDINEDIONE,antioxidant
DIHYDROXYBENZYLIDINE THIAZOLIDINEDIONE,skin-protecting
POLYGLYCERYL-10 POLYRICINOLEATE,emulsifying
POLYGLYCERYL-10 POLYRICINOLEATE,viscosity-controlling
PHORMIDIUM UNCINATUM EXTRACT,skin-conditioning
POLYGLYCERYL-6 TETRAOLEATE,emollient
POLYGLYCERYL-6 TETRAOLEATE,emulsifying
DIISOPROPYL CAPRYLYL PHOSPHINE OXIDE,emollient
DIISOPROPYL CAPRYLYL PHOSPHINE OXIDE,skin-conditioning
DESMODIUM OLDHAMII EXTRACT,skin-conditioning
VACCINIUM OXYCOCCOS SEED EXTRACT,skin-conditioning
ZINC HEXAPEPTIDE-11,skin-conditioning
MELIA AZADIRACHTA LEAF EXTRACT,skin-conditioning
PHYTOSPHINGOSINE LACTATE,skin-conditioning
MONARDA DIDYMA FLOWER EXTRACT,skin-conditioning
SACCHAROMYCES/ARTEMISIA GMELINII LEAF/STEM/AGAVE TEQUILANA STEM EXTRACT FERMENT FILTRATE,humectant
SACCHAROMYCES/ARTEMISIA GMELINII LEAF/STEM/AGAVE TEQUILANA STEM EXTRACT FERMENT FILTRATE,skin-conditioning
CYLINDROTHECA FUSIFORMIS EXTRACT,antioxidant
CYLINDROTHECA FUSIFORMIS EXTRACT,skin-protecting
AMARANTHUS CRUENTUS SEED EXTRACT,skin-conditioning
SH-OLIGOPEPTIDE-1 SH-POLYPEPTIDE-7 DIPEPTIDE-19,skin-protecting
CALCIUM FRUCTOBORATE,humectant
CALCIUM FRUCTOBORATE,skin-conditioning
KOUSOU EKISU,skin-conditioning
PALMITOYL GLYCITEIN,antioxidant
PALMITOYL GLYCITEIN,emollient
PALMITOYL GLYCITEIN,skin-conditioning
PALMITOYL GLYCITEIN,skin-protecting
CHLORELLA VULGARIS/LUPINUS ALBUS PROTEIN FERMENT,skin-conditioning
CHLORELLA VULGARIS/LUPINUS ALBUS PROTEIN FERMENT,skin-protecting
POTATO SH-POLYPEPTIDE-11,skin-protecting
BAMBUSA VULGARIS WATER,skin-conditioning
CITRUS MEDICA SARCODACTYLIS CALLUS EXTRACT,antioxidant
CITRUS MEDICA SARCODACTYLIS CALLUS EXTRACT,skin-protecting
HYDROLYZED SCHIZOSACCHAROMYCES PROTEIN,skin-conditioning
TRIDECYL MYRISTATE,emollient
TRIDECYL MYRISTATE,skin-conditioning
SINOMONAS/HYALURONIC ACID FERMENT FILTRATE,emollient
SINOMONAS/HYALURONIC ACID FERMENT FILTRATE,skin-conditioning
VICIA SATIVA SYMBIOSOME EXTRACT,antioxidant
VICIA SATIVA SYMBIOSOME EXTRACT,skin-conditioning
STEARYL LINOLEATE,emollient
STEARYL LINOLEATE,opacifying
STEARYL LINOLEATE,skin-conditioning
STEARYL LINOLEATE,viscosity-controlling
CHLOROETHYL PCA,humectant
XIMENIA AMERICANA SEED OIL,emollient
XIMENIA AMERICANA SEED OIL,masking
UNDARIA PINNATIFIDA POWDER,absorbent
UNDARIA PINNATIFIDA POWDER,binding
UNDARIA PINNATIFIDA POWDER,viscosity-controlling
PENTAPEPTIDE-60 S-METHANOCALDOCOCCUS JANNASCHII HEPTAPEPTIDE-1,skin-conditioning
CAFFEOYL TRIPEPTIDE-1,antioxidant
CAFFEOYL TRIPEPTIDE-1,skin-protecting
SALIX PETSUSU BARK EXTRACT,humectant
PAVLOVA LUTHERI EXTRACT,skin-conditioning
RUBUS VILLOSUS ROOT EXTRACT,skin-conditioning
METHOXYPROPYLAMINO CYCLOHEXENYLIDENE ETHOXYETHYLCYANOACETATE,stabilising
METHOXYPROPYLAMINO CYCLOHEXENYLIDENE ETHOXYETHYLCYANOACETATE,uv-filter
CRITHMUM MARITIMUM CALLUS CULTURE EXTRACT,skin-conditioning
CHLORELLA MINUTISSIMA OIL,antioxidant
CHLORELLA MINUTISSIMA OIL,emollient
CHLORELLA MINUTISSIMA OIL,skin-conditioning
VINYL ACETATE,film-forming
ASPERGILLUS/SACCHAROMYCES/RICE FERMENT EXTRACT FILTRATE,humectant
CEDRUS LIBANI BARK EXTRACT,emollient
CEDRUS LIBANI BARK EXTRACT,skin-conditioning
GLYCERYL POLYMETHACRYLATE,viscosity-controlling
MENTHA PIPERITA LEAF CELL EXTRACT,antioxidant
MENTHA PIPERITA LEAF CELL EXTRACT,skin-protecting
CASTANEA SATIVA FLOWER EXTRACT,skin-conditioning
LACTOBACILLUS/LYCIUM CHINENSE FRUIT/REHMANNIA GLUTINOSA ROOT/CUSCUTA CHINENSIS FRUIT/CISTANCHE DESERTICOLA/ZANTHOXYLUM PIPERITUM FRUIT/CHRYSANTHEMUM MORIFOLIUM FRUIT/PORIA COCOS/CINNAMOMUM CASSIA RAMULUS BARK FERMENT FILTRATE,skin-conditioning
ANOECTOCHILUS FORMOSANUS CELL CULTURE EXTRACT,skin-conditioning
HYDROXYANASATIL RETINOATE,skin-conditioning
HYDROLYZED COCKSCOMB EXTRACT,humectant
CYATHUS STERCOREUS MYCELIUM EXTRACT,skin-conditioning
ACETYL TRIETHYLHEXYL CITRATE,emollient
ACETYL TRIETHYLHEXYL CITRATE,film-forming
ACETYL TRIETHYLHEXYL CITRATE,plasticiser
ACETYL TRIETHYLHEXYL CITRATE,skin-conditioning
POLYMETHYLSILSESQUIOXANE/ETHYL POLYSILLICATE CROSSPOLYMER,film-forming
ETHYL MACADAMIATE,skin-conditioning
SUNFLOWER SEED OIL SORBITOL ESTERS,emollient
SUNFLOWER SEED OIL SORBITOL ESTERS,emulsifying
TRIETHOXYSILYLPROPYL ACETYL HYDROXYPROLINATE,film-forming
SHEA BUTTER OLEYL ESTERS,skin-conditioning
SODIUM ROSINATE,cleansing
SODIUM ROSINATE,viscosity-controlling
STEARONE,viscosity-controlling
PEG-4 RAPESEEDAMIDE,viscosity-controlling
COLLOIDAL GOLD/CAMELLIA SINENSIS LEAF EXTRACT,skin-conditioning
SHEA BUTTER POLYGLYCERYL-6 ESTERS,emollient
SHEA BUTTER POLYGLYCERYL-6 ESTERS,emulsifying
SR-BOVINE POLYPEPTIDE-1,skin-conditioning
PUMPKIN SEED OIL POLYGLYCERYL-4 ESTERS SUCCINATE,emollient
PUMPKIN SEED OIL POLYGLYCERYL-4 ESTERS SUCCINATE,emulsion-stabilising
PUMPKIN SEED OIL POLYGLYCERYL-4 ESTERS SUCCINATE,surfactant
LACTOBACILLUS/DATE FRUIT FERMENT FILTRATE,skin-conditioning
IMPATIENS CAPENSIS EXTRACT,astringent
IMPATIENS CAPENSIS EXTRACT,skin-conditioning
MONOGLYCERIDES/DIACETYL TARTARATE ESTERS,emollient
MONOGLYCERIDES/DIACETYL TARTARATE ESTERS,skin-conditioning
SODIUM DIMYRISTOYL GLYCERYL ASCORBATE,antioxidant
SODIUM DIMYRISTOYL GLYCERYL ASCORBATE,humectant
SODIUM DIMYRISTOYL GLYCERYL ASCORBATE,skin-conditioning
ASPERGILLUS/RICE FERMENT LEES EXTRACT FILTRATE,emollient
ASPERGILLUS/RICE FERMENT LEES EXTRACT FILTRATE,skin-conditioning
CERATONIA SILIQUA FRUIT EXTRACT,masking
CERATONIA SILIQUA FRUIT EXTRACT,skin-conditioning
DIANTHUS CARTHUSIANORUM FLOWER/LEAF/STEM EXTRACT,skin-conditioning
PRUNUS MUME FRUIT/CINNAMOMUM CAMPHORA LEAF/(ACTAEA HERACLEIFOLIA/ANGELICA DAHURICA/ASTRAGALUS MEMBRANACEUS/ATRACTYLODES LANCEA/CNIDIUM OFFICINALE/CURCUMA LONGA/GLYCYRRHIZA GLABRA/PAEONIA ALBIFLORA/PANAX GINSENG/SAPOSHNIKOVIA DIVARICATA) ROOT EXTRACT,emollient
PRUNUS MUME FRUIT/CINNAMOMUM CAMPHORA LEAF/(ACTAEA HERACLEIFOLIA/ANGELICA DAHURICA/ASTRAGALUS MEMBRANACEUS/ATRACTYLODES LANCEA/CNIDIUM OFFICINALE/CURCUMA LONGA/GLYCYRRHIZA GLABRA/PAEONIA ALBIFLORA/PANAX GINSENG/SAPOSHNIKOVIA DIVARICATA) ROOT EXTRACT,humectant
PRUNUS MUME FRUIT/CINNAMOMUM CAMPHORA LEAF/(ACTAEA HERACLEIFOLIA/ANGELICA DAHURICA/ASTRAGALUS MEMBRANACEUS/ATRACTYLODES LANCEA/CNIDIUM OFFICINALE/CURCUMA LONGA/GLYCYRRHIZA GLABRA/PAEONIA ALBIFLORA/PANAX GINSENG/SAPOSHNIKOVIA DIVARICATA) ROOT EXTRACT,skin-conditioning
(ANGELICA KEISKEI/CHRYSANTHEMUM ZAWADSKII) LEAF/STEM/CINNAMOMUM CASSIA BARK/TRICHOSANTES KIRILOWII FRUIT/ULMUS DAVIDIANA BARK/ROOT/(PAEONIA JAPONICA/BUPLEURUM FALCATUM/POLYGALA TENUIFOLIA ROOT)/VISCUS ALBUM STEM EXTRACT,antidandruff
(ANGELICA KEISKEI/CHRYSANTHEMUM ZAWADSKII) LEAF/STEM/CINNAMOMUM CASSIA BARK/TRICHOSANTES KIRILOWII FRUIT/ULMUS DAVIDIANA BARK/ROOT/(PAEONIA JAPONICA/BUPLEURUM FALCATUM/POLYGALA TENUIFOLIA ROOT)/VISCUS ALBUM STEM EXTRACT,antioxidant
(ANGELICA KEISKEI/CHRYSANTHEMUM ZAWADSKII) LEAF/STEM/CINNAMOMUM CASSIA BARK/TRICHOSANTES KIRILOWII FRUIT/ULMUS DAVIDIANA BARK/ROOT/(PAEONIA JAPONICA/BUPLEURUM FALCATUM/POLYGALA TENUIFOLIA ROOT)/VISCUS ALBUM STEM EXTRACT,antiseborrhoeic
(ANGELICA KEISKEI/CHRYSANTHEMUM ZAWADSKII) LEAF/STEM/CINNAMOMUM CASSIA BARK/TRICHOSANTES KIRILOWII FRUIT/ULMUS DAVIDIANA BARK/ROOT/(PAEONIA JAPONICA/BUPLEURUM FALCATUM/POLYGALA TENUIFOLIA ROOT)/VISCUS ALBUM STEM EXTRACT,skin-protecting
IRAKUSA HA EKISU,skin-conditioning
DIGLYCOSYL HEXAPEPTIDE-2,skin-conditioning
SODIUM DIMALTODEXTRIN PHOSPHATE,viscosity-controlling
POUZOLZIA PENTANDRA EXTRACT,skin-conditioning
QUERCUS SERRATA EXTRACT,skin-conditioning
BIS-HYDROXYPROPYLMETHACRYLATE POLY(1‚4-BUTANEDIOL)-9/IPDI COPOLYMER,film-forming
MAURITIA FLEXUOSA FLOWER/SEED EXTRACT,skin-conditioning
METHOXY PEG-22 BETULIN,skin-conditioning
LACTOBACILLUS/SARCODIA MONTAGNEANA EXTRACT FERMENT,antioxidant
LACTOBACILLUS/SARCODIA MONTAGNEANA EXTRACT FERMENT,skin-protecting
RETINOL/SACCHAROMYCES POLYPEPTIDE,skin-conditioning
POLYPODIUM LEUCOTOMOS LEAF EXTRACT,skin-protecting
SODIUM ISOOCTYLENE/MA COPOLYMER,binding
SODIUM ISOOCTYLENE/MA COPOLYMER,film-forming
SODIUM ISOOCTYLENE/MA COPOLYMER,viscosity-controlling
SCUTELLARIA BAICALENSIS CALLUS CULTURE,skin-conditioning
DISTEARYL ETHER,skin-conditioning
BACILLUS/FLAVOBACTERIUM PSYCHROPHILUM/BUTYLENE GLYCOL/CODIUM FRAGILE/ENTEROMORPHA COMPRESSA/SARGASSUM FUSIFORME EXTRACT/FERMENT FILTRATE,humectant
BACILLUS/FLAVOBACTERIUM PSYCHROPHILUM/BUTYLENE GLYCOL/CODIUM FRAGILE/ENTEROMORPHA COMPRESSA/SARGASSUM FUSIFORME EXTRACT/FERMENT FILTRATE,skin-conditioning
SUNFLOWER SEED OIL POLYGLYCERYL-3 ESTERS,emollient
SUNFLOWER SEED OIL POLYGLYCERYL-3 ESTERS,emulsifying
SUNFLOWER SEED OIL POLYGLYCERYL-3 ESTERS,skin-conditioning
SUNFLOWER SEED OIL POLYGLYCERYL-3 ESTERS,surfactant
LILIUM CANDIDUM FLOWER EXTRACT,skin-conditioning
NARCISSUS POETICUS CALLUS EXTRACT,antioxidant
NARCISSUS POETICUS CALLUS EXTRACT,skin-conditioning
NARCISSUS POETICUS CALLUS EXTRACT,skin-protecting
ZINC MAGNESIUM ASPARTATE,antimicrobial
ZINC MAGNESIUM ASPARTATE,buffering
ZINC MAGNESIUM ASPARTATE,skin-protecting
PRUNASIN,skin-conditioning
HYDROLYZED PEA,skin-conditioning
ROSA HYBRID PHYTOPLACENTA EXTRACT,skin-conditioning
ISOHEXYL LAURATE,emollient
ISOHEXYL LAURATE,skin-conditioning
NYPA FRUTICANS SPROUT EXTRACT,emollient
NYPA FRUTICANS SPROUT EXTRACT,skin-conditioning
METHIONYL HEXAPEPTIDE-40 SH-DECAPEPTIDE-1 TRIPEPTIDE-44 RH-OLIGOPEPTIDE-1,skin-conditioning
HEVEA BRASILIENSIS LEAF EXTRACT,skin-conditioning
PROSTANTHERA ROTUNDIFOLIA LEAF EXTRACT,skin-conditioning
LINOLEYL LACTATE,emollient
LINOLEYL LACTATE,skin-conditioning
PYRACANTHA FORTUNEANA FRUIT EXTRACT,skin-conditioning
PAPAVER RHOEAS FLOWER EXTRACT,skin-conditioning
ARTEMISIA PRINCEPS LEAF EXTRACT,skin-conditioning
HEXAPEPTIDE-44,skin-conditioning
FIBRAUREA RECISA ROOT EXTRACT,skin-conditioning
PHALAENOPSIS PULCHERRIMA CALLUS POWDER,skin-conditioning
3‚3,skin-conditioning
HYDROLYZED GINSENG SAPONINS,skin-conditioning
DISODIUM C12-14 SEC-PARETH-3 SULFOSUCCINATE,cleansing
DISODIUM C12-14 SEC-PARETH-3 SULFOSUCCINATE,foam-boosting
DISODIUM C12-14 SEC-PARETH-3 SULFOSUCCINATE,hydrotrope
DISODIUM C12-14 SEC-PARETH-3 SULFOSUCCINATE,skin-conditioning
DISODIUM C12-14 SEC-PARETH-3 SULFOSUCCINATE,surfactant
COCOS NUCIFERA SEED BUTTER,skin-conditioning
ILEX CRENATA EXTRACT,skin-conditioning
HEPTAPEPTIDE-42,skin-conditioning
PYRUS MALUS SEED OIL,emollient
CANDIDA BOMBICOLA/SUCROSE/VEGETABLE ACID ESTER FERMENT,skin-conditioning
RETINOL,skin-conditioning
GALACTOSYL FRUCTOSE,skin-conditioning
ARACHIDONIC ACID,emollient
ARACHIDONIC ACID,skin-conditioning
DECYL CASTORATE,emollient
DECYL CASTORATE,emulsion-stabilising
DECYL CASTORATE,skin-conditioning
ACETOBACTER/ASPERGILLUS/LACTOBACILLUS/LEUCONOSTOC/PEDIOCOCCUS/SACCHAROMYCES/ZYGOSACCHAROMYCES/HORDEUM VULGARE SEED/SOYBEAN SEED/RICE SEED/CANAVALIA GLADIATA SEED/PHASEOLUS ANGULARIS SEED/COIX LACHRYMA-JOBI MA-YUEN SEED/ECHINOCHLOA UTILIS SEED/SETARIA ITALICA SEED/MILLET SEED/CITRUS UNSHIU FRUIT/VITIS LABRUSCA FRUIT/APPLE FRUIT/VITIS COIGNETIAE FRUIT/MUSA SAPIENTUM FRUIT/PEACH FRUIT/DIOSPYROS KAKI FRUIT/PAPAYA FRUIT/PYRUS PYRIFOLIA FRUIT/WATERMELON FRUIT/PRUNUS MUME FRUIT/FIG FRUIT/CHAENOMELES SINENSIS FRUIT/CUCURBITA MAXIMA FRUIT/RUBUS IDAEUS FRUIT/FORTUNELLA CRASSIFOLIA FRUIT/CITRUS JUNOS FRUIT/ERIOBOTRYA JAPONICA FRUIT/APRICOT FRUIT/ZIZYPHUS JUJUBA FRUIT/CASTANEA CRENATA FRUIT/LYCIUM CHINENSE FRUIT/ACTINIDIA POLYGAMA FRUIT/PRUNUS SALICINA FRUIT/AKEBIA QUINATA FRUIT/MOMORDICA GROSVENORII FRUIT/CRATAEGUS CUNEATA FRUIT/CORNUS OFFICINALIS FRUIT/EUPHORIA LONGAN FRUIT/PANAX GINSENG FRUIT/IPOMOEA BATATAS ROOT/HELIANTHUS TUBEROSUS TUBER/CARROT ROOT/ONION BULB/BETA VULGARIS ROOT/COLOCASIA ESCULENTA TUBER/DIOSCOREA JAPONICA RHIZOME/RADISH ROOT/TURNIP ROOT/ARCTIUM LAPPA ROOT/NELUMBO NUCIFERA RHIZOME/POLYMNIA SONCHIFOLIA ROOT/LILIUM AURATUM BULB/SAGITTARIA TRIFOLIA EDULIS TUBER/GINGER RHIZOME/GARLIC BULB/GLYCYRRHIZA GLABRA ROOT/POLYGONATUM ODORATUM RHIZOME/TURMERIC RHIZOME/ACANTHOPANAX GRACILISTYLUS ROOT/CABBAGE LEAF/STEM/PERILLA OCYMOIDES LEAF/MORUS BOMBYCIS LEAF/HEMEROCALLIS FULVA KWANSO FLOWER/HOUTTUYNIA CORDATA/ARTEMISIA PRINCEPS/SASA VEITCHII LEAF/GLECHOMA HEDERACEA/MATRICARIA FLOWER/EQUISETUM ARVENSE/ISODON JAPONICUS/SAFFLOWER FLOWER/PLANTAGO ASIATICA/DANDELION/LAMINARIA JAPONICA LEAF/UNDARIA PINNATIFIDA LEAF/RHODOGLOSSUM PULCHERUM LEAF/NEMACYSTUS DECIPIENS/SESAME SEED/JUGLANS SIEBOLDIANA SEED/GINKGO BILOBA SEED/PINUS KORAIENSIS SEED/CASSIA OBTUSIFOLIA SEED/GRIFOLA FRONDOSA FRUITING BODY/HERICIUM ERINACEUM FRUITING BODY/LENTINUS EDODES FRUITING BODY/AURICULARIA AURICULA FRUITING BODY FERMENT EXTRACT,skin-conditioning
HYDROXYTYROSOL,skin-conditioning
DETONULA PUMILA EXTRACT,antioxidant
DETONULA PUMILA EXTRACT,skin-conditioning
HYDROLYZED OLIVE LEAF EXTRACT,skin-conditioning
POLYBUTYLENE SUCCINATE,skin-conditioning
MAGNOLIA KOBUS BRANCH/FLOWER/LEAF EXTRACT,skin-conditioning
POLYURETHANE-69,skin-conditioning
CALENDULA OFFICINALIS SEED OIL,skin-conditioning
DIMETHICONE/PHENYL VINYL DIMETHICONE CROSSPOLYMER,viscosity-controlling
ARALIA CONTINENTALIS CALLUS CULTURE EXTRACT,antimicrobial
ARALIA CONTINENTALIS CALLUS CULTURE EXTRACT,astringent
ARALIA CONTINENTALIS CALLUS CULTURE EXTRACT,skin-conditioning
ARALIA CONTINENTALIS CALLUS CULTURE EXTRACT,skin-protecting
SAFFLOWER GLYCERIDE,emollient
SAFFLOWER GLYCERIDE,emulsifying
SAFFLOWER GLYCERIDE,surfactant
POLYQUATERNIUM-20,antistatic
POLYQUATERNIUM-20,film-forming
LACTOBACILLUS/PORTULACA OLERACEA FERMENT EXTRACT,antioxidant
LACTOBACILLUS/PORTULACA OLERACEA FERMENT EXTRACT,skin-conditioning
SASSAFRAS OFFICINALE BARK/ROOT EXTRACT,skin-conditioning
SASSAFRAS OFFICINALE BARK/ROOT EXTRACT,tonic
RNA,skin-conditioning
HELICHRYSUM ARENARIUM FLOWER EXTRACT,skin-conditioning
GLYCERETH-6 C10-18 ACIDATE,skin-conditioning
PULSATILLA SAPONIN,skin-conditioning
NICOTIANA BENTHAMIANA SH-POLYPEPTIDE-15 HEXAPEPTIDE-40,skin-conditioning
SH-POLYPEPTIDE-76,skin-conditioning
PISUM SATIVUM SPROUT EXTRACT,skin-conditioning
DEFINED CELL CULTURE MEDIA 7,skin-conditioning
SACCHAROMYCES/BOSWELLIA SERRATA GUM FERMENT EXTRACT,skin-conditioning
N-ADAMANTANOYL DOPAMINE,antioxidant
N-ADAMANTANOYL DOPAMINE,skin-protecting
PROPYLENE GLYCOL DIISOSTEARATE,emollient
PERFLUOROMETHYLCYCLOHEXANE,absorbent
PERFLUOROMETHYLCYCLOHEXANE,anticaking
PERFLUOROMETHYLCYCLOHEXANE,binding
PERFLUOROMETHYLCYCLOHEXANE,emulsion-stabilising
PERFLUOROMETHYLCYCLOHEXANE,skin-conditioning
SUNFLOWERAMIDOPROPYLTRIMONIUM DIMETHICONE PEG-8 SUCCINATE,emollient
SUNFLOWERAMIDOPROPYLTRIMONIUM DIMETHICONE PEG-8 SUCCINATE,skin-conditioning
HESPERETIN LAURATE,antioxidant
HESPERETIN LAURATE,skin-conditioning
PENTAPEPTIDE-48,skin-conditioning
ENTADA PHASEOLOIDES LEAF EXTRACT,skin-conditioning
SH-POLYPEPTIDE-97,skin-protecting
CODIUM FRAGILE/ENTEROMORPHA COMPRESSA LEAF EXTRACT,humectant
CODIUM FRAGILE/ENTEROMORPHA COMPRESSA LEAF EXTRACT,skin-conditioning
MYRCIARIA DUBIA FRUIT JUICE,antioxidant
MYRCIARIA DUBIA FRUIT JUICE,emollient
MICROBACTERIUM/PANAX GINSENG ROOT FERMENT FILTRATE,humectant
MICROBACTERIUM/PANAX GINSENG ROOT FERMENT FILTRATE,skin-conditioning
BUTYL ISOSTEARATE,emollient
BUTYL ISOSTEARATE,skin-conditioning
NICOTINOYL OCTAPEPTIDE-9,antioxidant
NICOTINOYL OCTAPEPTIDE-9,skin-protecting
NICOTINOYL OCTAPEPTIDE-9,uv-filter
SILICA DIMETHICONE SILYLATE,absorbent
SILICA DIMETHICONE SILYLATE,anticaking
SILICA DIMETHICONE SILYLATE,antifoaming
SILICA DIMETHICONE SILYLATE,viscosity-controlling
AMYLASE,skin-conditioning
OZONIZED ORYZA SATIVA CALLUS CULTURE EXTRACT,skin-conditioning
CAFFEOYL DIPEPTIDE-30,skin-conditioning
HIPPOPHAE RHAMNOIDES SEED POWDER,abrasive
HIPPOPHAE RHAMNOIDES SEED POWDER,skin-conditioning
PEG-6 PROPYLENE GLYCOL CAPRYLATE/CAPRATE,emollient
PEG-6 PROPYLENE GLYCOL CAPRYLATE/CAPRATE,emulsifying
CINNAMOMUM ZEYLANICUM BARK POWDER,skin-conditioning
GARDENIA TAITENSIS FLOWER EXTRACT,skin-conditioning
PYRIDOXINE GLYCYRRHETINATE,skin-conditioning
ACORUS GRAMINEUS ROOT/STEM/ARISAEMA AMURENSE/ASPARAGUS COCHINCHINENSIS ROOT/CYPERUS ROTUNDUS FRUIT/GASTRODIA ELATA ROOT/MORUS ALBA LEAF/SORBUS COMMIXTA/TRICHOSANTHES KIRILOWII ROOT/ULMUS DAVIDIANA ROOT/XANTHIUM STRUMARIUM FRUIT EXTRACT,skin-conditioning
ARCTIUM LAPPA SEED WATER,skin-conditioning
HYDROGENATED MICROCRYSTALLINE CERA,viscosity-controlling
CITRUS GRANDIS FRUIT/PEEL WATER,humectant
CITRUS GRANDIS FRUIT/PEEL WATER,skin-conditioning
PEI-45/TMP/XYLENE DIISOCYANATE CROSSPOLYMER,film-forming
METHYL ACETYL RICINOLEATE,emollient
METHYL ACETYL RICINOLEATE,skin-conditioning
GRIFOLA FRONDOSA /PANAX GINSENG EXTRACT FERMENT FILTRATE,antioxidant
GRIFOLA FRONDOSA /PANAX GINSENG EXTRACT FERMENT FILTRATE,humectant
GRIFOLA FRONDOSA /PANAX GINSENG EXTRACT FERMENT FILTRATE,skin-conditioning
SILKWORM CHRYSALIS EXTRACT,emollient
SILKWORM CHRYSALIS EXTRACT,skin-protecting
TRIMETHOXYSILYL DIMETHICONE,skin-conditioning
ARTEMISIA UMBELLIFORMIS FLOWER EXTRACT,skin-conditioning
DIMETHYL CAPRAMIDE,emulsion-stabilising
DIMETHYL CAPRAMIDE,solvent
PUERARIA MIRIFICA ROOT POWDER/PROPYLENE GLYCOL FERMENT FILTRATE,emollient
PUERARIA MIRIFICA ROOT POWDER/PROPYLENE GLYCOL FERMENT FILTRATE,skin-conditioning
KANZOU FURABONOIDO,skin-conditioning
TRIPEPTIDE-60,skin-conditioning
CAFFEOYL DIPEPTIDE-25 AMIDE,emollient
CAFFEOYL DIPEPTIDE-25 AMIDE,skin-conditioning
CAFFEOYL DIPEPTIDE-25 AMIDE,skin-protecting
OLIGOPEPTIDE-67,skin-conditioning
PICHIA HEEDII EXTRACT,skin-protecting
PTERIS DISPAR LEAF EXTRACT,skin-conditioning
MYRISTYL ETHYLHEXANOATE,emollient
MYRISTYL ETHYLHEXANOATE,skin-conditioning
TAMARIX CHINENSIS FLOWER/LEAF EXTRACT,humectant
TAMARIX CHINENSIS FLOWER/LEAF EXTRACT,skin-conditioning
HYDROGENATED VEGETABLE GLYCERIDES CITRATE,emollient
HYDROGENATED VEGETABLE GLYCERIDES CITRATE,emulsifying
HYDROGENATED VEGETABLE GLYCERIDES CITRATE,skin-conditioning
HYDROGENATED VEGETABLE GLYCERIDES CITRATE,stabilising
FEROCACTUS WISLIZENI EXTRACT,skin-conditioning
ACRYLATES/LAURYL METHACRYLATE COPOLYMER,film-forming
SH-NONAPEPTIDE-3,skin-conditioning
CETYL DIMETHYLBUTYL ETHER,skin-conditioning
CITRUS AURANTIFOLIA FRUIT EXTRACT,skin-conditioning
DECANE,masking
DECANE,plasticiser
DECANE,solvent
DECANE,viscosity-controlling
PCA GLYCERYL OLEATE,emollient
BUDDLEJA OFFICINALIS LEAF EXTRACT,skin-conditioning
SODIUM DVB/ACRYLATES COPOLYMER,film-forming
PPG-3 GLYCERYL ETHER DIACRYLATE/ADIPATE,film-forming
FRAGARIA ANANASSA FRUIT JUICE,skin-conditioning
SH-OLIGOPEPTIDE-12,skin-conditioning
PRUNUS CERASUS STALK EXTRACT,skin-conditioning
SERENOA SERRULATA FRUIT EXTRACT,skin-conditioning
PPG-30 CETYL ETHER,skin-conditioning
LAURYL GLYCOL HYDROXYPROPYL ETHER,foam-boosting
LAURYL GLYCOL HYDROXYPROPYL ETHER,skin-conditioning
LAURYL GLYCOL HYDROXYPROPYL ETHER,surfactant
XEROCHRYSUM BRACTEATUM EXTRACT,skin-conditioning
HYDROLYZED SOY EXTRACT,antioxidant
HYDROLYZED SOY EXTRACT,film-forming
HYDROLYZED SOY EXTRACT,skin-protecting
HYDROLYZED SOY EXTRACT,viscosity-controlling
ZINC FRUCTOSE DIPHOSPHATE,antioxidant
ZINC FRUCTOSE DIPHOSPHATE,skin-conditioning
PEG-4 PEG-12 DIMETHICONE,emulsion-stabilising
GAYLUSSACIA BACCATA EXTRACT,skin-conditioning
LACTOBACILLUS/MILK SOLIDS/SOYBEAN OIL FERMENT,humectant
LACTOBACILLUS/MILK SOLIDS/SOYBEAN OIL FERMENT,skin-conditioning
NICOTIANA BENTHAMIANA HEXAPEPTIDE-40 SH-POLYPEPTIDE-76,skin-conditioning
ERYNGIUM MARITIMUM CALLUS CULTURE EXTRACT,skin-conditioning
MESEMBRYANTHEMUM CRYSTALLINUM JUICE,humectant
MESEMBRYANTHEMUM CRYSTALLINUM JUICE,skin-conditioning
ASTROCARYUM MURUMURU SEED BUTTER,emollient
ASTROCARYUM MURUMURU SEED BUTTER,skin-conditioning
JULIANA ADSTRINGENS BARK EXTRACT,skin-conditioning
TELFAIRIA PEDATA OIL,skin-conditioning
DECYL HEMPSEEDATE,emollient
DECYL HEMPSEEDATE,emulsion-stabilising
DECYL HEMPSEEDATE,skin-conditioning
SAXIFRAGA CESPITOSA EXTRACT,skin-conditioning
OXOBUTYRYL SERINOLAMIDE,skin-protecting
GLYCYRRHIZA GLABRA MERISTEM CELL CULTURE EXTRACT,skin-conditioning
RICE SH-POLYPEPTIDE-3,humectant
RICE SH-POLYPEPTIDE-3,opacifying
RICE SH-POLYPEPTIDE-3,skin-conditioning
PEG-3 TRIMETHYLOLPROPANE TRISTEARATE,skin-conditioning
PPG-10 OLEYL ETHER,emollient
PPG-10 OLEYL ETHER,skin-conditioning
METHIONYL TRIPEPTIDE-46 HEXAPEPTIDE-40 R-TRYPANOSOMA CRUZI POLYPEPTIDE-1 NONAPEPTIDE-33,skin-conditioning
LECITHIN,antistatic
LECITHIN,emollient
LECITHIN,emulsifying
LECITHIN,skin-conditioning
EPIPHYLLUM OXYPETALUM CALLUS EXTRACT,humectant
EPIPHYLLUM OXYPETALUM CALLUS EXTRACT,skin-conditioning
ARMERIA MARITIMA EXTRACT,skin-conditioning
OCTAPEPTIDE-30,skin-conditioning
LACTOBACILLUS/PIPER LONGUM FRUIT/SANGUISORBA OFFICINALIS ROOT EXTRACT FERMENT FILTRATE,skin-conditioning
CHONEMORPHA MACROPHYLLA ROOT EXTRACT,skin-conditioning
PALMITOYL SH-TRIPEPTIDE-4 AMIDE,skin-conditioning
PALMITOYL SH-TRIPEPTIDE-4 AMIDE,skin-protecting
CITRUS SHONAN-GOLD FRUIT WATER,humectant
CITRUS SHONAN-GOLD FRUIT WATER,skin-conditioning
ACETYL TETRAPEPTIDE-5,humectant
SODIUM ACRYLATES/ETHYLHEXYL ACRYLATE COPOLYMER,film-forming
ETHYLHEXYL CYCLOHEXYL UREA,skin-conditioning
PPG-8-CETETH-5,skin-conditioning
PPG-8-CETETH-5,surfactant
ZEA MAYS FRUIT,skin-conditioning
MAGNOLIA ACUMINATA FLOWER EXTRACT,skin-conditioning
ESCHSCHOLZIA CALIFORNICA LEAF CELL EXTRACT,skin-protecting
SODIUM ACRYLATES CROSSPOLYMER,absorbent
SODIUM ACRYLATES CROSSPOLYMER,viscosity-controlling
SACCHAROMYCES/IPOMOEA BATATAS ROOT FERMENT LEES EXTRACT,humectant
ASPERGILLUS/SOYBEAN/WHEAT GERM/CAMELLIA SINENSIS LEAF/JOB'S TEARS SEED/RICE GERM/SESAME SEED FERMENT,humectant
PANAX GINSENG LEAF/STEM EXTRACT,skin-conditioning
PSEUDOCHORICYSTIS ELLIPSOIDEA EXTRACT,humectant
PSEUDOCHORICYSTIS ELLIPSOIDEA EXTRACT,skin-conditioning
DECENE/BUTENE COPOLYMER,viscosity-controlling
MACHILUS THUNBERGII BARK EXTRACT,skin-conditioning
OLEUROPEINYL GLUCOSIDE,antioxidant
OLEUROPEINYL GLUCOSIDE,skin-conditioning
TRIPOTASSIUM GLYCYRRHIZATE,skin-conditioning
PEG/PPG-60/11 GLYCERIN,humectant
FICUS INFECTORIA BARK EXTRACT,skin-conditioning
MANGO BUTTER DIMER DILINOLEYL ESTERS/DIMER DILINOLEATE COPOLYMER,emollient
MANGO BUTTER DIMER DILINOLEYL ESTERS/DIMER DILINOLEATE COPOLYMER,film-forming
MANGO BUTTER DIMER DILINOLEYL ESTERS/DIMER DILINOLEATE COPOLYMER,skin-conditioning
SACCHAROMYCES/GERMANIUM FERMENT,skin-conditioning
CETEARYL NONANOATE,emollient
DISODIUM COCAMIDO MEA-SULFOSUCCINATE,cleansing
DISODIUM COCAMIDO MEA-SULFOSUCCINATE,foaming
DISODIUM COCAMIDO MEA-SULFOSUCCINATE,hydrotrope
DISODIUM COCAMIDO MEA-SULFOSUCCINATE,skin-conditioning
DISODIUM COCAMIDO MEA-SULFOSUCCINATE,surfactant
BACILLUS/POLYGONUM TINCTORIUM FLOWER FERMENT EXTRACT FILTRATE,skin-conditioning
BACILLUS/POLYGONUM TINCTORIUM FLOWER FERMENT EXTRACT FILTRATE,skin-protecting
ASPERGILLUS/SOYBEAN SEED EXTRACT FERMENT EXTRACT FILTRATE,humectant
VITIS VINIFERA SKIN POWDER,antioxidant
VITIS VINIFERA SKIN POWDER,skin-conditioning
LILIUM BROWNII BULB EXTRACT,emollient
LILIUM BROWNII BULB EXTRACT,skin-conditioning
ETHOXYETHYL METHACRYLATE,film-forming
C30-45 ALKYLDIMETHYLSILYL POLYPROPYLSILSESQUIOXANE,film-forming
C12-14 SEC-PARETH-5,antifoaming
C12-14 SEC-PARETH-5,emulsifying
C12-14 SEC-PARETH-5,emulsion-stabilising
C12-14 SEC-PARETH-5,surfactant
DYPHYLLINE,skin-conditioning
MELLISIC ACID,viscosity-controlling
3-HYDROXYBENZOIC ACID,skin-conditioning
ACETIC/LINOLEIC/PALMITIC TRIGLYCERIDE,emollient
ACETIC/LINOLEIC/PALMITIC TRIGLYCERIDE,humectant
ACETIC/LINOLEIC/PALMITIC TRIGLYCERIDE,skin-conditioning
GLYCERYL ASCORBATE,antioxidant
GLYCERYL ASCORBATE,humectant
CUPRESSUS SEMPERVIRENS LEAF WATER,skin-conditioning
FAGUS SYLVATICA SEED EXTRACT,skin-conditioning
OLIGOPEPTIDE-74,skin-conditioning
OCTAPEPTIDE-36,skin-conditioning
VITIS VINIFERA FRUIT MERISTEM CELL CULTURE,antioxidant
VITIS VINIFERA FRUIT MERISTEM CELL CULTURE,skin-protecting
ROSA DAMASCENA FLOWER WATER,masking
ROSA DAMASCENA FLOWER WATER,skin-conditioning
ROSA DAMASCENA FLOWER WATER,skin-protecting
PROPYLENE GLYCOL DIHEPTANOATE,anticaking
PROPYLENE GLYCOL DIHEPTANOATE,emollient
PROPYLENE GLYCOL DIHEPTANOATE,film-forming
PROPYLENE GLYCOL DIHEPTANOATE,skin-conditioning
PROPYLENE GLYCOL DIHEPTANOATE,solvent
PROPYLENE GLYCOL DIHEPTANOATE,viscosity-controlling
PALMITOYL HISTIDYL D-PHENYLALANYL ARGININE,skin-conditioning
CERASUS YOUKOU LEAF POWDER,skin-conditioning
ZANTHOXYLUM ZANTHOXYLOIDES BRANCH/LEAF EXTRACT,skin-protecting
SILYBUM MARIANUM POWDER,skin-conditioning
ISOSTEARYL ACETATE,emollient
PASSIFLORA EDULIS MERISTEM CELL EXTRACT,humectant
BACILLUS/APHANIZOMENON FLOS-AQUAE/SOYBEAN FERMENT FILTRATE,antioxidant
BACILLUS/APHANIZOMENON FLOS-AQUAE/SOYBEAN FERMENT FILTRATE,emollient
BACILLUS/APHANIZOMENON FLOS-AQUAE/SOYBEAN FERMENT FILTRATE,skin-conditioning
SR-PINEAPPLE STEM BROMELAIN,skin-conditioning
LACTOBACILLUS/ELEUTHERO ROOT EXTRACT FERMENT FILTRATE,antioxidant
LACTOBACILLUS/ELEUTHERO ROOT EXTRACT FERMENT FILTRATE,skin-conditioning
PEG/PPG-100/70 TOCOPHERYL ETHER,anticaking
PEG/PPG-100/70 TOCOPHERYL ETHER,antioxidant
PEG/PPG-100/70 TOCOPHERYL ETHER,binding
PEG/PPG-100/70 TOCOPHERYL ETHER,emulsifying
PEG/PPG-100/70 TOCOPHERYL ETHER,emulsion-stabilising
PEG/PPG-100/70 TOCOPHERYL ETHER,plasticiser
PEG/PPG-100/70 TOCOPHERYL ETHER,skin-conditioning
PEG/PPG-100/70 TOCOPHERYL ETHER,surfactant
PEG/PPG-100/70 TOCOPHERYL ETHER,uv-absorber
SUNFLOWER SEED OIL PEG-32 ESTERS,emollient
SUNFLOWER SEED OIL PEG-32 ESTERS,emulsifying
SUNFLOWER SEED OIL PEG-32 ESTERS,skin-conditioning
SUNFLOWER SEED OIL PEG-32 ESTERS,surfactant
POLYETHYLENE TEREPHTHALATE,film-forming
PPG-6-SORBETH-500,binding
PPG-6-SORBETH-500,emollient
PPG-6-SORBETH-500,humectant
HYDROLYZED PINUS DENSIFLORA LEAF EXTRACT,skin-conditioning
T-BUTYLCHROMENAMIDO BENZYL METHANESULFONAMIDE,emollient
T-BUTYLCHROMENAMIDO BENZYL METHANESULFONAMIDE,skin-conditioning
T-BUTYLCHROMENAMIDO BENZYL METHANESULFONAMIDE,skin-protecting
NONAPEPTIDE-37,skin-conditioning
MANGIFERA INDICA SEED BUTTER,skin-conditioning
PENTAERYTHRITYL STEARATE/ISOSTEARATE/ADIPATE/HYDROXYSTEARATE,skin-conditioning
PENTAERYTHRITYL STEARATE/ISOSTEARATE/ADIPATE/HYDROXYSTEARATE,viscosity-controlling
LACTULOSE,humectant
LACTULOSE,skin-conditioning
POLYPROPYLENE,viscosity-controlling
POLY(GLYCOL ADIPATE)/BIS-HYDROXYETHOXYPROPYL DIMETHICONE COPOLYMER,skin-conditioning
MYRISTOYL HEXAPEPTIDE-14,skin-conditioning
MILK FERMENT,skin-conditioning
HYACINTHOIDES NON-SCRIPTA SEED EXTRACT,skin-conditioning
APIUM GRAVEOLENS ROOT EXTRACT,skin-conditioning
POLYGLYCERYL-10 DECAISOSTEARATE,emollient
FRUCTOOLIGOSACCHARIDE HEXYLDECANOATE,viscosity-controlling
THEOBROMA CACAO SHELL POWDER,abrasive
THEOBROMA CACAO SHELL POWDER,skin-conditioning
COCO-RAPESEEDATE,emollient
COCO-RAPESEEDATE,skin-conditioning
QUERCUS ILEX CALLUS POWDER,skin-conditioning
CHAMAECYPARIS OBTUSA BRANCH/LEAF EXTRACT,humectant
CHAMAECYPARIS OBTUSA BRANCH/LEAF EXTRACT,skin-conditioning
UNDECYLPENTADECANOL,emollient
UNDECYLPENTADECANOL,skin-conditioning
ALUMINUM CAPRYLATE,anticaking
ALUMINUM CAPRYLATE,emulsion-stabilising
ALUMINUM CAPRYLATE,opacifying
ALUMINUM CAPRYLATE,viscosity-controlling
LACTOBACILLUS/RHODOPSEUDOMONAS/SACCHAROMYCES/RICE BRAN/UNDARIA PINNATIFIDA FERMENT FILTRATE,emollient
PINUS PINASTER BARK WATER,emollient
PINUS PINASTER BARK WATER,skin-conditioning
CENTELLA ASIATICA CALLUS CULTURE,antioxidant
CENTELLA ASIATICA CALLUS CULTURE,skin-conditioning
ETHYL METHACRYLATE,viscosity-controlling
ASPERGILLUS FERMENT EXTRACT FILTRATE,humectant
ETHYLENE DIHYDROGENATED TALLOWAMIDE,emulsifying
ETHYLENE DIHYDROGENATED TALLOWAMIDE,skin-conditioning
ETHYLENE DIHYDROGENATED TALLOWAMIDE,viscosity-controlling
TRICHILIA ROKA SEED BUTTER,emollient
TRICHILIA ROKA SEED BUTTER,skin-conditioning
CYMBIDIUM GRANDIFLORUM FLOWER EXTRACT,skin-conditioning
GALLOYL TRIPEPTIDE-35,antioxidant
GALLOYL TRIPEPTIDE-35,chelating
GALLOYL TRIPEPTIDE-35,skin-protecting
DIISOSTEARYL MALATE,emollient
DIISOSTEARYL MALATE,skin-conditioning
DIISOSTEARYL MALATE,surfactant
CORNUS MACROPHYLLA LEAF EXTRACT,skin-conditioning
GARDENIA FLORIDA FRUIT EXTRACT,skin-conditioning
GOMPHRENA OFFICINALIS ROOT EXTRACT,skin-conditioning
AVERRHOA BILIMBI LEAF EXTRACT,skin-conditioning
PERSEA GRATISSIMA FRUIT BUTTER,emollient
PERSEA GRATISSIMA FRUIT BUTTER,skin-conditioning
CHLORINATED PARAFFIN,skin-conditioning
CHLORINATED PARAFFIN,skin-protecting
CHLORINATED PARAFFIN,solvent
CHLORINATED PARAFFIN,viscosity-controlling
ARTHROBACTER/PANAX GINSENG ROOT FERMENT FILTRATE,skin-conditioning
PALMITOYL HEPTAPEPTIDE-18,skin-conditioning
POLYPERFLUOROISOPROPYL ETHER,skin-conditioning
PEG-8 DIMETHICONE DIMER DILINOLEATE,film-forming
AMINOPEPTIDASE,skin-conditioning
HYDROGENATED GRAPESEED OIL,emollient
HYDROGENATED GRAPESEED OIL,skin-conditioning
HYDROGENATED GRAPESEED OIL,viscosity-controlling
METHYL CARBOXYMETHYLPHENYL AMINOCARBOXYPROPYLPHOSPHONATE,antioxidant
METHYL CARBOXYMETHYLPHENYL AMINOCARBOXYPROPYLPHOSPHONATE,humectant
METHYL CARBOXYMETHYLPHENYL AMINOCARBOXYPROPYLPHOSPHONATE,skin-conditioning
SAPONARIA PUMILA CALLUS EXTRACT,skin-conditioning
SACCHAROMYCES/DAY LILY FLOWER FERMENT FILTRATE,skin-conditioning
DIETHYLHEXYL ADIPATE,emollient
DIETHYLHEXYL ADIPATE,film-forming
DIETHYLHEXYL ADIPATE,plasticiser
DIETHYLHEXYL ADIPATE,skin-conditioning
DIETHYLHEXYL ADIPATE,solvent
NIACINAMIDE GLYCOLATE,skin-conditioning
HYDROLYZED CRITHMUM MARITIMUM,skin-conditioning
GLYCERYL DILAURATE,emollient
GLYCERYL DILAURATE,emulsifying
PENTASODIUM ETHYLENEDIAMINE TETRAMETHYLENE PHOSPHONATE,chelating
PENTASODIUM ETHYLENEDIAMINE TETRAMETHYLENE PHOSPHONATE,viscosity-controlling
BETA-GLUCAN PALMITATE,skin-conditioning
MYRETH-3 CAPRATE,emollient
MYRETH-3 CAPRATE,skin-conditioning
GALLOYL NONAPEPTIDE-11,antiseborrhoeic
GALLOYL NONAPEPTIDE-11,skin-protecting
PAPAVER RHOEAS FLOWER POWDER,skin-conditioning
METHYL DEHYDROABIETATE,emollient
METHYL DEHYDROABIETATE,skin-conditioning
METHYL DEHYDROABIETATE,viscosity-controlling
ETHYL MINKATE,emollient
RH-POLYPEPTIDE-60,reducing
RH-POLYPEPTIDE-60,skin-conditioning
DESMODIUM GANGETICUM ROOT POWDER,skin-conditioning
METHIONYL SH-POLYPEPTIDE-10,skin-conditioning
PEG-8 HYALURONATE,emollient
PEG-8 HYALURONATE,skin-conditioning
HEPTAPEPTIDE-38,skin-conditioning
ACRYLATES/VINYL ISODECANOATE CROSSPOLYMER,emulsion-stabilising
ACRYLATES/VINYL ISODECANOATE CROSSPOLYMER,film-forming
ACRYLATES/VINYL ISODECANOATE CROSSPOLYMER,viscosity-controlling
DISODIUM AMODIMETHICONE DISUCCINAMIDE,viscosity-controlling
MELILOTUS OFFICINALIS FLOWER WATER,skin-conditioning
MELISSA OFFICINALIS LEAF POWDER,skin-conditioning
CORALLINA OFFICINALIS POWDER,binding
CORALLINA OFFICINALIS POWDER,viscosity-controlling
C4-14 PERFLUOROALKYLETHOXY DIMETHICONE,skin-conditioning
ARECA CATECHU SHELL EXTRACT,skin-conditioning
JUNIPERUS COMMUNIS FRUIT WATER,skin-conditioning
NEOCHLORIS OLEOABUNDANS EXTRACT,skin-conditioning
HYDROGENATED AVOCADO OIL,skin-conditioning
ACRYLIC ACID/PERFLUOROHEXYLETHYL ACRYLATE CROSSPOLYMER,viscosity-controlling
PANAX GINSENG SEED OIL,emollient
ASPERGILLUS/COFFEE SEED/RICE FERMENT FILTRATE,skin-conditioning
METHYL ESTRADIOLPROPANOATE,emollient
METHYL ESTRADIOLPROPANOATE,skin-conditioning
GLYCERYL ALLYL ETHER,skin-conditioning
PEI-1000,viscosity-controlling
LACTOBACILLUS/ANGELICA GIGAS ROOT EXTRACT/PANAX GINSENG ROOT EXTRACT/RUBUS COREANUS FRUIT EXTRACT/SCHISANDRA CHINENSIS FRUIT EXTRACT FERMENT FILTRATE,skin-conditioning
DICAPRYLYL CARBONATE,emollient
DICAPRYLYL CARBONATE,skin-conditioning
POLYSILICONE-24,skin-conditioning
POLYSILICONE-24,skin-protecting
POLYSILICONE-24,stabilising
WHEAT GERM GLYCERIDES,emollient
WHEAT GERM GLYCERIDES,refatting
WHEAT GERM GLYCERIDES,skin-conditioning
SACCHAROMYCES/RHODIOLA CRENULATA ROOT EXTRACT FERMENT FILTRATE,skin-conditioning
SUCROSE RICINOLEATE,emollient
SUCROSE RICINOLEATE,emulsifying
SUCROSE RICINOLEATE,skin-conditioning
SUCROSE RICINOLEATE,surfactant
DIETHYLHEXYL SYRINGYLIDENEMALONATE,skin-protecting
STERCULIA SCAPHIGERA SEED EXTRACT,humectant
STERCULIA SCAPHIGERA SEED EXTRACT,skin-conditioning
BIS-CETYL/PEG-8 CETYL PEG-8 DIMETHICONE,emulsion-stabilising
DIPENTAERYTHRITYL HEXAISONONANOATE,emollient
METHYL METHACRYLATE/PEG/PPG-4/3 METHACRYLATE CROSSPOLYMER,film-forming
SACCHAROMYCES FERMENT LYSATE FILTRATE,skin-conditioning
C16-18 HYDROXYALKYL HYDROXYDIMERDILINOLEYL ETHER,emollient
C16-18 HYDROXYALKYL HYDROXYDIMERDILINOLEYL ETHER,skin-conditioning
PANTOEA AGGLOMERANS/WHEAT FLOUR FERMENT EXTRACT,skin-conditioning
HYALURONIC ACID,antistatic
HYALURONIC ACID,humectant
HYALURONIC ACID,moisturising
HYALURONIC ACID,skin-conditioning
CODONOPSIS TANGSHEN ROOT EXTRACT,skin-conditioning
BRAIN LIPIDS,emollient
BRAIN LIPIDS,skin-conditioning
METHYL CAPRYLATE/CAPRATE,emollient
METHYL CAPRYLATE/CAPRATE,skin-conditioning
POLYCHLOROTRIFLUOROETHYLENE,film-forming
POLYCHLOROTRIFLUOROETHYLENE,skin-conditioning
NELUMBO NUCIFERA FLOWER EXTRACT,skin-conditioning
CITRUS HASSAKU/NATSUDAIDAI FRUIT JUICE,humectant
DECAPEPTIDE-37,skin-conditioning
BROUSSONETIA PAPYRIFERA BARK EXTRACT,skin-conditioning
DIPENTAERYTHRITYL PENTAHYDROXYSTEARATE/PENTAISOSTEARATE,skin-conditioning
DIPENTAERYTHRITYL PENTAHYDROXYSTEARATE/PENTAISOSTEARATE,viscosity-controlling
MONASCUS/DIOSCOREA JAPONICA ROOT FERMENT EXTRACT FILTRATE,antimicrobial
MONASCUS/DIOSCOREA JAPONICA ROOT FERMENT EXTRACT FILTRATE,skin-conditioning
ACHILLEA MILLEFOLIUM FLOWER/LEAF/STEM EXTRACT,skin-conditioning
TRIISOSTEARIN,skin-conditioning
TRIISOSTEARIN,viscosity-controlling
ELAEOCARPUS ANGUSTIFOLIUS FRUIT/SEED EXTRACT,skin-conditioning
HYDROGENATED ARGANIA SPINOSA KERNEL OIL,emollient
ALUMINUM ISOSTEARATES/LAURATES/PALMITATES,anticaking
ALUMINUM ISOSTEARATES/LAURATES/PALMITATES,emulsion-stabilising
ALUMINUM ISOSTEARATES/LAURATES/PALMITATES,opacifying
ALUMINUM ISOSTEARATES/LAURATES/PALMITATES,viscosity-controlling
SH-OLIGOPEPTIDE-77,skin-conditioning
CYMBIDIUM GREAT FLOWER FLOWER/STEM EXTRACT,emollient
CYMBIDIUM GREAT FLOWER FLOWER/STEM EXTRACT,skin-conditioning
SAMBUCUS NIGRA FRUIT JUICE,astringent
SAMBUCUS NIGRA FRUIT JUICE,skin-conditioning
DILINOLEIC ACID/SEBACIC ACID/PIPERAZINE/ETHYLENEDIAMINE COPOLYMER,film-forming
DILINOLEIC ACID/SEBACIC ACID/PIPERAZINE/ETHYLENEDIAMINE COPOLYMER,viscosity-controlling
POLYQUATERNIUM CROSSPOLYMER-3,viscosity-controlling
LAURYL METHYLGLUCAMIDE,cleansing
LAURYL METHYLGLUCAMIDE,skin-conditioning
RIBONOLACTONE,humectant
PEI-1750,viscosity-controlling
LACTOBACILLUS/PUERARIA MIRIFICA ROOT FERMENT FILTRATE,skin-conditioning
PRUNUS SPECIOSA LEAF WATER,humectant
VISNAGA VERA FRUIT EXTRACT,skin-conditioning
PRISTANE,skin-conditioning
POLYSTICHUM RETROSOPALACEUM EXTRACT,skin-conditioning
PARACHLORELLA BEIJERINCKII EXTRACT,humectant
TRIBULUS TERRESTRIS ROOT EXTRACT,skin-conditioning
HEXYL LAURATE,emollient
HEXYL LAURATE,skin-conditioning
ETHYL XIMENYNATE,skin-conditioning
BACILLUS/LACTOBACILLUS/STEVIA REBAUDIANA STALK EXTRACT FERMENT FILTRATE,humectant
DEXTRAN SULFATE,binding
DEXTRAN SULFATE,skin-conditioning
MYRISTYL MYRISTATE,emollient
MYRISTYL MYRISTATE,opacifying
MYRISTYL MYRISTATE,skin-conditioning
ZINC GLYCINATE SALICYLATE,antidandruff
ZINC GLYCINATE SALICYLATE,antimicrobial
ZINC GLYCINATE SALICYLATE,skin-conditioning
SASSAFRAS OFFICINALE BARK EXTRACT,skin-conditioning
PALMITOYL TRIPEPTIDE-54 AMIDE,skin-conditioning
PACHYRHIZUS EROSUS ROOT EXTRACT,skin-conditioning
AMMONIUM STYRENE/ACRYLATES COPOLYMER,film-forming
AMMONIUM STYRENE/ACRYLATES COPOLYMER,opacifying
DIISOCETYL DODECANEDIOATE,emollient
DIISOCETYL DODECANEDIOATE,emulsifying
DIISOCETYL DODECANEDIOATE,skin-conditioning
DIISOCETYL DODECANEDIOATE,surfactant
HEXAPEPTIDE-32,skin-conditioning
ASTAXANTHIN,skin-conditioning
ROSA RUBIGINOSA SEED OIL POLYGLYCERYL-6 ESTERS,skin-conditioning
CYCLOHEXADECANOL,skin-conditioning
ASTER AGERATOIDES EXTRACT,skin-conditioning
TAGETES PATULA FLOWER/LEAF/STEM EXTRACT,emollient
TAGETES PATULA FLOWER/LEAF/STEM EXTRACT,skin-conditioning
BUTYL PHTHALYL BUTYL GLYCOLATE,film-forming
BUTYL PHTHALYL BUTYL GLYCOLATE,plasticiser
HYDROLYZED LEPIDIUM MEYENII ROOT,skin-conditioning
SR-CLOSTRIDIUM BOTULINUM POLYPEPTIDE-1 SH-OLIGOPEPTIDE-1,antioxidant
SR-CLOSTRIDIUM BOTULINUM POLYPEPTIDE-1 SH-OLIGOPEPTIDE-1,skin-protecting
HYDROLYZED CITRUS SPHAEROCARPA PEEL EXTRACT,humectant
CHENOPODIUM QUINOA FLOWER/LEAF EXTRACT,skin-conditioning
GANODERMA LUCIDUM MYCELIUM/PANAX GINSENG ROOT FERMENT EXTRACT FILTRATE,humectant
GANODERMA LUCIDUM MYCELIUM/PANAX GINSENG ROOT FERMENT EXTRACT FILTRATE,skin-conditioning
ROSA ALBA LEAF CELL EXTRACT,antioxidant
ROSA ALBA LEAF CELL EXTRACT,skin-protecting
VATERIA INDICA SEED BUTTER,skin-conditioning
METHYL RICINOLEATE,emollient
METHYL RICINOLEATE,skin-conditioning
PALM KERNELAMIDE MIPA,emulsifying
PALM KERNELAMIDE MIPA,emulsion-stabilising
PALM KERNELAMIDE MIPA,foam-boosting
PALM KERNELAMIDE MIPA,surfactant
PALM KERNELAMIDE MIPA,viscosity-controlling
MAGNESIUM MYRISTATE,anticaking
MAGNESIUM MYRISTATE,opacifying
MAGNESIUM MYRISTATE,viscosity-controlling
MOROCCAN LAVA CLAY,abrasive
MOROCCAN LAVA CLAY,viscosity-controlling
RETINYL HYDROXYPENTANOATYL SHIKIMATE,emollient
RETINYL HYDROXYPENTANOATYL SHIKIMATE,skin-conditioning
COCHLEARIA OFFICINALIS LEAF EXTRACT,skin-conditioning
SHEEP MILK,skin-conditioning
WINE,skin-conditioning
AMMONIUM ACRYLATES/ACRYLONITROGENS COPOLYMER,binding
AMMONIUM ACRYLATES/ACRYLONITROGENS COPOLYMER,film-forming
AMMONIUM ACRYLATES/ACRYLONITROGENS COPOLYMER,skin-conditioning
AMMONIUM ACRYLATES/ACRYLONITROGENS COPOLYMER,viscosity-controlling
WHEAT GERM OIL PEG-40 BUTYLOCTANOL ESTERS,emollient
WHEAT GERM OIL PEG-40 BUTYLOCTANOL ESTERS,skin-conditioning
AESCULUS HIPPOCASTANUM LEAF EXTRACT,skin-conditioning
DITRIMETHYLOLPROPANE TETRA PALM KERNELATE,binding
DITRIMETHYLOLPROPANE TETRA PALM KERNELATE,bulking
DITRIMETHYLOLPROPANE TETRA PALM KERNELATE,film-forming
DITRIMETHYLOLPROPANE TETRA PALM KERNELATE,skin-conditioning
PANAX GINSENG CELL CULTURE EXTRACT,skin-conditioning
ACETYL DIPEPTIDE-31 AMIDE,skin-conditioning
PENTASODIUM TETRACARBOXYMETHYL HEXANOYL DIPEPTIDE-12,skin-conditioning
GLYCERYL DIRICINOLEATE/IPDI COPOLYMER,emollient
GLYCERYL DIRICINOLEATE/IPDI COPOLYMER,skin-conditioning
ALUMINUM ISOSTEARATES/PALMITATES,anticaking
ALUMINUM ISOSTEARATES/PALMITATES,emulsion-stabilising
ALUMINUM ISOSTEARATES/PALMITATES,opacifying
ALUMINUM ISOSTEARATES/PALMITATES,viscosity-controlling
LINNAEA BOREALIS EXTRACT,skin-conditioning
LAURUS NOBILIS LEAF/STEM WATER,skin-conditioning
SALNACEDIN,antioxidant
SALNACEDIN,skin-conditioning
CETYLARACHIDOL,emollient
CETYLARACHIDOL,skin-conditioning
ISOBUTYL ISOSTEARATE,emollient
ISOBUTYL ISOSTEARATE,skin-conditioning
CUCUMIS MELO CANTALUPENSIS CALLUS EXTRACT,antioxidant
CUCUMIS MELO CANTALUPENSIS CALLUS EXTRACT,skin-protecting
DANIELLIA OLIVERI RESIN EXTRACT,emollient
DANIELLIA OLIVERI RESIN EXTRACT,skin-conditioning
DANIELLIA OLIVERI RESIN EXTRACT,skin-protecting
HONEY,flavouring
HONEY,humectant
HONEY,skin-conditioning
VA/VINYL CHLORIDE COPOLYMER,film-forming
PALMITOYL PINE BARK EXTRACT,skin-conditioning
SH-HEPTAPEPTIDE-18,antioxidant
SH-HEPTAPEPTIDE-18,antiseborrhoeic
SH-HEPTAPEPTIDE-18,skin-protecting
BENZYLCARBAMATO CINNAMIDOISOPENTYL DIPEPTIDE-38 AMIDE,antiseborrhoeic
BENZYLCARBAMATO CINNAMIDOISOPENTYL DIPEPTIDE-38 AMIDE,film-forming
DAVIDSONIA JERSEYANA SEED OIL,antioxidant
DAVIDSONIA JERSEYANA SEED OIL,emollient
DAVIDSONIA JERSEYANA SEED OIL,humectant
DAVIDSONIA JERSEYANA SEED OIL,skin-conditioning
DAVIDSONIA JERSEYANA SEED OIL,skin-protecting
GRIFOLA FRONDOSA ROOT/ RICE SEED/CITRUS UNSHIU PEEL/CARTHAMUS TINCTORIUS FLOWER FERMENT FILTRATE,emollient
GRIFOLA FRONDOSA ROOT/ RICE SEED/CITRUS UNSHIU PEEL/CARTHAMUS TINCTORIUS FLOWER FERMENT FILTRATE,skin-conditioning
ECKLONIA KUROME EXTRACT,humectant
ECKLONIA KUROME EXTRACT,skin-conditioning
DIMETHYL DICAPROYL CYSTINATE,skin-conditioning
PETROLATUM,antistatic
PETROLATUM,emollient
FUMARIA OFFICINALIS LEAF EXTRACT,skin-conditioning
BIS-RETINAMIDO METHYLPENTANE,antimicrobial
BIS-RETINAMIDO METHYLPENTANE,antioxidant
BIS-RETINAMIDO METHYLPENTANE,emollient
BIS-RETINAMIDO METHYLPENTANE,skin-conditioning
BIS-RETINAMIDO METHYLPENTANE,skin-protecting
BUTADIENE/ISOPRENE COPOLYMER,skin-conditioning
OLIGOPEPTIDE-66,skin-conditioning
PONCIRUS TRIFOLIATA FRUIT/(ULMUS MACROCARPA/OENTHERA ODORATA/ARTEMISIA PRINCEPS/CASTOR/PINUS RIGIDA/PUERARIA LOBATA) LEAF/STEM/SUCROSE FERMENT FILTRATE,antioxidant
PONCIRUS TRIFOLIATA FRUIT/(ULMUS MACROCARPA/OENTHERA ODORATA/ARTEMISIA PRINCEPS/CASTOR/PINUS RIGIDA/PUERARIA LOBATA) LEAF/STEM/SUCROSE FERMENT FILTRATE,humectant
PONCIRUS TRIFOLIATA FRUIT/(ULMUS MACROCARPA/OENTHERA ODORATA/ARTEMISIA PRINCEPS/CASTOR/PINUS RIGIDA/PUERARIA LOBATA) LEAF/STEM/SUCROSE FERMENT FILTRATE,skin-conditioning
PONCIRUS TRIFOLIATA FRUIT/(ULMUS MACROCARPA/OENTHERA ODORATA/ARTEMISIA PRINCEPS/CASTOR/PINUS RIGIDA/PUERARIA LOBATA) LEAF/STEM/SUCROSE FERMENT FILTRATE,skin-protecting
PIG DENTAL PULP CELL CONDITIONED MEDIA,humectant
PIG DENTAL PULP CELL CONDITIONED MEDIA,skin-conditioning
DIMETHICONE/VINYLTRIMETHYLSILOXYSILICATE CROSSPOLYMER,film-forming
DIMETHICONE/VINYLTRIMETHYLSILOXYSILICATE CROSSPOLYMER,viscosity-controlling
HYDROGENATED CASTOR OIL HYDROXYSTEARATE,skin-conditioning
HYDROGENATED CASTOR OIL HYDROXYSTEARATE,viscosity-controlling
GENISTEIN,skin-conditioning
RUBUS PARVIFOLIUS FRUIT EXTRACT,astringent
RUBUS PARVIFOLIUS FRUIT EXTRACT,skin-conditioning
SUCROSE POLYLINOLEATE,emollient
SUCROSE POLYLINOLEATE,emulsifying
SUCROSE POLYLINOLEATE,skin-conditioning
SUCROSE POLYLINOLEATE,surfactant
SACCHAROMYCES/COPPER FERMENT,skin-conditioning
GALLOYL PENTAPEPTIDE-33,antioxidant
GALLOYL PENTAPEPTIDE-33,skin-protecting
IPOMOEA BATATAS ROOT JUICE,skin-conditioning
SH-POLYPEPTIDE-100,skin-conditioning
OCTYLDODECYL AVOCADOATE,emollient
R-BOVINE POLYPEPTIDE-1,skin-conditioning
ASPERGILLUS/LACTOBACILLUS/CAMELLIA SINENSIS LEAF FERMENT EXTRACT,skin-conditioning
RAUVOLFIA SERPENTINA ROOT EXTRACT,skin-conditioning
C6-8 ALKYL C3-6 ALKYL GLUCOSIDE DIMETHICONE,emulsifying
C6-8 ALKYL C3-6 ALKYL GLUCOSIDE DIMETHICONE,skin-conditioning
C6-8 ALKYL C3-6 ALKYL GLUCOSIDE DIMETHICONE,surfactant
PRUNUS MUME SEED EXTRACT,skin-conditioning
GIGARTINA STELLATA/KAPPAPHYCUS ALVAREZII EXTRACT,skin-protecting
C5-6 OLEFIN/STYRENE COPOLYMER,depilatory
C5-6 OLEFIN/STYRENE COPOLYMER,skin-conditioning
BETULA ERMANII SAP,skin-conditioning
HOMONOIA RIPARIA ROOT EXTRACT,skin-conditioning
CAPRYLYLOXYPHENYLAMINO DIMETHYLTETRAHYDRO BENZOTHIAZINE CARBOXYLIC ACID,antioxidant
CAPRYLYLOXYPHENYLAMINO DIMETHYLTETRAHYDRO BENZOTHIAZINE CARBOXYLIC ACID,preservative
CAPRYLYLOXYPHENYLAMINO DIMETHYLTETRAHYDRO BENZOTHIAZINE CARBOXYLIC ACID,skin-protecting
TRIHYDROXYDIHYDROCHALCONE,skin-conditioning
SHIKIMOYL HEXAPEPTIDE-48,antioxidant
SHIKIMOYL HEXAPEPTIDE-48,skin-protecting
ARISTOTELIA CHILENSIS LEAF EXTRACT,skin-conditioning
MUSTELIC/PALMITIC TRIGLYCERIDE,emollient
MUSTELIC/PALMITIC TRIGLYCERIDE,solvent
PPG-7 LAURYL ETHER,emollient
PPG-7 LAURYL ETHER,skin-conditioning
SPENT GRAIN WAX,skin-conditioning
SPENT GRAIN WAX,viscosity-controlling
SH-POLYPEPTIDE-55,skin-conditioning
BAICALEIN,skin-conditioning
LARREA DIVARICATA LEAF EXTRACT,skin-conditioning
TOCOQUINONE,antioxidant
TOCOQUINONE,skin-conditioning
CHAMOMILLA RECUTITA FLOWER OIL,masking
CHAMOMILLA RECUTITA FLOWER OIL,skin-conditioning
ALETRIS FARINOSA ROOT EXTRACT,antioxidant
ALETRIS FARINOSA ROOT EXTRACT,skin-conditioning
NELUMBO NUCIFERA GERM EXTRACT,skin-conditioning
INOSINE,skin-conditioning
INOSINE,skin-protecting
PEG-9 GLYCERYL ISOSTEARATE,emollient
PEG-9 GLYCERYL ISOSTEARATE,emulsifying
MAGNOLIA SIEBOLDII EXTRACT,skin-conditioning
PRUNUS AMYGDALUS DULCIS SEED,skin-conditioning
C30-45 OLEFIN,skin-conditioning
PROSTANTHERA INCISA LEAF EXTRACT,humectant
PROSTANTHERA INCISA LEAF EXTRACT,skin-conditioning
SODIUM MANNOSE PHOSPHATE,humectant
SODIUM MANNOSE PHOSPHATE,skin-conditioning
ISOTRIDECYL ISONONANOATE,emollient
ISOTRIDECYL ISONONANOATE,skin-conditioning
HYDROLYZED CHITOSAN FERULYL LINOLEATE,antimicrobial
HYDROLYZED CHITOSAN FERULYL LINOLEATE,antioxidant
HYDROLYZED CHITOSAN FERULYL LINOLEATE,antiseborrhoeic
HYDROLYZED CHITOSAN FERULYL LINOLEATE,emulsion-stabilising
HYDROLYZED CHITOSAN FERULYL LINOLEATE,skin-conditioning
ARAUCARIA HETEROPHYLLA LEAF EXTRACT,skin-conditioning
EUGENIA CARYOPHYLLUS SEED EXTRACT,skin-conditioning
PALMITOYL NONAPEPTIDE-6,skin-conditioning
POLYSTEARYL METHACRYLATE,film-forming
EMODIN,skin-conditioning
MARE MILK,skin-conditioning
LAVANDULA HYBRIDA FLOWER WATER,skin-conditioning
BENZYL NICOTINATE,antistatic
BENZYL NICOTINATE,skin-conditioning
ALUMINUM DILINOLEATE,anticaking
ALUMINUM DILINOLEATE,emulsion-stabilising
ALUMINUM DILINOLEATE,opacifying
ALUMINUM DILINOLEATE,viscosity-controlling
RH-POLYPEPTIDE-96,humectant
RH-POLYPEPTIDE-96,skin-conditioning
RH-POLYPEPTIDE-96,solvent
RH-POLYPEPTIDE-96,surfactant
PEG-8 GLYCERYL ISOSTEARATE,emollient
PEG-8 GLYCERYL ISOSTEARATE,emulsifying
DIHYDROXYISOPROPYL CAPRYLOYLCAPRYLAMIDE,skin-protecting
CETYL HEXACOSYL DIMETHICONE/BIS-VINYLDIMETHICONE CROSSPOLYMER,emollient
CETYL HEXACOSYL DIMETHICONE/BIS-VINYLDIMETHICONE CROSSPOLYMER,skin-conditioning
ISOSORBIDE OLEATE,skin-conditioning
ISOMALT,humectant
S-CENTIPEDE DECAPEPTIDE-1,skin-protecting
PEG-60 HYDROGENATED CASTOR OIL LAURATE,skin-conditioning
SODIUM PEG-8 PHOSPHATE,skin-protecting
PANAX GINSENG ROOT PROTOPLASTS,humectant
LACTOCOCCUS FERMENT EXTRACT,skin-conditioning
ISOSTEARYL HYDROXYSTEARATE,emollient
PALMITOYL SH-TRIPEPTIDE-2 AMIDE,humectant
PALMITOYL SH-TRIPEPTIDE-2 AMIDE,skin-conditioning
PALMITOYL SH-TRIPEPTIDE-2 AMIDE,skin-protecting
ISOSTEARYL ALCOHOL,emollient
ISOSTEARYL ALCOHOL,skin-conditioning
ISOSTEARYL ALCOHOL,viscosity-controlling
CETETH-3 STEARATE,skin-conditioning
STEAROYL EPOXY RESIN,film-forming
CERAMIDE NG,skin-conditioning
IPOMOEA BATATAS ROOT LEES EXTRACT,emollient
THYMUS VULGARIS FLOWER/LEAF OIL,masking
THYMUS VULGARIS FLOWER/LEAF OIL,skin-conditioning
THYMUS VULGARIS FLOWER/LEAF OIL,tonic
4-METHYLBENZYLIDENE CAMPHOR,uv-absorber
4-METHYLBENZYLIDENE CAMPHOR,uv-filter
ACETYL HEPTAPEPTIDE-9,skin-conditioning
PERFLUORODECALIN,detangling
PERFLUORODECALIN,skin-conditioning
PERFLUORODECALIN,solvent
LACTOBACILLUS/ERIODICTYON CALIFORNICUM FERMENT EXTRACT,skin-conditioning
DRABA NEMOROSA EXTRACT,antioxidant
DRABA NEMOROSA EXTRACT,skin-conditioning
LILIUM TIGRINUM FLOWER/LEAF/STEM EXTRACT,skin-conditioning
SACCHAROMYCES/SOPHORA JAPONICA BUD FERMENT FILTRATE,skin-conditioning
NOSTOC FLAGELLIFORME EXTRACT,humectant
HORDEUM VULGARE LEAF POWDER,humectant
HORDEUM VULGARE LEAF POWDER,skin-conditioning
CAREX MEYERIANA LEAF/STEM EXTRACT,skin-conditioning
TYPHA ORIENTALIS EXTRACT,skin-conditioning
ANOECTOCHILUS FORMOSANUS SHOOT,emollient
ANOECTOCHILUS FORMOSANUS SHOOT,humectant
ANOECTOCHILUS FORMOSANUS SHOOT,skin-conditioning
PEG/PPG-17/4 DIMETHYL ETHER,skin-conditioning
ULEX EUROPAEUS LEAF/ROOT/STEM EXTRACT,skin-conditioning
RETINOYL OLIGOPEPTIDE-112,skin-conditioning
BENZOYL CHLORIDE,skin-conditioning
RHEUM OFFICINALE STEM EXTRACT,skin-conditioning
ACANTHUS MOLLIS LEAF EXTRACT,skin-conditioning
COPPER SULFATE,skin-conditioning
ACETYLATED HYDROGENATED COTTONSEED GLYCERIDE,emollient
ACETYLATED HYDROGENATED COTTONSEED GLYCERIDE,emulsifying
ACETYLATED HYDROGENATED COTTONSEED GLYCERIDE,skin-conditioning
SCOPARIA DULCIS FLOWER/LEAF/STEM EXTRACT,skin-conditioning
LACTOBACILLUS/SUGAR CANE EXTRACT FERMENT FILTRATE,humectant
METHIONYL R-SALMON OLIGOPEPTIDE-1 SH-POLYPEPTIDE-51,antioxidant
METHIONYL R-SALMON OLIGOPEPTIDE-1 SH-POLYPEPTIDE-51,skin-protecting
TETRADECYLEICOSANOIC ACID,emulsion-stabilising
TETRADECYLEICOSANOIC ACID,viscosity-controlling
BOSWELLIA PAPYRIFERA/SACRA/SERRATA RESIN EXTRACT,skin-protecting
SODIUM HYALURONATE CROSSPOLYMER-2,humectant
PIDOBENZONE,skin-conditioning
PLATINUM DIVINYLDISILOXANE,film-forming
PLATINUM DIVINYLDISILOXANE,skin-conditioning
CHOEROSPONDIAS AXILLARIS LEAF EXTRACT,humectant
SH-POLYPEPTIDE-98,skin-conditioning
GLYCOL MONTANATE,emulsifying
GLYCOL MONTANATE,opacifying
GLYCOL MONTANATE,skin-conditioning
DROSERA RAMENTACEA EXTRACT,skin-conditioning
PENTAERYTHRITYL ROSINATE,film-forming
PPG-1-CETETH-5,skin-conditioning
PPG-1-CETETH-5,surfactant
PINUS PINASTER WOOD EXTRACT,skin-conditioning
GOSSYPIUM HERBACEUM CALLUS CULTURE,skin-conditioning
DIMETHICONOL BEHENATE,skin-conditioning
TETRADECYLPROPIONATES,emollient
TETRADECYLPROPIONATES,skin-conditioning
TETRADECYLPROPIONATES,solvent
HYDROGENATED PUMPKIN SEED OIL,emollient
OCTYL POLYSTYRENE OXIDE/PEG-10 COPOLYMER PHOSPHATE,viscosity-controlling
PEG-45M,humectant
TROPAEOLUM MAJUS LEAF EXTRACT,skin-conditioning
SH-OLIGOPEPTIDE-73 AMIDE TRIFLUOROACETATE,antioxidant
SH-OLIGOPEPTIDE-73 AMIDE TRIFLUOROACETATE,humectant
SH-OLIGOPEPTIDE-73 AMIDE TRIFLUOROACETATE,skin-protecting
KADSURA COCCINEA FRUIT EXTRACT,antioxidant
KADSURA COCCINEA FRUIT EXTRACT,skin-conditioning
AEROPYRUM/SOYBEAN FERMENT FILTRATE,antiseborrhoeic
AEROPYRUM/SOYBEAN FERMENT FILTRATE,emollient
AEROPYRUM/SOYBEAN FERMENT FILTRATE,skin-conditioning
AEROPYRUM/SOYBEAN FERMENT FILTRATE,skin-protecting
OPUNTIA TUNA FRUIT EXTRACT,skin-conditioning
PPG-3 HYDROGENATED CASTOR OIL,skin-conditioning
OLIGOPEPTIDE-69,skin-conditioning
CHAMOMILE RECUTITA FLOWER/JASMINUM OFFICINALE FLOWER EXTRACT,skin-conditioning
FERROUS GLUCONATE,skin-conditioning
CLAM PEARL SAC SECRETION EXTRACT,skin-conditioning
CHAMOMILLA VULGARIS EXTRACT,skin-protecting
LACTOBACILLUS/OPUNTIA FICUS-INDICA EXTRACT FERMENT EXTRACT FILTRATE,humectant
LACTOBACILLUS/OPUNTIA FICUS-INDICA EXTRACT FERMENT EXTRACT FILTRATE,skin-conditioning
LACTOBACILLUS/OPUNTIA FICUS-INDICA EXTRACT FERMENT EXTRACT FILTRATE,skin-protecting
ARGAN OIL POLYGLYCERYL-6 ESTERS,emollient
ARGAN OIL POLYGLYCERYL-6 ESTERS,emulsifying
ARGAN OIL POLYGLYCERYL-6 ESTERS,skin-conditioning
ARGAN OIL POLYGLYCERYL-6 ESTERS,surfactant
LACTOBACILLUS/SEDUM KAMTSCHATICUM LEAF/STEM FERMENT FILTRATE,skin-conditioning
ACETYLARGINYLTRYPTOPHYL DIPHENYLGLYCINE,skin-conditioning
MYRISTOYL/PCA CHITIN,skin-conditioning
MAGNOLIA LILIFLORA FLOWER EXTRACT,skin-conditioning
RHUS SEMIALATA LEAF/STEM EXTRACT,skin-protecting
CETYLOXY DIMETHICONE,emollient
CETYLOXY DIMETHICONE,skin-conditioning
DICETEARYL SUCCINATE,skin-conditioning
HYDROLYZED YEAST EXTRACT,skin-conditioning
CYCLOCARYA PALIURUS LEAF EXTRACT,humectant
CYCLOCARYA PALIURUS LEAF EXTRACT,skin-conditioning
XYLOBIOSE,humectant
XYLOBIOSE,skin-conditioning
PISCUM IECUR OIL,emollient
PISCUM IECUR OIL,skin-conditioning
TRIACETIN,antimicrobial
TRIACETIN,film-forming
TRIACETIN,masking
TRIACETIN,plasticiser
TRIACETIN,solvent
FICUS FORMOSANA ROOT EXTRACT,antioxidant
FICUS FORMOSANA ROOT EXTRACT,skin-conditioning
PEG/PPG-120/10 TRIMETHYLOLPROPANE TRIOLEATE,viscosity-controlling
CANOLA OIL GLYCERIDE,emollient
CANOLA OIL GLYCERIDE,emulsifying
CANOLA OIL GLYCERIDE,skin-conditioning
CANOLA OIL GLYCERIDE,surfactant
MENTHYL ETHYCARBAMATE,skin-conditioning
CUPRESSUS LUSITANICA CALLUS EXTRACT,skin-conditioning
GLYCERETH-25 PCA ISOSTEARATE,emulsifying
GLYCERETH-25 PCA ISOSTEARATE,skin-conditioning
DIPENTAERYTHRITYL HEXAHYDROXYSTEARATE/HEXASTEARATE/HEXAHYDROGENATED ROSINATE,emollient
DIPENTAERYTHRITYL HEXAHYDROXYSTEARATE/HEXASTEARATE/HEXAHYDROGENATED ROSINATE,skin-conditioning
PINUS LAMBERTIANA WOOD EXTRACT,skin-conditioning
LITHOTHAMNION TOPHIFORME POWDER,skin-conditioning
LITHOTHAMNION TOPHIFORME POWDER,skin-protecting
ARALIA ELATA CALLUS EXTRACT,antioxidant
ARALIA ELATA CALLUS EXTRACT,skin-protecting
HYDROLYZED CELOSIA CRISTATA FLOWER/SEED EXTRACT,skin-protecting
CITRUS GLAUCA SEED OIL,antioxidant
CITRUS GLAUCA SEED OIL,emollient
CITRUS GLAUCA SEED OIL,humectant
CITRUS GLAUCA SEED OIL,skin-conditioning
CITRUS GLAUCA SEED OIL,skin-protecting
OCTAPEPTIDE-12 SH-POLYPEPTIDE-56 TRIPEPTIDE-44 SH-POLYPEPTIDE-3,skin-conditioning
OCTAPEPTIDE-12 SH-POLYPEPTIDE-56 TRIPEPTIDE-44 SH-POLYPEPTIDE-3,skin-protecting
GLYCERYL LAURATE/OLEATE,emollient
HAMAMELIS VIRGINIANA BARK/TWIG EXTRACT,astringent
HAMAMELIS VIRGINIANA BARK/TWIG EXTRACT,skin-conditioning
FOENICULUM VULGARE LEAF EXTRACT,humectant
BAROSMA BETULINA LEAF/TWIG EXTRACT,skin-conditioning
DICAPRYLYL MALEATE,emollient
DICAPRYLYL MALEATE,skin-conditioning
DICAPRYLYL MALEATE,solvent
RUBIA YUNNANENSIS EXTRACT,antioxidant
RUBIA YUNNANENSIS EXTRACT,emollient
RUBIA YUNNANENSIS EXTRACT,skin-conditioning
MYRICETIN,antioxidant
MYRICETIN,skin-conditioning
SODIUM DEOXYCHOLATE,skin-conditioning
HYDROLYZED HORSE PLACENTA/UMBILICAL EXTRACT,humectant
HYDROLYZED HORSE PLACENTA/UMBILICAL EXTRACT,skin-conditioning
BETULINYL METHOXY PEG-22 CARBOXYLATE,skin-conditioning
FERROUS FUMARATE,skin-conditioning
OUREN EKISU,skin-conditioning
HYDROLYZED RHEUM OFFICINALE ROOT EXTRACT,skin-protecting
CUCURBITA PEPO PHYTOPLACENTA EXTRACT,emollient
CUCURBITA PEPO PHYTOPLACENTA EXTRACT,humectant
CUCURBITA PEPO PHYTOPLACENTA EXTRACT,skin-conditioning
CUCURBITA PEPO PHYTOPLACENTA EXTRACT,skin-protecting
3-O-CETYL ASCORBIC ACID,skin-conditioning
EVENING PRIMROSE OIL/PALM OIL AMINOPROPANEDIOL ESTERS,skin-conditioning
HYDROGEN DIMETHICONE,film-forming
LYCOPSIS ARVENSIS FRUIT/LEAF/ROOT/STEM EXTRACT,masking
LYCOPSIS ARVENSIS FRUIT/LEAF/ROOT/STEM EXTRACT,skin-protecting
C20-40 ALKYL BEHENATE,emollient
C20-40 ALKYL BEHENATE,skin-conditioning
ISODECYL PALMITATE,emollient
ISODECYL PALMITATE,skin-conditioning
POTASSIUM TYROSYL HISTIDINE OLIVAMIDE,antistatic
POTASSIUM TYROSYL HISTIDINE OLIVAMIDE,skin-protecting
PELTOPHORUM DASYRHACHIS BARK POWDER,humectant
PELTOPHORUM DASYRHACHIS BARK POWDER,skin-conditioning
ERYTHRITOL,humectant
ERYTHRITOL,moisturising
ERYTHRITOL,skin-conditioning
ISOPROPYL BEHENATE,emollient
ISOPROPYL BEHENATE,skin-conditioning
HYDROGENATED LANOLIN ALCOHOL,emulsion-stabilising
HYDROGENATED LANOLIN ALCOHOL,skin-conditioning
SACCHAROMYCES/CALCIUM FERMENT,skin-conditioning
OLIGOPEPTIDE-153,skin-conditioning
OLIGOPEPTIDE-153,skin-protecting
ISOSTEARYL MYRISTATE,binding
ISOSTEARYL MYRISTATE,emollient
ISOSTEARYL MYRISTATE,skin-conditioning
SH-OLIGOPEPTIDE-4,skin-conditioning
EUPATORIUM PURPUREUM FLOWER/LEAF/STEM EXTRACT,emollient
EUPATORIUM PURPUREUM FLOWER/LEAF/STEM EXTRACT,skin-conditioning
EUPATORIUM PURPUREUM FLOWER/LEAF/STEM EXTRACT,tonic
ETHYLENE/MA COPOLYMER,binding
ETHYLENE/MA COPOLYMER,film-forming
VINYL DIMETHICONE/LAURYL DIMETHICONE CROSSPOLYMER,surfactant
VINYL DIMETHICONE/LAURYL DIMETHICONE CROSSPOLYMER,viscosity-controlling
TRIPEPTIDE-45,skin-conditioning
HYDROGENATED BRASSICA CAMPESTRIS/ALEURITES FORDI OIL COPOLYMER,film-forming
HYDROGENATED BRASSICA CAMPESTRIS/ALEURITES FORDI OIL COPOLYMER,skin-conditioning
RUBUS IDAEUS FRUIT EXTRACT,skin-protecting
ISOLAURETH-6,emollient
ISOLAURETH-6,emulsifying
ISOLAURETH-6,surfactant
OLIGOPEPTIDE-100 AMIDE,antimicrobial
OLIGOPEPTIDE-100 AMIDE,antioxidant
OLIGOPEPTIDE-100 AMIDE,antiseborrhoeic
OLIGOPEPTIDE-100 AMIDE,skin-protecting
ERIOBOTRYA JAPONICA LEAF POWDER,humectant
EPILOBIUM FLEISCHERI FLOWER/LEAF/STEM EXTRACT,skin-conditioning
SOLDANELLA ALPINA EXTRACT,skin-conditioning
BAMBUSA ARUNDINACEA STEM EXTRACT,skin-conditioning
PROPYL TRIMETHICONE,humectant
PROPYL TRIMETHICONE,skin-conditioning
PROPYL TRIMETHICONE,solvent
ANANAS SATIVUS STEM POWDER,skin-conditioning
BIS-METHOXY PEG-13 PEG-502/PPG-57/SMDI COPOLYMER,viscosity-controlling
SACCHAROMYCES/ANTLER VELVET/ARBUTIN/CITRUS LIMON FRUIT/GANODERMA LUCIDUM STEM/PANAX GINSENG ROOT/PINUS SYLVESTRIS BUD/PROPAGERMANIUM/ROYAL JELLY/SALMON EGG/TURTLE OIL FERMENT EXTRACT FILTRATE,skin-conditioning
HYDROLYZED SYZYGIUM SAMARANGENSE FRUIT EXTRACT,antioxidant
HYDROLYZED SYZYGIUM SAMARANGENSE FRUIT EXTRACT,skin-conditioning
NANNOCHLOROPSIS GADITANA EXTRACT,antioxidant
NANNOCHLOROPSIS GADITANA EXTRACT,skin-conditioning
BEHENYL ISOSTEARATE,emollient
BEHENYL ISOSTEARATE,skin-conditioning
PROPYL C12-15 PARETH-8 CARBOXYLATE,skin-conditioning
MYRICA PUBESCENS FRUIT WAX,film-forming
MYRICA PUBESCENS FRUIT WAX,skin-conditioning
MYRICA PUBESCENS FRUIT WAX,viscosity-controlling
ETHYLHEXYL METHACRYLATE,film-forming
POLYGLYCERYL SORBITOL,humectant
DIGENEA SIMPLEX EXTRACT,skin-conditioning
ALEURITES MOLUCCANUS ETHYL ESTER,skin-conditioning
PEG-120 METHYL GLUCOSE TRIISOSTEARATE,viscosity-controlling
DISODIUM PHLORETIN DISULFONATE,skin-protecting
BIFIDA/DEER ANTLER FERMENT FILTRATE,skin-conditioning
BERBERIS AQUIFOLIUM EXTRACT,skin-conditioning
DILINOLEIC ACID/PROPANEDIOL COPOLYMER,emollient
DILINOLEIC ACID/PROPANEDIOL COPOLYMER,film-forming
DILINOLEIC ACID/PROPANEDIOL COPOLYMER,plasticiser
DILINOLEIC ACID/PROPANEDIOL COPOLYMER,viscosity-controlling
RICE SH-OLIGOPEPTIDE-1,skin-conditioning
RHUS TYPHINA LEAF EXTRACT,skin-conditioning
RHUS TYPHINA LEAF EXTRACT,skin-protecting
RHODELLA VIOLACEA EXTRACT,skin-conditioning
PIPERIDINEDIONE,skin-conditioning
POTASSIUM LACTATE,buffering
POTASSIUM LACTATE,humectant
POTASSIUM LACTATE,skin-conditioning
CARYA ILLINOINENSIS SEED EXTRACT,skin-conditioning
PRUNUS AVIUM FLOWER EXTRACT,skin-conditioning
ARGINYL SH-PENTAPEPTIDE-7,skin-protecting
HALIMEDA OPUNTIA EXTRACT,emollient
OCTYLPHTHALIDE,skin-conditioning
PEG/PPG-18/18 ISOSTEARATE,emulsifying
PEG/PPG-18/18 ISOSTEARATE,emulsion-stabilising
AGASTACHE MEXICANA FLOWER/LEAF/STEM EXTRACT,skin-conditioning
AGASTACHE MEXICANA FLOWER/LEAF/STEM EXTRACT,skin-protecting
ERUCYL ERUCATE,emollient
RUBUS IDAEUS SEEDCAKE POWDER,skin-conditioning
DEER BLOOD,humectant
DEER BLOOD,skin-conditioning
PIMENTA ACRIS LEAF POWDER,skin-conditioning
R-CLOSTRIDIUM HISTOLYTICUM COLLAGENASE G HEXAPEPTIDE-40,skin-conditioning
CHOLESTERYL BUTYRATE,skin-conditioning
CASTORYL MALEATE,skin-conditioning
LAUROYL POLYNEOPENTYL GLYCOL ADIPATE,viscosity-controlling
DIHYDROQUERCETIN PENTACAPRYLATE,antioxidant
DIHYDROQUERCETIN PENTACAPRYLATE,emollient
DIHYDROQUERCETIN PENTACAPRYLATE,humectant
PALMITOYL HEXAPEPTIDE-36,skin-conditioning
MYRISTOYL METHYL BETA-ALANINE,emulsifying
MYRISTOYL METHYL BETA-ALANINE,skin-conditioning
MYRISTOYL METHYL BETA-ALANINE,surfactant
EUPHORBIA ESULA EXTRACT,skin-conditioning
UNDARIA PINNATIFIDA ROOT POWDER,humectant
UNDARIA PINNATIFIDA ROOT POWDER,skin-conditioning
RUBUS RIBISOIDEUS FRUIT EXTRACT,skin-conditioning
GENTIANELLA ACHALENSIS EXTRACT,skin-conditioning
PHENETHYL DIMETHICONE,emollient
HEXAPEPTIDE-40,skin-conditioning
PYRICARBATE,chelating
PYRICARBATE,skin-conditioning
CERAMIUM RUBRUM EXTRACT,emollient
CERAMIUM RUBRUM EXTRACT,humectant
CERAMIUM RUBRUM EXTRACT,skin-conditioning
EUCALYPTUS PUNCTATA LEAF CELL EXTRACT,skin-conditioning
EUCALYPTUS PUNCTATA LEAF CELL EXTRACT,skin-protecting
LACTOBACILLUS/CHRYSANTHEMUM ZAWADSKII FLOWER/GLEDITSIA JAPONICA FRUIT/THUJA ORIENTALIS LEAF/MORUS ALBA BARK/PANAX GINSENG ROOT/ARTEMISIA VULGARIS EXTRACT FERMENT FILTRATE,skin-conditioning
SORBITOL,humectant
SORBITOL,plasticiser
SORBITOL,skin-conditioning
ETHYLENEDIAMINE/HYDROGENATED DIMER DILINOLEATE COPOLYMER BIS-DI-C14-18 ALKYL AMIDE,oral-care
ETHYLENEDIAMINE/HYDROGENATED DIMER DILINOLEATE COPOLYMER BIS-DI-C14-18 ALKYL AMIDE,skin-conditioning
ETHYLENEDIAMINE/HYDROGENATED DIMER DILINOLEATE COPOLYMER BIS-DI-C14-18 ALKYL AMIDE,viscosity-controlling
PROPYLENE GLYCOL LINOLEATE,skin-conditioning
PROPYLENE GLYCOL LINOLEATE,surfactant
ISOSTEARETH-3 ETHYLHEXANOATE,skin-conditioning
SARRACENIA PURPUREA FLOWER/LEAF/SEED/STALK EXTRACT,skin-protecting
TRIBULUS TERRESTRIS ROOT POWDER,skin-conditioning
TEA-ACRYLATES/ACRYLONITROGENS COPOLYMER,film-forming
SACCHAROMYCES/LILIUM CANDIDUM CALLUS EXTRACT FERMENT EXTRACT FILTRATE,antimicrobial
SACCHAROMYCES/LILIUM CANDIDUM CALLUS EXTRACT FERMENT EXTRACT FILTRATE,antioxidant
SACCHAROMYCES/LILIUM CANDIDUM CALLUS EXTRACT FERMENT EXTRACT FILTRATE,humectant
SACCHAROMYCES/LILIUM CANDIDUM CALLUS EXTRACT FERMENT EXTRACT FILTRATE,skin-conditioning
SACCHAROMYCES/LILIUM CANDIDUM CALLUS EXTRACT FERMENT EXTRACT FILTRATE,skin-protecting
SH-POLYPEPTIDE-31,skin-conditioning
ETHYL LAUROYL ARGINATE LAURATE,skin-conditioning
SUILLUS GREVILLEI FERMENT FILTRATE,emollient
PEG-9 DIGLYCIDYL ETHER/SODIUM HYALURONATE CROSSPOLYMER,skin-conditioning
COPPER ACETYLMETHIONATE,moisturising
COPPER ACETYLMETHIONATE,skin-conditioning
SULCULUS DIVERSICOLOR EXTRACT,skin-conditioning
DODECENE,masking
DODECENE,solvent
DODECENE,viscosity-controlling
ETHYLHEXYL COCOATE,emollient
HEXAPEPTIDE-61,skin-conditioning
NOSTOC ENDOPHYTUM,skin-conditioning
TETRAPEPTIDE-67 DIMER,skin-conditioning
PHTHALIC ANHYDRIDE/BUTYL BENZOIC ACID/PROPYLENE GLYCOL COPOLYMER,film-forming
PHTHALIC ANHYDRIDE/BUTYL BENZOIC ACID/PROPYLENE GLYCOL COPOLYMER,viscosity-controlling
COMMIPHORA MYRRHA LEAF CELL EXTRACT,masking
COMMIPHORA MYRRHA LEAF CELL EXTRACT,skin-protecting
HEXACOSYL GLYCOL ISOSTEARATE,emulsifying
HEXACOSYL GLYCOL ISOSTEARATE,skin-conditioning
PRUNUS CERASUS SEED OIL,emollient
PRUNUS CERASUS SEED OIL,masking
TRIISOSTEARIN PEG-6 ESTERS,emollient
TRIISOSTEARIN PEG-6 ESTERS,skin-conditioning
TRIISOSTEARIN PEG-6 ESTERS,surfactant
CISSAMPELOS PAREIRA ROOT POWDER,skin-conditioning
TETRAPEPTIDE-57,skin-conditioning
SODIUM ACRYLATE/SODIUM ACRYLAMIDOMETHYLPROPANE SULFONATE COPOLYMER,viscosity-controlling
PEGMATITE,abrasive
PEGMATITE,absorbent
PEGMATITE,antimicrobial
PEGMATITE,bulking
PEGMATITE,skin-conditioning
ARCTIUM LAPPA ROOT POWDER,skin-conditioning
TRITICUM VULGARE GERM POWDER,skin-conditioning
TRITICUM VULGARE GERM POWDER,skin-protecting
DIHYDROXYMETHOXYCHALCONE,skin-conditioning
CHAMOMILLA RECUTITA FLOWER/LAVANDULA ANGUSTIFOLIA FLOWER/MELISSA OFFICINALIS LEAF/ROSMARINUS OFFICINALIS LEAF/SALVIA OFFICINALIS LEAF EXTRACT,skin-conditioning
BRASSICA CAMPESTRIS SEED OIL,skin-conditioning
2‚5-DIHYDROXYBENZOIC ACID,skin-conditioning
SIALYLLACTOSE,skin-conditioning
SARRACENIA LEUCOPHYLLA FLOWER/LEAF/SEED/STALK EXTRACT,skin-protecting
OPUNTIA COCCINELLIFERA FRUIT EXTRACT,skin-conditioning
ISOBUTYROYL C10-40 HYDROXYACID C10-40 ISOALKYL ESTERS,skin-conditioning
DECAPEPTIDE-33,skin-conditioning
GLYCERIN/SUCCINIC ACID COPOLYMER CASTORATE,film-forming
HYDROGENATED SAFFLOWER SEED OIL,skin-conditioning
HYDROGENATED SAFFLOWER SEED OIL,viscosity-controlling
TRACHEA HYDROLYSATE,skin-conditioning
HYDROXYPROPYL OXIDIZED STARCH,film-forming
TRIPEPTIDE-52,skin-conditioning
CANDIDA ALBICANS/FRITILLARIA VERTICILLATA BULB FERMENT EXTRACT,skin-conditioning
PEG-65M,binding
PEG-65M,emulsion-stabilising
PEG-65M,viscosity-controlling
ISOSTEARYL ERUCATE,emollient
ISOSTEARYL ERUCATE,skin-conditioning
SACCHAROMYCES/GRAPE FERMENT FILTRATE EXTRACT,antioxidant
SACCHAROMYCES/GRAPE FERMENT FILTRATE EXTRACT,skin-conditioning
POTASSIUM ABIETOYL HYDROLYZED SOY PROTEIN,skin-conditioning
MARIS LIMUS EXTRACT,skin-protecting
HYDROLYZED SOYBEAN FIBER,skin-protecting
BEAN PALMITATE,skin-conditioning
LAURYL 2-GLYCERYL ASCORBATE,antioxidant
LAURYL 2-GLYCERYL ASCORBATE,humectant
ALUMINUM ISOSTEARATES/STEARATES,anticaking
ALUMINUM ISOSTEARATES/STEARATES,emulsion-stabilising
ALUMINUM ISOSTEARATES/STEARATES,opacifying
ALUMINUM ISOSTEARATES/STEARATES,viscosity-controlling
LACTOBACILLUS/COCONUT FRUIT JUICE FERMENT FILTRATE,skin-conditioning
HYDROLYZED METSCHNIKOWIA AGAVES EXTRACT,skin-protecting
NEATSFOOT OIL,skin-conditioning
ANIGOZANTHOS FLAVIDUS FLOWER/LEAF EXTRACT,skin-conditioning
CITRUS AURANTIFOLIA FRUIT WATER,skin-conditioning
METHIONYL SH-POLYPEPTIDE-93,skin-protecting
STEARYL BEESWAX,emollient
STEARYL BEESWAX,skin-conditioning
FRUCTOOLIGOSACCHARIDE CAPRYLATE,skin-conditioning
SH-POLYPEPTIDE-102,skin-protecting
TRIS-ETHOXYDIGLYCOL PHOSPHATE,humectant
TRIS-ETHOXYDIGLYCOL PHOSPHATE,skin-conditioning
PHTHALIC ANHYDRIDE/BENZOIC ACID/TRIMETHYLOLPROPANE COPOLYMER,film-forming
TERMINALIA BELLERICA FRUIT WATER,skin-conditioning
METHYL NIACINAMIDE CHLORIDE,skin-conditioning
METHYL NIACINAMIDE CHLORIDE,skin-protecting
SIMMONDSIA CHINENSIS SEED POWDER,skin-conditioning
MEA-BIOTINATE,skin-conditioning
PINUS PINASTER BARK/BUD EXTRACT,antidandruff
PINUS PINASTER BARK/BUD EXTRACT,antimicrobial
PINUS PINASTER BARK/BUD EXTRACT,antioxidant
PINUS PINASTER BARK/BUD EXTRACT,oral-care
PINUS PINASTER BARK/BUD EXTRACT,skin-conditioning
PINUS PINASTER BARK/BUD EXTRACT,uv-absorber
LEPTOCYLINDRUS DANICUS EXTRACT,antioxidant
LEPTOCYLINDRUS DANICUS EXTRACT,skin-conditioning
NELUMBO NUCIFERA LEAF CELL CULTURE POWDER,skin-protecting
HYDROLYZED PECTIN,skin-conditioning
RUMEX STENOPHYLLUS FLOWER/LEAF/STEM EXTRACT,skin-conditioning
LAURYL ACRYLATE/VA COPOLYMER,film-forming
LAURYL ACRYLATE/VA COPOLYMER,foam-boosting
LAURYL ACRYLATE/VA COPOLYMER,skin-conditioning
LACTOBACILLUS/CAPSICUM FRUTESCENS FRUIT FERMENT EXTRACT,skin-conditioning
MYRETH-3 LAURATE,emollient
MYRETH-3 LAURATE,skin-conditioning
SACCHAROMYCES/SWIFTLET NEST FERMENT FILTRATE,emollient
SACCHAROMYCES/SWIFTLET NEST FERMENT FILTRATE,skin-conditioning
PERSEA GRATISSIMA SEED EXTRACT,humectant
PERSEA GRATISSIMA SEED EXTRACT,skin-conditioning
NYMPHAEA CAERULEA FLOWER OIL,skin-conditioning
BIOSACCHARIDE GUM-1,skin-conditioning
LEDEBOURIELLA SESELOIDES CALLUS CULTURE EXTRACT,skin-conditioning
ASPALATHUS LINEARIS LEAF,skin-conditioning
LIGUSTRUM LUCIDUM LEAF EXTRACT,skin-conditioning
SERENOA SERRULATA FRUIT WATER,masking
SERENOA SERRULATA FRUIT WATER,skin-conditioning
ERUCYL OLEATE,emollient
LEONTOPODIUM ALPINUM LEAF CELL EXTRACT,skin-protecting
BACILLUS/APRICOT SEED/ARTEMISIA ANNUA EXTRACT/PHASEOLUS ANGULARIS SEED/SOYBEAN SEED/WHEAT BRAN/XANTHIUM STRUMARIUM FRUIT EXTRACT FERMENT EXTRACT,skin-conditioning
HYDROLYZED PRUNELLA VULGARIS EXTRACT,skin-protecting
PEG-8/SMDI COPOLYMER,film-forming
OXIDIZED TALL OIL ACIDS/NEOPENTYL GLYCOL COPOLYMER,emollient
OXIDIZED TALL OIL ACIDS/NEOPENTYL GLYCOL COPOLYMER,film-forming
OXIDIZED TALL OIL ACIDS/NEOPENTYL GLYCOL COPOLYMER,plasticiser
OXIDIZED TALL OIL ACIDS/NEOPENTYL GLYCOL COPOLYMER,skin-conditioning
OXIDIZED TALL OIL ACIDS/NEOPENTYL GLYCOL COPOLYMER,surfactant
HYDROXYBENZYL ALCOHOL,skin-conditioning
ISODON TRICHOCARPUS EXTRACT,masking
ISODON TRICHOCARPUS EXTRACT,skin-conditioning
HAZELNUT SEED OIL DECYL ESTERS,skin-conditioning
CITRUS LIMON FRUIT EXTRACT,masking
CITRUS LIMON FRUIT EXTRACT,skin-conditioning
GLYCERYL TALLOWATE,emollient
GLYCERYL TALLOWATE,emulsifying
GLYCERYL TALLOWATE,skin-conditioning
GLYCERYL TALLOWATE,surfactant
POLYGLYCERYL-10 LAURATE,skin-conditioning
SH-POLYPEPTIDE-78,skin-conditioning
GLYCYRRHIZA GLABRA ROOT WATER,antioxidant
GLYCYRRHIZA GLABRA ROOT WATER,skin-conditioning
TRIMETHYLOLPROPANE,humectant
TRIMETHYLOLPROPANE,solvent
TRILAURYL PHOSPHATE,plasticiser
TRILAURYL PHOSPHATE,skin-conditioning
TRILAURYL PHOSPHATE,surfactant
SCHIZOPHYLLAN,humectant
BIFIDA/PAECILOMYCES JAPONICA MYCELIUM/PANAX GINSENG ROOT FERMENT FILTRATE,skin-conditioning
PNA-1 CARBOXYETHYL FLUORENE,astringent
PNA-1 CARBOXYETHYL FLUORENE,humectant
PNA-1 CARBOXYETHYL FLUORENE,skin-conditioning
GLYCERETH-6 TRICOCOATE,emollient
ALPINIA SPECIOSA LEAF EXTRACT,skin-conditioning
ALUMINUM ISOSTEARATES/LAURATES/STEARATES,anticaking
ALUMINUM ISOSTEARATES/LAURATES/STEARATES,emulsion-stabilising
ALUMINUM ISOSTEARATES/LAURATES/STEARATES,opacifying
ALUMINUM ISOSTEARATES/LAURATES/STEARATES,viscosity-controlling
MENTHA PIPERITA LEAF JUICE,skin-conditioning
TETRAHEXYLDECYL ASCORBATE,antioxidant
TETRAHEXYLDECYL ASCORBATE,skin-conditioning
PEG-58 HYDROGENATED CASTOR OIL ISOSTEARATE,emulsifying
PEG-58 HYDROGENATED CASTOR OIL ISOSTEARATE,viscosity-controlling
RUBIA CORDIFOLIA STEM EXTRACT,humectant
AEGLE MARMELOS ROOT POWDER,skin-conditioning
ANNONA MURICATA LEAF/STEM EXTRACT,skin-conditioning
PEG-12 GLYCERYL DIMYRISTATE,skin-conditioning
CALLIBLEPHARIS CILIATA EXTRACT,skin-conditioning
PRUNELLA VULGARIS FLOWER/LEAF/STEM EXTRACT,skin-protecting
NIACINAMIDE THIOCTATE,antioxidant
NIACINAMIDE THIOCTATE,skin-conditioning
TRIPEPTIDE-34,skin-conditioning
OCTAPEPTIDE-34,skin-conditioning
SH-DECAPEPTIDE-1,skin-conditioning
HEXADECYLEICOSANOIC ACID,viscosity-controlling
HYALURONIC ACID/POLYGLUTAMIC ACID CROSSPOLYMER,antioxidant
HYALURONIC ACID/POLYGLUTAMIC ACID CROSSPOLYMER,antiseborrhoeic
HYALURONIC ACID/POLYGLUTAMIC ACID CROSSPOLYMER,humectant
HYALURONIC ACID/POLYGLUTAMIC ACID CROSSPOLYMER,skin-conditioning
HYALURONIC ACID/POLYGLUTAMIC ACID CROSSPOLYMER,skin-protecting
DECYL DIMETHICONE,emollient
DECYL DIMETHICONE,skin-conditioning
PEG-10 GLYCERYL TRISTEARATE,emollient
PEG-10 GLYCERYL TRISTEARATE,emulsifying
LAGERSTROEMIA SPECIOSA LEAF EXTRACT,skin-conditioning
AZELAOYL OCTAPEPTIDE-9,antimicrobial
AZELAOYL OCTAPEPTIDE-9,antiseborrhoeic
AZELAOYL OCTAPEPTIDE-9,skin-protecting
RUBUS CHAMAEMORUS CALLUS,skin-conditioning
CITRUS AURANTIUM AMARA WOOD EXTRACT,emollient
CITRUS AURANTIUM AMARA WOOD EXTRACT,skin-conditioning
ACETAMIDOETHOXYETHANOL,humectant
ERUCAMIDE,opacifying
ERUCAMIDE,viscosity-controlling
HYDROLYZED STURGEON EXTRACT,humectant
HYDROLYZED STURGEON EXTRACT,skin-conditioning
MALT EXTRACT,skin-protecting
MALT EXTRACT,tonic
PALMITOYL COCOA SEED EXTRACT,antioxidant
PALMITOYL COCOA SEED EXTRACT,skin-conditioning
ROSA ODORATA EXTRACT,astringent
ROSA ODORATA EXTRACT,humectant
ETHYL ASPARTATE,antistatic
ETHYL ASPARTATE,skin-conditioning
CETEARYL METHICONE,skin-conditioning
HELICHRYSUM ITALICUM PHYTOPLACENTA EXTRACT,humectant
HELICHRYSUM ITALICUM PHYTOPLACENTA EXTRACT,skin-conditioning
TRIFLUOROPROPYL DIMETHICONOL,skin-conditioning
SERICOSIDE,skin-conditioning
TRIS(PPG-3 BENZYL ETHER) CITRATE,emollient
ARGAN OIL GLYCERETH-8 ESTERS,cleansing
ARGAN OIL GLYCERETH-8 ESTERS,emollient
ARGAN OIL GLYCERETH-8 ESTERS,emulsifying
ARGAN OIL GLYCERETH-8 ESTERS,surfactant
RHODODENDRON ANTHOPOGON FLOWER POWDER,humectant
OPUNTIA FICUS-INDICA FRUIT WATER,antioxidant
OPUNTIA FICUS-INDICA FRUIT WATER,emollient
OPUNTIA FICUS-INDICA FRUIT WATER,skin-conditioning
GLYCINE SOJA EXTRACT,skin-conditioning
XYMENYNIC ACID,emollient
XYMENYNIC ACID,skin-conditioning
HEDYCHIUM CORONARIUM POWDER,skin-conditioning
SPIRAEA ULMARIA FLOWER EXTRACT,skin-conditioning
NAHOCOL D,skin-conditioning
POLYQUATERNIUM-33,antistatic
POLYQUATERNIUM-33,film-forming
GLYCOL/SEBACIC ACID COPOLYMER,abrasive
GLYCOL/SEBACIC ACID COPOLYMER,film-forming
GLYCOL/SEBACIC ACID COPOLYMER,skin-conditioning
GLYCOL/SEBACIC ACID COPOLYMER,viscosity-controlling
N-CYCLOHEXANOYL TYRAMINE,antioxidant
N-CYCLOHEXANOYL TYRAMINE,skin-protecting
TETRAACETOXYCHALCONE,skin-protecting
CEDRELA SINENSIS SPROUT EXTRACT,skin-conditioning
PENTAERYTHRITYL TETRAOLEATE,emollient
PENTAERYTHRITYL TETRAOLEATE,viscosity-controlling
SACCHAROMYCES/ASPARAGUS COCHINCHINENSIS ROOT/LYCIUM CHINENSE ROOT/OPHIOPOGON JAPONICUS ROOT/PANAX GINSENG ROOT/PORIA COCOS/REHMANNIA GLUTINOSA ROOT FERMENT FILTRATE,skin-conditioning
SACCHARINA ANGUSTATA EXTRACT,emollient
SACCHARINA ANGUSTATA EXTRACT,skin-conditioning
TOCOPHERETH-50,antioxidant
TOCOPHERETH-50,skin-conditioning
TOCOPHERETH-50,surfactant
POTASSIUM ALUMINUM POLYACRYLATE,absorbent
POTASSIUM ALUMINUM POLYACRYLATE,viscosity-controlling
PENTAERYTHRITYL TETRAISONONANOATE,emollient
SILLIMANITE,abrasive
SILLIMANITE,skin-protecting
URIDINE,skin-conditioning
URIDINE,skin-protecting
SORBITAN DISTEARATE,emollient
CARBENIA BENEDICTA EXTRACT,skin-conditioning
CARBENIA BENEDICTA EXTRACT,tonic
PICHIA PASTORIS/SOYBEAN SEED FERMENT LYSATE EXTRACT FILTRATE,skin-conditioning
LACTOBACILLUS/ARTEMISIA PRINCEPS LEAF EXTRACT/HONEYSUCKLE FLOWER EXTRACT/PAEONIA ALBIFLORA ROOT EXTRACT/PHELLODENDRON AMURENSE BARK EXTRACT FERMENT FILTRATE,skin-conditioning
TRIMETHYLSILYL TRIMETHYLSILOXY GLYCOLATE,skin-conditioning
SODIUM DIMER COENZYME A,emollient
SODIUM DIMER COENZYME A,skin-conditioning
PEANUT OIL PEG-6 ESTERS,emollient
MEVALONOLACTONE,humectant
EMPETRUM NIGRUM CALLUS EXTRACT,skin-protecting
ALPINIA INTERMEDIA LEAF/STEM WATER,emollient
ALPINIA INTERMEDIA LEAF/STEM WATER,skin-conditioning
HYDROLYZED RYE PHYTOPLACENTA EXTRACT,skin-conditioning
RHODODENDRON ANTHOPOGON FLOWER/LEAF EXTRACT,skin-conditioning
ACACIA VICTORIAE SEED EXTRACT,skin-conditioning
ASARUM SIEBOLDII ROOT EXTRACT,skin-conditioning
SCHISANDRA CHINENSIS FRUIT OIL,skin-conditioning
KOJIC ISOPALMITATE,skin-conditioning
AUCOUMEA KLAINEANA RESIN EXTRACT,skin-conditioning
HYDROLYZED ROE EXTRACT,humectant
HYDROLYZED ROE EXTRACT,skin-conditioning
HYDROGENATED PANAX GINSENG ROOT OIL,antioxidant
HYDROGENATED PANAX GINSENG ROOT OIL,emulsion-stabilising
HYDROGENATED PANAX GINSENG ROOT OIL,humectant
HYDROGENATED PANAX GINSENG ROOT OIL,skin-conditioning
PELLIS LIPIDA,emollient
AVENA SATIVA MERISTEM CELL EXTRACT,humectant
AVENA SATIVA MERISTEM CELL EXTRACT,skin-conditioning
GLYCERETH-7 BENZOATE,emollient
GLYCERETH-7 BENZOATE,solvent
HELIANTHUS ANNUUS SEEDCAKE EXTRACT,skin-conditioning
PEG-150/STEARYL ALCOHOL/SMDI COPOLYMER,film-forming
PEG-150/STEARYL ALCOHOL/SMDI COPOLYMER,viscosity-controlling
NICOTINOYL PENTAPEPTIDE-44,skin-protecting
TETRANDRINE,skin-conditioning
CHONDRUS ELATUS/SACCHARINA ANGUSTATA/MONOSTROMA NITIDUM THALLUS EXTRACT,skin-conditioning
POLYPERFLUOROETHOXYMETHOXY DIFLUOROMETHYL DISTEARAMIDE,skin-conditioning
STREPTOCOCCUS THERMOPHILUS/MILK FERMENT LYSATE,skin-conditioning
GLYCYRRHIZA PALLIDIFLORA ROOT EXTRACT,skin-conditioning
SACCHAROMYCES/(ACHYRANTHES BIDENTATA/ANGELICA GIGAS/ANGELICA PUBESCENS/ANGELICA TENUISSIMA/ASARUM SIEBOLDI/CNIDIUM OFFICINALE/LEDEBOURIELLA DIVARICATA/PAEONIA SUFFRUTICOSA) ROOT/EUCOMMIA ULMOIDES BARK/MAGNOLIA LILIFLORA BUD FERMENT FILTRATE,skin-conditioning
ARAUCARIA ANGUSTIFOLIA SEED EXTRACT,emollient
ARAUCARIA ANGUSTIFOLIA SEED EXTRACT,skin-conditioning
NEOPENTYL GLYCOL DIISOSTEARATE,emulsifying
NEOPENTYL GLYCOL DIISOSTEARATE,skin-conditioning
KLUYVEROMYCES/SACCHARUM OFFICINARUM STEM JUICE EXTRACT FERMENT FILTRATE,skin-conditioning
ORYZA SATIVA GERM OIL,emollient
AGAROSE,skin-conditioning
AGAROSE,viscosity-controlling
ANTHRACITE EXTRACT,abrasive
ANTHRACITE EXTRACT,skin-conditioning
XYLITYL CAPRATE/CAPRYLATE,antimicrobial
XYLITYL CAPRATE/CAPRYLATE,emulsion-stabilising
XYLITYL CAPRATE/CAPRYLATE,humectant
XYLITYL CAPRATE/CAPRYLATE,preservative
XYLITYL CAPRATE/CAPRYLATE,skin-conditioning
ALLANBLACKIA STUHLMANNII SEED BUTTER,emollient
ALLANBLACKIA STUHLMANNII SEED BUTTER,skin-conditioning
ALLANBLACKIA STUHLMANNII SEED BUTTER,skin-protecting
PHORMIUM TENAX LEAF JUICE,humectant
PISCES EXTRACT,moisturising
PISCES EXTRACT,skin-conditioning
PAEONIA ALBIFLORA ROOT EXTRACT,skin-conditioning
MUSA SAPIENTUM FLOWER EXTRACT,skin-conditioning
COCONUT OIL DECYL ESTERS,skin-conditioning
POTASSIUM ASCORBYLBORATE,skin-conditioning
ISOSTEARYL ISOBUTYRATE,emollient
ISOSTEARYL ISOBUTYRATE,skin-conditioning
PROPYL METHACRYLATE,film-forming
CETYL PEG/PPG-7/3 DIMETHICONE,emulsifying
CETYL PEG/PPG-7/3 DIMETHICONE,emulsion-stabilising
CETYL PEG/PPG-7/3 DIMETHICONE,surfactant
SODIUM/TEA C12-13 PARETH-3 SULFATE,skin-conditioning
BORAGE SEED OIL/HYDROGENATED BORAGE SEED OIL ESTERS,emollient
BORAGE SEED OIL/HYDROGENATED BORAGE SEED OIL ESTERS,skin-protecting
PEG-6 GLYCERYL CAPRATE,emollient
PEG-6 GLYCERYL CAPRATE,emulsifying
CAESALPINIA DECAPETALA LEAF EXTRACT,skin-conditioning
BORAGE SEED OIL AMINOPROPANEDIOL AMIDES,skin-conditioning
MIMOSA TENUIFLORA LEAF POWDER,skin-conditioning
DITRIMETHYLOLPROPANE TETRAACRYLATE,film-forming
HYDROLYZED POLYGONUM MULTIFLORUM ROOT EXTRACT,skin-conditioning
HYDROLYZED POLYGONUM MULTIFLORUM ROOT EXTRACT,skin-protecting
PEG-20 HYDROGENATED LANOLIN,emollient
PEG-20 HYDROGENATED LANOLIN,emulsifying
AUREOBASIDIUM PULLULANS/SCHISANDRA CHINENSIS FRUIT/POLYGONATUM SIBIRICUM RHIZOME/ROOT EXTRACT FERMENT FILTRATE,emollient
AUREOBASIDIUM PULLULANS/SCHISANDRA CHINENSIS FRUIT/POLYGONATUM SIBIRICUM RHIZOME/ROOT EXTRACT FERMENT FILTRATE,skin-conditioning
CALCIUM HEXAPEPTIDE-11,skin-conditioning
ERYNGIUM ALPINUM FLOWER EXTRACT,skin-conditioning
GLYCERYL DILINOLEATE,emollient
LACTOBACILLUS FERMENT FILTRATE,skin-conditioning
PICRORHIZA KURROOA RHIZOME/ROOT EXTRACT,skin-conditioning
MAGNESIUM LACTATE,buffering
MAGNESIUM LACTATE,keratolytic
MAGNESIUM LACTATE,skin-conditioning
GLYCERETH-18 ETHYLHEXANOATE,skin-conditioning
JOJOBA ALCOHOL,emollient
JOJOBA ALCOHOL,skin-conditioning
JOJOBA ALCOHOL,viscosity-controlling
GUANIDINE CARBONATE/HDI ISOCYANURATE TRIMER/MDI CROSSPOLYMER,film-forming
MELISSA OFFICINALIS MERISTEM CELL CULTURE,skin-conditioning
ALPINIA SPECIOSA FLOWER/LEAF/STEM WATER,antimicrobial
ALPINIA SPECIOSA FLOWER/LEAF/STEM WATER,emollient
ALPINIA SPECIOSA FLOWER/LEAF/STEM WATER,skin-conditioning
CAFFEOYL SH-DECAPEPTIDE-23,antioxidant
CAFFEOYL SH-DECAPEPTIDE-23,skin-protecting
SR-SPIDER POLYPEPTIDE-4,skin-conditioning
CYANOCOBALAMIN/YEAST POLYPEPTIDE,skin-conditioning
GARDENIA JASMINOIDES MERISTEM CELL CULTURE,antioxidant
GARDENIA JASMINOIDES MERISTEM CELL CULTURE,skin-protecting
MOSLA DIANTHERA EXTRACT,skin-conditioning
ASPERGILLUS/LACTOBACILLUS/CAMELLIA SINENSIS LEAF FERMENT EXTRACT FILTRATE,skin-conditioning
ACACIA DEALBATA FLOWER/STEM EXTRACT,skin-conditioning
ACACIA DEALBATA FLOWER/STEM EXTRACT,skin-protecting
ACACIA SALIGNA LEAF EXTRACT,astringent
ACACIA SALIGNA LEAF EXTRACT,skin-conditioning
TRIHEPTANOIN,skin-conditioning
TRIHEPTANOIN,surfactant
TRIHEPTANOIN,viscosity-controlling
POLYPODIUM VULGARE RHIZOME EXTRACT,humectant
POLYPODIUM VULGARE RHIZOME EXTRACT,skin-conditioning
MYRISTOYL OCTAPEPTIDE-31,skin-conditioning
TETRAPEPTIDE-2,skin-conditioning
SILYBUM MARIANUM ETHYL ESTER,skin-conditioning
OPERCULINA TURPETHUM LEAF/STEM EXTRACT,skin-conditioning
ISOPRENE/PENTADIENE COPOLYMER,viscosity-controlling
HEPTAPEPTIDE-15 PALMITATE,skin-conditioning
PARALLELOSTROMBIDIUM SICULUM EXTRACT,skin-conditioning
PINANEDIOL,skin-conditioning
BEHENYL BEESWAX,skin-conditioning
BEHENYL BEESWAX,viscosity-controlling
DIISOPROPANOLAMINE/METHYLHEXAHYDROPHTHALIC ANHYDRIDE NONANOATE COPOLYMER,film-forming
DIPOTASSIUM GLYCYRRHIZATE,humectant
DIPOTASSIUM GLYCYRRHIZATE,skin-conditioning
MYRISTOYL TETRAPEPTIDE-20,skin-conditioning
BERTHOLLETIA EXCELSA SEED EXTRACT,skin-conditioning
PEG-4 METHYL ETHER,humectant
PEG-4 METHYL ETHER,solvent
SWEET ALMOND OIL PEG-8 ESTERS,emollient
SWEET ALMOND OIL PEG-8 ESTERS,emulsifying
STEARETH-9 STEARATE,emollient
STEARETH-9 STEARATE,skin-conditioning
CHITOSAN LAURAMIDE HYDROXYPROPYLTRIMONIUM CHLORIDE,emulsifying
CHITOSAN LAURAMIDE HYDROXYPROPYLTRIMONIUM CHLORIDE,skin-conditioning
CHITOSAN LAURAMIDE HYDROXYPROPYLTRIMONIUM CHLORIDE,surfactant
MYRISTOYL NONAPEPTIDE-3,skin-conditioning
MANGANESE CHLORIDE,skin-conditioning
C28-36 OLEFIN,skin-conditioning
RETINYL OLEATE,skin-conditioning
LACTOBACILLUS/CURCURBITA PEPO FRUIT FERMENT EXTRACT,skin-conditioning
MESSERSCHMIDIA SIBIRICA EXTRACT,skin-conditioning
CHOLESTEROL/HDI/PULLULAN COPOLYMER,emulsifying
CHOLESTEROL/HDI/PULLULAN COPOLYMER,emulsion-stabilising
CHOLESTEROL/HDI/PULLULAN COPOLYMER,humectant
CHOLESTEROL/HDI/PULLULAN COPOLYMER,stabilising
CHOLESTEROL/HDI/PULLULAN COPOLYMER,viscosity-controlling
CRATAEGUS MONOGYNA FLOWER EXTRACT,skin-conditioning
SYNTHETIC CARNAUBA,binding
SYNTHETIC CARNAUBA,emollient
SYNTHETIC CARNAUBA,emulsion-stabilising
SYNTHETIC CARNAUBA,viscosity-controlling
RAPESEED OIL DECYL ESTERS,skin-conditioning
SH-POLYPEPTIDE-56 TRIPEPTIDE-44 SH-OLIGOPEPTIDE-1,skin-conditioning
LACTOBACILLUS/SACCHAROMYCES/CNIDIUM OFFICINALE RHIZOME/COPTIDIS JAPONICA RHIZOME/CORN/ZIZYPHUS JUJUBA FRUIT FERMENT FILTRATE,skin-protecting
MONOSTROMA NITIDUM THALLUS EXTRACT,emollient
MONOSTROMA NITIDUM THALLUS EXTRACT,skin-conditioning
PEG-6 OLIVE GLYCERIDES,emollient
PEG-6 OLIVE GLYCERIDES,emulsifying
CEROTIC ACID,viscosity-controlling
VERBENA OFFICINALIS FLOWER EXTRACT,skin-conditioning
LAURYL P-CRESOL KETOXIME,buffering
LAURYL P-CRESOL KETOXIME,skin-conditioning
MALEIC ANHYDRIDE,film-forming
LANOLINAMIDE DEA,emulsifying
LANOLINAMIDE DEA,emulsion-stabilising
LANOLINAMIDE DEA,surfactant
LANOLINAMIDE DEA,viscosity-controlling
PLATYCARYA STROBILACEA FRUIT EXTRACT,skin-conditioning
FICUS ERECTA BRANCH/LEAF EXTRACT,skin-conditioning
PRUNUS INSITITIA SEED OIL,emollient
PRUNUS INSITITIA SEED OIL,skin-conditioning
SYMPHYTUM OFFICINALE CALLUS CULTURE EXTRACT,skin-conditioning
PPG-4 LAURYL ETHER,emollient
PPG-4 LAURYL ETHER,skin-conditioning
PALMITOYL DIPEPTIDE-28 D-SERINE DIPEPTIDE-7 PALMITAMIDE,skin-conditioning
PEG-50 HYDROGENATED CASTOR OIL TRIISOSTEARATE,emulsifying
PEG-50 HYDROGENATED CASTOR OIL TRIISOSTEARATE,viscosity-controlling
PALMITAMIDE MEA,antistatic
PALMITAMIDE MEA,foam-boosting
PALMITAMIDE MEA,viscosity-controlling
UNDECETH-11,emollient
UNDECETH-11,emulsifying
UNDECETH-11,skin-conditioning
UNDECETH-11,surfactant
LAURYL LACTYL LACTATE,foam-boosting
LAURYL LACTYL LACTATE,opacifying
LAURYL LACTYL LACTATE,skin-conditioning
LAURYL LACTYL LACTATE,viscosity-controlling
EPOXIDIZED SOYBEAN OIL,emollient
EPOXIDIZED SOYBEAN OIL,plasticiser
PEG-12 GLYCERYL DISTEARATE,emollient
SELENICEREUS MEGALANTHUS FRUIT EXTRACT,skin-conditioning
SUNFLOWER SEED OIL POLYGLYCERYL-6 ESTERS,emulsifying
SUNFLOWER SEED OIL POLYGLYCERYL-6 ESTERS,emulsion-stabilising
POLYVINYLACETAMIDE,viscosity-controlling
INDIGOFERA SUFFRUTICOSA LEAF/STEM EXTRACT,skin-conditioning
TOCOPHERYL GLUCOSIDE,emollient
TOCOPHERYL GLUCOSIDE,skin-conditioning
TYPHA ANGUSTIFOLIA SPIKE EXTRACT,skin-conditioning
POLYGONATUM ODORATUM RHIZOME EXTRACT,skin-conditioning
TETRADECYLOCTADECYL STEARATE,binding
TETRADECYLOCTADECYL STEARATE,emulsion-stabilising
TETRADECYLOCTADECYL STEARATE,film-forming
TETRADECYLOCTADECYL STEARATE,opacifying
TETRADECYLOCTADECYL STEARATE,skin-conditioning
HYDROXYPROPYL BISLAURAMIDE MEA,emollient
ACTINIDIA POLYGAMA LEAF/STEM EXTRACT,skin-conditioning
ACTINIDIA POLYGAMA LEAF/STEM EXTRACT,skin-protecting
POLYGONUM TINCTORIUM FLOWER EXTRACT,skin-conditioning
POLYGONUM TINCTORIUM FLOWER EXTRACT,skin-protecting
DIMETHYL ISOSORBIDE,solvent
DIMETHYL ISOSORBIDE,viscosity-controlling
GLYCOL TALLATE,emollient
GLYCOL TALLATE,skin-conditioning
CAKILE MARITIMA EXTRACT,skin-conditioning
IMPATIENS CAPENSIS LEAF EXTRACT,astringent
IMPATIENS CAPENSIS LEAF EXTRACT,skin-conditioning
GLUCOSE PENTAISOVALERATE,humectant
POLYGLYCERYL-3 DI-HYDROXYSTEARATE,emollient
POLYGLYCERYL-3 DI-HYDROXYSTEARATE,emulsifying
POLYGLYCERYL-3 DI-HYDROXYSTEARATE,skin-conditioning
POLYGLYCERYL-3 DI-HYDROXYSTEARATE,surfactant
TARAXACUM OFFICINALE ROOT POWDER,skin-conditioning
MALPIGHIA GLABRA FRUIT WATER,skin-conditioning
PPG-2-CETETH-1,skin-conditioning
BIS-C16-20 ISOALKOXY TMHDI/PEG-90 COPOLYMER,viscosity-controlling
DIPENTAERYTHRITYL TRI-POLYHYDROXYSTEARATE,emollient
DIPENTAERYTHRITYL TRI-POLYHYDROXYSTEARATE,skin-conditioning
PEG-2 CAPRYLYLAMINE,cleansing
PEG-2 CAPRYLYLAMINE,emulsifying
PEG-2 CAPRYLYLAMINE,surfactant
PEG-2 CAPRYLYLAMINE,viscosity-controlling
OPUNTIA STRICTA SEED OIL,emollient
OPUNTIA STRICTA SEED OIL,skin-conditioning
CYMBOPOGON SCHOENANTHUS LEAF/STEM EXTRACT,skin-conditioning
LIRIOPE MUSCARI EXTRACT,skin-conditioning
ALISMA PLANTAGO AQUATICA EXTRACT,skin-conditioning
PEG-6 HYDROGENATED PALM/PALM KERNEL GLYCERIDE,emollient
PEG-6 HYDROGENATED PALM/PALM KERNEL GLYCERIDE,emulsifying
DIMETHYLBUTANONE RETINOATE,skin-conditioning
SORBETH-20,solvent
SORBETH-20,viscosity-controlling
PPG-20 METHYL GLUCOSE ETHER DISTEARATE,emollient
PPG-20 METHYL GLUCOSE ETHER DISTEARATE,skin-conditioning
MONARDA FISTULOSA,skin-conditioning
PEG-5 GLYCERYL TRISTEARATE,emollient
PEG-5 GLYCERYL TRISTEARATE,emulsifying
BIOTITE,bulking
BIOTITE,viscosity-controlling
C10-40 ISOALKYL ACID CHOLESTEROL ESTERS,skin-conditioning
C10-40 ISOALKYL ACID CHOLESTEROL ESTERS,viscosity-controlling
DRYOPTERIS FILIX-MAS LEAF EXTRACT,skin-conditioning
HYDROXYETHYL/METHOXYETHYL ACRYLATE/ BUTYL ACRYLATE COPOLYMER,film-forming
ISATIS TINCTORIA SEED OIL,skin-conditioning
BUTYLENE GLYCOL ISOSTEARATE,emollient
BUTYLENE GLYCOL ISOSTEARATE,emulsifying
BUTYLENE GLYCOL ISOSTEARATE,skin-conditioning
BUTYLENE GLYCOL ISOSTEARATE,surfactant
HYPOCHAERIS RADICATA FLOWER EXTRACT,skin-conditioning
AMORPHOPHALLUS CAMPANULATUS RHIZOME/ROOT EXTRACT,skin-conditioning
DISODIUM COCAMIDO MIPA-SULFOSUCCINATE,cleansing
DISODIUM COCAMIDO MIPA-SULFOSUCCINATE,foam-boosting
DISODIUM COCAMIDO MIPA-SULFOSUCCINATE,foaming
DISODIUM COCAMIDO MIPA-SULFOSUCCINATE,hydrotrope
DISODIUM COCAMIDO MIPA-SULFOSUCCINATE,skin-conditioning
DISODIUM COCAMIDO MIPA-SULFOSUCCINATE,surfactant
AGARICUS BLAZEI/SOY FLOUR/SUCROSE FERMENT EXTRACT,film-forming
AGARICUS BLAZEI/SOY FLOUR/SUCROSE FERMENT EXTRACT,skin-conditioning
ZEDERONE,skin-conditioning
ORYZOPSIS MILIACEA EXTRACT,skin-conditioning
PHORMIDIUM ELEMIS LYSATE FILTRATE,antioxidant
PHORMIDIUM ELEMIS LYSATE FILTRATE,humectant
PHORMIDIUM ELEMIS LYSATE FILTRATE,skin-conditioning
RAFFINOSE,skin-conditioning
BACILLUS/SILK/SOYBEAN/TAGETES ERECTA FLOWER FERMENT FILTRATE,emollient
BACILLUS/SILK/SOYBEAN/TAGETES ERECTA FLOWER FERMENT FILTRATE,skin-conditioning
CHLORELLA PYRENOIDOSA POWDER,skin-conditioning
TRIS(TRIBUTOXYSILOXY)METHYLSILANE,emollient
TRIS(TRIBUTOXYSILOXY)METHYLSILANE,skin-conditioning
STEARAMIDE MIPA,antistatic
STEARAMIDE MIPA,foam-boosting
STEARAMIDE MIPA,viscosity-controlling
GLYCERYL ARACHIDATE,emollient
GLYCERYL ARACHIDATE,emulsifying
SARGACHROMANOL A,skin-conditioning
BUTYLDIMONIUMHYDROXYPROPYL LAURYLGLUCOSIDES CHLORIDE,cleansing
BUTYLDIMONIUMHYDROXYPROPYL LAURYLGLUCOSIDES CHLORIDE,emulsifying
BUTYLDIMONIUMHYDROXYPROPYL LAURYLGLUCOSIDES CHLORIDE,skin-conditioning
BUTYLDIMONIUMHYDROXYPROPYL LAURYLGLUCOSIDES CHLORIDE,surfactant
SH-DECAPEPTIDE-1 SH-OLIGOPEPTIDE-4,skin-conditioning
LIMUS EXTRACT,skin-conditioning
LEUCAS CEPHALOTES LEAF EXTRACT,skin-conditioning
CAMELLIA SINENSIS CALLUS CULTURE LYSATE,antioxidant
CAMELLIA SINENSIS CALLUS CULTURE LYSATE,skin-conditioning
CAMELLIA SINENSIS CALLUS CULTURE LYSATE,skin-protecting
HYDROLYZED SOYMILK PROTEIN,skin-conditioning
SUCROSE POLYOLEATE,emollient
SUCROSE POLYOLEATE,emulsifying
SUCROSE POLYOLEATE,skin-conditioning
SUCROSE POLYOLEATE,surfactant
PHENOXY PEG-2 ACRYLATE,film-forming
GRIFOLA FRONDOSA ROOT/ RICE SEED/CITRUS UNSHIU PEEL/CARTHAMUS TINCTORIUS SEED OIL FERMENT FILTRATE,antioxidant
GRIFOLA FRONDOSA ROOT/ RICE SEED/CITRUS UNSHIU PEEL/CARTHAMUS TINCTORIUS SEED OIL FERMENT FILTRATE,skin-conditioning
FOUQUIERIA SPLENDENS STEM EXTRACT,skin-conditioning
VACCINIUM MYRTILLUS SEEDCAKE POWDER,abrasive
VACCINIUM MYRTILLUS SEEDCAKE POWDER,skin-conditioning
FRAGARIA VESCA LEAF EXTRACT,astringent
FRAGARIA VESCA LEAF EXTRACT,skin-conditioning
SACCHAROMYCES/CAMELLIA JAPONICA FLOWER/CASTANEA CRENATA SHELL/DIOSPYROS KAKI LEAF/PAEONIA SUFFRUTICOSA ROOT/RHUS JAVANICA/SANGUISORBA OFFICINALIS ROOT EXTRACT FERMENT FILTRATE,skin-conditioning
NEPHELIUM LONGANA FRUIT EXTRACT,skin-conditioning
ISOHEXYL CAPRATE,emollient
SACCHAROMYCES/CORDYCEPS SINENSIS FERMENT FILTRATE,skin-conditioning
THYMUS SATUREJOIDES OIL,skin-conditioning
PSEUDOALTEROMONAS FERMENT EXTRACT,humectant
POLYQUATERNIUM-99,film-forming
STARCH DIETHYLAMINOETHYL ETHER,antistatic
STARCH DIETHYLAMINOETHYL ETHER,film-forming
STARCH DIETHYLAMINOETHYL ETHER,skin-conditioning
PPG-3 MYRISTYL ETHER,emollient
PPG-3 MYRISTYL ETHER,skin-conditioning
PLATONIA INSIGNIS SEED OIL,emollient
PLATONIA INSIGNIS SEED OIL,skin-conditioning
ENTEROCOCCUS FAECIUM/LACTOBACILLUS/SALIX PURPUREA BARK/LEAF/STEM/WOOD/ASCORBIC ACID/ GLUCONOLACTONE FERMENT EXTRACT FILTRATE,antidandruff
ENTEROCOCCUS FAECIUM/LACTOBACILLUS/SALIX PURPUREA BARK/LEAF/STEM/WOOD/ASCORBIC ACID/ GLUCONOLACTONE FERMENT EXTRACT FILTRATE,antiplaque
ENTEROCOCCUS FAECIUM/LACTOBACILLUS/SALIX PURPUREA BARK/LEAF/STEM/WOOD/ASCORBIC ACID/ GLUCONOLACTONE FERMENT EXTRACT FILTRATE,humectant
ENTEROCOCCUS FAECIUM/LACTOBACILLUS/SALIX PURPUREA BARK/LEAF/STEM/WOOD/ASCORBIC ACID/ GLUCONOLACTONE FERMENT EXTRACT FILTRATE,skin-conditioning
METHOTREXOYL OLIGOPEPTIDE-59,skin-conditioning
HABERLEA RHODOPENSIS CALLUS EXTRACT,antimicrobial
HABERLEA RHODOPENSIS CALLUS EXTRACT,antioxidant
HABERLEA RHODOPENSIS CALLUS EXTRACT,humectant
HABERLEA RHODOPENSIS CALLUS EXTRACT,skin-conditioning
HABERLEA RHODOPENSIS CALLUS EXTRACT,skin-protecting
METHYL METHACRYLATE/ACRYLONITRILE COPOLYMER,film-forming
OCTYLDODECANOL,emollient
OCTYLDODECANOL,masking
OCTYLDODECANOL,perfuming
BLETILLA STRIATA CALLUS POWDER,antioxidant
BLETILLA STRIATA CALLUS POWDER,skin-protecting
TRIMETHYLCYCLOHEXYL ACRYLATE,film-forming
BELLIS PERENNIS FLOWER/HELICHRYSUM ITALICUM EXTRACT,skin-conditioning
DIISOOCTYL SUCCINATE,emollient
DIISOOCTYL SUCCINATE,skin-conditioning
ULMUS AMERICANA FLOWER EXTRACT,skin-conditioning
ACRYLATES/HYDROXYPROPYL EPOXIDIZED SOYBEAN OIL COPOLYMER,film-forming
SODIUM PHENYLACETYL GLUTAMINE,skin-conditioning
SOYBEAN OIL POLYGLYCERYL-6 ESTERS,emollient
SOYBEAN OIL POLYGLYCERYL-6 ESTERS,emulsifying
SOYBEAN OIL POLYGLYCERYL-6 ESTERS,skin-conditioning
SOYBEAN OIL POLYGLYCERYL-6 ESTERS,surfactant
CETYL ACETYL RICINOLEATE,emollient
CETYL ACETYL RICINOLEATE,skin-conditioning
SACCHAROMYCES/PANAX GINSENG ROOT FERMENT FILTRATE,skin-conditioning
GELATIN CROSSPOLYMER,skin-conditioning
TAPIRIRA GUIANENSIS LEAF EXTRACT,skin-conditioning
SH-POLYPEPTIDE-60,skin-conditioning
SOYBEAN OIL PEG-8 ESTERS,emollient
SOYBEAN OIL PEG-8 ESTERS,emulsifying
BENZOPHENONE-5,uv-absorber
BENZOPHENONE-5,uv-filter
FRAGARIA VESCA JUICE,astringent
FRAGARIA VESCA JUICE,skin-conditioning
OXIDIZED CELLULOSE,viscosity-controlling
BACILLUS/MONASCUS/CAPSELLA BURSA-PASTORIS LEAF/RICE BRAN FERMENT FILTRATE,antimicrobial
BACILLUS/MONASCUS/CAPSELLA BURSA-PASTORIS LEAF/RICE BRAN FERMENT FILTRATE,antioxidant
BACILLUS/MONASCUS/CAPSELLA BURSA-PASTORIS LEAF/RICE BRAN FERMENT FILTRATE,emollient
BACILLUS/MONASCUS/CAPSELLA BURSA-PASTORIS LEAF/RICE BRAN FERMENT FILTRATE,skin-conditioning
SCIRPUS FLUVIATILIS RHIZOME EXTRACT,skin-conditioning
STEAROYL DIHYDROXY ISOBUTYLAMIDE STEARATE,skin-conditioning
RHODODENDRON ARBOREUM BARK EXTRACT,skin-conditioning
TRITICUM VULGARE BRAN LIPIDS,skin-conditioning
ACRYLATES/STEARYL METHACRYLATE COPOLYMER,emulsion-stabilising
ACRYLATES/STEARYL METHACRYLATE COPOLYMER,viscosity-controlling
CALCIUM POLYGLUTAMATE CROSSPOLYMER,emulsion-stabilising
CALCIUM POLYGLUTAMATE CROSSPOLYMER,film-forming
CALCIUM POLYGLUTAMATE CROSSPOLYMER,skin-conditioning
GALACTOMYCES/PHELLINUS LINTEUS EXTRACT FERMENT FILTRATE,humectant
GALACTOMYCES/PHELLINUS LINTEUS EXTRACT FERMENT FILTRATE,skin-conditioning
GALACTOMYCES/PHELLINUS LINTEUS EXTRACT FERMENT FILTRATE,skin-protecting
STELLERA CHAMAEJASME LEAF/STEM EXTRACT,skin-conditioning
ISOSTEAROYLOXY CYCLOHEXYLBUTYRAMIDE,emollient
ISOSTEAROYLOXY CYCLOHEXYLBUTYRAMIDE,skin-conditioning
RHODIOLA SACHALINENSIS CALLUS CULTURE EXTRACT,skin-conditioning
STEARYL/PPG-3 MYRISTYL ETHER DIMER DILINOLEATE,emollient
STEARYL/PPG-3 MYRISTYL ETHER DIMER DILINOLEATE,skin-conditioning
CURCUMA LONGA CALLUS CONDITIONED MEDIA,skin-conditioning
OLIGOPEPTIDE-136,skin-conditioning
PEG-7 THEOBROMA GRANDIFLORUM SEED BUTTER GLYCERYL ESTERS,emollient
PEG-7 THEOBROMA GRANDIFLORUM SEED BUTTER GLYCERYL ESTERS,skin-conditioning
SH-POLYPEPTIDE-77,skin-conditioning
BIFIDA/ENTEROCOCCUS FAECIUM/LACTOBACILLUS/STREPTOCOCCUS THERMOPHILUS/SOYMILK/NONFAT MILK FERMENT EXTRACT,skin-protecting
ROSA MOSCHATA OIL,astringent
ROSA MOSCHATA OIL,emollient
ROSA MOSCHATA OIL,masking
ROSA MOSCHATA OIL,tonic
LACTOBACILLUS/SORBUS COMMIXTA BRANCH FERMENT FILTRATE,emollient
LACTOBACILLUS/SORBUS COMMIXTA BRANCH FERMENT FILTRATE,skin-conditioning
PEG/PPG-22/40 DIMETHYL ETHER,skin-conditioning
POLLIA CONDENSATA FRUIT EXTRACT,skin-conditioning
PVP/DECENE COPOLYMER,binding
PVP/DECENE COPOLYMER,emulsion-stabilising
PVP/DECENE COPOLYMER,film-forming
PVP/DECENE COPOLYMER,viscosity-controlling
LACTOBACILLUS/LEUCONOSTOC/TOMATO FRUIT EXTRACT FERMENT FILTRATE,humectant
LACTOBACILLUS/LEUCONOSTOC/TOMATO FRUIT EXTRACT FERMENT FILTRATE,skin-conditioning
BISMUTH SUBGALLATE,skin-conditioning
ASTERIONELLOPSIS GLACIALIS EXTRACT,antioxidant
ASTERIONELLOPSIS GLACIALIS EXTRACT,skin-conditioning
PPG-6-SORBETH-245,binding
PPG-6-SORBETH-245,emollient
PPG-6-SORBETH-245,humectant
STREPTOCOCCUS THERMOPHILUS/LACTOBACILLUS/BIFIDOBACTERIUM/LICORICE ROOT EXTRACT FERMENT FILTRATE,antimicrobial
STREPTOCOCCUS THERMOPHILUS/LACTOBACILLUS/BIFIDOBACTERIUM/LICORICE ROOT EXTRACT FERMENT FILTRATE,antioxidant
STREPTOCOCCUS THERMOPHILUS/LACTOBACILLUS/BIFIDOBACTERIUM/LICORICE ROOT EXTRACT FERMENT FILTRATE,astringent
STREPTOCOCCUS THERMOPHILUS/LACTOBACILLUS/BIFIDOBACTERIUM/LICORICE ROOT EXTRACT FERMENT FILTRATE,emollient
STREPTOCOCCUS THERMOPHILUS/LACTOBACILLUS/BIFIDOBACTERIUM/LICORICE ROOT EXTRACT FERMENT FILTRATE,skin-conditioning
GLYCERYL COCOATE,emollient
GLYCERYL COCOATE,emulsifying
FRUCTOSE,humectant
MAGNOLIA DENUDATA CALLUS EXTRACT,antioxidant
MAGNOLIA DENUDATA CALLUS EXTRACT,skin-protecting
PYRUS CYDONIA PEEL/FRUIT WAX,skin-conditioning
PYRUS CYDONIA PEEL/FRUIT WAX,viscosity-controlling
CAPRYLYL EICOSENOATE,skin-conditioning
ISOBUTYLENE/SODIUM MALEATE COPOLYMER,film-forming
ISOBUTYLENE/SODIUM MALEATE COPOLYMER,viscosity-controlling
ACETYL SH-PENTAPEPTIDE-35,skin-conditioning
PPG-2 MYRISTYL ETHER PROPIONATE,emollient
PPG-2 MYRISTYL ETHER PROPIONATE,skin-conditioning
JUGLANS REGIA SEED OIL,skin-conditioning
CETYL GLYCERYL ETHER,emollient
CETYL GLYCERYL ETHER,skin-conditioning
ALOE BARBADENSIS LEAF POWDER,skin-conditioning
OROTIC ACID,skin-conditioning
CALCIUM HYDROXYMETHIONINE,skin-conditioning
HYDROGENATED HEMP SEED OIL,emollient
HYDROGENATED HEMP SEED OIL,skin-conditioning
ODORIKOSOU EKISU,skin-conditioning
PYRUS COMMUNIS FRUIT EXTRACT,skin-conditioning
PYRUS COMMUNIS FRUIT EXTRACT,skin-protecting
HYDROXYDECYL UBIQUINONE LINOLEATE,antioxidant
HYDROXYDECYL UBIQUINONE LINOLEATE,skin-conditioning
TETRAPEPTIDE-59,skin-conditioning
BACILLUS/CORDYCEPS SINENSIS/GANODERMA LUCIDUM/INONOTUS OBLIQUUS/LENTINUS EDODES/PHELLINUS LINTEUS/SCHIZOPHYLLUM COMMUNE/TRICHOLOMA MATSUTAKE EXTRACT FERMENT FILTRATE,skin-conditioning
TOCOPHERYL DIMETHYLGLYCINATE HCL,antioxidant
TOCOPHERYL DIMETHYLGLYCINATE HCL,skin-conditioning
OLIGOPEPTIDE-51,skin-conditioning
OZONIZED TURPENTINE,antimicrobial
OZONIZED TURPENTINE,oxidising
OZONIZED TURPENTINE,skin-conditioning
LILIUM BULBIFERUM FLOWER/LEAF/STEM JUICE,skin-conditioning
LIGUSTRUM VULGARE FRUIT EXTRACT,skin-conditioning
SCROPHULARIA BUERGERIANA ROOT EXTRACT,emollient
BAMBUSA VULGARIS LEAF EXTRACT,skin-conditioning
LACTOBACILLUS/LACTOCOCCUS/CHONDRUS OCELLATUS FERMENT FILTRATE,emollient
LACTOBACILLUS/LACTOCOCCUS/CHONDRUS OCELLATUS FERMENT FILTRATE,skin-conditioning
LACTOBACILLUS/ASTRAGALUS MEMBRANACEUS ROOT EXTRACT FERMENT FILTRATE,antioxidant
LACTOBACILLUS/ASTRAGALUS MEMBRANACEUS ROOT EXTRACT FERMENT FILTRATE,skin-conditioning
TRILINOLEIC ACID,emollient
TRILINOLEIC ACID,refatting
TRILINOLEIC ACID,skin-conditioning
TRILINOLEIC ACID,viscosity-controlling
GUANIDINE FERULAMIDE,skin-conditioning
SYNTHETIC BEESWAX,binding-agent
SYNTHETIC BEESWAX,emulsion-stabilising
SYNTHETIC BEESWAX,viscosity-controlling
LACTOBACILLUS/LESPEDEZA CUNEATA LEAF/STEM FERMENT FILTRATE,emollient
LACTOBACILLUS/LESPEDEZA CUNEATA LEAF/STEM FERMENT FILTRATE,skin-conditioning
GLUCOHEPTONOLACTONE,skin-conditioning
SOLANUM LYCOPERSICUM LEAF CELL EXTRACT,antioxidant
SOLANUM LYCOPERSICUM LEAF CELL EXTRACT,skin-protecting
ETHYL PERSATE,emollient
METHOXYTRIMETHYLPHENYL DIHYDROXYPHENYL PROPANOL,antioxidant
METHOXYTRIMETHYLPHENYL DIHYDROXYPHENYL PROPANOL,skin-conditioning
AESCULUS HIPPOCASTANUM FLOWER WATER,skin-conditioning
HYDROLYZED LYCIUM BARBARUM FRUIT EXTRACT,antioxidant
HYDROLYZED LYCIUM BARBARUM FRUIT EXTRACT,skin-protecting
SOLANUM LYCOPERSICUM CALYX EXTRACT,skin-conditioning
PHALAENOPSIS AMABILIS EXTRACT,humectant
R-OLIGOPEPTIDE-91 SH-POLYPEPTIDE-99,skin-conditioning
HYDROXYLATED 2-OCTANOL,emollient
HYDROXYLATED 2-OCTANOL,humectant
HYDROXYLATED 2-OCTANOL,skin-conditioning
AVENA STRIGOSA SEED EXTRACT,skin-conditioning
GALAXAURA RUGOSA EXTRACT,emollient
GALAXAURA RUGOSA EXTRACT,skin-conditioning
SH-DECAPEPTIDE-23,antioxidant
SH-DECAPEPTIDE-23,skin-protecting
LAGERSTROEMIA INDICA FLOWER EXTRACT,skin-conditioning
RHAPIS FLABELLIFORMIS LEAF EXTRACT,skin-conditioning
ALEURITES MOLUCCANUS BARK EXTRACT,skin-conditioning
AERANGIS FASTUOSA CALLUS POWDER,skin-conditioning
INOSITOL HEXA-PCA,humectant
INOSITOL HEXA-PCA,skin-conditioning
SALACIA RETICULATA WOOD EXTRACT,skin-conditioning
VIOLA ODORATA CALLUS POWDER,skin-conditioning
GLYCYRRHIZA GLABRA CALLUS CULTURE EXTRACT,skin-conditioning
HEA/IPDI ISOCYANURATE TRIMER/PG CROSSPOLYMER,film-forming
PALMITOYL DIPEPTIDE-7,skin-conditioning
CYSTOSEIRA CAESPITOSA EXTRACT,skin-protecting
ACETYL SH-HEPTAPEPTIDE-1,skin-conditioning
SALVIA SCLAREA FLOWER/LEAF/STEM EXTRACT,skin-conditioning
SACCHAROMYCES/HONEY/VINEGAR/WINE/ WITHANIA SOMNIFERA ROOT FERMENT FILTRATE,skin-conditioning
CENTELLA ASIATICA CALLUS CONDITIONED MEDIA,skin-conditioning
PALM GLYCERIDE,emollient
PALM GLYCERIDE,emulsifying
LACTOBACILLUS/LEUCONOSTOC/SACCHAROMYCES ABALONE FERMENT EXTRACT FILTRATE,skin-conditioning
JASMINUM SAMBAC FLOWER WAX,emollient
JASMINUM SAMBAC FLOWER WAX,skin-conditioning
SH-OLIGOPEPTIDE-10,skin-conditioning
C14-18 ACID GLYCOL ESTER,emollient
C14-18 ACID GLYCOL ESTER,skin-conditioning
BROMELAIN,keratolytic
BROMELAIN,skin-conditioning
SACCHAROMYCES/CALCIUM/GERMANIUM FERMENT LYSATE EXTRACT,skin-conditioning
ALLIUM FISTULOSUM BULB EXTRACT,skin-conditioning
SACCHAROMYCES/REHMANNIA GLUTINOSA ROOT FERMENT EXTRACT,antioxidant
SACCHAROMYCES/REHMANNIA GLUTINOSA ROOT FERMENT EXTRACT,emollient
SACCHAROMYCES/REHMANNIA GLUTINOSA ROOT FERMENT EXTRACT,skin-protecting
LUTEOLIN,skin-conditioning
OLIGOPEPTIDE-34,skin-conditioning
LAURYL STEARATE,emollient
LAURYL STEARATE,skin-conditioning
BUTYLENE GLYCOL DIISONONANOATE,emollient
BUTYLENE GLYCOL DIISONONANOATE,skin-conditioning
BUTYLENE GLYCOL DIISONONANOATE,viscosity-controlling
GLYCOL DIETHYLHEXANOATE,emollient
GLYCOL DIETHYLHEXANOATE,skin-conditioning
GLYCOL DIETHYLHEXANOATE,viscosity-controlling
VANILLA PLANIFOLIA FRUIT WATER,skin-conditioning
CALYCOPHYLLUM SPRUCEANUM BARK EXTRACT,skin-conditioning
ONSEN-SUI,skin-conditioning
PEG-7 OLIVE GLYCERIDES,emollient
PEG-7 OLIVE GLYCERIDES,emulsifying
LACTOBACILLUS/CALENDULA OFFICINALIS FLOWER EXTRACT FERMENT FILTRATE,antioxidant
LACTOBACILLUS/CALENDULA OFFICINALIS FLOWER EXTRACT FERMENT FILTRATE,emollient
LACTOBACILLUS/CALENDULA OFFICINALIS FLOWER EXTRACT FERMENT FILTRATE,skin-conditioning
PENTYLPHENYL METHOXYBENZOATE,skin-conditioning
ACRYLIC ACID/STEARYL ACRYLATE COPOLYMER,emulsion-stabilising
ACRYLIC ACID/STEARYL ACRYLATE COPOLYMER,film-forming
PYRUS MALUS ROOT EXTRACT,skin-conditioning
POLYGLYCERYL-4 DIISOSTEARATE/POLYHYDROXYSTEARATE/SEBACATE,emulsifying
POLYGLYCERYL-4 DIISOSTEARATE/POLYHYDROXYSTEARATE/SEBACATE,emulsion-stabilising
POLYGLYCERYL-4 DIISOSTEARATE/POLYHYDROXYSTEARATE/SEBACATE,surfactant
DIHYDROCHOLESTERYL NONANOATE,emollient
DIHYDROCHOLESTERYL NONANOATE,skin-conditioning
MELALEUCA LEUCADENDRON CAJAPUT FRUIT EXTRACT,skin-conditioning
SHEA BUTTER PEG-32 ESTERS,emulsifying
SHEA BUTTER PEG-32 ESTERS,skin-conditioning
SHEA BUTTER PEG-32 ESTERS,surfactant
NICOTINOYL PENTAPEPTIDE-33,antioxidant
NICOTINOYL PENTAPEPTIDE-33,skin-protecting
NONAPEPTIDE-33,skin-conditioning
LACTOBACILLUS/SACCHAROMYCES/CNIDII RHIZOMA ROOT FERMENT FILTRATE,antioxidant
LACTOBACILLUS/SACCHAROMYCES/CNIDII RHIZOMA ROOT FERMENT FILTRATE,skin-conditioning
LACTOBACILLUS/SACCHAROMYCES/CNIDII RHIZOMA ROOT FERMENT FILTRATE,skin-protecting
SUNFLOWER SEED OIL/HYDROGENATED SUNFLOWER SEED OIL ESTERS,emollient
SUNFLOWER SEED OIL/HYDROGENATED SUNFLOWER SEED OIL ESTERS,skin-conditioning
SUNFLOWER SEED OIL/HYDROGENATED SUNFLOWER SEED OIL ESTERS,skin-protecting
SUNFLOWER SEED OIL/HYDROGENATED SUNFLOWER SEED OIL ESTERS,viscosity-controlling
SACCHAROMYCES/ROSA DAMASCENA FLOWER EXTRACT FERMENT FILTRATE,skin-conditioning
LEUCONOSTOC/PASSIFLORA EDULIS PULP/SOY PROTEIN FERMENT LYSATE FILTRATE,skin-conditioning
FARFUGIUM JAPONICUM STEM EXTRACT,skin-conditioning
FOLIC ACID,skin-conditioning
OLIGOPEPTIDE-111,skin-conditioning
HYDROGENATED STARCH EXTRACT,humectant
HYDROGENATED STARCH EXTRACT,skin-conditioning
TRIS-HEA IPDI ISOCYANURATE TRIMER,film-forming
CISTUS LADANIFERUS LEAF/STEM WATER,humectant
CISTUS LADANIFERUS LEAF/STEM WATER,skin-conditioning
R-CLOSTRIDIUM HISTOLYTICUM COLLAGENASE H,skin-conditioning
METHIONYL SH-POLYPEPTIDE-1,skin-conditioning
OCTYLDODECYL DIMER DILINOLEYL ALCOHOL/SUCCINIC ACID COPOLYMER,emollient
RUBUS IDAEUS LEAF POWDER,skin-conditioning
SACCHAROMYCES/COPPER FERMENT LYSATE FILTRATE,skin-conditioning
ACETYL OLIGOPEPTIDE-129 AMIDOPROPOXY PEG-2 PROPYLAMINE,skin-conditioning
ECHEVERIA SECUNDA LEAF EXTRACT,emollient
ECHEVERIA SECUNDA LEAF EXTRACT,humectant
ECHEVERIA SECUNDA LEAF EXTRACT,skin-conditioning
DIMETHICONE,antifoaming
DIMETHICONE,emollient
DIMETHICONE,skin-conditioning
DIMETHICONE,skin-protecting
BIS-SH-PENTAPEPTIDE-38 PORPHYRA 334,antioxidant
BIS-SH-PENTAPEPTIDE-38 PORPHYRA 334,stabilising
BIS-SH-PENTAPEPTIDE-38 PORPHYRA 334,uv-filter
SAGERETIA THEA LEAF EXTRACT,skin-conditioning
HYDROGENATED RHUS VERNICIFLUA PEEL WAX,skin-conditioning
TYPHA LATIFOLIA SPIKE EXTRACT,skin-conditioning
T-BUTYLBENZAMIDO HYDROXYLPHENYLACETAMIDE,antioxidant
T-BUTYLBENZAMIDO HYDROXYLPHENYLACETAMIDE,skin-protecting
NELUMBO NUCIFERA CALLUS CULTURE EXTRACT,antimicrobial
NELUMBO NUCIFERA CALLUS CULTURE EXTRACT,antioxidant
NELUMBO NUCIFERA CALLUS CULTURE EXTRACT,humectant
C11-15 PARETH-3 OLEATE,emollient
C11-15 PARETH-3 OLEATE,emulsifying
C11-15 PARETH-3 OLEATE,skin-conditioning
ABELIOPHYLLUM DISTICHUM EXTRACT,skin-conditioning
QUERCUS GLAUCA STEM EXTRACT,skin-conditioning
TILIA CORDATA OIL,masking
TILIA CORDATA OIL,skin-conditioning
VALERIANA OFFICINALIS RHIZOME EXTRACT,skin-conditioning
LACTOBACILLUS/GRAPE FRUIT JUICE/SODIUM GLUTAMATE FERMENT,skin-protecting
NITROSOMONAS EUTROPHA,skin-conditioning
ALPINIA URAIENSIS LEAF EXTRACT,skin-conditioning
TETRAPEPTIDE-41,skin-conditioning
PUNICA GRANATUM GLYCERIDES,emollient
PUNICA GRANATUM GLYCERIDES,skin-conditioning
PUNICA GRANATUM GLYCERIDES,skin-protecting
PUNICA GRANATUM GLYCERIDES,surfactant
SALICYLOYL OLIGOPEPTIDE-143,skin-conditioning
GARCINIA CAMBOGIA FRUIT EXTRACT,skin-conditioning
GLYCERYL CAPRYLATE,emollient
GLYCERYL CAPRYLATE,emulsifying
OLIGOPEPTIDE-49,skin-conditioning
HYDROGENATED PUNICA GRANATUM SEED OIL,skin-protecting
HYDROGENATED PUNICA GRANATUM SEED OIL,viscosity-controlling
GALACTOMYCES/SOYMILK FERMENT FILTRATE,humectant
GLYCERETH-20 BENZOATE,skin-conditioning
GLYCERETH-20 BENZOATE,solvent
GANODERMA ATRUM EXTRACT,skin-conditioning
GUANYLCYSTAMINE HBR,skin-conditioning
GLYCERETH-26,humectant
GLYCERETH-26,viscosity-controlling
BARLEY SH-POLYPEPTIDE-25,skin-conditioning
HYDROLYZED LUPINE PROTEIN OCTENYLSUCCINATE,skin-protecting
ACETOBACTER/LYCIUM CHINENSE FRUIT/REHMANNIA GLUTINOSA ROOT/CUSCUTA CHINENSIS FRUIT/CISTANCHE DESERTICOLA/ZANTHOXYLUM PIPERITUM FRUIT/CHRYSANTHEMUM MORIFOLIUM FRUIT/PORIA COCOS/ CINNAMOMUM CASSIA FERMENT,skin-conditioning
LACTOBACILLUS/RICE BRAN FERMENT FILTRATE,antioxidant
LACTOBACILLUS/RICE BRAN FERMENT FILTRATE,skin-conditioning
DIETHYL ACETYL ASPARTATE,skin-conditioning
SACCHAROMYCES/GOLD FERMENT LYSATE FILTRATE,skin-conditioning
ACRYLAMIDOPROPYLTRIMONIUM CHLORIDE/ACRYLATES COPOLYMER,film-forming
BUBULUM OIL,emollient
BUBULUM OIL,solvent
PISCUM OVUM EXTRACT,skin-conditioning
BACILLUS/MONASCUS/CAVIAR/RICE BRAN FERMENT FILTRATE,emollient
BACILLUS/MONASCUS/CAVIAR/RICE BRAN FERMENT FILTRATE,humectant
BACILLUS/MONASCUS/CAVIAR/RICE BRAN FERMENT FILTRATE,skin-conditioning
BACILLUS/MONASCUS/CAVIAR/RICE BRAN FERMENT FILTRATE,skin-protecting
BROUSSONETIA KAZINOKI ROOT EXTRACT,skin-conditioning
HYDROGENATED DILINOLEYL ALCOHOL,emollient
HYDROGENATED DILINOLEYL ALCOHOL,skin-conditioning
BIS(PENTAERYTHRITYL TRIACRYLATE) PENTAERYTHRITYL DIACRYLATE/IPDI COPOLYMER,film-forming
PEG-CROSSPOLYMER,film-forming
PHALAENOPSIS SHIUH-DONG WHISHKEY FLOWER EXTRACT,antioxidant
PHALAENOPSIS SHIUH-DONG WHISHKEY FLOWER EXTRACT,skin-conditioning
PHALAENOPSIS SHIUH-DONG WHISHKEY FLOWER EXTRACT,skin-protecting
LENTINUS EDODES/DEFATTED RICE BRAN/SUGAR CANE EXTRACT FERMENT EXTRACT,skin-conditioning
SOLANUM TUBEROSUM CALLUS CULTURE EXTRACT,skin-conditioning
OLIGOPEPTIDE-150,skin-conditioning
NICOTIANA SYLVESTRIS LEAF CELL CULTURE,skin-conditioning
TETRAPEPTIDE-56,skin-conditioning
HYDROLYZED SPONGE,skin-conditioning
GRATELOUPIA SPARSA EXTRACT,emollient
GRATELOUPIA SPARSA EXTRACT,skin-conditioning
BENZYL LAURATE/MYRISTATE/PALMITATE,plasticiser
BENZYL LAURATE/MYRISTATE/PALMITATE,skin-conditioning
BENZYL LAURATE/MYRISTATE/PALMITATE,solvent
POLYLACTATE/RICINOLEATE,skin-conditioning
HYDROGENATED VEGETABLE OIL,emollient
HYDROGENATED VEGETABLE OIL,skin-conditioning
TRIPEPTIDE-38,skin-conditioning
ISOPROPYL TITANIUM TRIISOSTEARATE/PERFLUOROOCTYL TRIETHOXYSILANE CROSSPOLYMER,surfactant
ISOPROPYL TITANIUM TRIISOSTEARATE/PERFLUOROOCTYL TRIETHOXYSILANE CROSSPOLYMER,viscosity-controlling
D-NONAPEPTIDE-1 DIPEPTIDE-15 D-HEPTAPEPTIDE-1 D-NONAPEPTIDE-2 GLYCINAMIDE,skin-conditioning
POLYQUATERNIUM-34,antistatic
POLYQUATERNIUM-34,film-forming
LUFFA CYLINDRICA FRUIT/DAUCUS CAROTA SATIVA ROOT/CUCUMIS SATIVA FRUIT EXTRACT,skin-conditioning
GLYCERYL SESQUIOLEATE,emollient
GLYCERYL SESQUIOLEATE,emulsifying
PEG-450,binding
PEG-450,emulsion-stabilising
PEG-450,solvent
CITRUS HASSAKU FRUIT EXTRACT,humectant
CITRUS HASSAKU FRUIT EXTRACT,skin-conditioning
ACRYLATES/C10-30 ALKYL METHACRYLATE COPOLYMER,viscosity-controlling
SEDUM BULBIFERUM EXTRACT,skin-conditioning
HEDTA,absorbent
HEDTA,bulking
HEDTA,chelating
HEDTA,opacifying
HEDTA,viscosity-controlling
SECHIUM EDULE FRUIT JUICE,emollient
ROSA CENTIFOLIA CALLUS CULTURE EXTRACT,skin-protecting
CARPOTROCHE BRASILIENSIS SEED BUTTER,emollient
HELIANTHUS ANNUUS LEAF/STEM EXTRACT,skin-conditioning
AGARICUS BISPORUS CAP/STEM EXTRACT,emollient
MYRISTOYL TETRAPEPTIDE-34,skin-conditioning
TSUGA HETEROPHYLLA BARK POWDER,skin-conditioning
HYDROLYZED EEL HEAD EXTRACT,emollient
HYDROLYZED EEL HEAD EXTRACT,skin-conditioning
HYDROGENATED POTATO STARCH,viscosity-controlling
RH-OLIGOPEPTIDE-4,skin-conditioning
HYLOCEREUS UNDATUS EXTRACT,skin-conditioning
SHIRAKABA EKISU,skin-conditioning
MELILOTUS OFFICINALIS FLOWER EXTRACT,astringent
MELILOTUS OFFICINALIS FLOWER EXTRACT,emollient
MELILOTUS OFFICINALIS FLOWER EXTRACT,skin-conditioning
TILIA EUROPAEA FLOWER/VIOLA ODORATA LEAF EXTRACT,skin-conditioning
HYDROLYZED KLUYVEROMYCES EXTRACT,skin-conditioning
ALBIZIA JULIBRISSIN BARK/SEED EXTRACT,skin-conditioning
PPG-2-LAURETH-5,emulsifying
PPG-2-LAURETH-5,skin-conditioning
PPG-2-LAURETH-5,surfactant
PRUNUS ARMENIACA LEAF EXTRACT,skin-conditioning
PAECILOMYCES JAPONICA/GRAPE/CUCUMBER JUICE EXTRACT FERMENT FILTRATE,absorbent
PAECILOMYCES JAPONICA/GRAPE/CUCUMBER JUICE EXTRACT FERMENT FILTRATE,antioxidant
PAECILOMYCES JAPONICA/GRAPE/CUCUMBER JUICE EXTRACT FERMENT FILTRATE,buffering
PAECILOMYCES JAPONICA/GRAPE/CUCUMBER JUICE EXTRACT FERMENT FILTRATE,skin-protecting
OPERCULINA ALTISSIMA ROOT EXTRACT,skin-conditioning
GLUTAMYL HYDROXYPHENYLHYDRAZIDE,skin-conditioning
SEA WHIP EXTRACT,skin-conditioning
MACROCYSTIS PYRIFERA,viscosity-controlling
TRIPEPTIDE-46 HEXAPEPTIDE-40 DECAPEPTIDE-27 METHIONYL OLIGOPEPTIDE-91 TETRAPEPTIDE-38 SH-OLIGOPEPTIDE-1,skin-conditioning
HYDROLYZED KURODA'S SEA HARE EXTRACT,emollient
HYDROLYZED KURODA'S SEA HARE EXTRACT,skin-conditioning
PHENYLMETHYLSULFONYL FLUORIDE,skin-conditioning
ETHYL JOJOBATE,skin-conditioning
HYDROGENATED BLACK CURRANT SEED OIL,emollient
HYDROGENATED BLACK CURRANT SEED OIL,skin-conditioning
PPG-35/PPG-51 GLYCERYL ETHER/IPDI CROSSPOLYMER,plasticiser
PPG-35/PPG-51 GLYCERYL ETHER/IPDI CROSSPOLYMER,skin-conditioning
LAURYL/MYRISTYL WHEAT BRAN/STRAW GLYCOSIDES,cleansing
LAURYL/MYRISTYL WHEAT BRAN/STRAW GLYCOSIDES,emulsifying
LAURYL/MYRISTYL WHEAT BRAN/STRAW GLYCOSIDES,emulsion-stabilising
LAURYL/MYRISTYL WHEAT BRAN/STRAW GLYCOSIDES,foam-boosting
LAURYL/MYRISTYL WHEAT BRAN/STRAW GLYCOSIDES,viscosity-controlling
SOLIDAGO CANADENSIS FLOWER/LEAF/STEM EXTRACT,skin-conditioning
BIS-HYDROGENATED TALLOW AMINE DILINOLEIC ACID/ETHYLENEDIAMINE COPOLYMER,film-forming
BIS-GLYCERYL ASCORBATE,antioxidant
BIS-GLYCERYL ASCORBATE,humectant
HYDROGENATED POLY(C6-12 OLEFIN),skin-conditioning
HYDROGENATED POLY(C6-12 OLEFIN),viscosity-controlling
CYNARA SCOLYMUS BUD EXTRACT,skin-conditioning
PICHIA/POMIFERIN FERMENT EXTRACT,skin-conditioning
GANODERMA LUCIDUM STEM POWDER,humectant
BROUSSONETIA KAZINOKI BARK EXTRACT,skin-conditioning
HYDROGENATED WHEAT GERM OIL,skin-conditioning
HYDROGENATED WHEAT GERM OIL,viscosity-controlling
BIS-ETHYLHEXYL BIS-OLEYL PYROMELLITAMIDE,viscosity-controlling
PINUS LONGIFOLIA WOOD EXTRACT,skin-conditioning
ETHYL ARACHIDONATE,emollient
ALTHAEA OFFICINALIS LEAF/ROOT EXTRACT,emollient
GLYCINE MAX SYMBIOSOME EXTRACT,skin-conditioning
CYTOSINE,skin-conditioning
2‚3-BUTANEDIOL,humectant
2‚3-BUTANEDIOL,masking
2‚3-BUTANEDIOL,skin-conditioning
2‚3-BUTANEDIOL,solvent
LAMINARIA CLOUSTONI EXTRACT,skin-protecting
LAVANDULA OFFICINALIS FLOWER/EXTRACT,antimicrobial
LAVANDULA OFFICINALIS FLOWER/EXTRACT,antiseborrhoeic
LAVANDULA OFFICINALIS FLOWER/EXTRACT,skin-conditioning
LAVANDULA OFFICINALIS FLOWER/EXTRACT,skin-protecting
JUGLANS NIGRA SHELL EXTRACT,astringent
JUGLANS NIGRA SHELL EXTRACT,emollient
JUGLANS NIGRA SHELL EXTRACT,masking
BUTYL BENZOIC ACID/PHTHALIC ANHYDRIDE/TRIMETHYLOLETHANE COPOLYMER,film-forming
RHEUM EMODI ROOT EXTRACT,antioxidant
RHEUM EMODI ROOT EXTRACT,skin-conditioning
THUJA OCCIDENTALIS ROOT EXTRACT,skin-conditioning
ASTRAGALUS SINICUS EXTRACT,skin-conditioning
KEIHI EKISU,masking
KEIHI EKISU,skin-conditioning
MANGOSTIN,skin-conditioning
HYDROGENATED PALM KERNEL GLYCERIDES,emollient
HYDROGENATED PALM KERNEL GLYCERIDES,skin-conditioning
HYDROGENATED PALM KERNEL GLYCERIDES,viscosity-controlling
HYDROLYZED ANANAS SATIVUS FRUIT,astringent
HYDROLYZED ANANAS SATIVUS FRUIT,humectant
HYDROLYZED ANANAS SATIVUS FRUIT,skin-protecting
AMBROSIA PERUVIANA LEAF EXTRACT,skin-conditioning
THEOBROMA GRANDIFLORUM SEED BUTTER GLYCERYL ESTERS,emollient
THEOBROMA GRANDIFLORUM SEED BUTTER GLYCERYL ESTERS,emulsifying
THEOBROMA GRANDIFLORUM SEED BUTTER GLYCERYL ESTERS,emulsion-stabilising
THEOBROMA GRANDIFLORUM SEED BUTTER GLYCERYL ESTERS,hair-waving-or-straightening
THEOBROMA GRANDIFLORUM SEED BUTTER GLYCERYL ESTERS,humectant
THEOBROMA GRANDIFLORUM SEED BUTTER GLYCERYL ESTERS,skin-conditioning
THEOBROMA GRANDIFLORUM SEED BUTTER GLYCERYL ESTERS,surfactant
THEOBROMA GRANDIFLORUM SEED BUTTER GLYCERYL ESTERS,viscosity-controlling
MERISTOTHECA DAKARENSIS EXTRACT,skin-protecting
POLYDEXTROSE,bulking
POLYDEXTROSE,humectant
TRIMYRISTIN,skin-conditioning
TRIMYRISTIN,viscosity-controlling
WASABIA JAPONICA ROOT EXTRACT,skin-conditioning
COLOCASIA ESCULENTA LEAF EXTRACT,skin-conditioning
THEOBROMA CACAO SEED WATER,humectant
EUTERPE EDULIS JUICE EXTRACT,skin-conditioning
ASTROCARYUM MURUMURU FLOWER EXTRACT,skin-conditioning
TRILAURYL CITRATE,emollient
TRILAURYL CITRATE,skin-conditioning
MENTHA HERBA CALLUS CULTURE EXTRACT,skin-conditioning
SOLUBLE COLLAGEN CROSSPOLYMER,emollient
COLOSTRUM CREAM,skin-conditioning
COLOSTRUM CREAM,skin-protecting
AMARANTHUS HYPOCHONDRIACUS SEED OIL,emollient
AMARANTHUS HYPOCHONDRIACUS SEED OIL,skin-conditioning
POLYGLYCERYL-6 PALMITATE,emollient
POLYGLYCERYL-6 PALMITATE,emulsifying
PEG/PPG-3/6 DIMETHYL ETHER,skin-conditioning
COCONUT FLOWER SUGAR,antioxidant
COCONUT FLOWER SUGAR,cleansing
COCONUT FLOWER SUGAR,emollient
COCONUT FLOWER SUGAR,flavouring
COCONUT FLOWER SUGAR,skin-protecting
COCONUT FLOWER SUGAR,surfactant
MANGANESE TRIPEPTIDE-1,skin-conditioning
POLYURETHANE-76,film-forming
SALICYLOYL PHYTOSPHINGOSINE,skin-conditioning
OENOCARPUS BATAUA FRUIT OIL,emollient
OENOCARPUS BATAUA FRUIT OIL,moisturising
PPG-26/DIMER DILINOLEATE COPOLYMER,film-forming
PPG-26/DIMER DILINOLEATE COPOLYMER,humectant
GERANIUM THUNBERGII EXTRACT,skin-conditioning
KANOKOSOU EKISU,skin-conditioning
RH-POLYPEPTIDE-61,skin-conditioning
DIETHANOLAMINOOLEAMIDE DEA,foam-boosting
DIETHANOLAMINOOLEAMIDE DEA,surfactant
DIETHANOLAMINOOLEAMIDE DEA,viscosity-controlling
KUNZEA POMIFERA FRUIT EXTRACT,skin-conditioning
AUREOBASIDIUM PULLULANS/SCHISANDRA CHINENSIS FRUIT/POLYGONATUM SIBIRICUM RHIZOME/(REHMANNIA CHINENSIS/ASTRAGALUS MEMBRANACEUS/LICORICE/PAEONIA ALBIFLORA/PANAX GINSENG) ROOT EXTRACT FERMENT FILTRATE,emollient
AUREOBASIDIUM PULLULANS/SCHISANDRA CHINENSIS FRUIT/POLYGONATUM SIBIRICUM RHIZOME/(REHMANNIA CHINENSIS/ASTRAGALUS MEMBRANACEUS/LICORICE/PAEONIA ALBIFLORA/PANAX GINSENG) ROOT EXTRACT FERMENT FILTRATE,skin-conditioning
ISOPENTANE,propellant
ISOPENTANE,solvent
ISOPENTANE,viscosity-controlling
POLYDIHYDROXYINDOLE,skin-conditioning
C12-15 PARETH-9 HYDROGENATED TALLOWATE,emollient
C12-15 PARETH-9 HYDROGENATED TALLOWATE,emulsifying
C12-15 PARETH-9 HYDROGENATED TALLOWATE,skin-conditioning
C12-15 PARETH-9 HYDROGENATED TALLOWATE,surfactant
NONAPEPTIDE-30,skin-conditioning
HYDROLYZED CORN STARCH HYDROXYETHYL ETHER,emulsion-stabilising
HYDROLYZED CORN STARCH HYDROXYETHYL ETHER,humectant
HYDROLYZED CORN STARCH HYDROXYETHYL ETHER,viscosity-controlling
C21-C28 ALKANE,emollient
C21-C28 ALKANE,skin-conditioning
STREPTOCOCCUS THERMOPHILUS/ANGELICA GIGAS ROOT/CIMICIFUGA RACEMOSA ROOT/PUERARIA LOBATA ROOT/PUNICA GRANATUM FRUIT/SCHISANDRA CHINENSIS FRUIT EXTRACT FERMENT FILTRATE,skin-conditioning
PROPYLENE GLYCOL DISTEARATE,emollient
PROPYLENE GLYCOL DISTEARATE,opacifying
PROPYLENE GLYCOL DISTEARATE,pearlescent
PROPYLENE GLYCOL DISTEARATE,viscosity-controlling
HYDROGENATED MEADOWFOAM SEED OIL,skin-conditioning
TRAPA JAPONICA FRUIT EXTRACT,skin-conditioning
UBIQUINONE,antioxidant
UBIQUINONE,skin-conditioning
BIS-FERULAMIDOBUTANE,skin-conditioning
PPG-2 ISOCETETH-20 ACETATE,emulsifying
PPG-2 ISOCETETH-20 ACETATE,skin-conditioning
PALMARIA PALMATA POWDER,viscosity-controlling
MONOGLYCERIDES ACETATE,emollient
MONOGLYCERIDES ACETATE,skin-conditioning
QUERCUS SUBER BARK EXTRACT,skin-conditioning
HYDROGENATED MICROCRYSTALLINE WAX,binding
HYDROGENATED MICROCRYSTALLINE WAX,emulsion-stabilising
HYDROGENATED MICROCRYSTALLINE WAX,viscosity-controlling
3-O-ETHYL ASCORBIC ACID,skin-conditioning
GEUM ALEPPICUM EXTRACT,skin-conditioning
ALPINIA NIGRA ROOT POWDER,humectant
ALPINIA NIGRA ROOT POWDER,skin-conditioning
BETULINIC PEG-44 AMIDE METHYL ETHER,skin-conditioning
LIMONIA ACIDISSIMA BARK POWDER,skin-conditioning
LIMONIA ACIDISSIMA BARK POWDER,skin-protecting
LIMONIA ACIDISSIMA BARK POWDER,uv-absorber
PPG-4 OLETH-10 DIMETHICONE,film-forming
OLIGOPEPTIDE-64,skin-conditioning
CARBOCYSTEINE,antiseborrhoeic
CARBOCYSTEINE,skin-conditioning
DEFATTED NARCISSUS TAZETTA FLOWER,skin-conditioning
DEFATTED NARCISSUS TAZETTA FLOWER,skin-protecting
BACILLUS/MONASCUS/PSOPHOCARPUS TETRAGONOLOBUS SEED FERMENT FILTRATE,antiseborrhoeic
BACILLUS/MONASCUS/PSOPHOCARPUS TETRAGONOLOBUS SEED FERMENT FILTRATE,emollient
BACILLUS/MONASCUS/PSOPHOCARPUS TETRAGONOLOBUS SEED FERMENT FILTRATE,skin-conditioning
PEG-1182 METHYL ESTER SERICIN,skin-conditioning
ARENARIA SERPYLLIFOLIA LEAF EXTRACT,skin-conditioning
MYRISTOYL TETRAPEPTIDE-46,skin-conditioning
TORREYA NUCIFERA SEED OIL,emollient
TORREYA NUCIFERA SEED OIL,skin-conditioning
STERCULIA AFRICANA SEED OIL,emollient
STERCULIA AFRICANA SEED OIL,skin-conditioning
CORIANDRUM SATIVUM SPROUT EXTRACT,antioxidant
CORIANDRUM SATIVUM SPROUT EXTRACT,skin-conditioning
CYMBOPOGON SCHOENANTHUS LEAF,masking
CYMBOPOGON SCHOENANTHUS LEAF,skin-conditioning
AMINOTRIAZINE PENTANE CARBOXAMIDE MIPA,skin-conditioning
OLEAMIDE,opacifying
OLEAMIDE,viscosity-controlling
SAXIFRAGA OPPOSITIFOLIA EXTRACT,skin-conditioning
BACILLUS/FIG FRUIT/SOYBEAN FERMENT FILTRATE,antioxidant
BACILLUS/FIG FRUIT/SOYBEAN FERMENT FILTRATE,humectant
BACILLUS/FIG FRUIT/SOYBEAN FERMENT FILTRATE,skin-conditioning
BISPOLYETHYLENE DIMETHICONE,viscosity-controlling
SEA SILT,skin-conditioning
HYDROLYZED TRIGONELLA FOENUM-GRAECUM SEED EXTRACT,film-forming
HYDROLYZED TRIGONELLA FOENUM-GRAECUM SEED EXTRACT,humectant
HYDROLYZED TRIGONELLA FOENUM-GRAECUM SEED EXTRACT,skin-conditioning
PEG-2 MILK SOLIDS,antistatic
PEG-2 MILK SOLIDS,emollient
LEPIDIUM MEYENII ROOT POWDER,humectant
PERFLUORONONYLETHYL CARBOXYDECYL LAURYL DIMETHICONE,skin-conditioning
POLYGLYCERYL-10 NONAERUCATE,skin-conditioning
SH-OLIGOPEPTIDE-75 AMIDE,antioxidant
SH-OLIGOPEPTIDE-75 AMIDE,astringent
SH-OLIGOPEPTIDE-75 AMIDE,chelating
SH-OLIGOPEPTIDE-75 AMIDE,skin-protecting
GLYCERYLAMIDOETHYL METHACRYLATE/STEARYL METHACRYLATE COPOLYMER,film-forming
GLYCERYLAMIDOETHYL METHACRYLATE/STEARYL METHACRYLATE COPOLYMER,humectant
HISTIDINE,antistatic
HISTIDINE,humectant
HISTIDINE,skin-conditioning
LEONURUS SIBIRICUS CALLUS CULTURE EXTRACT,skin-conditioning
ZIYU GLYCOSIDE I,skin-conditioning
STEARYL HDI/PEG-50 COPOLYMER,film-forming
METHYL HYDROXYSTEARATE,emollient
METHYL HYDROXYSTEARATE,skin-conditioning
CITRUS AURANTIUM DULCIS FRUIT POWDER,skin-conditioning
CODONOPSIS LANCEOLATA CALLUS CULTURE EXTRACT,skin-conditioning
POTASSIUM ALGINATE,binding
POTASSIUM ALGINATE,emulsion-stabilising
POTASSIUM ALGINATE,viscosity-controlling
HIBISCUS ESCULENTUS FRUIT EXTRACT,skin-conditioning
DIOSCOREA OPPOSITA ROOT,skin-conditioning
SODIUM HYALURONATE CROSSPOLYMER-4,emollient
SODIUM HYALURONATE CROSSPOLYMER-4,humectant
SODIUM HYALURONATE CROSSPOLYMER-4,skin-conditioning
GLYCOL STEARATE,emollient
GLYCOL STEARATE,emulsifying
GLYCOL STEARATE,opacifying
GLYCOL STEARATE,surfactant
ALMOND OIL GLYCERETH-8 ESTERS,emollient
ALMOND OIL GLYCERETH-8 ESTERS,emulsifying
LENS ESCULENTA SYMBIOSOME EXTRACT,antioxidant
LENS ESCULENTA SYMBIOSOME EXTRACT,skin-conditioning
C10-12 ISOPARAFFIN,solvent
C10-12 ISOPARAFFIN,viscosity-controlling
CHITOSAN PCA PALMITAMIDE SUCCINAMIDE,emulsifying
CHITOSAN PCA PALMITAMIDE SUCCINAMIDE,skin-conditioning
AGAVE TEQUILANA ROOT JUICE,skin-conditioning
POURTHIAEA VILLOSA LEAF EXTRACT,skin-conditioning
RHODODENDRON WEYRICHII FLOWER EXTRACT,humectant
RHODODENDRON WEYRICHII FLOWER EXTRACT,skin-conditioning
RHODODENDRON WEYRICHII FLOWER EXTRACT,skin-protecting
ATTALEA MARIPA SEED BUTTER,skin-conditioning
BRASSICA CAMPESTRIS/ALEURITES FORDI OIL COPOLYMER,film-forming
BRASSICA CAMPESTRIS/ALEURITES FORDI OIL COPOLYMER,skin-conditioning
SODIUM CALCIUM BORON PHOSPHATE,abrasive
SODIUM CALCIUM BORON PHOSPHATE,antimicrobial
SODIUM CALCIUM BORON PHOSPHATE,buffering
SODIUM CALCIUM BORON PHOSPHATE,skin-conditioning
XANTHINE,skin-conditioning
HUMIC ACIDS,skin-conditioning
MAGNESIUM CARBONATE HYDROXIDE,binding
MAGNESIUM CARBONATE HYDROXIDE,buffering
MAGNESIUM CARBONATE HYDROXIDE,bulking
MAGNESIUM CARBONATE HYDROXIDE,viscosity-controlling
AZOLLA IMBRICATA EXTRACT,skin-conditioning
CUPHEA LANCEOLATA/VISCOSISSIMA SEED OIL,emollient
CUPHEA LANCEOLATA/VISCOSISSIMA SEED OIL,skin-conditioning
ALPINIA OFFICINARUM LEAF EXTRACT,skin-conditioning
KNIPHOFIA UVARIA NECTAR,skin-conditioning
CITRULLINE,skin-conditioning
PLATINUM,antimicrobial
PLATINUM,antioxidant
PLATINUM,skin-conditioning
FRAGARIA VIRGINIANA SEED OIL,emollient
THIOCTOYL GLYCINAMIDE,skin-conditioning
HYDROXYCAPRYLIC ACID,skin-conditioning
HYDROLYZED PAPAYA FRUIT,skin-conditioning
AMINOPROPYL METHYLENEDIOXYPHENYL PHOSPHATE,antioxidant
AMINOPROPYL METHYLENEDIOXYPHENYL PHOSPHATE,skin-protecting
CD ALCOHOL 19,solvent
CD ALCOHOL 19,viscosity-controlling
LAURYL PHENYLPROPYL METHICONE,emollient
LAURYL PHENYLPROPYL METHICONE,skin-conditioning
(ANGELICA ACUTILOBA/PAEONIA LACTIFLORA/REHMANNIA GLUTINOSA) ROOT/CNIDIUM OFFICINALE RHIZOME EXTRACT,emollient
(ANGELICA ACUTILOBA/PAEONIA LACTIFLORA/REHMANNIA GLUTINOSA) ROOT/CNIDIUM OFFICINALE RHIZOME EXTRACT,skin-conditioning
PASSIFLORA INCARNATA WATER,masking
PASSIFLORA INCARNATA WATER,skin-conditioning
CAFFEOYL TRIPEPTIDE-35,antioxidant
CAFFEOYL TRIPEPTIDE-35,chelating
CAFFEOYL TRIPEPTIDE-35,skin-protecting
CAFFEOYL TRIPEPTIDE-35,uv-filter
CURCUMA LONGA ROOT WATER,masking
CURCUMA LONGA ROOT WATER,skin-conditioning
MADECASSIC ACID,skin-conditioning
PERFLUOROPERHYDROBENZYL TETRALIN,skin-conditioning
PERFLUOROPERHYDROBENZYL TETRALIN,solvent
RHODOMYRTUS TOMENTOSA FLOWER/LEAF/STEM EXTRACT,skin-conditioning
POLYACRYLATE CROSSPOLYMER-7,emollient
POLYACRYLATE CROSSPOLYMER-7,foam-boosting
POLYACRYLATE CROSSPOLYMER-7,not-reported
POLYACRYLATE CROSSPOLYMER-7,skin-conditioning
POLIANTHES TUBEROSA FLOWER CERA,masking
POLIANTHES TUBEROSA FLOWER CERA,skin-conditioning
ACETYLATED GLYCOL STEARATE,emollient
ACETYLATED GLYCOL STEARATE,emulsion-stabilising
ACETYLATED GLYCOL STEARATE,skin-conditioning
POLYGLYCERYL-10 OLEATE,skin-conditioning
ARMERIA MARITIMA FLOWER/LEAF/STEM EXTRACT,skin-conditioning
SALICYLOYL OCTAPEPTIDE-9,antimicrobial
SALICYLOYL OCTAPEPTIDE-9,antioxidant
SALICYLOYL OCTAPEPTIDE-9,antiseborrhoeic
SALICYLOYL OCTAPEPTIDE-9,skin-protecting
CRYOLITE EXTRACT,skin-conditioning
DIETHYLHEXYL MALATE,emollient
DIETHYLHEXYL MALATE,skin-conditioning
ROSA GALLICA FLOWER OIL,emollient
ROSA GALLICA FLOWER OIL,masking
IODIZED HYDROLYZED EXTENSIN,skin-conditioning
AVOCADO OIL PEG-11 ESTERS,emollient
AVOCADO OIL PEG-11 ESTERS,emulsifying
AVOCADO OIL PEG-11 ESTERS,skin-conditioning
AVOCADO OIL PEG-11 ESTERS,surfactant
DECYL OLIVATE,emollient
DECYL OLIVATE,skin-conditioning
ASPERGILLUS/TURNIP ROOT/EUTERPE OLERACEA FRUIT/PHASEOLUS ANGULARIS SEED/ACEROLA FRUIT/ANISE FRUIT/AVOCADO FRUIT/GYNOSTEMMA PENTAPHYLLUM LEAF/PANICUM ITALICUM SEED/CICER ARIETINUM SEED/PEA SEED/OAT SEED/HORDEUM VULGARE SEED/ORANGE FRUIT/EQUISETUM ARVENSE/CASHEW/CURCUMA ZEDOARIA ROOT/ERYTHROXYLUM CATUABA WOOD/PUMPKIN FRUIT/MYRCIARIA DUBIA FRUIT/PAULLINIA CUPANA FRUIT/BACCHARIS GENISTELLOIDES/KIWI FRUIT/MILLET SEED/UNCARIA TOMENTOSA WOOD/PSIDIUM GUAJAVA FRUIT/CLOVE BUD/PHASEOLUS VULGARIS SEED/ORYZA SATIVA SEED/ARCTIUM LAPPA ROOT/SESAME SEED/LAMINARIA JAPONICA LEAF/CINNAMOMUM CASSIA BARK/POTATO ROOT/ECHINODORUS MACROPHYLLUS LEAF/GINGER ROOT/WATERMELON FRUIT/AVERRHOA CARAMBOLA FRUIT/STEVIA REBAUDIANA LEAF/SOYBEAN SEED/SORGHUM BICOLOR SEED/CORN SEED/TOMATO FRUIT/PRUNUS DOMESTICA FRUIT/CARROT ROOT/PORPHYRA YEZOENSIS/PINEAPPLE FRUIT/PASSIFLORA INCARNATA/COIX LACRYMA-JOBI MA-YUEN SEED/BANANA FRUIT/PAPAYA FRUIT/PFAFFIA PANICULATA ROOT/LECYTHIS OLLARIA SEED/CAPSICUM ANNUUM FRUIT/ECHINOCHLOA CRUS-GALLI SEED/MYRCIA AMAZONICA/LEPIDIUM MEYENII ROOT/ ILEX PARAGUARIENSIS LEAF/WHEAT SEED/MANGO FRUIT/MANIHOT ESCULENTA ROOT/TABEBUIA AVELLANEDAE BARK/ORYZA JAPONICA SEED/PHASEOLUS VULGARIS SEED/MELON FRUIT/SMALLANTHUS SONCHIFOLIUS ROOT/PYRUS COMMUNIS FRUIT/RYE SEED/APPLE FRUIT/GRAPEFRUIT LEAF/LEMON FRUIT/CYMBOPOGON CITRATUS LEAF/NELUMBO NUCIFERA RHIZOME/LENTIL SEED/ROSEMARY LEAF/UNDARIA PINNATIFIDA LEAF/ALOE ARBORESCENS LEAF/PANAX GINSENG ROOT/SPARASSIS CRISPA FRUITING BODY/CHLORELLA VULGARIS/PLEUROTUS ERYNGII FRUITING BODY/PLEUROTUS SAJOR-CAJU FRUITING BODY/OLIVE LEAF/CAMELLIA SINENSIS LEAF/LAMINARIA JAPONICA ROOT/FUCUS VESICULOSUS/CLADOSIPHON OKAMURANUS/HOUTTUYNIA CORDATA/CRATAEGUS OXYACANTHA/ANTHEMIS NOBILIS FLOWER/ARTEMISIA PRINCEPS LEAF/SASA VEITCHII LEAF/CHAENOMELES SINENSIS FRUIT/CORDYCEPS SINENSIS/AMPELOPSIS BREVIPEDUNCULATA/ALPINIA SPECIOSA LEAF/TURMERIC ROOT FERMENT EXTRACT,skin-conditioning
ACRYLATES/CETETH-20 METHACRYLATE COPOLYMER,viscosity-controlling
PEG-7/PPG-2 PENTAERYTHRITYL TRIACRYLATE/DIPROPYLAMINOPROPIONATE,film-forming
LACTOBACILLUS/ALOE BARBADENSIS FERMENT FILTRATE,skin-conditioning
OXIDIZED BEESWAX,viscosity-controlling
DIISOSTEARYL ADIPATE,emollient
DIISOSTEARYL ADIPATE,plasticiser
DIISOSTEARYL ADIPATE,skin-conditioning
APRICOT KERNEL OIL POLYGLYCERYL-6 ESTERS,emollient
APRICOT KERNEL OIL POLYGLYCERYL-6 ESTERS,emulsifying
APRICOT KERNEL OIL POLYGLYCERYL-6 ESTERS,skin-conditioning
APRICOT KERNEL OIL POLYGLYCERYL-6 ESTERS,surfactant
STEARYL OLIVATE,emollient
STEARYL OLIVATE,emulsifying
BETULA ALBA BARK WATER,skin-conditioning
BUTYLETHYLPROPANEDIOL DIMER DILINOLEATE,film-forming
BUTYLETHYLPROPANEDIOL DIMER DILINOLEATE,skin-conditioning
PPG-2-CETETH-5,skin-conditioning
PPG-2-CETETH-5,surfactant
ABIES BALSAMEA RESIN,film-forming
ABIES BALSAMEA RESIN,masking
MAACKIA FAURIEI BRANCH EXTRACT,skin-conditioning
SODIUM ARACHIDATE,buffering
SODIUM ARACHIDATE,emulsifying
SODIUM ARACHIDATE,emulsion-stabilising
SODIUM ARACHIDATE,surfactant
SODIUM ARACHIDATE,viscosity-controlling
GLYCYRRHIZA URALENSIS ROOT PRENYLFLAVONOIDS,skin-conditioning
PIG ADIPOSE STROMAL CELL CONDITIONED MEDIA,skin-conditioning
MANNOSE,humectant
COCO/SUNFLOWERAMIDOPROPYL BETAINE,cleansing
COCO/SUNFLOWERAMIDOPROPYL BETAINE,emulsifying
COCO/SUNFLOWERAMIDOPROPYL BETAINE,foam-boosting
COCO/SUNFLOWERAMIDOPROPYL BETAINE,surfactant
COCO/SUNFLOWERAMIDOPROPYL BETAINE,viscosity-controlling
PERIANDRA DULCIS ROOT EXTRACT,skin-conditioning
ANDROGRAPHOLIDE,skin-conditioning
PTEROCARPUS MARSUPIUM LEAF EXTRACT,skin-conditioning
PSEUDOALTEROMONAS FERMENT EXTRACT FILTRATE,skin-conditioning
RH-POLYPEPTIDE-59,skin-conditioning
RH-POLYPEPTIDE-59,skin-protecting
NARCISSUS POETICUS FLOWER CERA,skin-conditioning
NARCISSUS POETICUS FLOWER CERA,tonic
SR-PECTOBACTERIUM POLYPEPTIDE-1,skin-conditioning
GLYCERYL DISTEARATE,antistatic
GLYCERYL DISTEARATE,emollient
ACETYL GLYCYL BETA-ALANINE,skin-conditioning
HYDROLYZED SODIUM HYALURONATE,skin-conditioning
MURIELLA AURANTIACA/RUTTNERA LAMELLOSA OIL,skin-conditioning
FREESIA REFRACTA EXTRACT,skin-conditioning
VALERIANA OFFICINALIS RHIZOME/ROOT EXTRACT,masking
VALERIANA OFFICINALIS RHIZOME/ROOT EXTRACT,skin-conditioning
VALERIANA OFFICINALIS RHIZOME/ROOT EXTRACT,soothing
PEG-20 DIRICINOLEATE,skin-conditioning
MUCUNA BIRDWOODIANA STEM EXTRACT,skin-conditioning
BIS-CETYL CETYL DIMETHICONE,emollient
ANDROSACE HELVETICA EXTRACT,skin-conditioning
MICROCRYSTALLINE CELLULOSE,absorbent
MICROCRYSTALLINE CELLULOSE,anticaking
MICROCRYSTALLINE CELLULOSE,bulking
MICROCRYSTALLINE CELLULOSE,emulsion-stabilising
MICROCRYSTALLINE CELLULOSE,opacifying
MICROCRYSTALLINE CELLULOSE,stabilising
MICROCRYSTALLINE CELLULOSE,viscosity-controlling
PICHIA/PANAX GINSENG ROOT FERMENT FILTRATE,skin-conditioning
DIHYDROXYACETONE,reducing
DIHYDROXYACETONE,skin-conditioning
DIHYDROXYACETONE,tanning
CAMELLIA JAPONICA SEED OIL ETHYL ESTERS,emollient
CAMELLIA JAPONICA SEED OIL ETHYL ESTERS,skin-conditioning
CAMELLIA JAPONICA SEED OIL ETHYL ESTERS,skin-protecting
LACTOBACILLUS/SACCHAROMYCES/RICE BRAN EXTRACT/SOPHORA JAPONICA ROOT EXTRACT FERMENT FILTRATE,humectant
LACTOBACILLUS/SACCHAROMYCES/RICE BRAN EXTRACT/SOPHORA JAPONICA ROOT EXTRACT FERMENT FILTRATE,skin-conditioning
LACTOBACILLUS/SACCHAROMYCES/RICE BRAN EXTRACT/SOPHORA JAPONICA ROOT EXTRACT FERMENT FILTRATE,skin-protecting
CALOTROPIS PROCERA CALLUS EXTRACT,antioxidant
CALOTROPIS PROCERA CALLUS EXTRACT,skin-conditioning
CALOTROPIS PROCERA CALLUS EXTRACT,skin-protecting
ISOCETYL BEHENATE,emollient
ISOCETYL BEHENATE,skin-conditioning
METHYLSILANOL TRI-PEG-8 GLYCERYL COCOATE,emulsifying
METHYLSILANOL TRI-PEG-8 GLYCERYL COCOATE,skin-conditioning
SCORDININE,skin-conditioning
GNAPHALIUM AFFINE FLOWER/LEAF/STEM EXTRACT,skin-protecting
GALACTOSE DEHYDROGENASE,skin-conditioning
HEXAPEPTIDE-11,skin-conditioning
SHIKIMOYL PENTAPEPTIDE-33,antioxidant
SHIKIMOYL PENTAPEPTIDE-33,skin-protecting
UNDECYL ALCOHOL,antiseborrhoeic
UNDECYL ALCOHOL,emollient
UNDECYL ALCOHOL,masking
UNDECYL ALCOHOL,skin-conditioning
UNDECYL ALCOHOL,viscosity-controlling
PADINA PAVONICA THALLUS EXTRACT,skin-conditioning
HYMENAEA COURBARIL SAP EXTRACT,skin-conditioning
POTASSIUM ACRYLATES/C10-30 ALKYL ACRYLATE CROSSPOLYMER,film-forming
HYDROLYZED XANTHOMONAS CAMPESTRIS POLYSACCHARIDES,skin-conditioning
1-NAPHTHALENEACETIC ACID,skin-conditioning
(LAVANDULA ANGUSTIFOLIA/MELISSA OFFICINALIS/HYPERICUM PERFORATUM) FLOWER/(CAMELLIA SINENSIS LEAF/(GLYCYRRHIZA GLABRA/ACANTHOPANAX SENTICOSUS) ROOT/SARRACENIA COBRA NEST LEAF/FLOWER/STALK EXTRACT,antimicrobial
(LAVANDULA ANGUSTIFOLIA/MELISSA OFFICINALIS/HYPERICUM PERFORATUM) FLOWER/(CAMELLIA SINENSIS LEAF/(GLYCYRRHIZA GLABRA/ACANTHOPANAX SENTICOSUS) ROOT/SARRACENIA COBRA NEST LEAF/FLOWER/STALK EXTRACT,antiseborrhoeic
(LAVANDULA ANGUSTIFOLIA/MELISSA OFFICINALIS/HYPERICUM PERFORATUM) FLOWER/(CAMELLIA SINENSIS LEAF/(GLYCYRRHIZA GLABRA/ACANTHOPANAX SENTICOSUS) ROOT/SARRACENIA COBRA NEST LEAF/FLOWER/STALK EXTRACT,skin-conditioning
(LAVANDULA ANGUSTIFOLIA/MELISSA OFFICINALIS/HYPERICUM PERFORATUM) FLOWER/(CAMELLIA SINENSIS LEAF/(GLYCYRRHIZA GLABRA/ACANTHOPANAX SENTICOSUS) ROOT/SARRACENIA COBRA NEST LEAF/FLOWER/STALK EXTRACT,skin-protecting
ETHYL PYRUVATE,skin-conditioning
HYDROGENATED CRAMBE ABYSSINICA SEED OIL,skin-conditioning
ACACIA DECURRENS LEAF EXTRACT,skin-conditioning
ACRYLATES/METHOXY PEG-15 METHACRYLATE COPOLYMER,viscosity-controlling
PALMITOYL SH-TETRAPEPTIDE-2 AMIDE,skin-conditioning
OLI VE OIL POLYGLYCERYL-6 ESTERS,emulsifying
OLI VE OIL POLYGLYCERYL-6 ESTERS,skin-conditioning
TERMINALIA BELLERICA FRUIT POWDER,skin-conditioning
PHYTOSTERYL SUNFLOWERSEEDATE,skin-conditioning
TETRAMETHYLAMMONIUM CHLORIDE,viscosity-controlling
PONCIRUS TRIFOLIATA FRUIT/SOPHORA FLAVESCENS ROOT/DUCHESNEA CHRYSANTHA/SAURURUS CHINENSIS LEAF/ROOT/HOUTTYUNIA CORDATA/PERILLA FRUTESCENS LEAF/LONICERA JAPONICA FLOWER EXTRAC,skin-conditioning
DRACOCEPHALUM NUTANS FLOWER/LEAF/STEM WATER,humectant
DRACOCEPHALUM NUTANS FLOWER/LEAF/STEM WATER,skin-conditioning
BERBERIS ARISTATA ROOT POWDER,skin-conditioning
MYRISTOYL METHYLALANINE,skin-conditioning
SODIUM ALGIN SULFATE,humectant
BUTYLATED POLYOXYMETHYLENE UREA,film-forming
CARBOMER/PAPAIN CROSSPOLYMER,viscosity-controlling
LACTOBACILLUS/EVENING PRIMROSE SEED FERMENT EXTRACT FILTRATE,skin-conditioning
ALTHAEA ROSEA CALLUS CULTURE EXTRACT,skin-conditioning
TETRAPEPTIDE-16,skin-conditioning
AVENA SATIVA SPROUT OIL,skin-conditioning
C9-16 ISOPARAFFIN,emollient
C9-16 ISOPARAFFIN,skin-conditioning
C9-16 ISOPARAFFIN,solvent
CAMELINA SATIVA SEED EXTRACT,skin-conditioning
C4-5 ISOALKYL COCOATE,emollient
PRUNUS SALICINA FRUIT JUICE,humectant
CHOLESTERYL HYDROXYSTEARATE,emollient
CHOLESTERYL HYDROXYSTEARATE,skin-conditioning
CHOLESTERYL HYDROXYSTEARATE,viscosity-controlling
SACCHAROMYCES/SNAIL SECRETION FILTRATE FERMENT FILTRATE,skin-conditioning
AVENA SATIVA LEAF/STEM EXTRACT,skin-conditioning
SACCHAROMYCES/TURQUOISE FERMENT LYSATE FILTRATE,skin-conditioning
SAUSSUREA LAPPA ROOT POWDER,skin-conditioning
COUMAROYL DIPEPTIDE-3,skin-conditioning
COUMAROYL DIPEPTIDE-3,skin-protecting
TRICHOSANTHES KIRILOWII SEED EXTRACT,humectant
TRICHOSANTHES KIRILOWII SEED EXTRACT,skin-conditioning
TRICHOSANTHES KIRILOWII SEED EXTRACT,skin-protecting
ANANAS SATIVUS FRUIT EXTRACT,skin-conditioning
ULVA AUSTRALIS EXTRACT,emollient
ULVA AUSTRALIS EXTRACT,skin-conditioning
SAHEL SCENEDESMUS EXTRACT,skin-protecting
PROPYLENE GLYCOL LINOLENATE,skin-conditioning
PROPYLENE GLYCOL LINOLENATE,surfactant
AMORPHOPHALLUS KONJAC ROOT EXTRACT,film-forming
AMORPHOPHALLUS KONJAC ROOT EXTRACT,humectant
SACCHAROMYCES BOULADARDII/(ASPARAGUS COCHINCHINENSIS/LYCIUM CHINENSE/OPHIOPOGON JAPONICUS/PANAX GINSENG/REHMANNIA GLUTINOSA) ROOT/PORIA COCOS FERMENT FILTRATE,skin-conditioning
DIMETHYL SUCCINATE,emollient
DIMETHYL SUCCINATE,masking
DIMETHYL SUCCINATE,skin-conditioning
DIMETHYL SUCCINATE,solvent
LUFFA CYLINDRICA LEAF,skin-conditioning
ISOMERIZED SAFFLOWER GLYCERIDES,oral-care
ISOMERIZED SAFFLOWER GLYCERIDES,skin-conditioning
CANNA GENERALIS RHIZOME EXTRACT,humectant
GLYCERYL COCOYL LEUCINATE,skin-conditioning
DIPENTAERYTHRITYL HEXAISOSTEARATE,abrasive
DIPENTAERYTHRITYL HEXAISOSTEARATE,emollient
METHYL GLUCOSE SESQUIISOSTEARATE,emollient
METHYL GLUCOSE SESQUIISOSTEARATE,emulsifying
METHYL GLUCOSE SESQUIISOSTEARATE,skin-conditioning
ISOBUTYL PALMITATE,emollient
ISOBUTYL PALMITATE,skin-conditioning
BENZYLSULFONYLSERYLGLYCINE AMIDINOBENZAMIDE ACETATE,skin-conditioning
PEG/PPG/BUTYLENE/DIMETHICONE COPOLYMER,film-forming
ACHILLEA MILLEFOLIUM FLOWER/CHAMOMILLA RECUTITA FLOWER/FOENICULUM VULGARE FRUIT/HUMULUS LUPULUS FLOWER/MELISSA OFFICINALIS LEAF/VISCUM ALBUM EXTRACT,humectant
HYDROLYZED BRASSICA ALBA SEED EXTRACT,skin-conditioning
7-DEHYDROCHOLESTERYL PALMITATE,skin-protecting
7-DEHYDROCHOLESTERYL PALMITATE,uv-filter
FRAGARIA VESCA SEED,astringent
FRAGARIA VESCA SEED,skin-conditioning
CISTUS LADANIFERUS FLOWER CERA,skin-protecting
PEG/PPG-5/2 METHACRYLATE/METHACRYLIC ACID CROSSPOLYMER,film-forming
STEARYL GLYCOL,emollient
STEARYL GLYCOL,emulsion-stabilising
STEARYL GLYCOL,skin-conditioning
STEARYL GLYCOL,viscosity-controlling
LEUCOJUM AESTIVUM BULB EXTRACT,skin-protecting
GOLD THIOCTATE,antioxidant
GOLD THIOCTATE,skin-protecting
DIMETHYLCYCLOHEXYL ETHYLCARBAMATE,skin-conditioning
IMPATIENS GLANDULIFERA FLOWER EXTRACT,skin-conditioning
IMPATIENS GLANDULIFERA FLOWER EXTRACT,skin-protecting
LACTAMIDE,skin-conditioning
GRIFOLA FRONDOSA /(PANAX GINSENG/REHMANNIA GLUTINOSA/GLYCYRRHIZA URALENSIS/ANGELICA GIGAS/OPHIOPOGON JAPONICUS/ATRACTYLODES MACROCEPHALA/ASTRAGALUS MEMBRANACEUS) ROOT/ RICE SEED/CITRUS UNSHIU PEEL/CARTHAMUS TINCTORIUS FLOWER FERMENT FILTRATE,emollient
GRIFOLA FRONDOSA /(PANAX GINSENG/REHMANNIA GLUTINOSA/GLYCYRRHIZA URALENSIS/ANGELICA GIGAS/OPHIOPOGON JAPONICUS/ATRACTYLODES MACROCEPHALA/ASTRAGALUS MEMBRANACEUS) ROOT/ RICE SEED/CITRUS UNSHIU PEEL/CARTHAMUS TINCTORIUS FLOWER FERMENT FILTRATE,skin-conditioning
ETHYLHEXYL SALICYLATE,uv-absorber
ETHYLHEXYL SALICYLATE,uv-filter
POLYURETHANE-79,film-forming
POLYURETHANE-79,viscosity-controlling
PASSIFLORA QUADRANGULARIS HULL EXTRACT,skin-conditioning
HYPERICUM ERECTUM FLOWER/LEAF/STEM EXTRACT,skin-conditioning
SALVIA OFFICINALIS ROOT EXTRACT,skin-conditioning
ACRYLATES/TRIMETHYLSILOXYPROPYL METHACRYLATE CROSSPOLYMER,film-forming
PALMITOYL OLIGOPEPTIDE-78,skin-conditioning
TULIPALIN A,skin-protecting
ALUMINUM LANOLATE,anticaking
ALUMINUM LANOLATE,emulsion-stabilising
ALUMINUM LANOLATE,viscosity-controlling
NIACINAMIDE HYDROXYBENZOATE,antioxidant
NIACINAMIDE HYDROXYBENZOATE,skin-conditioning
THIAMINE HCL,masking
THIAMINE HCL,skin-conditioning
CAVIAR EXTRACT,skin-conditioning
PRUNUS DOMESTICA FRUIT JUICE,skin-conditioning
FORMALDEHYDE/MELAMINE/TOSYLAMIDE COPOLYMER,film-forming
GLYCERYL PALMITATE/STEARATE,emollient
SALVIA SCLAREA SEED OIL,emollient
ADIANTUM CAPILLUS VENERIS LEAF EXTRACT,skin-conditioning
SH-POLYPEPTIDE-44,skin-conditioning
ROSA HYBRID FLOWER WAX,emollient
ROSA HYBRID FLOWER WAX,skin-conditioning
NICOTINIC ACID ADENINE DINUCLEOTIDE PHOSPHATE,skin-conditioning
NICOTINIC ACID ADENINE DINUCLEOTIDE PHOSPHATE,skin-protecting
R-TRYPANOSOMA CRUZI POLYPEPTIDE-1,skin-conditioning
STERCULIA PLATANIFOLIA FLOWER/LEAF/SEED EXTRACT,skin-conditioning
LAURDIMONIUMHYDROXYPROPYL COCOGLUCOSIDES CHLORIDE,cleansing
LAURDIMONIUMHYDROXYPROPYL COCOGLUCOSIDES CHLORIDE,emulsifying
LAURDIMONIUMHYDROXYPROPYL COCOGLUCOSIDES CHLORIDE,skin-conditioning
LAURDIMONIUMHYDROXYPROPYL COCOGLUCOSIDES CHLORIDE,surfactant
SACCHAROMYCES/COIX LACRYMA-JOBI MA-YUEN SEED FERMENT FILTRATE,skin-conditioning
DISODIUM S-PHYTYL DIGLYCOLOYLCYSTEINE,skin-protecting
GOSSYPIUM HERBACEUM CALLUS EXTRACT,antioxidant
GOSSYPIUM HERBACEUM CALLUS EXTRACT,skin-protecting
SCUTELLARIA BAICALENSIS ROOT POWDER,abrasive
SCUTELLARIA BAICALENSIS ROOT POWDER,masking
SCUTELLARIA BAICALENSIS ROOT POWDER,skin-protecting
TRITELEIA IXIOIDES EXTRACT,antioxidant
TRITELEIA IXIOIDES EXTRACT,antistatic
TRITELEIA IXIOIDES EXTRACT,emollient
TRITELEIA IXIOIDES EXTRACT,skin-conditioning
ZINC MYRISTATE,anticaking
ZINC MYRISTATE,opacifying
ZINC MYRISTATE,viscosity-controlling
HELICHRYSUM ANGUSTIFOLIUM WAX,emollient
HELICHRYSUM ANGUSTIFOLIUM WAX,skin-conditioning
HELICHRYSUM ANGUSTIFOLIUM WAX,skin-protecting
HEXYLGLYCERIN,humectant
MOLASSES,skin-conditioning
CALLUNA VULGARIS FLOWER WATER,skin-conditioning
SH-POLYPEPTIDE-108,antimicrobial
SH-POLYPEPTIDE-108,antiseborrhoeic
SH-POLYPEPTIDE-108,skin-conditioning
SEPIOLITE EXTRACT,skin-conditioning
SACCHAROMYCES/GOLD FERMENT,not-reported
SACCHAROMYCES/GOLD FERMENT,skin-conditioning
AGAVE AMERICANA STEM EXTRACT,skin-conditioning
BEHENYL OLIVATE,emulsion-stabilising
BEHENYL OLIVATE,film-forming
BEHENYL OLIVATE,skin-conditioning
BEHENYL OLIVATE,viscosity-controlling
DIOSCOREA COMPOSITA ROOT EXTRACT,skin-conditioning
HYDROGENATED CASTOR OIL TRIISOSTEARATE,skin-conditioning
HYDROGENATED CASTOR OIL TRIISOSTEARATE,viscosity-controlling
PEG-120 METHYL GLUCOSE TRIOLEATE,cleansing
PEG-120 METHYL GLUCOSE TRIOLEATE,emollient
PEG-120 METHYL GLUCOSE TRIOLEATE,viscosity-controlling
DISODIUM PPG-2 LAURYL ETHER SULFOSUCCINAMATE,foam-boosting
DISODIUM PPG-2 LAURYL ETHER SULFOSUCCINAMATE,surfactant
DISODIUM PPG-2 LAURYL ETHER SULFOSUCCINAMATE,viscosity-controlling
PERFLUORONONYLETHYL CARBOXYDECYL BEHENYL DIMETHICONE,skin-conditioning
VITIS ROTUNDIFOLIA SEED EXTRACT,antioxidant
VITIS ROTUNDIFOLIA SEED EXTRACT,skin-conditioning
ORNITHOGALUM UMBELLATUM BULB EXTRACT,skin-conditioning
TRIFLUOROPROPYL DIMETHICONE/TRIFLUOROPROPYL DIVINYLDIMETHICONE CROSSPOLYMER,skin-conditioning
TRIFLUOROPROPYL DIMETHICONE/TRIFLUOROPROPYL DIVINYLDIMETHICONE CROSSPOLYMER,surfactant
TRIFLUOROPROPYL DIMETHICONE/TRIFLUOROPROPYL DIVINYLDIMETHICONE CROSSPOLYMER,viscosity-controlling
ARENARIA KANSUENSIS LEAF/ROOT/STEM EXTRACT,humectant
VIGNA UMBELLATA SEED EXTRACT,skin-conditioning
SH-OLIGOPEPTIDE-76,skin-conditioning
ALCOHOL,antifoaming
ALCOHOL,antimicrobial
ALCOHOL,astringent
ALCOHOL,masking
ALCOHOL,solvent
ALCOHOL,viscosity-controlling
ISOPROPYL ARACHIDATE,emollient
ISOPROPYL ARACHIDATE,skin-conditioning
THEOBROMA CACAO SEED BUTTER,emollient
THEOBROMA CACAO SEED BUTTER,masking
THEOBROMA CACAO SEED BUTTER,skin-conditioning
THEOBROMA CACAO SEED BUTTER,skin-protecting
HEDYCHIUM FLAVESCENS ROOT EXTRACT,emollient
VERBENA OFFICINALIS FLOWER/LEAF EXTRACT,masking
VERBENA OFFICINALIS FLOWER/LEAF EXTRACT,skin-conditioning
PEANUTAMIDE MIPA,emulsifying
PEANUTAMIDE MIPA,emulsion-stabilising
PEANUTAMIDE MIPA,foam-boosting
PEANUTAMIDE MIPA,surfactant
PEANUTAMIDE MIPA,viscosity-controlling
PALMITOYL TRIPEPTIDE-36,skin-conditioning
HYDROGENATED POLYBUTENE,viscosity-controlling
RHIZOSOLENIA SETIGERA EXTRACT,antioxidant
RHIZOSOLENIA SETIGERA EXTRACT,skin-conditioning
CAPRYLOYL CARNOSINE,skin-conditioning
PRUNUS ARMENIACA LEAF CELL EXTRACT,antioxidant
PRUNUS ARMENIACA LEAF CELL EXTRACT,skin-protecting
LACTOBACILLUS/VELVET EXTRACT FERMENT FILTRATE,humectant
PANAX GINSENG ROOT/VELVET EXTRACT,skin-conditioning
ISODON INFLEXUS EXTRACT,skin-conditioning
PRUNUS PERSICA NECTARINA FRUIT EXTRACT,skin-conditioning
EMBELIA CONCINNA LEAF EXTRACT,skin-conditioning
BIS-HYDROXYETHOXYPROPYL DIMETHICONE/IPDI COPOLYMER ETHYLCARBAMATE,film-forming
UNDECETH-3,emollient
UNDECETH-3,emulsifying
UNDECETH-3,skin-conditioning
UNDECETH-3,surfactant
HYDROLYZED SESAME SEED EXTRACT,skin-conditioning
ACETYL HEXAPEPTIDE-19,skin-conditioning
CORNAMIDE DEA,foam-boosting
CORNAMIDE DEA,surfactant
CORNAMIDE DEA,viscosity-controlling
SACCHAROMYCES/PINEAPPLE FRUIT/SUCROSE FERMENT FILTRATE,humectant
SACCHAROMYCES/PINEAPPLE FRUIT/SUCROSE FERMENT FILTRATE,skin-conditioning
RUBUS IDAEUS SEED EXTRACT,skin-conditioning
TRIETHOXYSILYLETHYL DIMETHICONE/METHICONE COPOLYMER,skin-conditioning
PERSEA THUNBERGII LEAF/ROOT/STEM EXTRACT,humectant
DAUCUS CAROTA SATIVA FLOWER EXTRACT,humectant
DAUCUS CAROTA SATIVA FLOWER EXTRACT,skin-conditioning
DAUCUS CAROTA SATIVA FLOWER EXTRACT,skin-protecting
ISOHEXYL PALMITATE,emollient
ISOHEXYL PALMITATE,skin-conditioning
POLYGLYCERYL-10 PENTALINOLEATE,emollient
POLYGLYCERYL-10 PENTALINOLEATE,emulsifying
ETHYLCELLULOSE,binding
ETHYLCELLULOSE,film-forming
ETHYLCELLULOSE,viscosity-controlling
BIS-PALMITOYL TROMETHAMINE,emollient
BIS-PALMITOYL TROMETHAMINE,humectant
BIS-PALMITOYL TROMETHAMINE,skin-conditioning
BIS-PALMITOYL TROMETHAMINE,skin-protecting
LONICERA PERICLYMENUM CALLUS CULTURE EXTRACT,antimicrobial
LONICERA PERICLYMENUM CALLUS CULTURE EXTRACT,skin-conditioning
LONICERA PERICLYMENUM CALLUS CULTURE EXTRACT,skin-protecting
LACTOBACILLUS/CENTELLA ASIATICA/GLEDITSIA SINENSIS THORN/HOUTTUYNIA CORDATA EXTRACT/PHELLODENDRON AMURENSE BARK/POLYGONUM CUSPIDATUM ROOT/PRUNELLA VULGARIS/TORILIS JAPONICA EXTRACT FERMENT FILTRATE,skin-conditioning
HYDROLYZED PUMPKIN SEEDCAKE,skin-protecting
ARISAEMA CONSANGUINEUM ROOT EXTRACT,skin-conditioning
LIGUSTRUM JAPONICUM FRUIT EXTRACT,skin-conditioning
SR-EGYPTIAN SCORPION OLIGOPEPTIDE-1,skin-conditioning
N-PROLYL PALMITOYL TRIPEPTIDE-56 ACETATE,skin-conditioning
SODIUM GRAPE SEED EXTRACT PHOSPHATE,antioxidant
SODIUM GRAPE SEED EXTRACT PHOSPHATE,skin-conditioning
HYDROLYZED OLIVE FRUIT,antioxidant
HYDROLYZED OLIVE FRUIT,emollient
HYDROLYZED OLIVE FRUIT,skin-protecting
HYDROLYZED OLIVE FRUIT,uv-absorber
ACETYLGLUTAMINOYL FARNESYLCYSTEINE,humectant
ACETYLGLUTAMINOYL FARNESYLCYSTEINE,skin-conditioning
BIFIDA/SCUTELLARIA BAICALENSIS ROOT EXTRACT FERMENT LYSATE EXTRACT FILTRATE,skin-conditioning
STURGEON SKIN MUCUS EXTRACT,humectant
STURGEON SKIN MUCUS EXTRACT,skin-conditioning
CETEARYL CANDELILLATE,emollient
CETEARYL CANDELILLATE,skin-conditioning
CETEARYL CANDELILLATE,skin-protecting
METHYL METHACRYLATE/ETHYLHEXYL ACRYLATE/BUTYL DIMETHICONE PROPYL METHACRYLATE COPOLYMER,film-forming
GLYCYL TYROSINE,skin-conditioning
ARCTIUM LAPPA LEAF EXTRACT,skin-conditioning
GLYCERETH-18,humectant
GLYCERETH-18,skin-conditioning
ANGELICA ARCHANGELICA SEED EXTRACT,skin-conditioning
SODIUM SILICOALUMINATE,abrasive
SODIUM SILICOALUMINATE,bulking
SODIUM SILICOALUMINATE,viscosity-controlling
APRICOTAMIDE DEA,foam-boosting
APRICOTAMIDE DEA,surfactant
APRICOTAMIDE DEA,viscosity-controlling
OCTYLDODECYL RICINOLEATE,emollient
TUSSILAGO FARFARA LEAF EXTRACT,astringent
TUSSILAGO FARFARA LEAF EXTRACT,emollient
TUSSILAGO FARFARA LEAF EXTRACT,skin-conditioning
BIS-PPG-15 DIMETHICONE/IPDI COPOLYMER,film-forming
PASSIFLORA INCARNATA SEED OIL,skin-protecting
RETINOYL TRIPEPTIDE-1,skin-conditioning
ALUMINUM MYRISTATES/PALMITATES,anticaking
ALUMINUM MYRISTATES/PALMITATES,emulsion-stabilising
ALUMINUM MYRISTATES/PALMITATES,opacifying
ALUMINUM MYRISTATES/PALMITATES,viscosity-controlling
HEMA,film-forming
ERIOBOTRYA JAPONICA LEAF/(HOUTTUYNIA CORDATA LEAF/STEM)/(ASTRAGALUS MEMBRANACEUS/LEDEBOURIELLA SESELOIDES/SAURURUS CHINENSIS/SOPHORA FLAVESCENS ROOT)/ACORUS GRAMINEUS STEM EXTRACT,skin-conditioning
TARAXACUM HALLAISANENSIS EXTRACT,skin-conditioning
VIROLA SEBIFERA NUT OIL,emollient
VIROLA SEBIFERA NUT OIL,humectant
VIROLA SEBIFERA NUT OIL,skin-conditioning
PONGAMIA GLABRA ROOT EXTRACT,skin-conditioning
FORMONONETIN,antioxidant
FORMONONETIN,skin-conditioning
FORMONONETIN,skin-protecting
BEHENYL DIMETHICONE/BIS-VINYLDIMETHICONE CROSSPOLYMER,emollient
CAPRYLYL/CAPRYL WHEAT BRAN/STRAW GLYCOSIDES,cleansing
CAPRYLYL/CAPRYL WHEAT BRAN/STRAW GLYCOSIDES,emulsifying
CAPRYLYL/CAPRYL WHEAT BRAN/STRAW GLYCOSIDES,emulsion-stabilising
CAPRYLYL/CAPRYL WHEAT BRAN/STRAW GLYCOSIDES,foam-boosting
CAPRYLYL/CAPRYL WHEAT BRAN/STRAW GLYCOSIDES,surfactant
HEXAPEPTIDE-52,skin-conditioning
BUTYROSPERMUM PARKII OIL,emollient
BUTYROSPERMUM PARKII OIL,skin-conditioning
GARDENIA TAITENSIS CALLUS POWDER,skin-conditioning
BACILLUS/PANAX GINSENG ROOT FERMENT FILTRATE,skin-conditioning
DISODIUM PHENYLENE BIS-ISOSTEARYLPHOSPHATE,emollient
DISODIUM PHENYLENE BIS-ISOSTEARYLPHOSPHATE,skin-conditioning
HYDROLYZED MANGIFERA INDICA JUICE EXTRACT,skin-conditioning
CYCLOCARBOXYPROPYLOLEIC ACID,skin-conditioning
CYCLOCARBOXYPROPYLOLEIC ACID,viscosity-controlling
MELIA AZADIRACHTA BARK EXTRACT,antimicrobial
MELIA AZADIRACHTA BARK EXTRACT,skin-protecting
CHAMOMILLA RECUTITA FLOWER EXTRACT,masking
CHAMOMILLA RECUTITA FLOWER EXTRACT,skin-conditioning
SR-OLIGOPEPTIDE-91 CLOSTRIDIUM BOTULINUM POLYPEPTIDE-1,skin-conditioning
ISOOCTYL TALLATE,emollient
ISOOCTYL TALLATE,plasticiser
ISOOCTYL TALLATE,skin-conditioning
ISOOCTYL TALLATE,solvent
CITRUS AURANTIUM AMARA PEEL POWDER,skin-conditioning
HYDROLYZED MALLOW LEAF EXTRACT,film-forming
HYDROLYZED MALLOW LEAF EXTRACT,skin-protecting
CETYL PALMITOLEATE,skin-conditioning
POLYOXYMETHYLENE RESORCINOL,film-forming
RICINOLEIC ACID,cleansing
RICINOLEIC ACID,emollient
RICINOLEIC ACID,emulsifying
RICINOLEIC ACID,surfactant
PPG-20 TOCOPHERETH-5,anticaking
PPG-20 TOCOPHERETH-5,antioxidant
PPG-20 TOCOPHERETH-5,binding
PPG-20 TOCOPHERETH-5,emulsion-stabilising
PPG-20 TOCOPHERETH-5,humectant
PPG-20 TOCOPHERETH-5,plasticiser
PPG-20 TOCOPHERETH-5,skin-conditioning
OLIGOPEPTIDE-123 RH-OLIGOPEPTIDE-1,skin-conditioning
LANTANA CAMARA FLOWER/LEAF/STEM EXTRACT,emollient
ACETYL DIPEPTIDE-3 AMINOHEXANOATE,skin-conditioning
VA/ISOBUTYL MALEATE/VINYL NEODECANOATE COPOLYMER,film-forming
HYDROXYETHYL ISOSTEARYLOXY ISOPROPANOLAMINE,emulsion-stabilising
HYDROXYETHYL ISOSTEARYLOXY ISOPROPANOLAMINE,skin-conditioning
BOTRYTIS CINEREA/GINSENG FRUIT FERMENT FILTRATE,emollient
BOTRYTIS CINEREA/GINSENG FRUIT FERMENT FILTRATE,skin-conditioning
HYDROLYZED OYSTER GLYCOPROTEIN,humectant
HYDROLYZED OYSTER GLYCOPROTEIN,skin-conditioning
DICAFFEOYL LYSYL HEXAPEPTIDE-65,antimicrobial
DICAFFEOYL LYSYL HEXAPEPTIDE-65,antioxidant
DICAFFEOYL LYSYL HEXAPEPTIDE-65,humectant
DICAFFEOYL LYSYL HEXAPEPTIDE-65,skin-conditioning
DICAFFEOYL LYSYL HEXAPEPTIDE-65,skin-protecting
CARTHAMUS TINCTORIUS OLEOSOMES,emollient
CARTHAMUS TINCTORIUS OLEOSOMES,emulsion-stabilising
CARTHAMUS TINCTORIUS OLEOSOMES,skin-conditioning
SPINACIA OLERACEA,skin-conditioning
HYDROGENATED RASPBERRY SEED OIL,emollient
DIOSPYROS KAKI LEAF EXTRACT,skin-protecting
DIOSPYROS KAKI LEAF EXTRACT,tonic
CAMELINA SATIVA SEED OIL/PALM OIL AMINOPROPANEDIOL ESTERS,skin-conditioning
ROSA ALBA LEAF/STEM EXTRACT,humectant
ROSA ALBA LEAF/STEM EXTRACT,skin-conditioning
PPG-51,skin-conditioning
CORDIA OBLIQUA LEAF EXTRACT,skin-conditioning
MIYAMAYOMENA KORAIENSIS LEAF/STEM EXTRACT,skin-conditioning
LEONTOPODIUM ALPINUM WATER,skin-conditioning
ASPERGILLUS/SORGHUM BICOLOR LEAF/STEM EXTRACT FERMENT FILTRATE,antioxidant
ASPERGILLUS/SORGHUM BICOLOR LEAF/STEM EXTRACT FERMENT FILTRATE,skin-conditioning
FAEX BETA-GLUCAN,film-forming
FAEX BETA-GLUCAN,skin-conditioning
FAEX BETA-GLUCAN,viscosity-controlling
PEG-5 GLYCERYL ISOSTEARATE,emollient
PEG-5 GLYCERYL ISOSTEARATE,emulsifying
CARYA ILLINOENSIS SHELL EXTRACT,skin-conditioning
DECYLTETRADECYL CETEARATE,emollient
DEFATTED CITRUS UNSHIU FRUIT,skin-conditioning
DEFATTED CITRUS UNSHIU FRUIT,skin-protecting
RAVENALA MADAGASCARIENSIS LEAF EXTRACT,skin-conditioning
GLYCINE MAX ADVENTITIOUS ROOT EXTRACT,skin-conditioning
ANTIDESMA VELUTINOSUM FRUIT EXTRACT,antioxidant
ANTIDESMA VELUTINOSUM FRUIT EXTRACT,humectant
ANTIDESMA VELUTINOSUM FRUIT EXTRACT,skin-conditioning
LAVANDULA ANGUSTIFOLIA FLOWER WAX,emollient
LAVANDULA ANGUSTIFOLIA FLOWER WAX,skin-conditioning
LAVANDULA ANGUSTIFOLIA FLOWER WAX,skin-protecting
DIPHENYL DIMETHICONE CROSSPOLYMER,skin-conditioning
EUPHORBIA CERIFERA CERA EXTRACT,binding
EUPHORBIA CERIFERA CERA EXTRACT,film-forming
PROPOLIS CERA,antiseborrhoeic
PROPOLIS CERA,moisturising
PROPOLIS CERA,smoothing
NYLON-11,bulking
NYLON-11,viscosity-controlling
GENTIANELLA RIOJAE EXTRACT,skin-conditioning
METHYL GLUCOSE SESQUISTEARATE,emollient
METHYL GLUCOSE SESQUISTEARATE,emulsifying
METHYL GLUCOSE SESQUISTEARATE,skin-conditioning
BLECHNUM DISCOLOR LEAF EXTRACT,humectant
BLECHNUM DISCOLOR LEAF EXTRACT,skin-conditioning
HYDROGENATED LANETH-5,bulking
HYDROGENATED LANETH-5,emulsifying
HYDROGENATED LANETH-5,skin-conditioning
APHANOTHECE SACRUM EXOPOLYSACCHARIDES,absorbent
APHANOTHECE SACRUM EXOPOLYSACCHARIDES,emulsion-stabilising
APHANOTHECE SACRUM EXOPOLYSACCHARIDES,film-forming
APHANOTHECE SACRUM EXOPOLYSACCHARIDES,viscosity-controlling
ATRIPLEX HALIMUS CALLUS EXTRACT,antioxidant
ATRIPLEX HALIMUS CALLUS EXTRACT,skin-protecting
SKIN LIPIDS,skin-conditioning
ALEURITES MOLUCCANUS SEED EXTRACT,skin-conditioning
PALMITOYL DIPEPTIDE-5 DIAMINOHYDROXYBUTYRATE,skin-conditioning
LOESS EXTRACT,skin-conditioning
BERTHOLLETIA EXCELSA SEED OIL POLYGLYCERYL-6 ESTERS,emollient
BERTHOLLETIA EXCELSA SEED OIL POLYGLYCERYL-6 ESTERS,emulsifying
COCOS NUCIFERA FRUIT/FRUIT JUICE EXTRACT,skin-conditioning
JUSTICIA ADHATODA ROOT EXTRACT,skin-conditioning
NINDOU EKISU,masking
NINDOU EKISU,skin-conditioning
ILLICIUM VERUM LEAF OIL,flavouring
ILLICIUM VERUM LEAF OIL,masking
ILLICIUM VERUM LEAF OIL,skin-conditioning
RHUS GLABRA BARK EXTRACT,skin-conditioning
LARIX KAEMPFERI BARK/WOOD EXTRACT,emollient
LARIX KAEMPFERI BARK/WOOD EXTRACT,humectant
LARIX KAEMPFERI BARK/WOOD EXTRACT,skin-conditioning
PEG-5 HYDROGENATED LANOLIN,emollient
PEG-5 HYDROGENATED LANOLIN,emulsifying
POLYGLYCERYL-20 DOCOSABEHENATE/OLEATE,emollient
POLYGLYCERYL-20 DOCOSABEHENATE/OLEATE,emulsifying
POLYGLYCERYL-20 DOCOSABEHENATE/OLEATE,skin-conditioning
POLYGLYCERYL-20 DOCOSABEHENATE/OLEATE,surfactant
TRIPTERYGIUM WILFORDII CALLUS EXTRACT,skin-conditioning
HAYFLOWER EXTRACT,skin-conditioning
BAPTISIA TINCTORIA ROOT,skin-conditioning
CITRUS RETICULATA PEEL POWDER,skin-conditioning
PICEA MARIANA BARK POWDER,skin-conditioning
DICAPRYLYL/CAPRYL SEBACATE,emollient
DICAPRYLYL/CAPRYL SEBACATE,plasticiser
DICAPRYLYL/CAPRYL SEBACATE,solvent
CRITHMUM MARITIMUM CALLUS CULTURE FILTRATE,skin-protecting
CALCIUM FRUCTOHEPTONATE,skin-conditioning
LAURYL 3-GLYCERYL ASCORBATE,antioxidant
LAURYL 3-GLYCERYL ASCORBATE,humectant
SH-HEXAPEPTIDE-4,skin-conditioning
S-CLOSTRIDIUM BOTULINUM DECAPEPTIDE-2,skin-protecting
QUERCUS GLAUCA SEED EXTRACT,skin-conditioning
HYDROLYZED GLOSSOCARDIA BIDENS EXTRACT,antioxidant
HYDROLYZED GLOSSOCARDIA BIDENS EXTRACT,antiseborrhoeic
HYDROLYZED GLOSSOCARDIA BIDENS EXTRACT,skin-conditioning
CITRUS AURANTIUM AMARA PEEL OIL,skin-conditioning
DIPROPYLENE GLYCOL DIACRYLATE,film-forming
DIPROPYLENE GLYCOL DIACRYLATE,skin-conditioning
LIQUIRITIGENIN,antioxidant
LIQUIRITIGENIN,skin-conditioning
MEDICAGO SATIVA LEAF POWDER,skin-conditioning
ARDISIA CRENATA LEAF EXTRACT,skin-conditioning
STEARYL BEHENATE,emollient
STEARYL BEHENATE,skin-conditioning
SODIUM HYDROXYPROPYLSULFONATE COCOGLUCOSIDE CROSSPOLYMER,cleansing
SODIUM HYDROXYPROPYLSULFONATE COCOGLUCOSIDE CROSSPOLYMER,emulsifying
SODIUM HYDROXYPROPYLSULFONATE COCOGLUCOSIDE CROSSPOLYMER,foam-boosting
SODIUM HYDROXYPROPYLSULFONATE COCOGLUCOSIDE CROSSPOLYMER,hydrotrope
SODIUM HYDROXYPROPYLSULFONATE COCOGLUCOSIDE CROSSPOLYMER,skin-conditioning
COCOBUTYRAMIDO HYDROXYSULTAINE,cleansing
COCOBUTYRAMIDO HYDROXYSULTAINE,emulsifying
COCOBUTYRAMIDO HYDROXYSULTAINE,foam-boosting
COCOBUTYRAMIDO HYDROXYSULTAINE,solvent
COCOBUTYRAMIDO HYDROXYSULTAINE,surfactant
COCOBUTYRAMIDO HYDROXYSULTAINE,viscosity-controlling
SACCHAROMYCES/JUNIPERUS COMMUNIS FRUIT WATER FERMENT FILTRATE,antimicrobial
SACCHAROMYCES/JUNIPERUS COMMUNIS FRUIT WATER FERMENT FILTRATE,antioxidant
SACCHAROMYCES/JUNIPERUS COMMUNIS FRUIT WATER FERMENT FILTRATE,skin-protecting
PPG-30 ISOCETYL ETHER,emollient
PPG-30 ISOCETYL ETHER,skin-conditioning
MAMMARIAN HYDROLYSATE,skin-protecting
HEPTAPEPTIDE-12 DIMER,skin-conditioning
ISOCETYL STEARATE,emollient
ISOCETYL STEARATE,skin-conditioning
AMINOPROPYL MAGNESIUM POLYSILSESQUIOXANE CHLORIDE,antimicrobial
AMINOPROPYL MAGNESIUM POLYSILSESQUIOXANE CHLORIDE,humectant
AMINOPROPYL MAGNESIUM POLYSILSESQUIOXANE CHLORIDE,skin-conditioning
TILIA CORDATA FLOWER EXTRACT,skin-conditioning
EQUAE LAC,skin-conditioning
GLUCOSAMINE THIOCTATE,skin-conditioning
ISODECYL LAURATE,emollient
ISODECYL LAURATE,skin-conditioning
COCAMIDE DEA SESQUI,emollient
COCAMIDE DEA SESQUI,emulsifying
COCAMIDE DEA SESQUI,humectant
COCAMIDE DEA SESQUI,skin-conditioning
COCAMIDE DEA SESQUI,surfactant
SUCRALOSE,skin-conditioning
PPG-20 OLEYL ETHER,emollient
PPG-20 OLEYL ETHER,skin-conditioning
RH-POLYPEPTIDE-52,skin-protecting
PARTHENIUM ARGENTATUM BARK EXTRACT,skin-conditioning
CITRUS JABARA JUICE,skin-conditioning
CORDYCEPS MILITARIS MYCELIUM/GINSENG ROOT FERMENT EXTRACT FILTRATE,skin-conditioning
RUBUS IDAEUS CALLUS EXTRACT,antioxidant
RUBUS IDAEUS CALLUS EXTRACT,skin-protecting
TETRAHYDROPYRANYLMETHYLAMINO DIOXOTHIOMORPHOLINOMETHYL PHENYLINDOLE,antioxidant
TETRAHYDROPYRANYLMETHYLAMINO DIOXOTHIOMORPHOLINOMETHYL PHENYLINDOLE,skin-protecting
LACTOBACILLUS/AMPELOCISSUS MARTINI FRUIT/LAVENDER FLOWER/ROSA CANINA FRUIT/ROSEMARY LEAF/SAGE LEAF/THYME LEAF EXTRACT FERMENT FILTRATE,skin-conditioning
CITRUS UNSHIU FRUIT JUICE FERMENT EXTRACT FILTRATE,skin-conditioning
HYDROLYZED ALGAE EXTRACT,skin-conditioning
DIMER DILINOLEATE/ETHYLENEDIAMINE COPOLYMER ACETATE,film-forming
PRUNUS YEDOENSIS FLOWER EXTRACT,humectant
PRUNUS YEDOENSIS FLOWER EXTRACT,skin-conditioning
PRUNUS YEDOENSIS FLOWER EXTRACT,skin-protecting
DAUCUS CAROTA SATIVA SEED EXTRACT,emollient
DAUCUS CAROTA SATIVA SEED EXTRACT,skin-conditioning
PEG-15 HYDROGENATED LANOLIN,emollient
PEG-15 HYDROGENATED LANOLIN,emulsifying
HEXAPEPTIDE-65,antioxidant
HEXAPEPTIDE-65,skin-protecting
SH-POLYPEPTIDE-2 SR-EGYPTIAN SCORPION OLIGOPEPTIDE-1,skin-protecting
SD ALCOHOL 1,astringent
SD ALCOHOL 1,solvent
SD ALCOHOL 1,viscosity-controlling
DIISONONYL ADIPATE,emollient
DIISONONYL ADIPATE,plasticiser
DIISONONYL ADIPATE,skin-conditioning
DIISONONYL ADIPATE,solvent
ANTHRISCUS CEREFOLIUM EXTRACT,skin-conditioning
ARUNIKA EKISU,skin-conditioning
ZINC BIS-(METHYL PALMITOYL ASPARTATE),skin-protecting
OLIGOPEPTIDE-130,skin-conditioning
SANGUISORBA OFFICINALIS XYLEM SAP,skin-conditioning
BROMOETHYL PCA,humectant
ARISTOTELIA CHILENSIS SEED OIL,emollient
ARISTOTELIA CHILENSIS SEED OIL,humectant
ARISTOTELIA CHILENSIS SEED OIL,skin-conditioning
QUERCETIN DIMETHYL ETHER GLUCOSIDE,skin-conditioning
QUERCETIN DIMETHYL ETHER GLUCOSIDE,skin-protecting
AUREOBASIDIUM PULLULANS FERMENT FILTRATE,humectant
AUREOBASIDIUM PULLULANS FERMENT FILTRATE,skin-conditioning
AUREOBASIDIUM PULLULANS FERMENT FILTRATE,skin-protecting
APHLOIA THEIFORMIS LEAF EXTRACT,astringent
APHLOIA THEIFORMIS LEAF EXTRACT,skin-protecting
ETHYL TOSYLAMIDE,film-forming
ETHYL TOSYLAMIDE,plasticiser
DEXTRIN PALMITATE/HEXYLDECANOATE,emulsion-stabilising
DEXTRIN PALMITATE/HEXYLDECANOATE,viscosity-controlling
RIBES RUBRUM CALLUS EXTRACT,antioxidant
RIBES RUBRUM CALLUS EXTRACT,skin-conditioning
RIBES RUBRUM CALLUS EXTRACT,skin-protecting
GOSSYPIUM HERBACEUM CALLUS POWDER,skin-conditioning
PINUS THUNBERGII BARK EXTRACT,emollient
PINUS THUNBERGII BARK EXTRACT,skin-conditioning
VINYLDIMETHYL/TRIMETHYLSILOXYSILICATE/DIMETHICONE CROSSPOLYMER,emollient
VINYLDIMETHYL/TRIMETHYLSILOXYSILICATE/DIMETHICONE CROSSPOLYMER,film-forming
VINYLDIMETHYL/TRIMETHYLSILOXYSILICATE/DIMETHICONE CROSSPOLYMER,viscosity-controlling
CAPRYLYL CAPRYLATE,emollient
PORPHYRA COLUMBINA EXTRACT,skin-conditioning
ALOE BARBADENSIS LEAF POLYSACCHARIDES,emollient
ALOE BARBADENSIS LEAF POLYSACCHARIDES,film-forming
ALOE BARBADENSIS LEAF POLYSACCHARIDES,humectant
ALOE BARBADENSIS LEAF POLYSACCHARIDES,skin-conditioning
LAURDIMONIUM HYDROXYPROPYL LAURYLGLUCOSIDES CHLORIDE,skin-conditioning
LAURDIMONIUM HYDROXYPROPYL LAURYLGLUCOSIDES CHLORIDE,surfactant
GLYCERYL DIERUCATE,emollient
METHOXY PEG-25,humectant
METHOXY PEG-25,solvent
AGROPYRON CRISTATUM EXTRACT,skin-conditioning
FARFUGIUM JAPONICUM EXTRACT,skin-conditioning
LAURAMIDE MIPA,antistatic
LAURAMIDE MIPA,foam-boosting
LAURAMIDE MIPA,surfactant
LAURAMIDE MIPA,viscosity-controlling
BUTYLOCTYL CETEARATE,emollient
PLANTAGO OVATA LEAF EXTRACT,skin-protecting
HYDROLYZED ACACIA MACROSTACHYA SEED EXTRACT,skin-conditioning
ISONONYL FERULATE,emollient
ISONONYL FERULATE,skin-conditioning
DIHYDROXYDIMETHOXYCHALCONE,humectant
DIHYDROXYDIMETHOXYCHALCONE,skin-conditioning
ACETOBACTER/BARK/ROOT/AKEBIA QUINATA STEM/LEAF/FLOWER/SEED/FRUIT/MORUS ALBA TWIG/PTEROCARPUS SANTALINUS WOOD/RHIZOME/ALISMA ORIENTALE TUBER/GINGKO BILOBA NUT/PORIA COCOS SCLEROTIUM/GANODERMA LUCIDUM/INONTUS OBLIQUUS/TREMELLA FUCIFORMIS/FLOWER/LEAF/STEM/BAMBUSA VULGARIS LEAF/STEM/POLYGONATUM MULTIFLORUM RHIZOME/ROOT/RHEUM PALMATUM ROOT/STALK/ACORUS GRAMINEUS ROOT/STEM/ACHYRANTHES JAPONICA/AGASTACHE RUGOSA/ANTHRISCUS SYLVESTRIS/ARALIA CORDATA/CHRYSANTHEMUM SIBIRICUM/CITRUS UNSHIU/CORDYCEPS SINENSIS/DIANTHUS CHINENSIS/DRYOPTERIS CRASSIRHIZOMA/GERANIUM THUNBERGII/HOUTTUYNIA CORDATA/MENTHA ARVENSIS/OROSTACHYS JAPONICA/PHELLINUS LINTEUS/PINUS DENSIFLORA/POLYGONUM AVICULARE/SALICORNIA HERBACEA/SAURURUS CHINENSIS/SCHIZONEPETA TENUIFOLIA/SELAGINELLA TAMARISCINA/SORBUS COMMIXTA/TARAXACUM PLATYCARPUM/TRAMETES VERSICOLOR/VELVET/HONEY/MALT FERMENT FILTRATE,skin-conditioning
PALMITOYL TRIPEPTIDE-1 ACETATE,skin-conditioning
HYDROGENATED SHARK LIVER OIL,emollient
HYDROGENATED SHARK LIVER OIL,skin-conditioning
ANDESITE EXTRACT,skin-conditioning
AJUGA REPTANS MERISTEM CELL CULTURE,skin-conditioning
CNIDIUM MONNIERI FRUIT EXTRACT,humectant
CNIDIUM MONNIERI FRUIT EXTRACT,skin-conditioning
HYDROLYZED ORYZANOL,skin-conditioning
BUTYLPHTHALIMIDE,plasticiser
BUTYLPHTHALIMIDE,skin-conditioning
SARCOSINE,skin-conditioning
LACTOBACILLUS/SACCHAROMYCES/EUTERPE OLERACEA FRUIT EXTRACT FERMENT FILTRATE,antioxidant
LACTOBACILLUS/SACCHAROMYCES/EUTERPE OLERACEA FRUIT EXTRACT FERMENT FILTRATE,skin-conditioning
LACTOBACILLUS/SACCHAROMYCES/EUTERPE OLERACEA FRUIT EXTRACT FERMENT FILTRATE,skin-protecting
MAGNOLIA CHAMPACA FLOWER OIL,skin-conditioning
EPILOBIUM ANGUSTIFOLIUM FLOWER/LEAF/STEM EXTRACT,skin-conditioning
SAMBUCUS LATIPINNA CALLUS CULTURE EXTRACT,skin-conditioning
SACCHAROMYCES/SELAGINELLA LEPIDOPHYLLA FERMENT FILTRATE,skin-conditioning
MONASCUS/ARGANIA SPINOSA KERNEL FERMENT EXTRACT,emollient
MONASCUS/ARGANIA SPINOSA KERNEL FERMENT EXTRACT,skin-conditioning
CUCUMIS SATIVUS PHTYOPLACENTA CULTURE EXTRACT,humectant
CUCUMIS SATIVUS PHTYOPLACENTA CULTURE EXTRACT,skin-conditioning
CUCUMIS SATIVUS PHTYOPLACENTA CULTURE EXTRACT,skin-protecting
HEXAPEPTIDE-1,skin-conditioning
CITRUS UNSHIU/SINENSIS/RETICULATA FRUIT EXTRACT,skin-conditioning
HYDROLYZED SODIUM CHONDROITIN SULFATE,skin-conditioning
PALMITOYL TRIPEPTIDE-8,skin-conditioning
CERATONIA SILIQUA SEED EXTRACT,skin-conditioning
ACETYL CITRULL AMIDO ARGININE,skin-protecting
MYRICA CERIFERA FRUIT EXTRACT,humectant
MYRICA CERIFERA FRUIT EXTRACT,moisturising
MYRICA CERIFERA FRUIT EXTRACT,skin-conditioning
PEG-9 BUTYLENE GLYCOL LAURATE,emollient
PEG-9 BUTYLENE GLYCOL LAURATE,emulsifying
SODIUM BUTYROYL/FORMOYL CHONDROITIN SULFATE,skin-conditioning
XEROCHRYSUM BRACTEATUM FLOWER,skin-conditioning
CROTON MEGALOCARPUS SEED OIL,skin-conditioning
ODONTELLA AURITA EXTRACT,skin-conditioning
POLYPERFLUOROMETHYLISOPROPYL ETHER,skin-conditioning
2-HYDROXYETHYL ACRYLATE,film-forming
HYDROXYPROPYL METHYLCELLULOSE STEAROXY ETHER,viscosity-controlling
DAUCUS CAROTA SATIVA ROOT JUICE,humectant
DAUCUS CAROTA SATIVA ROOT JUICE,skin-conditioning
EUGENIA CARYOPHYLLUS FLOWER BUD POWDER,skin-conditioning
SAPPHIRE EXTRACT,skin-conditioning
CITRUS AURANTIUM AMARA FRUIT EXTRACT,skin-conditioning
COFFEE SEED OIL POLYGLYCERYL-6 ESTERS,emollient
COFFEE SEED OIL POLYGLYCERYL-6 ESTERS,emulsifying
TEUCRIUM VISCIDUM LEAF/STEM EXTRACT,skin-protecting
DIBUTYLDECYL IPDI,emollient
DIBUTYLDECYL IPDI,film-forming
DIBUTYLDECYL IPDI,skin-conditioning
BIS-LAURYLDIMONIUMHYDROXYETHYL BROMIDE (PEG-220/SMDI COPOLYMER),viscosity-controlling
LACTOBACILLUS/ACORUS CALAMUS ROOT EXTRACT FERMENT FILTRATE,skin-conditioning
PSILANTHUS BENGALENSIS LEAF CELL CULTURE EXTRACT,skin-conditioning
THYMUS VULGARIS FLOWER/LEAF EXTRACT,masking
THYMUS VULGARIS FLOWER/LEAF EXTRACT,skin-conditioning
THYMUS VULGARIS FLOWER/LEAF EXTRACT,tonic
BISDILINOLEATE,emollient
BISDILINOLEATE,skin-conditioning
ACRYLATES/DIMETHICONE METHACRYLATE COPOLYMER,anticaking
ACRYLATES/DIMETHICONE METHACRYLATE COPOLYMER,binding
ACRYLATES/DIMETHICONE METHACRYLATE COPOLYMER,emollient
ACRYLATES/DIMETHICONE METHACRYLATE COPOLYMER,film-forming
ACRYLATES/DIMETHICONE METHACRYLATE COPOLYMER,skin-conditioning
ACRYLATES/DIMETHICONE METHACRYLATE COPOLYMER,skin-protecting
SACCHAROMYCES/MANGANESE FERMENT,skin-conditioning
SH-POLYPEPTIDE-43,skin-conditioning
FICUS CARICA BARK EXTRACT,skin-conditioning
ALUMINUM DIMYRISTATE,anticaking
ALUMINUM DIMYRISTATE,emulsion-stabilising
ALUMINUM DIMYRISTATE,opacifying
ALUMINUM DIMYRISTATE,viscosity-controlling
HYDROGENATED STYRENE/BUTADIENE COPOLYMER,film-forming
HYDROGENATED STYRENE/BUTADIENE COPOLYMER,viscosity-controlling
GLOBULARIA CORDIFOLIA CALLUS CULTURE EXTRACT,skin-conditioning
SCUTELLARIA GALERICULATA LEAF,skin-conditioning
TURTLE EMBRYONIC FIBROBLAST CONDITIONED MEDIA,humectant
HYDROLYZED SEA CUCUMBER EXTRACT,skin-protecting
SD ALCOHOL 38-C,astringent
SD ALCOHOL 38-C,solvent
SD ALCOHOL 38-C,viscosity-controlling
N-RETINOYL DOPAMINE,skin-conditioning
HYDROGENATED CASTOR OIL ISOSTEARATE,skin-conditioning
HYDROGENATED CASTOR OIL ISOSTEARATE,viscosity-controlling
POLYURETHANE-64,film-forming
APRICOT KERNEL AMINO ACIDS,skin-conditioning
REBAUDIOSIDE A,skin-conditioning
CINNAMOYLHYDROXAMIC ACID,antioxidant
CINNAMOYLHYDROXAMIC ACID,chelating
CINNAMOYLHYDROXAMIC ACID,skin-protecting
RUMEX ACETOSELLA EXTRACT,skin-conditioning
RUMEX ACETOSELLA EXTRACT,soothing
VINYLBENZYLCYCLOHEXYL PROPIONAMIDE/VINYLBENZYL LACTOSYLLACTONAMIDE COPOLYMER,humectant
MAGNOLIA DENUDATA BUD POWDER,abrasive
MAGNOLIA DENUDATA BUD POWDER,skin-conditioning
SYNTHETIC JAPAN WAX,binding
SYNTHETIC JAPAN WAX,emollient
SYNTHETIC JAPAN WAX,emulsion-stabilising
SYNTHETIC JAPAN WAX,viscosity-controlling
CITRUS TANGERINA PEEL OIL,masking
CITRUS TANGERINA PEEL OIL,skin-conditioning
HEXAPEPTIDE-43,skin-conditioning
POLYGLYCERYL-10 LINOLEATE,skin-conditioning
CALCIUM TARTRATE,skin-conditioning
METHIONYL SH-OLIGOPEPTIDE-1 SR-JELLYFISH POLYPEPTIDE-1,antioxidant
METHIONYL SH-OLIGOPEPTIDE-1 SR-JELLYFISH POLYPEPTIDE-1,skin-protecting
HYDROXYSTEARAMIDE MEA,antistatic
HYDROXYSTEARAMIDE MEA,viscosity-controlling
PPG-1 BEHENETH-15,emollient
PPG-1 BEHENETH-15,emulsifying
GARDENIA TAITENSIS FLOWER,skin-conditioning
CIMICIFUGA DAHURICA ROOT/FORSYTHIA VIRDISSIMA FRUIT/GLYCYRRHIZA GLABRA ROOT/PAEONIA LACTIFLORA ROOT/PLATYCODON GRANDIFLORUS ROOT/PUERARIA LOBATA ROOT EXTRACT,humectant
CIMICIFUGA DAHURICA ROOT/FORSYTHIA VIRDISSIMA FRUIT/GLYCYRRHIZA GLABRA ROOT/PAEONIA LACTIFLORA ROOT/PLATYCODON GRANDIFLORUS ROOT/PUERARIA LOBATA ROOT EXTRACT,skin-conditioning
ACETYL TETRAPEPTIDE-3,skin-protecting
HEXACARBOXYMETHYL LYSINYL LYSINAMIDE,humectant
TALLOW AMIDE,emulsifying
TALLOW AMIDE,emulsion-stabilising
TALLOW AMIDE,foam-boosting
TALLOW AMIDE,opacifying
TALLOW AMIDE,surfactant
TALLOW AMIDE,viscosity-controlling
PROPYLENE GLYCOL OLEATE,skin-conditioning
PROPYLENE GLYCOL OLEATE,surfactant
TRIISOPROPYL CITRATE,emollient
AMP-ACRYLATES/DIACETONEACRYLAMIDE COPOLYMER,film-forming
OLEOYL TYROSINE,skin-conditioning
OLEOYL TYROSINE,skin-protecting
CYTISUS SCOPARIUS BRANCH/FLOWER/LEAF EXTRACT,skin-conditioning
HEPTAPEPTIDE-32,skin-conditioning
HYPOXIS ROOPERI RHIZOME EXTRACT,skin-conditioning
ISOBUTYL MEADOWFOAMATE,emollient
ISOBUTYL MEADOWFOAMATE,skin-conditioning
PEG-12 CARNAUBA,emulsion-stabilising
LEVISTOLIDE A,skin-conditioning
LEVISTOLIDE A,skin-protecting
YUCCA SCHIDIGERA LEAF/ROOT/STEM EXTRACT,cleansing
YUCCA SCHIDIGERA LEAF/ROOT/STEM EXTRACT,masking
YUCCA SCHIDIGERA LEAF/ROOT/STEM EXTRACT,skin-protecting
YUCCA SCHIDIGERA LEAF/ROOT/STEM EXTRACT,surfactant
PRUNUS PERSICA KERNEL OIL,emollient
PRUNUS PERSICA KERNEL OIL,skin-conditioning
IRESINE WEBERBAUERI FLOWER/LEAF/STEM EXTRACT,skin-conditioning
PALAU WHITE CLAY EXTRACT,humectant
PRUNUS AVIUM FRUIT EXTRACT,skin-conditioning
TINOSPORA CORDIFOLIA ROOT/STEM EXTRACT,skin-conditioning
TOCOPHERETH-18,antioxidant
TOCOPHERETH-18,skin-conditioning
TOCOPHERETH-18,surfactant
TORREYA CALIFORNICA EXTRACT,emollient
ADIPIC ACID/METHYLPENTANEDIOL/HDI COPOLYMER,film-forming
POLYGLYCERYL-10 NONAISOSTEARATE,skin-conditioning
NELUMBO NUCIFERA PHYTOPLACENTA EXTRACT,skin-conditioning
CITRUS LIMON JUICE POWDER,skin-conditioning
CITRUS LIMON JUICE POWDER,tonic
AKEBIA QUINATA SEED OIL,emollient
AKEBIA QUINATA SEED OIL,skin-conditioning
PENTAPEPTIDE-38,skin-conditioning
OLIGOPEPTIDE-109,skin-conditioning
TRIPEPTIDE-43,skin-conditioning
HYDROLYZED ALNUS JAPONICA STEM EXTRACT,skin-conditioning
HYDROLYZED ALNUS JAPONICA STEM EXTRACT,skin-protecting
PEG-75 MEADOWFOAM OIL,emollient
PEG-75 MEADOWFOAM OIL,emulsifying
PEG-75 MEADOWFOAM OIL,surfactant
DIHYDROFARNESOL,skin-conditioning
METHYL GLUCETH-20,humectant
METHYL GLUCETH-20,moisturising
SD ALCOHOL 38-F,astringent
SD ALCOHOL 38-F,solvent
SD ALCOHOL 38-F,viscosity-controlling
GLUCOSAMINE SULFATE,skin-conditioning
TRIHYDROXYCHALCONE,emollient
CALCIUM CARBONATE/CALCIUM HYDROXIDE/CALCIUM OXIDE/CLAY/ILLITE/ORTHOCLASE/OYSTER SHELL POWDER/QUARTZ POWDER/VERMICULITE/ZEOLITE EXTRACT,emollient
CALCIUM CARBONATE/CALCIUM HYDROXIDE/CALCIUM OXIDE/CLAY/ILLITE/ORTHOCLASE/OYSTER SHELL POWDER/QUARTZ POWDER/VERMICULITE/ZEOLITE EXTRACT,humectant
CALCIUM CARBONATE/CALCIUM HYDROXIDE/CALCIUM OXIDE/CLAY/ILLITE/ORTHOCLASE/OYSTER SHELL POWDER/QUARTZ POWDER/VERMICULITE/ZEOLITE EXTRACT,skin-conditioning
BEHENYL BEHENATE,emollient
BEHENYL BEHENATE,skin-conditioning
BENZYL LAURATE,emollient
BENZYL LAURATE,masking
BENZYL LAURATE,skin-conditioning
BENZYL LAURATE,solvent
PASSIFLORA CAERULEA FLOWER EXTRACT,skin-conditioning
GEUM RIVALE EXTRACT,skin-conditioning
GEUM RIVALE EXTRACT,skin-protecting
MAGNESIUM SILICATE,absorbent
MAGNESIUM SILICATE,anticaking
MAGNESIUM SILICATE,bulking
MAGNESIUM SILICATE,opacifying
MAGNESIUM SILICATE,viscosity-controlling
HYDROGENATED STARCH HYDROLYSATE,humectant
KHAYA SENEGALENSIS WOOD EXTRACT,skin-conditioning
PERSEA GRATISSIMA LEAF EXTRACT,skin-conditioning
PELVETIA CANALICULATA EXTRACT,skin-protecting
HYDROGENATED RICE BRAN WAX,binding
HYDROGENATED RICE BRAN WAX,skin-conditioning
HYDROGENATED RICE BRAN WAX,viscosity-controlling
PANAX GINSENG ADVENTITIOUS ROOT CULTURE OIL,skin-conditioning
CHOLESTERYL OLEATE,skin-conditioning
PECTIN,binding
PECTIN,emulsion-stabilising
PECTIN,viscosity-controlling
HYDROGENATED HONEY,humectant
HYDROGENATED HONEY,skin-conditioning
HYDROLYZED VERBASCUM THAPSUS FLOWER,antioxidant
HYDROLYZED VERBASCUM THAPSUS FLOWER,skin-protecting
DODECYLTETRADECANOL,emollient
DODECYLTETRADECANOL,skin-conditioning
SACCHAROMYCES/LYCIUM CHINENSE FRUIT/REHMANNIA GLUTINOSA ROOT/CUSCUTA CHINENSIS FRUIT/CISTANCHE DESERTICOLA/ZANTHOXYLUM PIPERITUM FRUIT/CHRYSANTHEMUM MORIFOLIUM FRUIT/PORIA COCOS/ CINNAMOMUM CASSIA FERMENT,skin-conditioning
LAVA POWDER,skin-conditioning
TROPAEOLUM MAJUS FLOWER/LEAF/STEM EXTRACT,skin-conditioning
PEG-10,humectant
PEG-10,solvent
BUTOXYETHYL NICOTINATE,skin-conditioning
PEG/PPG-32/8 TETRAMETHYL ETHER PENTAERYTHRITOL,humectant
THEOBROMA GRANDIFLORUM FRUIT JUICE POWDER,skin-conditioning
MACADAMIA TERNIFOLIA SEED OIL,emollient
ALGAE EXOPOLYSACCHARIDES,film-forming
ALGAE EXOPOLYSACCHARIDES,humectant
ALGAE EXOPOLYSACCHARIDES,skin-conditioning
ALGAE EXOPOLYSACCHARIDES,skin-protecting
CETYL TRANEXAMATE HCL,skin-conditioning
LIMONIUM VULGARE FLOWER/LEAF/STEM EXTRACT,skin-conditioning
UNDECETH-40,emulsion-stabilising
UNDECETH-40,skin-conditioning
UNDECETH-40,surfactant
PENTAPEPTIDE-5,skin-conditioning
SALINICOCCUS LYSATE FILTRATE,skin-conditioning
CITROFORTUNELLA MICROCARPA FRUIT EXTRACT,antioxidant
CITROFORTUNELLA MICROCARPA FRUIT EXTRACT,skin-conditioning
GLYCERYL DIISOSTEARATE/HYDROGENATED ROSINATE,skin-conditioning
LACTOBACILLUS/SASA QUELPAERTENSIS LEAF/STEM EXTRACT FERMENT FILTRATE,skin-conditioning
CENTAURIUM ERYTHRAEA FLOWER EXTRACT,skin-conditioning
CUCUMIS SATIVUS SEED OIL,emollient
CUCUMIS SATIVUS SEED OIL,skin-conditioning
PEG-60 HYDROGENATED CASTOR OIL PCA ISOSTEARATE,skin-conditioning
DEFINED CELL CULTURE MEDIA 9,skin-conditioning
FICUS RELIGIOSA STEM EXTRACT,antimicrobial
FICUS RELIGIOSA STEM EXTRACT,skin-conditioning
SHEA BUTTER ETHYL ESTERS,emollient
SHEA BUTTER ETHYL ESTERS,skin-conditioning
NATANE YU,skin-conditioning
SOLANUM TUBEROSUM PULP WATER,humectant
SOLANUM TUBEROSUM PULP WATER,skin-conditioning
SOLANUM TUBEROSUM PULP WATER,skin-protecting
SILKWORM SH-OLIGOPEPTIDE-2,skin-conditioning
GLYCERETH-7/IPDI COPOLYMER,film-forming
GLYCERETH-7/IPDI COPOLYMER,skin-conditioning
GLYCERETH-7/IPDI COPOLYMER,viscosity-controlling
LACTOBACILLUS/PANAX GINSENG BERRY EXTRACT FERMENT FILTRATE,skin-conditioning
PERFLUOROTETRALIN,detangling
PERFLUOROTETRALIN,skin-conditioning
PERFLUOROTETRALIN,solvent
COFFEA ARABICA FRUIT POWDER,antioxidant
COFFEA ARABICA FRUIT POWDER,flavouring
COFFEA ARABICA FRUIT POWDER,skin-conditioning
ONOPORDUM ACANTHIUM FLOWER/LEAF/STEM EXTRACT,skin-conditioning
TEA-DIRICINOLEATE,emollient
TEA-DIRICINOLEATE,film-forming
TEA-DIRICINOLEATE,skin-conditioning
PRUNUS HUMILIS FRUIT EXTRACT,skin-conditioning
SH-OLIGOPEPTIDE-86,skin-conditioning
ANNONA ATEMOYA FRUIT EXTRACT,humectant
ANNONA ATEMOYA FRUIT EXTRACT,skin-conditioning
ANNONA ATEMOYA FRUIT EXTRACT,skin-protecting
SULFURIZED JOJOBA OIL,emollient
SULFURIZED JOJOBA OIL,skin-conditioning
TRICAPRYLYL/CAPRYL TRIMELLITATE,emollient
TRICAPRYLYL/CAPRYL TRIMELLITATE,plasticiser
TRICAPRYLYL/CAPRYL TRIMELLITATE,skin-conditioning
SECALE CEREALE CALLUS EXTRACT,skin-conditioning
CAMELLIA KISSI SEED OIL,emollient
CAMELLIA KISSI SEED OIL,skin-conditioning
DECAPEPTIDE-36,skin-conditioning
ACETYL TETRAPEPTIDE-27,skin-conditioning
OLIGOPEPTIDE-156,skin-conditioning
POLYURETHANE-77,viscosity-controlling
LAC,skin-conditioning
PAEONIA ALBIFLORA FLOWER,skin-conditioning
ETHYLENE/ACRYLIC ACID/VA COPOLYMER,film-forming
ROSA MULTIFLORA FLOWER WAX,skin-conditioning
ROSA MULTIFLORA FLOWER WAX,viscosity-controlling
C14-22 ALKANE,emollient
C14-22 ALKANE,skin-conditioning
C14-22 ALKANE,solvent
ORYZA SATIVA BRAN CERA,skin-conditioning
CROCODILE OIL,emollient
CROCODILE OIL,skin-conditioning
GARDENIA JASMINOIDES LEAF CELL EXTRACT,antioxidant
GARDENIA JASMINOIDES LEAF CELL EXTRACT,skin-protecting
SH-OLIGOPEPTIDE-15,skin-conditioning
PRUNUS DOMESTICA/HYDROGENATED PRUNUS DOMESTICA SEED OIL ESTERS,emollient
PRUNUS DOMESTICA/HYDROGENATED PRUNUS DOMESTICA SEED OIL ESTERS,skin-conditioning
PEG/PPG-8/26 DIMETHICONE,antifoaming
PEG/PPG-8/26 DIMETHICONE,plasticiser
PEG/PPG-8/26 DIMETHICONE,skin-conditioning
PEG/PPG-8/26 DIMETHICONE,surfactant
DIETHYLHEXYL 2‚6-NAPHTHALATE,emollient
DIETHYLHEXYL 2‚6-NAPHTHALATE,skin-conditioning
DIETHYLHEXYL 2‚6-NAPHTHALATE,solvent
DIETHYLHEXYL 2‚6-NAPHTHALATE,uv-absorber
PAECILOMYCES JAPONICA/CYNANCHUM WILFORDII ROOT FERMENT EXTRACT FILTRATE,skin-conditioning
SAMBUCUS CANADENSIS EXTRACT,skin-conditioning
LACTOBACILLUS,skin-conditioning
POLYGLYCERYL-6 TRILAURATE,cleansing
POLYGLYCERYL-6 TRILAURATE,emollient
POLYGLYCERYL-6 TRILAURATE,emulsifying
POLYGLYCERYL-6 TRILAURATE,skin-conditioning
POLYGLYCERYL-6 TRILAURATE,surfactant
ZOSTERA MARINA EXTRACT,skin-conditioning
CAPRYLIC/CAPRIC/LAURIC TRIGLYCERIDE,skin-conditioning
ISOSTEARYL LINOLEATE,emollient
ISOSTEARYL LINOLEATE,skin-conditioning
MANGIFERA INDICA PULP EXTRACT,skin-conditioning
LARIX SIBIRICA WOOD EXTRACT,antidandruff
LARIX SIBIRICA WOOD EXTRACT,antimicrobial
LARIX SIBIRICA WOOD EXTRACT,antioxidant
LARIX SIBIRICA WOOD EXTRACT,skin-protecting
SCHIZANDRA SPHENANTHERA FRUIT EXTRACT,antioxidant
SCHIZANDRA SPHENANTHERA FRUIT EXTRACT,antiseborrhoeic
SCHIZANDRA SPHENANTHERA FRUIT EXTRACT,skin-conditioning
SCHIZANDRA SPHENANTHERA FRUIT EXTRACT,skin-protecting
ASPERGILLUS/SACCHAROMYCES/BARLEY FERMENT EXTRACT FILTRATE,humectant
CITRUS IYO FRUIT WATER,humectant
CITRUS IYO FRUIT WATER,skin-conditioning
ETHYL CARBAZIDO HYALURONATE RH-POLYPEPTIDE-7,antioxidant
ETHYL CARBAZIDO HYALURONATE RH-POLYPEPTIDE-7,humectant
LYCHNIS COGNATA ROOT EXTRACT,skin-conditioning
LYCHNIS COGNATA ROOT EXTRACT,skin-protecting
FORTUNELLA MARGARITA FRUIT WATER,skin-conditioning
RETINYL SOYATE,emollient
RETINYL SOYATE,skin-conditioning
PAPHIOPEDILUM MAUDIAE FLOWER EXTRACT,skin-conditioning
LIPPIA CITRIODORA MERISTEM CELL CULTURE,skin-conditioning
BACILLUS/MONASCUS/GRAPE SPROUT/RICE BRAN FERMENT FILTRATE,emollient
BACILLUS/MONASCUS/GRAPE SPROUT/RICE BRAN FERMENT FILTRATE,humectant
BACILLUS/MONASCUS/GRAPE SPROUT/RICE BRAN FERMENT FILTRATE,skin-conditioning
BACILLUS/MONASCUS/GRAPE SPROUT/RICE BRAN FERMENT FILTRATE,skin-protecting
GLYCERYL RICINOLEATE SE,emollient
GLYCERYL RICINOLEATE SE,emulsifying
GLYCERYL RICINOLEATE SE,skin-conditioning
GLYCERYL RICINOLEATE SE,surfactant
PICHIA CARIBBICA FERMENT,humectant
COCOYL HEXAPEPTIDE-16,skin-conditioning
SODIUM RAPESEEDATE,cleansing
SODIUM RAPESEEDATE,emulsifying
SODIUM RAPESEEDATE,surfactant
SODIUM RAPESEEDATE,viscosity-controlling
POLYPROPANEDIOL-4,emulsifying
POLYPROPANEDIOL-4,emulsion-stabilising
POLYPROPANEDIOL-4,plasticiser
POLYPROPANEDIOL-4,solvent
POLYPROPANEDIOL-4,surfactant
POLYPROPANEDIOL-4,viscosity-controlling
HYDROLYZED LINDERA AGGREGATA POLYSACCHARIDES,skin-protecting
BIDENS TRIPARTITA FLOWER/LEAF/STEM EXTRACT,skin-conditioning
ANGELICA KEISKEI LEAF/STEM EXTRACT,skin-conditioning
PHOSPHORYLCHOLINE GLYCOL METHACRYLATE/PEG-10 DIMETHACRYLATE CROSSPOLYMER,film-forming
PHOSPHORYLCHOLINE GLYCOL METHACRYLATE/PEG-10 DIMETHACRYLATE CROSSPOLYMER,humectant
PHOSPHORYLCHOLINE GLYCOL METHACRYLATE/PEG-10 DIMETHACRYLATE CROSSPOLYMER,skin-conditioning
GREVILLEA ROBUSTA FLOWER EXTRACT,skin-conditioning
FRAGARIA VESCA FLOWER EXTRACT,astringent
FRAGARIA VESCA FLOWER EXTRACT,skin-conditioning
COCAMIDE DEA,emulsifying
COCAMIDE DEA,emulsion-stabilising
COCAMIDE DEA,foam-boosting
COCAMIDE DEA,surfactant
COCAMIDE DEA,viscosity-controlling
MURDANNIA KEISAK EXTRACT,antimicrobial
MURDANNIA KEISAK EXTRACT,antioxidant
MURDANNIA KEISAK EXTRACT,emollient
MURDANNIA KEISAK EXTRACT,humectant
MURDANNIA KEISAK EXTRACT,skin-protecting
SACCHAROMYCES/RUBUS COREANUS FRUIT FERMENT FILTRATE,skin-conditioning
PRUNUS AVIUM SEED OIL,emollient
PRUNUS AVIUM SEED OIL,emulsion-stabilising
PRUNUS AVIUM SEED OIL,skin-conditioning
HYPOCHOERIS RADICATA FLOWER EXTRACT,skin-conditioning
CINNAMOMUM CAMPHORA BARK EXTRACT,skin-conditioning
TILIA AMERICANA FLOWER EXTRACT,masking
TILIA AMERICANA FLOWER EXTRACT,skin-conditioning
TILIA AMERICANA FLOWER EXTRACT,soothing
LACTOBACILLUS/SACCHAROMYCES/REHMANNIA GLUTINOSA ROOT FERMENT EXTRACT,skin-conditioning
MORUS ALBA LEAF POWDER,skin-conditioning
OSTRYA JAPONICA LEAF EXTRACT,antimicrobial
OSTRYA JAPONICA LEAF EXTRACT,antioxidant
OSTRYA JAPONICA LEAF EXTRACT,emollient
OSTRYA JAPONICA LEAF EXTRACT,skin-conditioning
OSTRYA JAPONICA LEAF EXTRACT,skin-protecting
ELLAGIC ACID,skin-conditioning
LUFFA CYLINDRICA CALLUS CULTURE CONDITIONED MEDIA,antioxidant
LUFFA CYLINDRICA CALLUS CULTURE CONDITIONED MEDIA,skin-conditioning
LUFFA CYLINDRICA CALLUS CULTURE CONDITIONED MEDIA,skin-protecting
DIETHYL TRIOXOPIMELATE,skin-conditioning
ARALIA NUDICAULIS ROOT EXTRACT,skin-conditioning
POLYGLYCERYL-6 APRICOT KERNELATE,emollient
POLYGLYCERYL-6 APRICOT KERNELATE,emulsifying
LAURAMIDE DEA,antistatic
LAURAMIDE DEA,foam-boosting
LAURAMIDE DEA,surfactant
LAURAMIDE DEA,viscosity-controlling
TRITICUM TURGIDUM DURUM SEED EXTRACT,skin-conditioning
PEG-10 POLYGLYCERYL-2 LAURATE,emollient
OURICURY WAX,binding
OURICURY WAX,viscosity-controlling
GARDENIA JASMINOIDES MERISTEM CELL CULTURE EXTRACT,skin-conditioning
DIHEXYLDECYL LAUROYL GLUTAMATE,emollient
DIHEXYLDECYL LAUROYL GLUTAMATE,skin-conditioning
TARAXACUM OFFICINALE RHIZOME/ROOT EXTRACT,skin-conditioning
TARAXACUM OFFICINALE RHIZOME/ROOT EXTRACT,soothing
FAEX EXTRACT,skin-conditioning
LACTOBACILLUS/PORPHYRIDIUM FERMENT,skin-protecting
HYDROLYZED INONOTUS OBLIQUUS EXTRACT,skin-conditioning
HYDROLYZED INONOTUS OBLIQUUS EXTRACT,skin-protecting
PALMITOYL GRAPE SEED EXTRACT,skin-conditioning
OPUNTIA COCCINELLIFERA FLOWER EXTRACT,skin-conditioning
ASCORBIC ACID,antioxidant
ASCORBIC ACID,buffering
ASCORBIC ACID,masking
ASCORBIC ACID,skin-conditioning
POLYUREA CROSSPOLYMER-4,film-forming
POTENTILLA CHINENSIS CALLUS EXTRACT,antimicrobial
POTENTILLA CHINENSIS CALLUS EXTRACT,antioxidant
POTENTILLA CHINENSIS CALLUS EXTRACT,skin-conditioning
CORTUSA MATTHIOLI FLOWER/LEAF/STEM EXTRACT,humectant
CORTUSA MATTHIOLI FLOWER/LEAF/STEM EXTRACT,skin-conditioning
CAPSICUM ANNUUM FRUIT MERISTEM CELL,antioxidant
CAPSICUM ANNUUM FRUIT MERISTEM CELL,skin-conditioning
CAPSICUM ANNUUM FRUIT MERISTEM CELL,skin-protecting
CAFFEINE CARBOXYLOYL TRIPEPTIDE-37,skin-conditioning
HEXYLDECYL ISOSTEARATE,skin-conditioning
ROSA EGLANTARIA SEED OIL,skin-conditioning
ASPARAGOPSIS ARMATA EXTRACT,skin-protecting
GLYCERYL PALMITATE LACTATE,emollient
GLYCERYL PALMITATE LACTATE,emulsifying
LACTOBACILLUS/(ASPARAGUS COCHINCHINENSIS/LYCIUM CHINENSE/OPHIOPOGON JAPONICUS/PANAX GINSENG/REHMANNIA GLUTINOSA) ROOT/PORIA COCOS FERMENT FILTRATE,skin-conditioning
SHOREA STENOPTERA SEED BUTTER,emollient
SHOREA STENOPTERA SEED BUTTER,skin-conditioning
PIG DENTAL PULP CELL/ADIPOCYTE/BONE MARROW CELL CONDITIONED MEDIA,humectant
PIG DENTAL PULP CELL/ADIPOCYTE/BONE MARROW CELL CONDITIONED MEDIA,skin-conditioning
ACRYLATES/TRIS(TRIMETHYLSILOXY)SILYLPROPYL METHACRYLATE COPOLYMER,film-forming
HEDERA HELIX LEAF/STEM,anticaking
HEDERA HELIX LEAF/STEM,antimicrobial
HEDERA HELIX LEAF/STEM,astringent
HEDERA HELIX LEAF/STEM,skin-conditioning
HEDERA HELIX LEAF/STEM,soothing
HEDERA HELIX LEAF/STEM,tonic
PROPANEDIOL,solvent
PROPANEDIOL,viscosity-controlling
POLYGLYCERYL-10 PALMITATE,skin-conditioning
HEPTAPEPTIDE-7,skin-conditioning
RETINYL PALMITATE,skin-conditioning
CAMELLIA RETICULATA SEED OIL,emollient
ELEPHANTOPUS MOLLIS LEAF EXTRACT,humectant
BACILLUS/LACTOBACILLUS/PONCIRUS TRIFOLIATA FRUIT EXTRACT FERMENT FILTRATE,skin-conditioning
BACILLUS/LACTOBACILLUS/PONCIRUS TRIFOLIATA FRUIT EXTRACT FERMENT FILTRATE,skin-protecting
SUCROSE HEXAISOSTEARATE,emollient
SUCROSE HEXAISOSTEARATE,emulsifying
SUCROSE HEXAISOSTEARATE,humectant
SUCROSE HEXAISOSTEARATE,skin-conditioning
EUCHEUMA SERRA EXTRACT,emollient
EUCHEUMA SERRA EXTRACT,skin-conditioning
HYDROLYZED PRUNUS DOMESTICA,skin-conditioning
DIMETHYLOL UREA/PHENOL/SODIUM PHENOLSULFONATE COPOLYMER,viscosity-controlling
MONARDA DIDYMA EXTRACT,skin-conditioning
MYRISTOYL PENTAPEPTIDE-16,skin-conditioning
PRIMULA SIKKIMENSIS FLOWER EXTRACT,skin-conditioning
SACCHAROMYCES/ROSA CANINA FRUIT OIL FERMENT FILTRATE,emollient
SACCHAROMYCES/ROSA CANINA FRUIT OIL FERMENT FILTRATE,skin-conditioning
PREMNA SERRATIFOLIA ROOT EXTRACT,skin-conditioning
PEG-9 DIMETHACRYLATE,binding
PEG-9 DIMETHACRYLATE,film-forming
BIS-PEG/PPG-20/20 DIMETHICONE,emollient
BIS-PEG/PPG-20/20 DIMETHICONE,emulsifying
BIS-PEG/PPG-20/20 DIMETHICONE,skin-conditioning
BIS-PEG/PPG-20/20 DIMETHICONE,surfactant
CHIMYL ISOSTEARATE,emollient
CHIMYL ISOSTEARATE,skin-conditioning
POGOSTEMON CABLIN FLOWER EXTRACT,skin-protecting
HEXYLTRIMETHOXYSILANE,skin-conditioning
PPG-30 TOCOPHERETH-70,antioxidant
PPG-30 TOCOPHERETH-70,binding
PPG-30 TOCOPHERETH-70,skin-conditioning
PPG-30 TOCOPHERETH-70,surfactant
SH-POLYPEPTIDE-53,skin-conditioning
ROSA MULTIFLORA FLOWER CERA,emollient
ROSA MULTIFLORA FLOWER CERA,skin-conditioning
ROSA MULTIFLORA FLOWER CERA,viscosity-controlling
HYDROPUNTIA EDULIS CALLUS CULTURE EXTRACT,skin-conditioning
FRAGARIA INDICA EXTRACT,skin-conditioning
HYDROLYZED PLUKENETIA VOLUBILIS SEED EXTRACT,emulsion-stabilising
HYDROLYZED PLUKENETIA VOLUBILIS SEED EXTRACT,film-forming
HYDROLYZED PLUKENETIA VOLUBILIS SEED EXTRACT,skin-conditioning
LEONTOPODIUM ALPINUM CALLUS LYSATE,skin-conditioning
MYRISTICA FRAGRANS KERNEL OIL,masking
MYRISTICA FRAGRANS KERNEL OIL,skin-conditioning
ALLANTOIN ACETYL METHIONINE,antistatic
ALLANTOIN ACETYL METHIONINE,skin-conditioning
ALLANTOIN ACETYL METHIONINE,skin-protecting
ALLANTOIN ACETYL METHIONINE,soothing
R-BOVINE OLIGOPEPTIDE-1,astringent
R-BOVINE OLIGOPEPTIDE-1,humectant
R-BOVINE OLIGOPEPTIDE-1,skin-conditioning
ALLIUM PORRUM EXTRACT,skin-conditioning
HYDROLYZED SESAME EXTRACT,skin-conditioning
TRIPEPTIDE-49,skin-conditioning
TRIETHOXYSILYLETHYL POLYDIMETHYLSILOXYETHYL DIMETHICONE,skin-conditioning
NASTURTIUM OFFICINALE LEAF/STEM EXTRACT,skin-conditioning
LAURYL PEG/PPG-18/18 METHICONE,skin-conditioning
DISODIUM LAURAMIDO MEA-SULFOSUCCINATE,cleansing
DISODIUM LAURAMIDO MEA-SULFOSUCCINATE,foam-boosting
DISODIUM LAURAMIDO MEA-SULFOSUCCINATE,foaming
DISODIUM LAURAMIDO MEA-SULFOSUCCINATE,hydrotrope
DISODIUM LAURAMIDO MEA-SULFOSUCCINATE,skin-conditioning
DISODIUM LAURAMIDO MEA-SULFOSUCCINATE,surfactant
DECYL ISOSTEARATE,emollient
DECYL ISOSTEARATE,skin-conditioning
DIOSGENIN DIPEPTIDE-33 HCL,skin-conditioning
DIOSGENIN DIPEPTIDE-33 HCL,skin-protecting
VACCINIUM DUNALIANUM LEAF EXTRACT,skin-conditioning
PEG-8 PHOSPHATE,skin-protecting
POLYGLYCERYL-20 OCTADECABEHENATE/LAURATE,emollient
POLYGLYCERYL-20 OCTADECABEHENATE/LAURATE,emulsifying
POLYGLYCERYL-20 OCTADECABEHENATE/LAURATE,skin-conditioning
POLYGLYCERYL-20 OCTADECABEHENATE/LAURATE,surfactant
BUTOXYETHYL STEARATE,emollient
BUTOXYETHYL STEARATE,skin-conditioning
LAURYL PALMITATE,antistatic
LAURYL PALMITATE,emollient
LAURYL PALMITATE,skin-conditioning
PEG-9 C10-14 OLEFIN/MA COPOLYMER,emulsion-stabilising
POUTERIA SAPOTA SEED BUTTER,antioxidant
POUTERIA SAPOTA SEED BUTTER,skin-protecting
METHIONYL SH-OLIGOPEPTIDE-75 SH-OLIGOPEPTIDE-2,antioxidant
METHIONYL SH-OLIGOPEPTIDE-75 SH-OLIGOPEPTIDE-2,skin-conditioning
METHIONYL SH-OLIGOPEPTIDE-75 SH-OLIGOPEPTIDE-2,skin-protecting
POLYACRYLATE-47,viscosity-controlling
STURGEON COELOMIC FLUID FILTRATE,humectant
STURGEON COELOMIC FLUID FILTRATE,skin-conditioning
MYRISTOYL PENTAPEPTIDE-15,skin-conditioning
N-STEAROYL DIHYDROSPHINGOSINE,skin-conditioning
HYDROGENATED C12-18 TRIGLYCERIDES,emollient
HYDROGENATED C12-18 TRIGLYCERIDES,emulsion-stabilising
HYDROGENATED C12-18 TRIGLYCERIDES,skin-conditioning
POLYACRYLATE CROSSPOLYMER-4,emulsion-stabilising
POLYACRYLATE CROSSPOLYMER-4,film-forming
POLYACRYLATE CROSSPOLYMER-4,viscosity-controlling
VIBURNUM DILATATUM LEAF/STEM EXTRACT,antimicrobial
VIBURNUM DILATATUM LEAF/STEM EXTRACT,antioxidant
VIBURNUM DILATATUM LEAF/STEM EXTRACT,emollient
VIBURNUM DILATATUM LEAF/STEM EXTRACT,skin-conditioning
VIBURNUM DILATATUM LEAF/STEM EXTRACT,skin-protecting
DIMETHICONOL DHUPA BUTTERATE,emollient
DIMETHICONOL DHUPA BUTTERATE,skin-conditioning
LAURUS NOBILIS LEAF/STEM EXTRACT,skin-conditioning
DODECYLHEXADECANOL,emollient
DODECYLHEXADECANOL,emulsion-stabilising
DODECYLHEXADECANOL,skin-conditioning
CARTHAMUS TINCTORIUS BUD EXTRACT,skin-conditioning
GALACTOSE,skin-conditioning
TRAMETES HIRSUTA EXTRACT,emollient
TRAMETES HIRSUTA EXTRACT,skin-conditioning
OLIGOPEPTIDE-90,skin-conditioning
BIFIDA/ANGELICA GIGAS/ANGELICA TENUISSIMA ROOT/ANTLER VELVET/REHMANNIA GLUTINOSA ROOT/ATRACTYLODES JAPONICA RHIZOME/CNIDIUM OFFICINALE ROOT/CORDYCEPS SINENSIS/LEDEBOURIELLA SESELOIDES ROOT/LICORICE ROOT/PAEONIA LACTIFLORA ROOT/PANAX GINSENG ROOT/PHELLINUS LINTEUS/SCUTELLARIA BAICALENSIS ROOT FERMENT EXTRACT,skin-conditioning
BIFIDA/ANGELICA GIGAS/ANGELICA TENUISSIMA ROOT/ANTLER VELVET/REHMANNIA GLUTINOSA ROOT/ATRACTYLODES JAPONICA RHIZOME/CNIDIUM OFFICINALE ROOT/CORDYCEPS SINENSIS/LEDEBOURIELLA SESELOIDES ROOT/LICORICE ROOT/PAEONIA LACTIFLORA ROOT/PANAX GINSENG ROOT/PHELLINUS LINTEUS/SCUTELLARIA BAICALENSIS ROOT FERMENT EXTRACT,skin-protecting
GLYCINE MAX SEEDCAKE EXTRACT,emollient
GLYCINE MAX SEEDCAKE EXTRACT,skin-conditioning
TRIPEPTIDE-36,skin-conditioning
DIHYDROXY METHYLCHROMONYL PALMITATE,skin-protecting
CAPRYLIC/CAPRIC/MYRISTIC/STEARIC TRIGLYCERIDE,emollient
CAPRYLIC/CAPRIC/MYRISTIC/STEARIC TRIGLYCERIDE,skin-conditioning
CAPRYLIC/CAPRIC/MYRISTIC/STEARIC TRIGLYCERIDE,skin-protecting
RICEBRANAMIDE DEA,foam-boosting
RICEBRANAMIDE DEA,viscosity-controlling
NICOTIANA BENTHAMIANA HEXAPEPTIDE-40 SH-OLIGOPEPTIDE-1,skin-conditioning
ISOSTEARYL MYRISTOYL METHYL BETA-ALANINATE,emollient
ISOSTEARYL MYRISTOYL METHYL BETA-ALANINATE,skin-conditioning
ARECA CATECHU SEED/EUGENIA CARYOPHYLLUS STEM EXTRACT,skin-conditioning
SYRINGA OBLATA BARK/LEAF POWDER,abrasive
SYRINGA OBLATA BARK/LEAF POWDER,humectant
SYRINGA OBLATA BARK/LEAF POWDER,masking
SYRINGA OBLATA BARK/LEAF POWDER,skin-conditioning
SYRINGA OBLATA BARK/LEAF POWDER,skin-protecting
HYDROLYZED CLADOSIPHON NOVAE-CALEDONIAE EXTRACT,skin-conditioning
COTTONSEED OIL/PALM OIL AMINOPROPANEDIOL ESTERS,skin-conditioning
ALMOND OIL PROPYLENE GLYCOL ESTERS,emollient
UNDECANE,emollient
UNDECANE,skin-conditioning
ACETOBACTER/LACTOBACILLUS/(CITRUS JUNOS/PRUNUS MUME/PUNICA GRANATUM) FRUIT/RICE FERMENT FILTRATE,emollient
ACETOBACTER/LACTOBACILLUS/(CITRUS JUNOS/PRUNUS MUME/PUNICA GRANATUM) FRUIT/RICE FERMENT FILTRATE,skin-conditioning
MENTHA VIRIDIS LEAF POWDER,abrasive
MENTHA VIRIDIS LEAF POWDER,skin-conditioning
ZYGOSACCHAROMYCES MICROELLIPSOIDES FERMENT,humectant
IPOMOEA BONA-NOX FLOWER EXTRACT,skin-protecting
TRITICUM VULGARE GLUTEN EXTRACT,skin-conditioning
SOLANUM AVICULARE SEED OIL,antioxidant
SOLANUM AVICULARE SEED OIL,humectant
SOLANUM AVICULARE SEED OIL,skin-conditioning
SOLANUM AVICULARE SEED OIL,skin-protecting
PROTEASE,skin-conditioning
DECAPEPTIDE-35,skin-conditioning
CASTANOPSIS CUSPIDATA STEM EXTRACT,antimicrobial
CASTANOPSIS CUSPIDATA STEM EXTRACT,antioxidant
CASTANOPSIS CUSPIDATA STEM EXTRACT,astringent
CASTANOPSIS CUSPIDATA STEM EXTRACT,emollient
PPG-8-CETETH-10,skin-conditioning
PPG-8-CETETH-10,surfactant
ASPERGILLUS/SACCHAROMYCES/BARLEY SEED FERMENT FILTRATE EXTRACT,skin-conditioning
AMPELOPSIS GROSSEDENTATA LEAF EXTRACT,skin-conditioning
LACTOBACILLUS/CINNAMOMUM ZEYLANICUM BARK/FRUIT/SYZYGIUM AROMATICUM FLOWER/LEAF/ROOT/SEED/STEM/ORYZA SATIVA/FOENICULUM VULGARE/EQUISETUM ARVENSE/ARTEMISIA PRINCEPS/PLANTAGO ASIATICA/STELLARIA MEDIA/FRUITING BODY/LAMINARIA JAPONICA/HIZIKIA FUSIFORMIS/UNDARIA PINNATIFIDA/PORPHYRA PSEUDOLINEARIS/SUGAR FERMENT FILTRATE,skin-conditioning
TRIHYDROXYPALMITAMIDOHYDROXYPROPYL MYRISTYL ETHER,skin-conditioning
HIBISCUS SYRIACUS CALLUS EXTRACT,antioxidant
HIBISCUS SYRIACUS CALLUS EXTRACT,skin-protecting
HYDROLYZED TIGER PRAWN EXTRACT,emollient
DIOSCOREA POLYSTACHYA EXTRACT,skin-conditioning
JUNIPERUS COMMUNIS WOOD WATER,skin-conditioning
SODIUM SULFATE,bulking
SODIUM SULFATE,viscosity-controlling
AMMONIUM ACRYLATES/METHYL STYRENE/STYRENE COPOLYMER,film-forming
SACCHAROMYCES/POTASSIUM FERMENT HYDROLYSATE,skin-conditioning
ROSA CENTIFOLIA LEAF CELL EXTRACT,antioxidant
ROSA CENTIFOLIA LEAF CELL EXTRACT,skin-protecting
TRICHOLOMA MATSUTAKE MYCELIUM FERMENT EXTRACT,humectant
TRICHOLOMA MATSUTAKE MYCELIUM FERMENT EXTRACT,skin-protecting
AVENA SATIVA LEAF/STALK EXTRACT,skin-conditioning
SACCHAROMYCES/ALOE BARBADENSIS LEAF/ARTEMISIA VULGARIS LEAF/PRUNUS MUME FRUIT FERMENT FILTRATE,skin-conditioning
SACCHAROMYCES/LYCIUM CHINENSE FRUIT FERMENT EXTRACT FILTRATE,skin-conditioning
DIISOOCTYL ADIPATE,emollient
DIISOOCTYL ADIPATE,skin-conditioning
DIISOOCTYL ADIPATE,solvent
RH-POLYPEPTIDE-68,skin-conditioning
PENTAERYTHRITYL TETRAETHYLHEXANOATE,emollient
PENTAERYTHRITYL TETRAETHYLHEXANOATE,viscosity-controlling
SACCHAROMYCES/IMPERATA CYLINDRICA ROOT FERMENT EXTRACT,emollient
CHENOPODIUM AMBROSIOIDES LEAF/STEM EXTRACT,skin-conditioning
OLIVE OIL PEG-7 ESTERS,emollient
OLIVE OIL PEG-7 ESTERS,emulsifying
NEOPENTYL GLYCOL DICAPRATE,emollient
NEOPENTYL GLYCOL DICAPRATE,skin-conditioning
STEAROYL INULIN,emollient
STEAROYL INULIN,emulsifying
STEAROYL INULIN,skin-conditioning
STEAROYL INULIN,surfactant
EPILOBIUM ANGUSTIFOLIUM LEAF EXTRACT,skin-conditioning
GENTIANA LUTEA RHIZOME/ROOT,skin-conditioning
GENTIANA LUTEA RHIZOME/ROOT,tonic
BATYL ISOSTEARATE,emollient
BATYL ISOSTEARATE,skin-conditioning
GLYCERYL DIMYRISTATE/HYDROGENATED ROSINATE,emollient
GLYCERYL DIMYRISTATE/HYDROGENATED ROSINATE,skin-conditioning
HEMISTEPA LYRATA EXTRACT,humectant
HEMISTEPA LYRATA EXTRACT,skin-conditioning
HEMISTEPA LYRATA EXTRACT,skin-protecting
CLEMATIS VITALBA FLOWER/LEAF/STEM EXTRACT,skin-conditioning
GEMFIBROZILOYL PENTAPEPTIDE-43,skin-conditioning
MUCOR CIRCINELLOIDES GLYCERIDES,emollient
ROSA CENTIFOLIA FLOWER WATER,skin-conditioning
ROSA CENTIFOLIA FLOWER WATER,skin-protecting
BRASSICA NAPUS SEED EXTRACT,emollient
BRASSICA NAPUS SEED EXTRACT,humectant
BRASSICA NAPUS SEED EXTRACT,skin-conditioning
TOPIRAMATE,skin-conditioning
ACETYL SH-OLIGOPEPTIDE-77 AMIDE,skin-conditioning
PANTOEA VAGANS FERMENT FILTRATE EXTRACT,skin-conditioning
HYDROGENATED CASTOR OIL TRIISOSTEARIN ESTERS,skin-conditioning
HYDROGENATED CASTOR OIL TRIISOSTEARIN ESTERS,viscosity-controlling
LATHYRUS ODORATUS LEAF EXTRACT,skin-conditioning
TRIS(PEG-2 PHENYLALANYLCARBOXAMIDO) CYCLOHEXANE,emulsion-stabilising
TRIS(PEG-2 PHENYLALANYLCARBOXAMIDO) CYCLOHEXANE,viscosity-controlling
PHENYL TIMONACIC,skin-conditioning
PHENYL TIMONACIC,skin-protecting
PROPANEDIOL DIPELARGONATE,emollient
PROPANEDIOL DIPELARGONATE,skin-conditioning
C20-22 ALCOHOLS,binding
C20-22 ALCOHOLS,emulsion-stabilising
C20-22 ALCOHOLS,viscosity-controlling
GARDENIA FLORIDA SEED EXTRACT,skin-conditioning
SODIUM PANTETHEINE SULFONATE,skin-conditioning
SUCROSE TETRAISOSTEARATE,emollient
SUCROSE TETRAISOSTEARATE,emulsifying
SUCROSE TETRAISOSTEARATE,skin-conditioning
SUCROSE TETRAISOSTEARATE,surfactant
ACER CAMPESTRE BUD EXTRACT,emollient
MORINGA OIL/HYDROGENATED MORINGA OIL ESTERS,skin-conditioning
ACETYL GLYCERYL RICINOLEATE,emollient
ACETYL GLYCERYL RICINOLEATE,skin-conditioning
POLYVINYL IMIDAZOLINIUM ACETATE,antistatic
POLYVINYL IMIDAZOLINIUM ACETATE,film-forming
PRUNUS AMYGDALUS DULCIS SEEDCOAT EXTRACT,skin-conditioning
MONDIA WHITEI ROOT EXTRACT,skin-conditioning
PRUNUS MUME FRUIT WATER,humectant
DECYLTETRADECETH-200 ISOSTEARATE,viscosity-controlling
PEG/PPG-7/12 DIMETHYL ETHER,skin-conditioning
AUXENOCHLORELLA PROTOTHECOIDES LYSATE FILTRATE,skin-conditioning
C11-15 PARETH-12 STEARATE,emollient
C11-15 PARETH-12 STEARATE,skin-conditioning
CITRUS TANGELO FRUIT POWDER,emollient
PPG-34 STEARETH-3,emollient
PPG-34 STEARETH-3,emulsifying
PPG-34 STEARETH-3,skin-conditioning
PPG-34 STEARETH-3,surfactant
NICOTINOYL HEXAPEPTIDE-45,antioxidant
NICOTINOYL HEXAPEPTIDE-45,skin-protecting
NICOTINOYL HEXAPEPTIDE-45,uv-filter
BETULA COSTATA SAP,skin-conditioning
C14-30 ALKYL BEESWAX,emollient
C14-30 ALKYL BEESWAX,skin-conditioning
CESTRUM LATIFOLIUM LEAF EXTRACT,skin-conditioning
ACETYL SH-NONAPEPTIDE-5,skin-conditioning
MYRISTAMIDE MEA,antistatic
MYRISTAMIDE MEA,foam-boosting
MYRISTAMIDE MEA,viscosity-controlling
PEG-150 POLYGLYCERYL-2 TRISTEARATE,cleansing
PEG-150 POLYGLYCERYL-2 TRISTEARATE,emulsifying
PEG-150 POLYGLYCERYL-2 TRISTEARATE,skin-conditioning
PEG-10/LAURYL DIMETHICONE CROSSPOLYMER,stabilising
PEG-10/LAURYL DIMETHICONE CROSSPOLYMER,surfactant
PEG-10/LAURYL DIMETHICONE CROSSPOLYMER,viscosity-controlling
PROPYLENE CARBONATE,solvent
PROPYLENE CARBONATE,viscosity-controlling
ROSA MULTIFLORA FLOWER EXTRACT,antioxidant
ROSA MULTIFLORA FLOWER EXTRACT,humectant
ROSA MULTIFLORA FLOWER EXTRACT,skin-conditioning
CAMELLIA JAPONICA SEEDCAKE EXTRACT,skin-conditioning
POTASSIUM COCOYL (ARGININE/GLUTAMIC ACID/ISOLEUCINE/LEUCINE/LYSINE/PHENYLALANINE/PROLINE/THREONINE/VALINE),cleansing
POTASSIUM COCOYL (ARGININE/GLUTAMIC ACID/ISOLEUCINE/LEUCINE/LYSINE/PHENYLALANINE/PROLINE/THREONINE/VALINE),emulsifying
POTASSIUM COCOYL (ARGININE/GLUTAMIC ACID/ISOLEUCINE/LEUCINE/LYSINE/PHENYLALANINE/PROLINE/THREONINE/VALINE),foam-boosting
POTASSIUM COCOYL (ARGININE/GLUTAMIC ACID/ISOLEUCINE/LEUCINE/LYSINE/PHENYLALANINE/PROLINE/THREONINE/VALINE),surfactant
POTASSIUM COCOYL (ARGININE/GLUTAMIC ACID/ISOLEUCINE/LEUCINE/LYSINE/PHENYLALANINE/PROLINE/THREONINE/VALINE),viscosity-controlling
ISONIACINAMIDE,skin-conditioning
ALLANTOIN,skin-conditioning
ALLANTOIN,skin-protecting
ALLANTOIN,soothing
OPHIOGLOSSUM VULGATUM EXTRACT,antioxidant
OPHIOGLOSSUM VULGATUM EXTRACT,skin-protecting
CITRUS DEPRESSA FRUIT EXTRACT,skin-conditioning
ISOPROPYL LANOLATE,antistatic
ISOPROPYL LANOLATE,binding
ISOPROPYL LANOLATE,emollient
ISOPROPYL LANOLATE,emulsifying
ISOPROPYL LANOLATE,skin-conditioning
BACILLUS/MONASCUS/ENGELHARDIA ROXBURGHIANA LEAF/SOYBEAN FERMENT FILTRATE,antioxidant
BACILLUS/MONASCUS/ENGELHARDIA ROXBURGHIANA LEAF/SOYBEAN FERMENT FILTRATE,antiseborrhoeic
BACILLUS/MONASCUS/ENGELHARDIA ROXBURGHIANA LEAF/SOYBEAN FERMENT FILTRATE,emollient
BACILLUS/MONASCUS/ENGELHARDIA ROXBURGHIANA LEAF/SOYBEAN FERMENT FILTRATE,skin-conditioning
COCONUT ALKANES,emollient
COCONUT ALKANES,solvent
PHYSALIS ALKEKENGI CALYX EXTRACT,skin-conditioning
AGARUM CRIBROSUM EXTRACT,skin-conditioning
BUTYL RESORCINOL BIS-SUCCINOYLPHYTOSPHINGOSINE,antimicrobial
BUTYL RESORCINOL BIS-SUCCINOYLPHYTOSPHINGOSINE,skin-protecting
STEMONA SESSIFOLIA ROOT POWDER,abrasive
STEMONA SESSIFOLIA ROOT POWDER,masking
STEMONA SESSIFOLIA ROOT POWDER,skin-protecting
CLEMATIS ALPINA CALLUS POWDER,skin-conditioning
SILANETRIOL GLUTAMATE,emollient
SILANETRIOL GLUTAMATE,skin-conditioning
COCAMIDOPROPYL LAUROYL PG-DIMONIUM CHLORIDE,skin-conditioning
COCAMIDOPROPYL LAUROYL PG-DIMONIUM CHLORIDE,skin-protecting
SACCHAROMYCES/ALOE BARBADENSIS LEAF/APPLE FRUIT/ARTEMISIA PRINCEPS LEAF/GRAPEFRUIT/PRUNUS MUME FRUIT/PUMPKIN/TOMATO FRUIT FERMENT FILTRATE,skin-conditioning
C12-14 SEC-PARETH-3,emulsifying
C12-14 SEC-PARETH-3,emulsion-stabilising
C12-14 SEC-PARETH-3,surfactant
MOONSTONE POWDER,skin-conditioning
ALUMINUM METHIONATE,viscosity-controlling
DENDROBIUM MONILIFORME CALLUS CULTURE EXTRACT,skin-conditioning
PENTAERYTHRITYL TETRAACETATE,emollient
XANTHAN GUM,binding
XANTHAN GUM,emulsifying
XANTHAN GUM,emulsion-stabilising
XANTHAN GUM,gel-forming
XANTHAN GUM,skin-conditioning
XANTHAN GUM,surfactant
XANTHAN GUM,viscosity-controlling
TUBER AESTIVUM EXTRACT,skin-protecting
PROPYLENE GLYCOL DIISONONANOATE,emollient
PROPYLENE GLYCOL DIISONONANOATE,viscosity-controlling
MORUS BOMBYCIS WOOD EXTRACT,antimicrobial
MORUS BOMBYCIS WOOD EXTRACT,antioxidant
MORUS BOMBYCIS WOOD EXTRACT,astringent
MORUS BOMBYCIS WOOD EXTRACT,emollient
C12-14 SEC-PARETH-15,emulsifying
C12-14 SEC-PARETH-15,emulsion-stabilising
C12-14 SEC-PARETH-15,surfactant
CASUARINA STRICTA BRANCH/LEAF EXTRACT,skin-conditioning
SH-OLIGOPEPTIDE-75,skin-conditioning
POLYGLYCERYL-5 DICAPRYLATE,cleansing
POLYGLYCERYL-5 DICAPRYLATE,emollient
POLYGLYCERYL-5 DICAPRYLATE,skin-conditioning
POLYGLYCERYL-5 DICAPRYLATE,surfactant
HYDROGENATED TALLOW GLYCERIDE LACTATE,emollient
HYDROGENATED TALLOW GLYCERIDE LACTATE,emulsifying
HYDROGENATED TALLOW GLYCERIDE LACTATE,skin-conditioning
CORNUS CONTROVERSA EXTRACT,skin-conditioning
ISOSTEARIC/MYRISTIC GLYCERIDES,emulsifying
ISOSTEARIC/MYRISTIC GLYCERIDES,skin-conditioning
ELAEIS GUINEENSIS KERNEL CERA,emollient
OLIGOPEPTIDE-125 AMIDE,skin-conditioning
SACCHAROMYCES/PAECILOMYCES JAPONICA MYCELIUM/PANAX GINSENG ROOT FERMENT FILTRATE,skin-conditioning
PEG-20 GLYCERYL TRISTEARATE,emollient
PEG-20 GLYCERYL TRISTEARATE,emulsifying
TULIPA GESNERIANA FLOWER EXTRACT,skin-conditioning
POLYQUATERNIUM-51,film-forming
POLYQUATERNIUM-51,skin-conditioning
DARUTOSIDE,skin-conditioning
LIMUS,skin-conditioning
POTENTILLA MIYABEI CALLUS EXTRACT,skin-conditioning
PEG-192 APRICOT KERNEL GLYCERIDES,emollient
PEG-192 APRICOT KERNEL GLYCERIDES,emulsifying
POLYGLYCERYL-10 PENTASTEARATE,skin-conditioning
CONNARUS RUBER STEM EXTRACT,skin-conditioning
BIS-VINYLDIMETHICONE,film-forming
POLYAMIDE-6,emollient
POLYAMIDE-6,skin-conditioning
POLYAMIDE-6,viscosity-controlling
METHOXYPHENYL MENTHANE CARBOXAMIDE,skin-conditioning
OUBAKU,abrasive
OUBAKU,skin-conditioning
HYDROLYZED GLUCOSYL STEVIOSIDE,antidandruff
HYDROLYZED GLUCOSYL STEVIOSIDE,antioxidant
HYDROLYZED GLUCOSYL STEVIOSIDE,antiseborrhoeic
HYDROLYZED GLUCOSYL STEVIOSIDE,skin-conditioning
ALEURITES MONTANUS LEAF EXTRACT,antioxidant
ALEURITES MONTANUS LEAF EXTRACT,skin-conditioning
MYROTHAMNUS FLABELLIFOLIA LEAF/STEM EXTRACT,humectant
MYROTHAMNUS FLABELLIFOLIA LEAF/STEM EXTRACT,skin-conditioning
RHINACANTHUS NASUTUS LEAF POWDER,humectant
PINUS DENSIFLORA SEED EXTRACT,skin-conditioning
TRAPA JAPONICA PEEL EXTRACT,humectant
TRAPA JAPONICA PEEL EXTRACT,skin-conditioning
RASPBERRYKETONE GLUCOSIDE,humectant
RASPBERRYKETONE GLUCOSIDE,masking
GLYCYRRHIZIC ACID,humectant
GLYCYRRHIZIC ACID,skin-conditioning
LACTOBACILLUS/OAT/RYE/WHEAT SEED EXTRACT FERMENT,skin-conditioning
ACETYL CARNOSINE,skin-protecting
PYRUS MALUS LEAF EXTRACT,skin-conditioning
POLYPODIUM POLYPODIOIDES EXTRACT,skin-conditioning
VALERIANA CELTICA EXTRACT,skin-conditioning
URTICA URENS LEAF EXTRACT,skin-conditioning
ASTROCARYUM VULGARE OIL POLYGLYCERYL-6 ESTERS,emollient
ASTROCARYUM VULGARE OIL POLYGLYCERYL-6 ESTERS,emulsifying
MYRISTYL NEOPENTANOATE,emollient
MYRISTYL NEOPENTANOATE,skin-conditioning
SEDUM PURPUREUM EXTRACT,skin-conditioning
SH-HEPTAPEPTIDE-2,skin-conditioning
TETRAPHENYL DIMETHYL DISILOXANE,skin-conditioning
ATRACTYLODES MACROCEPHALA ROOT EXTRACT,skin-conditioning
SILKWORM RH-OLIGOPEPTIDE-2,skin-conditioning
ETHYLENE/VA COPOLYMER,binding
ETHYLENE/VA COPOLYMER,emulsion-stabilising
ETHYLENE/VA COPOLYMER,film-forming
KALANCHOE GASTONIS-BONNIERI LEAF EXTRACT,antioxidant
KALANCHOE GASTONIS-BONNIERI LEAF EXTRACT,emollient
KALANCHOE GASTONIS-BONNIERI LEAF EXTRACT,skin-conditioning
DIMETHYL MALEATE,emollient
DIMETHYL MALEATE,solvent
LAVANDULA SPICA FLOWER/LEAF/STEM EXTRACT,skin-conditioning
COIX LACRYMA-JOBI MA-YUEN ROOT EXTRACT,skin-conditioning
LACTOBACILLUS/PUMPKIN FERMENT EXTRACT,skin-conditioning
ACRYLATES/ETHYLHEXYL ACRYLATE/GLYCIDYL METHACRYLATE CROSSPOLYMER,film-forming
ACETYL HEXAPEPTIDE-51 AMIDE,skin-conditioning
SAMBUCUS WILLIAMSII STEM EXTRACT,skin-conditioning
PRUNUS MUME BRANCH EXTRACT,skin-conditioning
ALUMINA,abrasive
ALUMINA,absorbent
ALUMINA,anticaking
ALUMINA,bulking
ALUMINA,opacifying
ALUMINA,viscosity-controlling
RUSCOGENIN,skin-conditioning
DIHYDROCHOLESTERYL BUTYRATE,emollient
DIHYDROCHOLESTERYL BUTYRATE,skin-conditioning
POLYACRYLIC ACID,binding
POLYACRYLIC ACID,emulsion-stabilising
POLYACRYLIC ACID,film-forming
POLYACRYLIC ACID,viscosity-controlling
ECHIUM LYCOPSIS ROOT EXTRACT,skin-conditioning
ISOPROPYL LINOLEATE,binding
ISOPROPYL LINOLEATE,emollient
ISOPROPYL LINOLEATE,skin-conditioning
SACCHAROMYCES/APPLE FRUIT/HYDROLYZED CONCHIOLIN PROTEIN/SUCROSE FERMENT FILTRATE,skin-conditioning
ALPINIA KATSUMADAE FRUIT EXTRACT,skin-conditioning
SACCHAROMYCES/(ANGELICA GIGAS/CNIDIUM OFFICINALE/PAEONIA LACTIFLORA/REHMANNIA GLUTINOSA) ROOT EXTRACT FERMENT FILTRATE,skin-conditioning
DAHLIA VARIABILIS FLOWER EXTRACT,skin-conditioning
DIGLYCOL GUANIDINE SUCCINATE,humectant
DIGLYCOL GUANIDINE SUCCINATE,skin-conditioning
BORAGE SEED OIL POLYGLYCERYL-6 ESTERS,emollient
BORAGE SEED OIL POLYGLYCERYL-6 ESTERS,emulsifying
BORAGE SEED OIL POLYGLYCERYL-6 ESTERS,skin-conditioning
BORAGE SEED OIL POLYGLYCERYL-6 ESTERS,surfactant
HEXAPEPTIDE-66,skin-conditioning
DYPSIS LUTESCENS EXTRACT,skin-conditioning
MALUS SYLVESTRIS FLOWER EXTRACT,antioxidant
MALUS SYLVESTRIS FLOWER EXTRACT,skin-conditioning
MALUS SYLVESTRIS FLOWER EXTRACT,skin-protecting
VERNONIA APPENDICULATA LEAF EXTRACT,skin-protecting
BUTANEDIOL/ADIPIC ACID COPOLYMER,skin-conditioning
POLYACRYLAMIDOMETHYLPROPANE SULFONIC ACID,film-forming
PICOLINAMIDE,emollient
METHYLBUTYLPHENYL HEXYLOXYBENZOATE,skin-conditioning
CAFFEOYL HEXAPEPTIDE-48,antioxidant
CAFFEOYL HEXAPEPTIDE-48,skin-protecting
SACCHAROMYCES/PORIA COCOS SCLEROTIUM FERMENT EXTRACT,antioxidant
SACCHAROMYCES/PORIA COCOS SCLEROTIUM FERMENT EXTRACT,emollient
SACCHAROMYCES/PORIA COCOS SCLEROTIUM FERMENT EXTRACT,skin-protecting
COBETIA MARINA GLYCOSAMINOGLYCANS,humectant
COBETIA MARINA GLYCOSAMINOGLYCANS,skin-conditioning
VINYLDIMETHICONE,viscosity-controlling
ARGININE HEXYLDECYL PHOSPHATE,cleansing
ARGININE HEXYLDECYL PHOSPHATE,emollient
ARGININE HEXYLDECYL PHOSPHATE,surfactant
LACTOBACILLUS/PUMPKIN FRUIT FERMENT FILTRATE,skin-conditioning
LACTIC ACID/HYDROXYSTEARIC ACID COPOLYMER,skin-conditioning
HYDROGENATED TALLOWAMINE,antistatic
HYDROGENATED TALLOWAMINE,emulsifying
HYDROGENATED TALLOWAMINE,stabilising
HYDROGENATED TALLOWAMINE,surfactant
HYDROGENATED TALLOWAMINE,viscosity-controlling
DIPENTAERYTHRITYL HEXAHYDROXYSTEARATE/HEXASTEARATE/HEXAROSINATE,skin-conditioning
DIPENTAERYTHRITYL HEXAHYDROXYSTEARATE/HEXASTEARATE/HEXAROSINATE,viscosity-controlling
OLEAMIDE MIPA,antistatic
OLEAMIDE MIPA,foam-boosting
OLEAMIDE MIPA,viscosity-controlling
C9-13 ISOPARAFFIN,solvent
C9-13 ISOPARAFFIN,viscosity-controlling
PUERARIA THOMSONI FLOWER EXTRACT,humectant
GRIFOLA FRONDOSA /(REHMANNIA GLUTINOSA/GLYCYRRHIZA URALENSIS/ANGELICA GIGAS/OPHIOPOGON JAPONICUS/ATRACTYLODES MACROCEPHALA/ASTRAGALUS MEMBRANACEUS) ROOT/CARTHAMUS TINCTORIUS FLOWER/ RICE SEED/CITRUS UNSHIU PEEL FERMENT FILTRATE EXTRACT,emollient
GRIFOLA FRONDOSA /(REHMANNIA GLUTINOSA/GLYCYRRHIZA URALENSIS/ANGELICA GIGAS/OPHIOPOGON JAPONICUS/ATRACTYLODES MACROCEPHALA/ASTRAGALUS MEMBRANACEUS) ROOT/CARTHAMUS TINCTORIUS FLOWER/ RICE SEED/CITRUS UNSHIU PEEL FERMENT FILTRATE EXTRACT,skin-conditioning
CHOLECALCIFEROL PEG-12 ETHER,skin-conditioning
SODIUM HISTIDYL HYALURONATE CROSSPOLYMER-3,humectant
SODIUM HISTIDYL HYALURONATE CROSSPOLYMER-3,skin-conditioning
XYLITYL COCOATE,emollient
XYLITYL COCOATE,emulsifying
XYLITYL COCOATE,emulsion-stabilising
XYLITYL COCOATE,humectant
XYLITYL COCOATE,plasticiser
XYLITYL COCOATE,skin-conditioning
VINYL DIMETHICONE/METHICONE SILSESQUIOXANE CROSSPOLYMER,viscosity-controlling
VITIS VINIFERA LEAF CERA,skin-protecting
BRASSICA OLERACEA GONGYLODES EXTRACT,antioxidant
BRASSICA OLERACEA GONGYLODES EXTRACT,skin-conditioning
ETHYLHEXYL ISOSTEARATE,emollient
DROMETRIZOLE TRISILOXANE,uv-absorber
DROMETRIZOLE TRISILOXANE,uv-filter
ACACIA DECURRENS FLOWER CERA,emollient
ACACIA DECURRENS FLOWER CERA,skin-conditioning
ACACIA DECURRENS FLOWER CERA,skin-protecting
GYNOSTEMMA PENTAPHYLLUM LEAF EXTRACT,skin-conditioning
VACCINIUM CORYMBOSUM (BLUEBERRY) FRUIT WATER,skin-conditioning
ACRYLIC ACID/ACRYLAMIDOMETHYL PROPANE SULFONIC ACID COPOLYMER,chelating
ACRYLIC ACID/ACRYLAMIDOMETHYL PROPANE SULFONIC ACID COPOLYMER,viscosity-controlling
SCHISANDRA CHINENSIS CALLUS EXTRACT,skin-protecting
OLIVE FRUIT/LEAF/SODIUM CHLORIDE FERMENT FILTRATE,emollient
OLIVE FRUIT/LEAF/SODIUM CHLORIDE FERMENT FILTRATE,skin-conditioning
EIJITSU,abrasive
EIJITSU,skin-conditioning
S-CLOSTRIDIUM BOTULINUM DECAPEPTIDE-1,skin-protecting
ISODECYL SALICYLATE,antistatic
ISODECYL SALICYLATE,skin-conditioning
3-0-ETHYL ASCORBIC ACID,skin-conditioning
THIAMINE/YEAST POLYPEPTIDE,skin-conditioning
GRIFOLA FRONDOSA MYCELIUM/STELLARIA ALSINE EXTRACT FERMENT FILTRATE,antioxidant
GRIFOLA FRONDOSA MYCELIUM/STELLARIA ALSINE EXTRACT FERMENT FILTRATE,humectant
GRIFOLA FRONDOSA MYCELIUM/STELLARIA ALSINE EXTRACT FERMENT FILTRATE,skin-conditioning
COD LIVER OIL,masking
COD LIVER OIL,skin-conditioning
COD LIVER OIL,skin-protecting
BITTERN,emulsion-stabilising
BITTERN,humectant
LAURYL BEHENATE,emollient
LAURYL BEHENATE,skin-conditioning
POLYACRYLATE CROSSPOLYMER-14,emulsion-stabilising
POLYACRYLATE CROSSPOLYMER-14,viscosity-controlling
DIMETHICONOL KOKUM BUTTERATE,emollient
DIMETHICONOL KOKUM BUTTERATE,skin-conditioning
NIACINAMIDE SALICYLATE,skin-conditioning
PERFLUOROOCTYLETHYL/DIPHENYL DIMETHICONE COPOLYMER,emollient
PENTAPEPTIDE-43,skin-conditioning
GLYCERYL DIISOPALMITATE,emollient
CAMPOMANESIA LINEATIFOLIA SEED EXTRACT,antioxidant
CAMPOMANESIA LINEATIFOLIA SEED EXTRACT,skin-conditioning
RESORCINOL DIPENTYL ETHER,skin-conditioning
POLYGLYCERYL-4 PENTAOLEATE,emollient
POLYGLYCERYL-4 PENTAOLEATE,emulsifying
MELALEUCA BRACTEATA LEAF EXTRACT,skin-conditioning
SILICA,abrasive
SILICA,absorbent
SILICA,anticaking
SILICA,bulking
SILICA,opacifying
SILICA,viscosity-controlling
SH-POLYPEPTIDE-90,antioxidant
SH-POLYPEPTIDE-90,humectant
SH-POLYPEPTIDE-90,skin-conditioning
PIPER NIGRUM FRUIT POWDER,skin-conditioning
POLYMETHACRYLAMIDOPROPYLTRIMONIUM CHLORIDE,antistatic
POLYMETHACRYLAMIDOPROPYLTRIMONIUM CHLORIDE,film-forming
SR-HAGFISH POLYPEPTIDE-1,humectant
SR-HAGFISH POLYPEPTIDE-1,skin-conditioning
SR-HAGFISH POLYPEPTIDE-1,skin-protecting
TRIGONOTIS PEDUNCULARIS CALLUS EXTRACT,skin-conditioning
RHUS COTINUS LEAF EXTRACT,skin-conditioning
GLYCERYL TRI-HYDROGENATED ROSINATE,emollient
GLYCERYL TRI-HYDROGENATED ROSINATE,surfactant
ACETYL TETRAPEPTIDE-18,skin-conditioning
AVOCADAMIDE DIPA,emulsifying
AVOCADAMIDE DIPA,surfactant
AVOCADAMIDE DIPA,viscosity-controlling
VIOLA CORSICA SEED EXTRACT,skin-conditioning
DIPEPTIDE DIAMINOBUTYROYL BENZYLAMIDE DIACETATE OLIGOPEPTIDE-133,skin-conditioning
ACETYL FARNESYLCYSTEINE,reducing
ACETYL FARNESYLCYSTEINE,skin-conditioning
R-(SH-POLYPEPTIDE-102 SH-POLYPEPTIDE-103),skin-protecting
FRAXINUS EXCELSIOR LEAF EXTRACT,skin-conditioning
C12-14 SEC-PARETH-20,emulsifying
C12-14 SEC-PARETH-20,emulsion-stabilising
C12-14 SEC-PARETH-20,surfactant
LEONTOPODIUM ALPINUM ROOT EXTRACT,skin-conditioning
LAURETH-2 ETHYLHEXANOATE,emollient
LAURETH-2 ETHYLHEXANOATE,skin-conditioning
LAURETH-2 ETHYLHEXANOATE,surfactant
DIMETHICONOL ISOSTEARATE,emollient
DIMETHICONOL ISOSTEARATE,skin-conditioning
LEUCONOSTOC/LYCIUM CHINENSE FRUIT/REHMANNIA GLUTINOSA ROOT/CUSCUTA CHINENSIS FRUIT/CISTANCHE DESERTICOLA/ZANTHOXYLUM PIPERITUM FRUIT/CHRYSANTHEMUM MORIFOLIUM FRUIT/PORIA COCOS/ CINNAMOMUM CASSIA FERMENT,skin-conditioning
(CANANGA ODORATA FLOWER/LEAF)/GANODERMA LUCIDUM FRUITING BODY/(CORCHORUS OLITORIUS/HENNA/MELIA AZADIRACHTA/MORUS ALBA/MUNTINGIA CALABURA/PSIDIUM GUAJAVA/TAMARINDUS INDICA LEAF)/(CITRUS HYSTRIX LEAF/PEEL)/(CITRONELLA/CYMBOPOGON SCHOENANTHUS/OCIMUM TENUIFLORUM LEAF/STEM)/(ALPINIA GALANGA/BOESENBERGIA ROTUNDA/GINGER/TURMERIC RHIZOME)/ZINGIBER CASSUMUNAR ROOT EXTRACT,skin-conditioning
DIHYDROXYPROPYLTRIMONIUM CHLORIDE,humectant
ASTROCARYUM VULGARE FRUIT OIL,skin-conditioning
SH-OLIGOPEPTIDE-5,skin-conditioning
MALTOSE,masking
MALTOSE,moisturising
MALTOSE,skin-conditioning
SACCHAROMYCES/MOTHER OF PEARL FERMENT LYSATE FILTRATE,skin-conditioning
BUXUS SEMPERVIRENS LEAF EXTRACT,skin-conditioning
ACRYLATES/PROPYL TRIMETHICONE METHACRYLATE COPOLYMER,film-forming
PALMITOYL DIPEPTIDE-7 MALTOSIDETRIPEPTIDE-69,humectant
PALMITOYL DIPEPTIDE-7 MALTOSIDETRIPEPTIDE-69,skin-conditioning
EPERUA FALCATA BARK EXTRACT,skin-protecting
PEG-2 OLIVE GLYCERIDES,emollient
PEG-2 OLIVE GLYCERIDES,emulsifying
LACTIC ACID,buffering
LACTIC ACID,humectant
LACTIC ACID,skin-conditioning
DIHYDROGENATED TALLOW PHTHALATE,emollient
DIHYDROGENATED TALLOW PHTHALATE,skin-conditioning
DIHYDROGENATED TALLOW PHTHALATE,surfactant
HYDROLYZED VACCINIUM VITIS-IDAEA FRUIT,skin-conditioning
TOCOPHERETH-12,antioxidant
TOCOPHERETH-12,skin-conditioning
TOCOPHERETH-12,surfactant
POTASSIUM PHENYLBENZIMIDAZOLE SULFONATE,uv-absorber
POTASSIUM PHENYLBENZIMIDAZOLE SULFONATE,uv-filter
ACRYLATES/HYDROXYESTERS ACRYLATES COPOLYMER,film-forming
DISODIUM ADENOSINE PHOSPHATE,skin-conditioning
PRUNUS SERRULATA PHYTOPLACENTA CULTURE EXTRACT,humectant
PRUNUS SERRULATA PHYTOPLACENTA CULTURE EXTRACT,skin-conditioning
GUANOSINE,opacifying
GUANOSINE,skin-conditioning
SAPINDUS TRIFOLIATUS FRUIT EXTRACT,skin-conditioning
DAPHNE KIUSIANA EXTRACT,skin-conditioning
POTENTILLA ERECTA ROOT/(HAMAMELIS VIRGINIANA/ROSMARINUS OFFICINALIS/SALVIA OFFICINALIS) LEAF/THYMUS VULGARIS FLOWER/LEAF/STEM EXTRACT,humectant
POTENTILLA ERECTA ROOT/(HAMAMELIS VIRGINIANA/ROSMARINUS OFFICINALIS/SALVIA OFFICINALIS) LEAF/THYMUS VULGARIS FLOWER/LEAF/STEM EXTRACT,skin-conditioning
LACTOBACILLUS/HOUTTUYNIA CORDATA LEAF EXTRACT FERMENT FILTRATE,skin-conditioning
METHOXY PEG-12 RETINAMIDE,skin-conditioning
PHYLLOSTACHYS EDULIS SHOOT WATER,skin-conditioning
PINUS KORAINSIS CALLUS CULTURE EXTRACT,skin-conditioning
CEREUS JAMACARU EXTRACT,humectant
CEREUS JAMACARU EXTRACT,skin-conditioning
CAMELLIA JAPONICA OVARY POWDER,skin-conditioning
C30-38 OLEFIN/ISOPROPYL MALEATE/MA COPOLYMER,emulsifying
C30-38 OLEFIN/ISOPROPYL MALEATE/MA COPOLYMER,surfactant
C30-38 OLEFIN/ISOPROPYL MALEATE/MA COPOLYMER,viscosity-controlling
CEDRUS LIBANI BUD EXTRACT,skin-conditioning
CANNABIDIOL,antioxidant
CANNABIDIOL,antiseborrhoeic
CANNABIDIOL,skin-conditioning
CANNABIDIOL,skin-protecting
SH-TETRAPEPTIDE-39 ACETATE,skin-conditioning
POLYQUATERNIUM-103,emulsion-stabilising
POLYQUATERNIUM-103,opacifying
POLYQUATERNIUM-103,viscosity-controlling
DIGLYCERYL STEARATE MALATE,emollient
DIGLYCERYL STEARATE MALATE,skin-conditioning
DIGLYCERYL STEARATE MALATE,viscosity-controlling
POPULUS TREMULOIDES FLOWER EXTRACT,skin-conditioning
ZANTHOXYLUM BUNGEANUM FRUIT EXTRACT,skin-conditioning
GLYCYRRHIZA URALENSIS SPROUT EXTRACT,emollient
GLYCYRRHIZA URALENSIS SPROUT EXTRACT,skin-conditioning
BEHENYL METHACRYLATE/T-BUTYL METHACRYLATE COPOLYMER,film-forming
HYDROGENATED TALLOW GLYCERIDE,emollient
HYDROGENATED TALLOW GLYCERIDE,emulsifying
HYDROGENATED TALLOW GLYCERIDE,stabilising
HYDROGENATED TALLOW GLYCERIDE,surfactant
GLYCINE MAX SEED POWDER,abrasive
GLYCINE MAX SEED POWDER,skin-conditioning
GOSSYPIUM HERBACEUM BUD EXTRACT,skin-conditioning
SARGASSUM VULGARE EXTRACT,skin-conditioning
AQUAPHILUS DOLOMIAE FERMENT FILTRATE,skin-conditioning
AQUAPHILUS DOLOMIAE FERMENT FILTRATE,skin-protecting
CITRUS AURANTIUM SINENSIS PEEL EXTRACT,skin-conditioning
HEXYL HYDROXYCAPRIC ACID,skin-protecting
LACTOBACILLUS/SKELETONEMA FERMENT,skin-protecting
PASSIFLORA ALATA CALLUS EXTRACT,antioxidant
PASSIFLORA ALATA CALLUS EXTRACT,humectant
PASSIFLORA ALATA CALLUS EXTRACT,skin-conditioning
PASSIFLORA ALATA CALLUS EXTRACT,skin-protecting
THYMINE,skin-conditioning
DISODIUM ADENOSINE TRIPHOSPHATE,skin-conditioning
EUPENICILLIUM CRUSTACEUM FERMENT LYSATE EXTRACT FILTRATE,skin-conditioning
AKEBIA QUINATA PEEL EXTRACT,humectant
AKEBIA QUINATA PEEL EXTRACT,skin-conditioning
PPG-14 PALMETH-60 HEXYL DICARBAMATE,viscosity-controlling
PLEUROTUS FERULAE/PANAX GINSENG BERRY EXTRACT FERMENT FILTRATE,skin-conditioning
PUMPKIN SEED OIL POLYGLYCERYL-4 ESTERS,emulsifying
PUMPKIN SEED OIL POLYGLYCERYL-4 ESTERS,emulsion-stabilising
PUMPKIN SEED OIL POLYGLYCERYL-4 ESTERS,surfactant
PHYSOCARPUS AMURENSIS STEM EXTRACT,antidandruff
PHYSOCARPUS AMURENSIS STEM EXTRACT,antimicrobial
PHYSOCARPUS AMURENSIS STEM EXTRACT,antioxidant
PHYSOCARPUS AMURENSIS STEM EXTRACT,emollient
PHYSOCARPUS AMURENSIS STEM EXTRACT,skin-conditioning
NEOPENTYL GLYCOL DIISONONANOATE,emollient
HORDEUM VULGARE FLOWER/LEAF/STEM JUICE,skin-conditioning
CITRUS SINENSIS FRUIT EXTRACT,antioxidant
CITRUS SINENSIS FRUIT EXTRACT,skin-conditioning
DIMETHYL BRASSYLATE,emollient
DIMETHYL BRASSYLATE,masking
DIMETHYL BRASSYLATE,skin-conditioning
SALICORNIA BIGELOVII EXTRACT,skin-conditioning
BIS-PPG-15 DIMETHICONE IPDI COPOLYMER C30-50 ALKYLCARBAMATE,film-forming
BIS-PPG-15 DIMETHICONE IPDI COPOLYMER C30-50 ALKYLCARBAMATE,skin-conditioning
ECHINACIN,moisturising
FORSYTHIA SUSPENSA FRUIT/ROOT EXTRACT,skin-conditioning
POLYETHYLENE NAPHTHALATE,film-forming
PIPER ANGUSTIFOLIUM LEAF EXTRACT,antioxidant
PIPER ANGUSTIFOLIUM LEAF EXTRACT,astringent
PIPER ANGUSTIFOLIUM LEAF EXTRACT,skin-conditioning
PIPER ANGUSTIFOLIUM LEAF EXTRACT,skin-protecting
ACRYLATES/PALMETH-25 ITACONATE COPOLYMER,viscosity-controlling
POTASSIUM RAPESEEDATE,cleansing
POTASSIUM RAPESEEDATE,emulsifying
POTASSIUM RAPESEEDATE,viscosity-controlling
PITHECELLOBIUM TENUE WOOD EXTRACT,skin-conditioning
AQUAMARINE EXTRACT,skin-conditioning
PINUS PINASTER CALLUS POWDER,skin-conditioning
ROSA GALLICA CALLUS EXTRACT,antioxidant
ROSA GALLICA CALLUS EXTRACT,skin-protecting
CORDYLINE TERMINALIS LEAF EXTRACT,astringent
CORDYLINE TERMINALIS LEAF EXTRACT,skin-conditioning
BELTIA HYACINTHE ROOT EXTRACT,skin-conditioning
LACTOBACILLUS/LEDEBOURIELLA DIVARICATA ROOT/ANGELICA DAHURICA ROOT/ANGELICA TENUISSIMA ROOT/MAGNOLIA LILIFLORA BUD/ASARUM SIEBOLDI ROOT/PAEONIA SUFFRUTICOSA ROOT/CNIDIUM OFFICINALE ROOT/ANGELICA GIGAS ROOT/AUCKLANDIA LAPPA ROOT/ACHYRANTHES JAPONICA ROOT/EUCOMMIA ULMOIDES BARK/ANGELICA PUBESCENS ROOT/ACONITUM KOREANUM ROOT FERMENT FILTRATE,skin-conditioning
ORIGANUM MAJORANA FLOWER/LEAF/STEM OIL,flavouring
ORIGANUM MAJORANA FLOWER/LEAF/STEM OIL,masking
ORIGANUM MAJORANA FLOWER/LEAF/STEM OIL,skin-conditioning
POLYQUATERNIUM-28,antistatic
POLYQUATERNIUM-28,film-forming
POSTELSIA PALMAEFORMIS THALLUS EXTRACT,emollient
OSTREA EDULIS EXTRACT,skin-conditioning
PERFLUORONONYLETHYL DIMETHICONE/METHICONE COPOLYMER,skin-conditioning
CYPERUS PAPYRUS STEM EXTRACT,skin-conditioning
THEOBROMA CACAO SHELL EXTRACT,skin-conditioning
CETYL GLYCOL ISOSTEARATE,emollient
CETYL GLYCOL ISOSTEARATE,skin-conditioning
CALCIUM UNDECYLENATE,antimicrobial
CALCIUM UNDECYLENATE,preservative
CALCIUM UNDECYLENATE,viscosity-controlling
BIS-ETHYL ETHYL METHICONE,emollient
TORREYA CALIFORNICA OIL,masking
TORREYA CALIFORNICA OIL,skin-conditioning
TORREYA CALIFORNICA OIL,tonic
LYCOPUS COREANUS LEAF EXTRACT,emollient
LYCOPUS COREANUS LEAF EXTRACT,skin-conditioning
NELUMBO NUCIFERA LEAF/OROSTACHYS JAPONICA/SAURURUS CHINENSIS EXTRACT,humectant
NELUMBO NUCIFERA LEAF/OROSTACHYS JAPONICA/SAURURUS CHINENSIS EXTRACT,skin-conditioning
METHOXYCINNAMOYLPROPYL SILSESQUIOXANE SILICATE,skin-protecting
METHOXYCINNAMOYLPROPYL SILSESQUIOXANE SILICATE,uv-absorber
DAPHNE GENKWA BUD EXTRACT,skin-conditioning
BAMBUSA VULGARIS CALLUS CULTURE EXTRACT,skin-conditioning
PPG-1-CETETH-10,skin-conditioning
PPG-1-CETETH-10,surfactant
HELIANTHUS ANNUUS SPROUT EXTRACT,skin-conditioning
CYMBOPOGON SCHOENANTHUS LEAF EXTRACT,skin-conditioning
HORSE FAT,skin-conditioning
BENZALKONIUM SEPIOLITE,emulsion-stabilising
BENZALKONIUM SEPIOLITE,viscosity-controlling
CREATINE,skin-conditioning
ISOPROPYL C12-15-PARETH-9 CARBOXYLATE,emollient
ISOPROPYL C12-15-PARETH-9 CARBOXYLATE,skin-conditioning
TOUKI,abrasive
TOUKI,skin-conditioning
FINGER LEATHER CORAL EXTRACT,skin-conditioning
FINGER LEATHER CORAL EXTRACT,skin-protecting
CETYL LAURATE,emollient
CETYL LAURATE,skin-conditioning
CETYL LAURATE,viscosity-controlling
BETA-GLUCAN,skin-conditioning
DICENTRA SPECTABILIS FLOWER EXTRACT,skin-conditioning
PEG-8 TRISILOXANE,emollient
PEG-8 TRISILOXANE,emulsifying
PEG-8 TRISILOXANE,foam-boosting
PEG-8 TRISILOXANE,skin-conditioning
PEG-8 TRISILOXANE,surfactant
BENZOPHENONE-3,uv-absorber
BENZOPHENONE-3,uv-filter
GLYCERYL/SORBITOL OLEATE/HYDROXYSTEARATE,emollient
GLYCERYL/SORBITOL OLEATE/HYDROXYSTEARATE,emulsifying
DEFINED CELL CULTURE MEDIA 6,skin-conditioning
OPUNTIA STREPTACANTHA STEM EXTRACT,humectant
STREPTOMYCES LIVIDANS FERMENT FILTRATE EXTRACT,humectant
STREPTOMYCES LIVIDANS FERMENT FILTRATE EXTRACT,skin-conditioning
CASTOR/OLIVE OIL ESTERS,emollient
CASTOR/OLIVE OIL ESTERS,skin-conditioning
POTATO SH-POLYPEPTIDE-1,skin-protecting
HYDROLYZED DROSERA RAMENTACEA LEAF,antioxidant
HYDROLYZED DROSERA RAMENTACEA LEAF,skin-conditioning
TETRAPEPTIDE-44,skin-conditioning
LACTOBACILLUS/CHANGBAI GINSENG FERMENT FILTRATE,skin-conditioning
HYDROLYZED SOYBEAN SEEDCAKE/MDI COPOLYMER,skin-protecting
PRUNUS AVIUM FRUIT WATER,humectant
PRUNUS AVIUM FRUIT WATER,skin-conditioning
SACCHAROMYCES/PHELLODENDRON AMURENSE BARK FERMENT EXTRACT,skin-conditioning
VP/DIMETHICONYLACRYLATE/POLYCARBAMYL/POLYGLYCOL ESTER,film-forming
C10-18 TRIGLYCERIDES,emollient
C10-18 TRIGLYCERIDES,skin-conditioning
C10-18 TRIGLYCERIDES,solvent
SACCHAROMYCES/PUNICA GRANATUM FRUIT FERMENT FILTRATE,skin-conditioning
POLYGLYCERYL-3 PENTAOLIVATE,emollient
POLYGLYCERYL-3 PENTAOLIVATE,emulsifying
POLYGLYCERYL-3 PENTAOLIVATE,skin-conditioning
POLYGLYCERYL-3 PENTAOLIVATE,surfactant
PLANTAGO OVATA HUSK POWDER,emulsion-stabilising
PLANTAGO OVATA HUSK POWDER,skin-conditioning
DAUCUS CAROTA SATIVA JUICE,skin-conditioning
CYMBOPOGON BOMBYCINUS LEAF EXTRACT,antioxidant
CYMBOPOGON BOMBYCINUS LEAF EXTRACT,skin-conditioning
SYRINGA VULGARIS MERISTEM CELL CULTURE,antioxidant
SYRINGA VULGARIS MERISTEM CELL CULTURE,skin-protecting
CITRUS NATSUDAIDAI PEEL OIL,emollient
CITRUS NATSUDAIDAI PEEL OIL,skin-conditioning
ARTEMISIA PRINCEPS LEAF/EQUISETUM ARVENSE/HOUTTUYNIA CORDATA EXTRACT,skin-conditioning
PRUNUS DOMESTICA SEED EXTRACT,emollient
SIGESBECKIA GLABRESCENS EXTRACT,skin-conditioning
PINUS DENSIFLORA SEED OIL,emollient
OCTYLDODECYL DILINOLEIC ACID/PROPANEDIOL COPOLYMER,emollient
OCTYLDODECYL DILINOLEIC ACID/PROPANEDIOL COPOLYMER,film-forming
OCTYLDODECYL DILINOLEIC ACID/PROPANEDIOL COPOLYMER,plasticiser
OCTYLDODECYL DILINOLEIC ACID/PROPANEDIOL COPOLYMER,skin-conditioning
OCTYLDODECYL DILINOLEIC ACID/PROPANEDIOL COPOLYMER,viscosity-controlling
ASPERGILLUS/PANAX GINSENG ROOT FERMENT EXTRACT FILTRATE,humectant
ASPERGILLUS/PANAX GINSENG ROOT FERMENT EXTRACT FILTRATE,skin-conditioning
GLUCURONOLACTONE,skin-conditioning
STEARAMIDO DIHYDROXYCHOLANOIC ACID,emollient
STEARAMIDO DIHYDROXYCHOLANOIC ACID,skin-conditioning
LACTOBACILLUS FERMENT,skin-conditioning
SACCHAROMYCES/GLUCOSE/ACEROLA FRUIT/ALOE LEAF/APPLE FRUIT/AVERRHOA CARAMBOLA FRUIT/CARROT ROOT/CUCUMBER FRUIT/LAMINARIA DIGITATA/MUSA ACUMINATA FRUIT/PAPAYA FRUIT/PERILLA FRUTESCENS LEAF/PINEAPPLE FRUIT/RADISH ROOT/SPINACH LEAF/TOMATO FRUIT FERMENT EXTRACT FILTRATE,skin-conditioning
CATALPA OVATA BARK/LEAF EXTRACT,skin-conditioning
SAPINDUS RARAK FRUIT EXTRACT,skin-conditioning
DIPROPYLHEPTYL CARBONATE,emollient
DIPROPYLHEPTYL CARBONATE,skin-conditioning
ETHYLHEXYL C10-40 ISOALKYL ACIDATE,skin-conditioning
PERSEA GRATISSIMA WAX,emollient
PERSEA GRATISSIMA WAX,skin-conditioning
VIOLA MANDSHURICA FLOWER/SYRINGA VULGARIS/(SOLANUM MELONGENA/VITIS VINIFERA) FRUIT WATER,antioxidant
VIOLA MANDSHURICA FLOWER/SYRINGA VULGARIS/(SOLANUM MELONGENA/VITIS VINIFERA) FRUIT WATER,antiseborrhoeic
VIOLA MANDSHURICA FLOWER/SYRINGA VULGARIS/(SOLANUM MELONGENA/VITIS VINIFERA) FRUIT WATER,skin-conditioning
VIOLA MANDSHURICA FLOWER/SYRINGA VULGARIS/(SOLANUM MELONGENA/VITIS VINIFERA) FRUIT WATER,skin-protecting
DIMETHYL ADIPATE,emollient
DIMETHYL ADIPATE,plasticiser
DIMETHYL ADIPATE,solvent
HELIANTHUS TUBEROSUS ROOT EXTRACT,skin-conditioning
BETULA PLATYPHYLLA JAPONICA BARK EXTRACT,skin-conditioning
TANACETUM ANNUUM FLOWER OIL,masking
TANACETUM ANNUUM FLOWER OIL,skin-conditioning
GALLOYL TRIPEPTIDE-7,antioxidant
GALLOYL TRIPEPTIDE-7,skin-protecting
TETRAPEPTIDE-39,skin-conditioning
OVUM SHELL MEMBRANE,skin-conditioning
CERIPORIA LACERATA FERMENT FILTRATE,skin-conditioning
ABIETYL ALCOHOL,viscosity-controlling
VANILLA PLANIFOLIA SEED,skin-conditioning
ATRACTYLODES MACROCEPHALA ROOT POWDER,humectant
ATRACTYLODES MACROCEPHALA ROOT POWDER,skin-conditioning
RH-POLYPEPTIDE-67,skin-conditioning
PEG-40 HYDROGENATED CASTOR OIL ISOSTEARATE,emulsifying
PEG-40 HYDROGENATED CASTOR OIL ISOSTEARATE,viscosity-controlling
NICOTINOYL TRIPEPTIDE-47,skin-conditioning
OPUNTIA STREPTACANTHA FLOWER EXTRACT,emollient
CAFFEINE BENZOATE,skin-conditioning
VINCETOXICUM ATRATUM ROOT POWDER,skin-conditioning
PERSEA GRATISSIMA OIL,skin-conditioning
ALLIUM ODORUM EXTRACT,skin-conditioning
GARDENIA TAITENSIS CALLUS EXTRACT,antioxidant
GARDENIA TAITENSIS CALLUS EXTRACT,skin-protecting
ROSIN,binding
ROSIN,film-forming
ROSIN,viscosity-controlling
MELIA AZADIRACHTA FLOWER EXTRACT,skin-conditioning
PALMITOYL METHOXYTRYPTAMINE,skin-conditioning
LILIUM MARTAGON BULB EXTRACT,emollient
LILIUM MARTAGON BULB EXTRACT,skin-conditioning
JUGLANS REGIA SEED BUTTER,emollient
JUGLANS REGIA SEED BUTTER,skin-conditioning
C9-11 PARETH-40,emulsion-stabilising
BACILLUS/MONASCUS/VANDA COERULEA CALLUS/RICE BRAN FERMENT FILTRATE,antiseborrhoeic
BACILLUS/MONASCUS/VANDA COERULEA CALLUS/RICE BRAN FERMENT FILTRATE,emollient
BACILLUS/MONASCUS/VANDA COERULEA CALLUS/RICE BRAN FERMENT FILTRATE,skin-conditioning
MANGANESE SULFATE,skin-conditioning
LINARIA JAPONICA EXTRACT,skin-conditioning
LACTOBACILLUS/ALOE LEAF/ANGELICA KEISKEI/BRASSICA OLERACEA ACEPHALA LEAF/CARROT LEAF/CARROT ROOT/CUCUMBER FRUIT/GRAPEFRUIT FRUIT/LAVANDER LEAF/MELISSA OFFICINALIS LEAF/ROSEMARY LEAF/TOMATO FRUIT FERMENT FILTRATE,antioxidant
LACTOBACILLUS/ALOE LEAF/ANGELICA KEISKEI/BRASSICA OLERACEA ACEPHALA LEAF/CARROT LEAF/CARROT ROOT/CUCUMBER FRUIT/GRAPEFRUIT FRUIT/LAVANDER LEAF/MELISSA OFFICINALIS LEAF/ROSEMARY LEAF/TOMATO FRUIT FERMENT FILTRATE,astringent
LACTOBACILLUS/ALOE LEAF/ANGELICA KEISKEI/BRASSICA OLERACEA ACEPHALA LEAF/CARROT LEAF/CARROT ROOT/CUCUMBER FRUIT/GRAPEFRUIT FRUIT/LAVANDER LEAF/MELISSA OFFICINALIS LEAF/ROSEMARY LEAF/TOMATO FRUIT FERMENT FILTRATE,humectant
LACTOBACILLUS/ALOE LEAF/ANGELICA KEISKEI/BRASSICA OLERACEA ACEPHALA LEAF/CARROT LEAF/CARROT ROOT/CUCUMBER FRUIT/GRAPEFRUIT FRUIT/LAVANDER LEAF/MELISSA OFFICINALIS LEAF/ROSEMARY LEAF/TOMATO FRUIT FERMENT FILTRATE,skin-protecting
TOCOPHERETH-5,antioxidant
TOCOPHERETH-5,skin-conditioning
TOCOPHERETH-5,surfactant
PEG-4 DIMETHACRYLATE,binding
PEG-4 DIMETHACRYLATE,film-forming
GLYCERYL ARACHIDONATE,emollient
GLYCERYL ARACHIDONATE,emulsifying
DIPROPYLENE GLYCOL DIBENZOATE,emollient
DIPROPYLENE GLYCOL DIBENZOATE,skin-conditioning
HAKKA YU,masking
HAKKA YU,skin-conditioning
ACETYL OLIGOPEPTIDE-70,antioxidant
ACETYL OLIGOPEPTIDE-70,chelating
ACETYL OLIGOPEPTIDE-70,skin-protecting
GELIDIUM CARTILAGINEUM EXTRACT,skin-protecting
TALL OIL GLYCERIDES,emollient
TALL OIL GLYCERIDES,skin-conditioning
CURCUMINYL GLUTAROYL TRIPEPTIDE-7,antioxidant
CURCUMINYL GLUTAROYL TRIPEPTIDE-7,emollient
CURCUMINYL GLUTAROYL TRIPEPTIDE-7,skin-conditioning
UNDARIA PINNATIFIDA LEAF/STEM EXTRACT,emollient
LYCOPUS COREANUS CALLUS CULTURE EXTRACT,skin-conditioning
HEXYLDECYL MYRISTOYL METHYLAMINOPROPIONATE,emollient
HEXYLDECYL MYRISTOYL METHYLAMINOPROPIONATE,skin-conditioning
RH-OLIGOPEPTIDE-33,antimicrobial
RH-OLIGOPEPTIDE-33,skin-protecting
NELUMBIUM SPECIOSUM FLOWER EXTRACT,skin-conditioning
CETYL ACETATE,emollient
CETYL ACETATE,masking
CETYL ACETATE,skin-conditioning
ISOSTEARAMIDE MEA,antistatic
ISOSTEARAMIDE MEA,foam-boosting
ISOSTEARAMIDE MEA,surfactant
ISOSTEARAMIDE MEA,viscosity-controlling
SODIUM LACTATE METHYLSILANOL,skin-conditioning
CASSIA ANGUSTIFOLIA SEED EXTRACT,skin-conditioning
DITRIMETHYLOLPROPANE TRIETHYLHEXANOATE,binding
DITRIMETHYLOLPROPANE TRIETHYLHEXANOATE,emollient
DITRIMETHYLOLPROPANE TRIETHYLHEXANOATE,skin-conditioning
SH-POLYPEPTIDE-54,skin-conditioning
TEUCRIUM CANADENSE FLOWER/LEAF/STEM EXTRACT,skin-conditioning
(GELIDIUM ELEGANS/LINGULATUM/REX/SESQUIPEDALE)/(GRACILARIA CHILENSIS/VERMICULOPHYLLA)/PTEROCLADIELLA TENUIS OLIGOSACCHARIDES,humectant
(GELIDIUM ELEGANS/LINGULATUM/REX/SESQUIPEDALE)/(GRACILARIA CHILENSIS/VERMICULOPHYLLA)/PTEROCLADIELLA TENUIS OLIGOSACCHARIDES,skin-conditioning
OLIGOPEPTIDE-141,skin-conditioning
MENTHA SPICATA LEAF EXTRACT,skin-conditioning
SOLANUM UNDATUM FRUIT EXTRACT,skin-protecting
ACRYLOYLOXYETHYL PHTHALATE,film-forming
ACRYLOYLOXYETHYL PHTHALATE,plasticiser
ERUCYL ARACHIDATE,emollient
ACETYL TETRAPEPTIDE-17,skin-conditioning
GLYCERYL HYDROGENATED RAPESEEDATE,emollient
GLYCERYL HYDROGENATED RAPESEEDATE,emulsifying
COCONUT OIL PPG-2-PEG-6 ESTERS,emollient
COCONUT OIL PPG-2-PEG-6 ESTERS,emulsifying
COCONUT OIL PPG-2-PEG-6 ESTERS,skin-conditioning
COCONUT OIL PPG-2-PEG-6 ESTERS,surfactant
LOTUS CORNICULATUS FLOWER EXTRACT,masking
LOTUS CORNICULATUS FLOWER EXTRACT,skin-protecting
DENDROBIUM CANDIDUM CALLUS POWDER,antioxidant
DENDROBIUM CANDIDUM CALLUS POWDER,humectant
DENDROBIUM CANDIDUM CALLUS POWDER,skin-conditioning
DENDROBIUM CANDIDUM CALLUS POWDER,skin-protecting
SACCHAROMYCES/HYDROLYZED STACHYS AFFINIS TUBER FERMENT FILTRATE,skin-conditioning
EMBELIA RIBES ROOT POWDER,skin-conditioning
REYNOUTRIA SACHALINENSIS SPROUT EXTRACT,antimicrobial
REYNOUTRIA SACHALINENSIS SPROUT EXTRACT,antiplaque
REYNOUTRIA SACHALINENSIS SPROUT EXTRACT,astringent
REYNOUTRIA SACHALINENSIS SPROUT EXTRACT,masking
REYNOUTRIA SACHALINENSIS SPROUT EXTRACT,skin-conditioning
REYNOUTRIA SACHALINENSIS SPROUT EXTRACT,skin-protecting
LIQUIDAMBAR STYRACIFLUA FRUIT EXTRACT,skin-conditioning
ISOSORBIDE,humectant
ISOSORBIDE,skin-conditioning
DEXTRIN PALMITATE/STEARATE,emulsion-stabilising
DEXTRIN PALMITATE/STEARATE,viscosity-controlling
ISOSTEARYL PALMITATE,binding
ISOSTEARYL PALMITATE,emollient
ISOSTEARYL PALMITATE,skin-conditioning
BIOSACCHARIDE GUM-4,skin-conditioning
AMP-ACRYLATES COPOLYMER,film-forming
R-(SH-POLYPEPTIDE-102 METHIONYL S-PENTADIPLANDRA BRAZZEANA DEFENSIN-LIKE PROTEIN),skin-protecting
HYSSOPUS OFFICINALIS LEAF OIL,skin-conditioning
BRASSICA OLERACEA ACEPHALA LEAF EXTRACT,humectant
BRASSICA OLERACEA ACEPHALA LEAF EXTRACT,skin-conditioning
LACTOBACILLUS/PHYLLOSTACHYS PUBESCENS STEM/HONEY FERMENT FILTRATE,skin-conditioning
CYTISUS SCOPARIUS FLOWER CERA,skin-conditioning
PANAX GINSENG SEED EXTRACT,skin-conditioning
SYNECHOCOCCUS ELONGATUS/ALGAE FERMENT,skin-conditioning
STERCULIA PLATANIFOLIA BRANCH/LEAF EXTRACT,skin-conditioning
EISENIA ARBOREA EXTRACT,skin-conditioning
LAGENARIA SPHAERICA SEED OIL,skin-conditioning
NONAPEPTIDE-35,skin-conditioning
BUTYROSPERMUM PARKII BUTTER EXTRACT,skin-conditioning
METHYLHEPTYL LAURATE,emollient
METHYLHEPTYL LAURATE,skin-conditioning
CERASUS YOUKOU FLOWER POWDER,skin-conditioning
GADI IECUR OIL,emollient
ALPINIA INTERMEDIA SEED POWDER,emollient
ALPINIA INTERMEDIA SEED POWDER,skin-conditioning
ASTROCARYUM TUCUMA SEED BUTTER,emollient
ASTROCARYUM TUCUMA SEED BUTTER,skin-conditioning
POLYGLYCERYL-4 PENTASTEARATE,emollient
POLYGLYCERYL-4 PENTASTEARATE,emulsifying
LANNEA COROMANDELICA BARK EXTRACT,skin-conditioning
TRIPEPTIDE-46 HEXAPEPTIDE-40 DECAPEPTIDE-27 METHIONYL OLIGOPEPTIDE-133,skin-conditioning
BENZYLSULFONYL D-SERYL HOMOPHENYLALANINE AMIDINOBENZAMIDE ACETATE,skin-conditioning
ASPERGILLUS/SOYBEAN SHOOT FERMENT EXTRACT,skin-conditioning
LIGULARIA FISHCERI LEAF EXTRACT,skin-conditioning
AKEBIA TRIFOLIATA STEM EXTRACT,skin-conditioning
ZANTHOXYLUM AVICENNAE BARK EXTRACT,skin-conditioning
HYDROLYZED DROSERA ROTUNDIFOLIA LEAF,antioxidant
HYDROLYZED DROSERA ROTUNDIFOLIA LEAF,skin-conditioning
HYDROGENATED JOJOBA OIL,abrasive
HYDROGENATED JOJOBA OIL,emollient
HYDROGENATED JOJOBA OIL,skin-conditioning
CHOLESTERYL OLEYL CARBONATE,skin-conditioning
EUPHORBIA LONGAN FRUIT EXTRACT,skin-conditioning
HYDROLYZED SOY PROTEIN EXTRACT,skin-conditioning
SH-OLIGOPEPTIDE-16,skin-conditioning
GLYCERYL ACRYLATE/ACRYLIC ACID COPOLYMER,humectant
GLYCERYL ACRYLATE/ACRYLIC ACID COPOLYMER,viscosity-controlling
CHINESE HAMSTER OVARY CELL CONDITIONED MEDIA,humectant
CHINESE HAMSTER OVARY CELL CONDITIONED MEDIA,skin-conditioning
CHINESE HAMSTER OVARY CELL CONDITIONED MEDIA,skin-protecting
BRASSICA OLERACEA CAPITATA SPROUT EXTRACT,skin-conditioning
VINCA MINOR LEAF EXTRACT,skin-conditioning
PHOENIX DACTYLIFERA FRUIT POWDER,skin-conditioning
LAURYL DODECENYLSUCCINATE,emulsion-stabilising
PARKIA BIGLOBOSA OLIGOSACCHARIDES,skin-protecting
VIROLA SURINAMENSIS SEED BUTTER,emollient
VIROLA SURINAMENSIS SEED BUTTER,skin-conditioning
POTHOMORPHE UMBELLATA LEAF EXTRACT,antioxidant
POTHOMORPHE UMBELLATA LEAF EXTRACT,astringent
POTHOMORPHE UMBELLATA LEAF EXTRACT,skin-protecting
KEIHI YU,masking
KEIHI YU,skin-conditioning
ACETYL PENTAPEPTIDE-55 AMIDE,skin-conditioning
KASSOU,skin-conditioning
TUSSILAGO FARFARA CALLUS CULTURE EXTRACT,skin-conditioning
IPOMOEA HEDERACEA SEED EXTRACT,skin-protecting
STREPTOMYCES TSUKUBAENSIS EXTRACT,emollient
STREPTOMYCES TSUKUBAENSIS EXTRACT,humectant
STREPTOMYCES TSUKUBAENSIS EXTRACT,skin-conditioning
STREPTOMYCES TSUKUBAENSIS EXTRACT,skin-protecting
HEXAPEPTIDE-62 DIMER,skin-conditioning
VINYL CHLORIDE/VINYL LAURATE COPOLYMER,film-forming
TRIISONONANOIN,skin-conditioning
TRIISONONANOIN,viscosity-controlling
POTASSIUM GLUCOHEPTONATE,skin-conditioning
CITRUS AURANTIUM DULCIS FLOWER WAX,skin-conditioning
SCHIZOPHYLLUM COMMUNE/PANAX GINSENG FERMENT FILTRATE,skin-conditioning
POTASSIUM CELLULOSE SUCCINATE,opacifying
POTASSIUM CELLULOSE SUCCINATE,skin-conditioning
HYDROLYZED SPONGIN,skin-conditioning
GLYCERETH-5 LACTATE,emollient
GLYCERETH-5 LACTATE,emulsifying
GLYCERETH-5 LACTATE,solvent
BIFIDA FERMENT LYSATE,skin-conditioning
NICOTINAMIDE ADENINE DINUCLEOTIDE,skin-conditioning
JUNIPERUS CHINENSIS XYLEM EXTRACT,skin-conditioning
TORREYA GRANDIS FRUIT OIL,skin-conditioning
SR-RAINBOW TROUT OLIGOPEPTIDE-1 SH-OLIGOPEPTIDE-1,emollient
SR-RAINBOW TROUT OLIGOPEPTIDE-1 SH-OLIGOPEPTIDE-1,skin-conditioning
SR-RAINBOW TROUT OLIGOPEPTIDE-1 SH-OLIGOPEPTIDE-1,skin-protecting
DILINOLEIC ACID/DILINOLEYL ALCOHOL/PROPANEDIOL COPOLYMER,film-forming
DILINOLEIC ACID/DILINOLEYL ALCOHOL/PROPANEDIOL COPOLYMER,plasticiser
DILINOLEIC ACID/DILINOLEYL ALCOHOL/PROPANEDIOL COPOLYMER,viscosity-controlling
ETHYLHEXYL HYDROXYSTEAROYL HYDROXYSTEARATE,emollient
ETHYLHEXYL HYDROXYSTEAROYL HYDROXYSTEARATE,humectant
ETHYLHEXYL HYDROXYSTEAROYL HYDROXYSTEARATE,skin-conditioning
HEXAPEPTIDE-58,skin-conditioning
SWEET ALMOND AMINO ACIDS,humectant
SWEET ALMOND AMINO ACIDS,skin-protecting
HYDROLYZED JELLYFISH EXTRACT,humectant
HYDROLYZED JELLYFISH EXTRACT,skin-conditioning
HANSENULA/KLOECKERA/LACTOBACILLUS/LACTOCOCCUS/LEUCONOSTOC/PEDIOCOCCUS/SACCHAROMYCES/FIG/LEMON FERMENT,skin-conditioning
HANSENULA/KLOECKERA/LACTOBACILLUS/LACTOCOCCUS/LEUCONOSTOC/PEDIOCOCCUS/SACCHAROMYCES/FIG/LEMON FERMENT,skin-protecting
METSCHNIKOWIA/PANAX GINSENG LEAF/STEM FERMENT FILTRATE,skin-conditioning
HYDROLYZED SISYMBRIUM IRIO SEEDCAKE,skin-protecting
HYPERICUM PERFORATUM FLOWER/LEAF/STEM EXTRACT,skin-conditioning
CITRUS JABARA PEEL EXTRACT,skin-conditioning
AMMONIUM ACRYLATES/ETHYLHEXYL ACRYLATE COPOLYMER,film-forming
PALMITOYL TRIPEPTIDE-28,skin-conditioning
ALNUS JAPONICA BARK EXTRACT,skin-conditioning
ACETYL HEXAPEPTIDE-39,skin-conditioning
OSTRICH EGG YOLK EXTRACT,antimicrobial
OSTRICH EGG YOLK EXTRACT,emollient
OSTRICH EGG YOLK EXTRACT,skin-conditioning
PYRUS CYDONIA FLOWER EXTRACT,skin-conditioning
TRI-C12-13 ALKYL CITRATE,emollient
TRI-C12-13 ALKYL CITRATE,skin-conditioning
TRISILOXANEPROPYL GLYCERYL METHACRYLATE,binding
TRISILOXANEPROPYL GLYCERYL METHACRYLATE,emulsifying
TRISILOXANEPROPYL GLYCERYL METHACRYLATE,film-forming
TRISILOXANEPROPYL GLYCERYL METHACRYLATE,foam-boosting
TRISILOXANEPROPYL GLYCERYL METHACRYLATE,surfactant
PYRIDOXINE TRIS-HEXYLDECANOATE,humectant
ISODECYL COCOATE,emollient
ISODECYL COCOATE,skin-conditioning
ACETYL BENZOYLOXY PRASTERONE,antioxidant
ACETYL BENZOYLOXY PRASTERONE,skin-conditioning
TETRAPEPTIDE-36,skin-conditioning
PERFLUOROISOHEXANE,emollient
PERFLUOROISOHEXANE,skin-conditioning
C20-24 OLEFIN,skin-conditioning
DIGLYCERETH-7 MALATE,binding
DIGLYCERETH-7 MALATE,emulsion-stabilising
DIGLYCERETH-7 MALATE,humectant
DIGLYCERETH-7 MALATE,skin-conditioning
ISOSTEARAMIDE DEA,antistatic
ISOSTEARAMIDE DEA,foam-boosting
ISOSTEARAMIDE DEA,surfactant
ISOSTEARAMIDE DEA,viscosity-controlling
TRACHELOSPERMUM ASIATICUM FLOWER/LEAF/STEM EXTRACT,antioxidant
TRACHELOSPERMUM ASIATICUM FLOWER/LEAF/STEM EXTRACT,humectant
TRACHELOSPERMUM ASIATICUM FLOWER/LEAF/STEM EXTRACT,skin-protecting
VACCINIUM MYRTILLUS SEED OIL,skin-conditioning
METHYL ACETYLGLYCYRRHETINOYL HYDROXYPROLINATE,skin-conditioning
FEVILLEA TRILOBATA SEED OIL,astringent
FEVILLEA TRILOBATA SEED OIL,skin-protecting
LACTOBACILLUS/ROSA CENTIFOLIA FLOWER EXTRACT FERMENT FILTRATE,humectant
SODIUM ACRYLATES/C10-30 ALKYL ACRYLATE CROSSPOLYMER,film-forming
PYRUS CYDONIA SEED EXTRACT,masking
PYRUS CYDONIA SEED EXTRACT,skin-conditioning
ACER TEGMENTOSUM STEM EXTRACT,skin-conditioning
ACER TEGMENTOSUM STEM EXTRACT,skin-protecting
NYLON-66,bulking
NYLON-66,opacifying
NYLON-66,viscosity-controlling
SPARASSIS LATIFOLIA POWDER,humectant
SPARASSIS LATIFOLIA POWDER,skin-conditioning
BACILLUS/LYCIUM CHINENSE FRUIT/REHMANNIA GLUTINOSA ROOT/CUSCUTA CHINENSIS FRUIT/CISTANCHE DESERTICOLA/ZANTHOXYLUM PIPERITUM FRUIT/CHRYSANTHEMUM MORIFOLIUM FRUIT/PORIA COCOS/ CINNAMOMUM CASSIA FERMENT,skin-conditioning
ECHINACEA ANGUSTIFOLIA MERISTEM CELL CULTURE,skin-conditioning
TRANSGENIC RICE RH-OLIGOPEPTIDE-2,skin-conditioning
HYDROLYZED CORNUS WALTERI LEAF EXTRACT,skin-conditioning
RHEUM TANGUTICUM ROOT EXTRACT,antimicrobial
RHEUM TANGUTICUM ROOT EXTRACT,humectant
SH-POLYPEPTIDE-11 DIPEPTIDE-35 OLIGOPEPTIDE-91 DIPEPTIDE- 19 HEXAPEPTIDE-40,skin-conditioning
METHYLSILANOL/SILICATE CROSSPOLYMER,skin-conditioning
HYDROLYZED PYRUS MALUS PECTIN EXTRACT,skin-conditioning
TSUGA CANADENSIS LEAF EXTRACT,skin-protecting
EUCOMMIA ULMOIDES PERICARP EXTRACT,skin-conditioning
LENTINUS EDODES/LICORICE ROOT EXTRACT FERMENT FILTRATE,antioxidant
LENTINUS EDODES/LICORICE ROOT EXTRACT FERMENT FILTRATE,humectant
LENTINUS EDODES/LICORICE ROOT EXTRACT FERMENT FILTRATE,skin-conditioning
ARTEMISIA HERBA-ALBA FLOWER EXTRACT,skin-conditioning
CORNUS CONTROVERSA WOOD EXTRACT,humectant
ANACARDIUM OCCIDENTALE SEED OIL,skin-conditioning
PALMITOYL HEXAPEPTIDE-12,skin-conditioning
HEXANEDIOL DISALICYLATE,skin-conditioning
HEXANEDIOL DISALICYLATE,uv-absorber
METHIONYL SH-POLYPEPTIDE-7 DIPEPTIDE-19 SR-SPIDER POLYPEPTIDE-4 HEXAPEPTIDE 40,emollient
METHIONYL SH-POLYPEPTIDE-7 DIPEPTIDE-19 SR-SPIDER POLYPEPTIDE-4 HEXAPEPTIDE 40,skin-conditioning
METHIONYL SH-POLYPEPTIDE-7 DIPEPTIDE-19 SR-SPIDER POLYPEPTIDE-4 HEXAPEPTIDE 40,skin-protecting
LINSEED OIL ASCORBATE ESTERS,antioxidant
LINSEED OIL ASCORBATE ESTERS,skin-conditioning
LINSEED OIL ASCORBATE ESTERS,skin-protecting
CYCNOCHES COOPERI EXTRACT,antioxidant
CYCNOCHES COOPERI EXTRACT,emollient
SAFFLOWER SEED OIL POLYGLYCERYL-4 ESTERS,cleansing
SAFFLOWER SEED OIL POLYGLYCERYL-4 ESTERS,emollient
SAFFLOWER SEED OIL POLYGLYCERYL-4 ESTERS,emulsifying
SAFFLOWER SEED OIL POLYGLYCERYL-4 ESTERS,skin-conditioning
SAFFLOWER SEED OIL POLYGLYCERYL-4 ESTERS,surfactant
OTOGIRISOU EKISU,skin-conditioning
PAEONIA ROCKII SEED OIL,emollient
PAEONIA ROCKII SEED OIL,skin-conditioning
KOJIC DIPALMITATE,emollient
BIS-PEG/PPG-15/5 DIMETHICONE,emulsion-stabilising
BIS-PEG/PPG-15/5 DIMETHICONE,humectant
ALBIZIA JULIBRISSIN FLOWER EXTRACT,skin-conditioning
FICUS CARICA FRUIT POWDER,skin-conditioning
RESEDA LUTEOLA FLOWER/LEAF/STEM EXTRACT,skin-conditioning
SILENE VELUTINA EXTRACT,skin-conditioning
HYDROLYZED OYSTER EXTRACT,skin-conditioning
ASPERGILLUS/SOYBEAN SEED FERMENT FILTRATE,humectant
ASPERGILLUS/SOYBEAN SEED FERMENT FILTRATE,skin-conditioning
SINORHIZOBIUM MELILOTI FERMENT FILTRATE,skin-conditioning
CETYL-PG HYDROXYETHYL PALMITAMIDE,skin-conditioning
COPPER PALMITOYL HEPTAPEPTIDE-14,skin-conditioning
COCCINIA INDICA FRUIT EXTRACT,skin-conditioning
METHOXY PEG-100/EPSILON CAPROLACTONE/SEBACATE COPOLYMER,humectant
DISODIUM C12-15 PARETH SULFOSUCCINATE,cleansing
DISODIUM C12-15 PARETH SULFOSUCCINATE,foam-boosting
DISODIUM C12-15 PARETH SULFOSUCCINATE,hydrotrope
DISODIUM C12-15 PARETH SULFOSUCCINATE,skin-conditioning
DISODIUM C12-15 PARETH SULFOSUCCINATE,surfactant
APHANIZOMENON FLOS-AQUAE POWDER,emollient
APHANIZOMENON FLOS-AQUAE POWDER,foam-boosting
APHANIZOMENON FLOS-AQUAE POWDER,skin-conditioning
APHANIZOMENON FLOS-AQUAE POWDER,surfactant
ACETYL SH-TETRAPEPTIDE-39,skin-conditioning
TDI OXIDIZED MICROCRYSTALLINE WAX,viscosity-controlling
ISOBORNYL METHACRYLATE,film-forming
HOPLOSTETHUS OIL,emollient
PROPYLENE GLYCOL STEARATE,skin-conditioning
PROPYLENE GLYCOL STEARATE,surfactant
COMMIPHORA ABYSSINICA RESIN EXTRACT,skin-conditioning
OXALIS TRIANGULARIS OIL,skin-conditioning
MAGNESIUM TRISILICATE,abrasive
MAGNESIUM TRISILICATE,absorbent
MAGNESIUM TRISILICATE,anticaking
MAGNESIUM TRISILICATE,bulking
MAGNESIUM TRISILICATE,opacifying
MAGNESIUM TRISILICATE,viscosity-controlling
DELPHINIUM CONSOLIDA/LONICERA CAPRIFOLIUM/CALENDULA OFFICINALIS/CENTAUREA CYANUS) FLOWER EXTRACT,skin-conditioning
ACRYLATES/C10-30 ALKYL ACRYLATE CROSSPOLYMER,emulsion-stabilising
ACRYLATES/C10-30 ALKYL ACRYLATE CROSSPOLYMER,film-forming
ACRYLATES/C10-30 ALKYL ACRYLATE CROSSPOLYMER,viscosity-controlling
PANTOTHENAMIDE MEA,skin-conditioning
CARPINUS CORDATA LEAF EXTRACT,skin-conditioning
HUMAN AMNIOTIC FLUID INDUCED PLURIPOTENT CELL CULTURE CONDITIONED MEDIA,emollient
HUMAN AMNIOTIC FLUID INDUCED PLURIPOTENT CELL CULTURE CONDITIONED MEDIA,humectant
HUMAN AMNIOTIC FLUID INDUCED PLURIPOTENT CELL CULTURE CONDITIONED MEDIA,skin-conditioning
CHOLESTERYL CHLORIDE,skin-conditioning
METHYLENEDIOXYBENZOYL ETHYL PABA,skin-protecting
PALMITOYL DIPEPTIDE-13,skin-conditioning
RH-POLYPEPTIDE-82,skin-conditioning
RH-POLYPEPTIDE-82,skin-protecting
C30-60 ALKYL DIMETHICONE,skin-conditioning
C30-60 ALKYL DIMETHICONE,viscosity-controlling
PHASEOLUS ANGULARIS CALLUS CULTURE EXTRACT,antioxidant
PHASEOLUS ANGULARIS CALLUS CULTURE EXTRACT,skin-protecting
ZOSTERA MARINA CALLUS EXTRACT,antimicrobial
ZOSTERA MARINA CALLUS EXTRACT,antioxidant
ZOSTERA MARINA CALLUS EXTRACT,skin-conditioning
SAFFLOWEROYL CYSTEINE,skin-conditioning
ISOPROPYL BABASSUATE,emollient
ISOPROPYL BABASSUATE,skin-conditioning
DIETHYLHEXYL SUCCINATE,emollient
DIETHYLHEXYL SUCCINATE,film-forming
DIETHYLHEXYL SUCCINATE,plasticiser
DIETHYLHEXYL SUCCINATE,skin-conditioning
DIETHYLHEXYL SUCCINATE,solvent
AESCULUS HIPPOCASTANUM/PAVIA FLOWER EXTRACT,skin-conditioning
NONFAT DRY MILK EXTRACT,skin-conditioning
PERFLUOROPERHYDROPHENANTHRENE,skin-conditioning
PERFLUOROPERHYDROPHENANTHRENE,solvent
CALLIANDRA PORTORICENSIS SYMBIOSOME EXTRACT,skin-conditioning
SALIX ALBA BARK WATER,astringent
SALIX ALBA BARK WATER,skin-conditioning
SALIX ALBA BARK WATER,soothing
SALIX ALBA BARK WATER,tonic
OATAMIDOPROPYL BETAINE,cleansing
OATAMIDOPROPYL BETAINE,foam-boosting
OATAMIDOPROPYL BETAINE,surfactant
OATAMIDOPROPYL BETAINE,viscosity-controlling
GLYCERYL DIHYDROXYSTEARATE,emollient
EUPHORBIA SUPINA LEAF/STEM EXTRACT,emollient
EUPHORBIA SUPINA LEAF/STEM EXTRACT,humectant
EUPHORBIA SUPINA LEAF/STEM EXTRACT,skin-conditioning
POLY[OXYMETHYLENE MELAMINE ACRYLATES/ACRYLAMIDE],film-forming
EPHEDRA DISTACHYA EXTRACT,emollient
EPHEDRA DISTACHYA EXTRACT,skin-conditioning
EPHEDRA DISTACHYA EXTRACT,tonic
EUTERPE EDULIS FRUIT EXTRACT,skin-conditioning
MACROTOMIA EUCHROMA ROOT EXTRACT,skin-conditioning
HYDROLYZED LOLA IMPLEXA EXTRACT,skin-protecting
DICOCOYL PENTAERYTHRITYL DISTEARYL CITRATE,emollient
DICOCOYL PENTAERYTHRITYL DISTEARYL CITRATE,skin-conditioning
CEREBROSIDES,emollient
CEREBROSIDES,skin-conditioning
CEREBROSIDES,skin-protecting
XYLARIA NIGRIPES FERMENT FILTRATE,antioxidant
XYLARIA NIGRIPES FERMENT FILTRATE,skin-conditioning
LAURYLGLUCOSIDES HYDROXYPROPYLTRIMONIUM CHLORIDE,skin-conditioning
LAURYLGLUCOSIDES HYDROXYPROPYLTRIMONIUM CHLORIDE,surfactant
NICOTINOYL PENTAPEPTIDE-20,skin-conditioning
CHAMAECRISTA NOMAME EXTRACT,skin-conditioning
PEG-7 PROPYLHEPTYL ETHER,emulsion-stabilising
SH-PENTAPEPTIDE-5,skin-conditioning
BIS-(C1-8 ALKYL LAUROYL LYSINE DECYLCARBOXAMIDE) DIMETHICONE,emollient
BIS-(C1-8 ALKYL LAUROYL LYSINE DECYLCARBOXAMIDE) DIMETHICONE,skin-protecting
BIS-(C1-8 ALKYL LAUROYL LYSINE DECYLCARBOXAMIDE) DIMETHICONE,viscosity-controlling
PARONYCHIA ARGENTEA LEAF EXTRACT,skin-protecting
HELICHRYSUM ITALICUM ROOT EXTRACT,skin-conditioning
ZEA MAYS GERM EXTRACT,skin-conditioning
IPOMOEA HEDERACEA SEED POWDER,abrasive
IPOMOEA HEDERACEA SEED POWDER,skin-conditioning
INULA CRITHMOIDE FLOWER/LEAF EXTRACT,skin-conditioning
PRUNUS SEROTINA FRUIT EXTRACT,masking
PRUNUS SEROTINA FRUIT EXTRACT,moisturising
PRUNUS SEROTINA FRUIT EXTRACT,skin-conditioning
ARCTIUM MAJUS ROOT EXTRACT,skin-conditioning
MYRISTOYL HEXAPEPTIDE-4,skin-conditioning
PEG-15/LAURYL DIMETHICONE CROSSPOLYMER,stabilising
PEG-15/LAURYL DIMETHICONE CROSSPOLYMER,viscosity-controlling
SEAHORSE EXTRACT,skin-conditioning
METHOXY PEG/PPG-25/4 DIMETHICONE,emulsifying
METHOXY PEG/PPG-25/4 DIMETHICONE,emulsion-stabilising
ATRACTYLODES MACROCEPHALA ROOT/STALK POWDER,abrasive
ATRACTYLODES MACROCEPHALA ROOT/STALK POWDER,masking
ATRACTYLODES MACROCEPHALA ROOT/STALK POWDER,skin-protecting
DILSEA CARNOSA EXTRACT,skin-protecting
RH-POLYPEPTIDE-45,skin-conditioning
DITRIDECYL ADIPATE,emollient
DITRIDECYL ADIPATE,skin-conditioning
DITRIDECYL ADIPATE,solvent
TRIDECYL ERUCATE,emollient
TRIDECYL ERUCATE,skin-conditioning
ACTINIDIA POLYGAMA LEAF EXTRACT,humectant
ACTINIDIA POLYGAMA LEAF EXTRACT,skin-conditioning
ACTINIDIA POLYGAMA LEAF EXTRACT,skin-protecting
MENTHYL NICOTINATE,humectant
NELUMBO NUCIFERA SEED POWDER,skin-conditioning
CALCIUM ASPARTATE,skin-conditioning
FERRIC SULFATE,humectant
PEG-7 CARAPA GUIANENSIS GLYCERYL ESTERS,emollient
PEG-7 CARAPA GUIANENSIS GLYCERYL ESTERS,skin-conditioning
PRUNUS SPECIOSA BARK EXTRACT,humectant
PRUNUS SPECIOSA BARK EXTRACT,skin-conditioning
PRUNUS SPECIOSA BARK EXTRACT,skin-protecting
HIPPOPHAE RHAMNOIDES HUSK POWDER,abrasive
HIPPOPHAE RHAMNOIDES HUSK POWDER,skin-conditioning
DISODIUM INOSINATE,emollient
DISODIUM INOSINATE,humectant
DISODIUM INOSINATE,skin-conditioning
MYRISTYL 2-GLYCERYL ASCORBATE,antioxidant
MYRISTYL 2-GLYCERYL ASCORBATE,humectant
GARCINIA INDICA SEED BUTTER,skin-conditioning
SPHINGOLIPIDS,emollient
SPHINGOLIPIDS,skin-conditioning
SPHINGOLIPIDS,skin-protecting
ACRONYCHIA PEDUNCULATA BARK EXTRACT,skin-conditioning
VISNADINE,skin-conditioning
SERENOA SERRULATA FRUIT POWDER,skin-conditioning
SERRALYSIN,emollient
SERRALYSIN,skin-conditioning
ETHYLHEXYL PELARGONATE,emollient
RUBUS FRUTICOSUS LEAF CELL EXTRACT,antioxidant
RUBUS FRUTICOSUS LEAF CELL EXTRACT,skin-protecting
SACCHAROMYCES/RICE LEES FERMENT LYSATE,skin-conditioning
TALINUM PANICULATUM EXTRACT,skin-conditioning
MALUS BACCATA FRUIT/LEAF/STEM EXTRACT,skin-conditioning
BUTENE/PROPYLENE COPOLYMER,film-forming
BUTENE/PROPYLENE COPOLYMER,viscosity-controlling
RUBUS STRIGOSUS SEED,skin-conditioning
DIMYRISTYL TARTRATE,emollient
DIMYRISTYL TARTRATE,skin-conditioning
PPG-5 LANOLIN WAX,emollient
PPG-5 LANOLIN WAX,skin-conditioning
CRYPTOMERIA JAPONICA BUD EXTRACT,skin-conditioning
CRYPTOMERIA JAPONICA BUD EXTRACT,skin-protecting
ETHYLENE/MAGNESIUM ACRYLATE COPOLYMER,film-forming
CENTELLA ASIATICA/CHAMOMILLA RECUTITA (MATRICARIA) FLOWER/(CAMELLIA SINENSIS/ROSMARINUS OFFICINALIS /ZEA MAYS LEAF)/(GLYCYRRHIZA GLABRA/POLYGONUM CUSPIDATUM/SCUTELLARIA BAICALENSIS ROOT) EXTRACT,skin-protecting
SORBETH-2 HEXAOLEATE,emollient
SORBETH-2 HEXAOLEATE,skin-conditioning
SULFATED CASTOR OIL,cleansing
SULFATED CASTOR OIL,emulsifying
SULFATED CASTOR OIL,humectant
SULFATED CASTOR OIL,surfactant
RHEUM PALMATUM ROOT/STALK EXTRACT,astringent
RHEUM PALMATUM ROOT/STALK EXTRACT,skin-conditioning
RHEUM PALMATUM ROOT/STALK EXTRACT,tonic
EURYA JAPONICA EXTRACT,skin-conditioning
PICEA GLAUCA BARK EXTRACT,skin-conditioning
LAURYL ALCOHOL,emollient
LAURYL ALCOHOL,emulsifying
LAURYL ALCOHOL,emulsion-stabilising
LAURYL ALCOHOL,viscosity-controlling
LEUCONOSTOC/GRAPE JUICE FERMENT FILTRATE,humectant
OCTOCRYLENE,uv-absorber
OCTOCRYLENE,uv-filter
PSEUDOALTEROMONAS FERMENT LYSATE EXTRACT FILTRATE,skin-conditioning
SD ALCOHOL 39-D,astringent
SD ALCOHOL 39-D,solvent
SD ALCOHOL 39-D,viscosity-controlling
BRYONOLIC ACID,emollient
LACTARIUS HATSUDAKE FRUITING BODY EXTRACT,emollient
LACTARIUS HATSUDAKE FRUITING BODY EXTRACT,skin-conditioning
LACTARIUS HATSUDAKE FRUITING BODY EXTRACT,skin-protecting
DODECANEDIOIC ACID,skin-conditioning
NICOTIANA BENTHAMIANA SH-POLIPEDTIDE-45,skin-conditioning
HEXANOYL DIPEPTIDE-3 NORLEUCINE ACETATE,skin-conditioning
PPG-70 GLYCERYL ETHER,emollient
PPG-70 GLYCERYL ETHER,solvent
PPG-15 STEARATE,emollient
PROPYLENE GLYCOL/SEBACIC ACID/TRIMELLITIC ANHYDRIDE COPOLYMER,film-forming
PEG/PPG-12/16 DIMETHICONE,antifoaming
PEG/PPG-12/16 DIMETHICONE,emulsifying
PEG/PPG-12/16 DIMETHICONE,skin-conditioning
ISODECYL OLEATE,emollient
ISODECYL OLEATE,skin-conditioning
ISOBUTYLENE/ISOPRENE COPOLYMER,viscosity-controlling
LACTOBACILLUS/CITRUS AURANTIUM DULCIS PEEL EXTRACT FERMENT FILTRATE,skin-conditioning
PAEONIA LACTIFLORA FLOWER WATER,antioxidant
PAEONIA LACTIFLORA FLOWER WATER,skin-protecting
FRAGARIA ANANASSA CALLUS POWDER,skin-conditioning
ARTEMISININ,antimicrobial
ARTEMISININ,skin-conditioning
SACCHAROMYCES/OPAL/MOTHER OF PEARL/TURQUOISE/DIAMOND FERMENT LYSATE FILTRATE,viscosity-controlling
GUANIDINOPENTYL PHENYLISOXAZOLECARBOXAMIDE,skin-conditioning
CYSTOSEIRA AMENTACEA/CAESPITOSA BRANCHYCARPA EXTRACT,skin-conditioning
GERANYLGERANIOL,antimicrobial
GERANYLGERANIOL,antioxidant
GERANYLGERANIOL,humectant
GASTRODIN,skin-conditioning
AMARANTHUS HYPOCHONDRIACUS SEED EXTRACT,antioxidant
AMARANTHUS HYPOCHONDRIACUS SEED EXTRACT,emollient
AMARANTHUS HYPOCHONDRIACUS SEED EXTRACT,humectant
AMARANTHUS HYPOCHONDRIACUS SEED EXTRACT,skin-conditioning
AMARANTHUS HYPOCHONDRIACUS SEED EXTRACT,skin-protecting
OZONIZED CASTOR OIL,skin-conditioning
KADSURA JAPONICA BRANCH/FRUIT/LEAF EXTRACT,skin-conditioning
TRICYCLODECANEMETHYL ISONONANOATE,emollient
TRICYCLODECANEMETHYL ISONONANOATE,skin-conditioning
PENTAPEPTIDE-45,skin-protecting
SACCHAROMYCES/MELON FRUIT/SUCROSE FERMENT FILTRATE,humectant
PIKEA ROBUSTA EXTRACT,antioxidant
PIKEA ROBUSTA EXTRACT,skin-conditioning
PIKEA ROBUSTA EXTRACT,skin-protecting
TRAPA NATANS PEEL EXTRACT,skin-conditioning
PPG-23-STEARETH-34,emollient
PPG-23-STEARETH-34,emulsifying
POLY(METHOXY PEG-9 METHACRYLATE),film-forming
POLY(METHOXY PEG-9 METHACRYLATE),humectant
POLY(METHOXY PEG-9 METHACRYLATE),skin-conditioning
RUBIA CORDIFOLIA ROOT POWDER,skin-conditioning
DIDECYL ETHER,skin-conditioning
BERCHEMIA LINEATA LEAF EXTRACT,skin-conditioning
CARTHAMUS TINCTORIUS FLOWER POWDER,skin-conditioning
WILD BOAR PLATELET EXTRACT,skin-conditioning
KJELLMANIELLA GYRATA EXTRACT,skin-conditioning
ROSA HYBRID FLOWER,skin-conditioning
FAGOPYRUM TATARICUM SEED EXTRACT,skin-conditioning
HALIDRYS SILIQUOSA EXTRACT,skin-conditioning
TEA-ROSINATE,cleansing
TEA-ROSINATE,surfactant
TEA-ROSINATE,viscosity-controlling
MACHILUS JAPONICA EXTRACT,skin-conditioning
PRUNUS SUBHIRTELLA ASCENDENS LEAF EXTRACT,skin-conditioning
POLYPENTAERYTHRITYL TEREPHTHALATE,film-forming
VITIS VINIFERA,masking
VITIS VINIFERA,skin-protecting
PELVETIA SILIQUOSA EXTRACT,antioxidant
PELVETIA SILIQUOSA EXTRACT,humectant
PELVETIA SILIQUOSA EXTRACT,skin-protecting
PEG/PPG-23/6 DIMETHICONE,emulsion-stabilising
PEG/PPG-23/6 DIMETHICONE,surfactant
ALPINIA INTERMEDIA LEAF/STEM POWDER,humectant
ALPINIA INTERMEDIA LEAF/STEM POWDER,skin-conditioning
MONASCUS/RICE FERMENT FILTRATE,skin-conditioning
CENTELLA ASIATICA/CHAMOMILLA RECUTITA FLOWER/LEAF)/EXTRACT,skin-protecting
UBIQUINOL,antioxidant
UBIQUINOL,humectant
UBIQUINOL,skin-conditioning
UBIQUINOL,skin-protecting
COMMIPHORA GILEADENSIS FLOWER EXTRACT,skin-conditioning
LITHOSPERMUM ROOT EXTRACT SERUM ALBUMIN SUCCINATE,skin-conditioning
PYRUS MALUS FIBER,abrasive
PYRUS MALUS FIBER,binding
PYRUS MALUS FIBER,emulsion-stabilising
PYRUS MALUS FIBER,viscosity-controlling
SACCHARINA ANGUSTATA/UNDARIA PINNATIFIDA EXTRACT,emollient
SACCHARINA ANGUSTATA/UNDARIA PINNATIFIDA EXTRACT,skin-conditioning
TITHONIA DIVERSIFOLIA FLOWER/LEAF/STEM EXTRACT,skin-conditioning
POLYVINYL ISOBUTYL ETHER,film-forming
ACETYL TETRAPEPTIDE-11,skin-conditioning
TOCOPHERYL DIMETHYLGLYCINATE,antioxidant
TOCOPHERYL DIMETHYLGLYCINATE,skin-conditioning
OCIMUM BASILICUM MERISTEM CELL CULTURE EXTRACT,skin-conditioning
C18-30 ACID GLYCOL ESTER,emollient
C18-30 ACID GLYCOL ESTER,skin-conditioning
GLYCOL DIBEHENATE,emollient
GLYCOL DIBEHENATE,opacifying
GLYCOL DIBEHENATE,skin-conditioning
GLYCOL DIBEHENATE,viscosity-controlling
AMINOPROPYL KOJYL PHOSPHATE,skin-conditioning
ROSA MULTIFLORA FRUIT,moisturising
PROPYLENE GLYCOL ISOCETETH-3 ACETATE,skin-conditioning
MALVA ROTUNDIFOLIA FLOWER EXTRACT,skin-conditioning
POLYGLYCERYL-10 HEXAISOSTEARATE,emollient
POLYGLYCERYL-10 HEXAISOSTEARATE,emulsifying
RH-OLIGOPEPTIDE-17,skin-conditioning
SH-POLYPEPTIDE-38,skin-conditioning
TETRAPEPTIDE-56 DIMER,skin-conditioning
HYDROLYZED SOYBEAN SEED,skin-conditioning
SODIUM PYRUVATE,skin-conditioning
CITRUS AURANTIFOLIA SEED OIL,flavouring
CITRUS AURANTIFOLIA SEED OIL,masking
CITRUS AURANTIFOLIA SEED OIL,skin-conditioning
STEARAMIDE MEA-STEARATE,antistatic
STEARAMIDE MEA-STEARATE,foam-boosting
STEARAMIDE MEA-STEARATE,opacifying
STEARAMIDE MEA-STEARATE,viscosity-controlling
GLYCERETH-7 TRIMETHYL ETHER,skin-conditioning
ALMOND OIL PEG-8 ESTERS,emollient
ALMOND OIL PEG-8 ESTERS,emulsifying
SPHINGOBACTERIUM FERMENT EXTRACT,emollient
SPHINGOBACTERIUM FERMENT EXTRACT,skin-conditioning
PHYSCOMITRELLA PATENS PROTONEMA EXTRACT,skin-conditioning
LACTOBACILLUS/CENTELLA ASIATICA EXTRACT FERMENT FILTRATE,skin-conditioning
CETYL MYRISTATE,emollient
CETYL MYRISTATE,skin-conditioning
LACTOBACILLUS/GANODERMA LUCIDUM FRUITING BODY/(LYCIUM CHINENSE FRUIT/LEAF)/(EUCOMMIA ULMOIDES/SASA VEITCHII LEAF)/(HOUTTUYNIA CORDATA LEAF/STEM)/(ELEUTHEROCOCCUS SENTICOSUS/PLATYCODON GRANDIFLORUS ROOT) EXTRACT/HONEY FILTRATE FERMENT,humectant
LACTOBACILLUS/GANODERMA LUCIDUM FRUITING BODY/(LYCIUM CHINENSE FRUIT/LEAF)/(EUCOMMIA ULMOIDES/SASA VEITCHII LEAF)/(HOUTTUYNIA CORDATA LEAF/STEM)/(ELEUTHEROCOCCUS SENTICOSUS/PLATYCODON GRANDIFLORUS ROOT) EXTRACT/HONEY FILTRATE FERMENT,skin-conditioning
HYDROLYZED ANTLER VELVET EXTRACT,emollient
HYDROLYZED ANTLER VELVET EXTRACT,humectant
HYDROLYZED ANTLER VELVET EXTRACT,skin-conditioning
ACANTHOPANAX KOREANUM FRUIT EXTRACT,skin-conditioning
CENTELLA ASIATICA LEAF CELL EXTRACT,antioxidant
CENTELLA ASIATICA LEAF CELL EXTRACT,skin-protecting
GALLIUM MALTOLATE,skin-conditioning
ALPINIA ZERUMBET LEAF/STEM WATER,emollient
ALPINIA ZERUMBET LEAF/STEM WATER,skin-conditioning
DIPENTAERYTHRITYL TETRAHYDROXYSTEARATE/TETRAISOSTEARATE,skin-conditioning
DIPENTAERYTHRITYL TETRAHYDROXYSTEARATE/TETRAISOSTEARATE,viscosity-controlling
OCTYLDODECYL SHEA BUTTERATE,emollient
OCTYLDODECYL SHEA BUTTERATE,skin-conditioning
PARAFFINUM LIQUIDUM,antistatic
PARAFFINUM LIQUIDUM,emollient
PARAFFINUM LIQUIDUM,skin-protecting
PARAFFINUM LIQUIDUM,solvent
CARYA OVATA BARK EXTRACT,skin-conditioning
SACCHAROMYCES/PUERARIA LOBATA SYMBIOSOME EXTRACT FERMENT,antioxidant
SACCHAROMYCES/PUERARIA LOBATA SYMBIOSOME EXTRACT FERMENT,skin-conditioning
PUERARIA LOBATA ROOT POWDER,skin-conditioning
PEUCEDANUM JAPONICUM ROOT EXTRACT,skin-conditioning
SUNFLOWERAMIDE MEA,cleansing
SUNFLOWERAMIDE MEA,foam-boosting
SUNFLOWERAMIDE MEA,viscosity-controlling
GANODERMA AMBOINENSE (MUSHROOM)/APPLE FERMENT EXTRACT FILTRATE,skin-conditioning
SCHKUHRIA PINNATA EXTRACT,antioxidant
SCHKUHRIA PINNATA EXTRACT,skin-conditioning
SCHKUHRIA PINNATA EXTRACT,skin-protecting
SAURURUS CHINENSIS LEAF/STEM EXTRACT,skin-conditioning
ISOSTEARYL GLYCOLATE,binding
ISOSTEARYL GLYCOLATE,emollient
ISOSTEARYL GLYCOLATE,solvent
LACTOBACILLUS/SACCHAROMYCES/RHODOBACTER/SUCROSE/RICE EXTRACT/LEMON FRUIT FERMENT FILTRATE,skin-conditioning
PICEA MARIANA BARK EXTRACT,antioxidant
PICEA MARIANA BARK EXTRACT,skin-conditioning
ANIBA ROSODORA WOOD OIL,astringent
ANIBA ROSODORA WOOD OIL,masking
ANIBA ROSODORA WOOD OIL,skin-conditioning
MAGNESIUM ASPARTATE,skin-conditioning
CALCIUM ACETATE,masking
CALCIUM ACETATE,viscosity-controlling
PENTAERYTHRITYL TRIACRYLATE,binding
PENTAERYTHRITYL TRIACRYLATE,film-forming
OLIGOPEPTIDE-106,skin-conditioning
PPG-9-STEARETH-3,emollient
PPG-9-STEARETH-3,skin-conditioning
LYCORIS CHEJUENSIS EXTRACT,skin-conditioning
PANAX GINSENG ROOT OIL,skin-conditioning
SALVIA OFFICINALIS FLOWER/LEAF/STEM EXTRACT,masking
SALVIA OFFICINALIS FLOWER/LEAF/STEM EXTRACT,skin-conditioning
HYPOCHOERIS RADICATA EXTRACT,skin-conditioning
ACETOBACTER/BACILLUS/LACTOBACILLUS/SACCHAROMYCES/RICE/BARLEY/SOYBEAN/CABBAGE/LETTUCE/SPINACH/GRAPE/APPLE/BLUEBERRY/STRAWBERRY/RASPBERRY/CRANBERRY/THYME/ROSEMARY/ALLIUM TUBEROSUM/CITRUS UNSHIU/VACCINIUM MYRTILLUS/ROSA CANINA/CYMBOPOGON SCHOENANTHUS/ERIOCEPHALUS PUNCTULATUS/SEED/FRUIT FERMENT FILTRATE,skin-conditioning
COPPER AMINOACETYLAMINO IMIDAZOLYL PROPANOATE,skin-conditioning
LACTOBACILLUS/PERSIMMON FRUIT JUICE EXTRACT,skin-conditioning
ERIGERON CANADENSIS FLOWER EXTRACT,antioxidant
ERIGERON CANADENSIS FLOWER EXTRACT,astringent
ERIGERON CANADENSIS FLOWER EXTRACT,emollient
PHYTOGLOBIN,skin-conditioning
CORNAMIDE/COCAMIDE DEA,foam-boosting
CORNAMIDE/COCAMIDE DEA,surfactant
CORNAMIDE/COCAMIDE DEA,viscosity-controlling
BACILLUS/COIX LACRYMA-JOBI MA-YUEN SEED/SOYBEAN FERMENT FILTRATE,antioxidant
BACILLUS/COIX LACRYMA-JOBI MA-YUEN SEED/SOYBEAN FERMENT FILTRATE,emollient
BACILLUS/COIX LACRYMA-JOBI MA-YUEN SEED/SOYBEAN FERMENT FILTRATE,skin-conditioning
CITRUS JUNOS FRUIT EXTRACT,skin-conditioning
ARCTIUM MINUS ROOT EXTRACT,skin-conditioning
GALACTURONIC ACID,buffering
GALACTURONIC ACID,chelating
GALACTURONIC ACID,humectant
ACRYLATES/BEHENYL ACRYLATE/DIMETHICONE METHACRYLATE COPOLYMER,skin-conditioning
CHOLESTERYL/BEHENYL/OCTYLDODECYL LAUROYL GLUTAMATE,skin-conditioning
CHOLESTERYL/BEHENYL/OCTYLDODECYL LAUROYL GLUTAMATE,skin-protecting
PIPERONYL BUTOXIDE,skin-protecting
ARALIA RACEMOSA EXTRACT,skin-conditioning
GLYCIDYL C8-11 ACIDATE/GLYCERIN/PHTHALIC ANHYDRIDE COPOLYMER,film-forming
CITRUS MADURENSIS FRUIT JUICE,skin-conditioning
BOESENBERGIA PANDURATA ROOT OIL,masking
BOESENBERGIA PANDURATA ROOT OIL,oral-care
BOESENBERGIA PANDURATA ROOT OIL,skin-conditioning
PRUNUS MUME BRANCH/BUD/LEAF/TWIG WATER,humectant
CITRUS LIMON LEAF CELL EXTRACT,skin-conditioning
HOTTONIA PALUSTRIS FLOWER EXTRACT,skin-conditioning
OXALIS HEDYSAROIDES OIL,emollient
TETRADECYLOCTADECYL HEXYLDECANOATE,emollient
LACTOBACILLUS/HYDROLYZED COLLAGEN FERMENT FILTRATE EXTRACT,humectant
LACTOBACILLUS/HYDROLYZED COLLAGEN FERMENT FILTRATE EXTRACT,skin-conditioning
LACTOBACILLUS/HYDROLYZED COLLAGEN FERMENT FILTRATE EXTRACT,solvent
LOTUS JAPONICUS SYMBIOSOME EXTRACT,antioxidant
LOTUS JAPONICUS SYMBIOSOME EXTRACT,skin-conditioning
CYDONIA OBLONGA FRUIT WATER,skin-conditioning
COPPER GLUCONATE,skin-conditioning
COPPER GLUCONATE,skin-protecting
BAPTISIA TINCTORIA ROOT EXTRACT,skin-conditioning
APRICOT KERNEL OIL PEG-6 ESTERS,emollient
APRICOT KERNEL OIL PEG-6 ESTERS,emulsifying
APRICOT KERNEL OIL PEG-6 ESTERS,skin-conditioning
APRICOT KERNEL OIL PEG-6 ESTERS,surfactant
AMINOPROPYL TOCOPHERYL PHOSPHATE,antioxidant
AMINOPROPYL TOCOPHERYL PHOSPHATE,emollient
AMINOPROPYL TOCOPHERYL PHOSPHATE,skin-conditioning
LACTOBACILLUS FERMENT LYSATE,skin-conditioning
CURCUMA PIERREANA ROOT EXTRACT,antioxidant
CURCUMA PIERREANA ROOT EXTRACT,emollient
CURCUMA PIERREANA ROOT EXTRACT,skin-conditioning
METHOXYPOLYOXYMETHYLENE MELAMINE,binding
METHOXYPOLYOXYMETHYLENE MELAMINE,film-forming
NELUMBO NUCIFERA FLOWER POWDER,skin-conditioning
ISOSORBIDE DICAPRYLATE,skin-conditioning
BORAGO OFFICINALIS/LAVANDULA ANGUSTIFOLIA/HYACINTHUS ORIENTALIS/SALVIA SCLAREA/(CENTAUREA CYANUS/CHAMOMILLA RECUTITA) FLOWER/CHAMOMILLA RECUTITA LEAF WATER,antioxidant
BORAGO OFFICINALIS/LAVANDULA ANGUSTIFOLIA/HYACINTHUS ORIENTALIS/SALVIA SCLAREA/(CENTAUREA CYANUS/CHAMOMILLA RECUTITA) FLOWER/CHAMOMILLA RECUTITA LEAF WATER,antiseborrhoeic
BORAGO OFFICINALIS/LAVANDULA ANGUSTIFOLIA/HYACINTHUS ORIENTALIS/SALVIA SCLAREA/(CENTAUREA CYANUS/CHAMOMILLA RECUTITA) FLOWER/CHAMOMILLA RECUTITA LEAF WATER,skin-conditioning
BORAGO OFFICINALIS/LAVANDULA ANGUSTIFOLIA/HYACINTHUS ORIENTALIS/SALVIA SCLAREA/(CENTAUREA CYANUS/CHAMOMILLA RECUTITA) FLOWER/CHAMOMILLA RECUTITA LEAF WATER,skin-protecting
DIPEPTIDE-8 HCL,skin-conditioning
PENTADIPLANDRA BRAZZEANA ROOT EXTRACT,skin-conditioning
POLYVINYL LAURATE,binding
POLYVINYL LAURATE,film-forming
POLYVINYL LAURATE,viscosity-controlling
HYDROGENATED PALM GLYCERIDE,emollient
HYDROGENATED PALM GLYCERIDE,emulsifying
HYDROGENATED PALM GLYCERIDE,skin-conditioning
HYDROGENATED PALM GLYCERIDE,stabilising
HYDROGENATED PALM GLYCERIDE,surfactant
METHIONYL TRIPEPTIDE-46 HEXAPEPTIDE-40 DECAPEPTIDE-27 METHIONYL SH-POLYPEPTIDE-2,skin-conditioning
HYDROXYPROPYL STREPTOCOCCUS ZOOEPIDEMICUS FERMENT FILTRATE,skin-conditioning
OCTADECENE/MA COPOLYMER OCTADODECYL/BETA-SITOSTERYL ESTERS,film-forming
METHYL GLUCOSE CAPRATE/CAPRYLATE/OLEATE,emollient
METHYL GLUCOSE CAPRATE/CAPRYLATE/OLEATE,skin-conditioning
METHYL GLUCOSE CAPRATE/CAPRYLATE/OLEATE,viscosity-controlling
TRIDECYL BEHENATE,emollient
TRIDECYL BEHENATE,skin-conditioning
VIOLA PRIONANTHA POWDER,abrasive
VIOLA PRIONANTHA POWDER,masking
VIOLA PRIONANTHA POWDER,skin-protecting
BENZOGUANAMINE/FORMALDEHYDE/MELAMINE CROSSPOLYMER,film-forming
SACCHAROMYCES/CORNUS OFFICINALIS FRUIT/CNIDIUM OFFICINALE ROOT/REHMANNIA GLUTINOSA ROOT FERMENT EXTRACT FILTRATE,antioxidant
SACCHAROMYCES/CORNUS OFFICINALIS FRUIT/CNIDIUM OFFICINALE ROOT/REHMANNIA GLUTINOSA ROOT FERMENT EXTRACT FILTRATE,emollient
SACCHAROMYCES/CORNUS OFFICINALIS FRUIT/CNIDIUM OFFICINALE ROOT/REHMANNIA GLUTINOSA ROOT FERMENT EXTRACT FILTRATE,skin-conditioning
SACCHAROMYCES/CORNUS OFFICINALIS FRUIT/CNIDIUM OFFICINALE ROOT/REHMANNIA GLUTINOSA ROOT FERMENT EXTRACT FILTRATE,skin-protecting
GLAUCIUM FLAVUM LEAF EXTRACT,skin-conditioning
KAZACHSTANIA/KLUYVEROMYCES/LACTOBACILLUS/NONFAT MILK FERMENT POWDER,skin-conditioning
CHRYSANTHEMUM BURBANKII FLOWER EXTRACT,skin-protecting
BUTYLENE GLYCOL LAURATE,emollient
BUTYLENE GLYCOL LAURATE,emulsifying
BUTYLENE GLYCOL LAURATE,skin-conditioning
BUTYLENE GLYCOL LAURATE,surfactant
DAUCUS CAROTA SATIVA CALLUS CULTURE EXTRACT,skin-conditioning
XANTHOHUMOL,skin-conditioning
LATHYRUS ODORATUS SEED EXTRACT,skin-protecting
AMP-C8-18 PERFLUOROALKYLETHYL PHOSPHATE,emulsion-stabilising
AMP-C8-18 PERFLUOROALKYLETHYL PHOSPHATE,solvent
AMP-C8-18 PERFLUOROALKYLETHYL PHOSPHATE,surfactant
POLYGLYCERYL-10 DODECA-CAPRYLATE/CAPRATE,skin-conditioning
MYRISTYL STEARATE,emollient
MYRISTYL STEARATE,skin-conditioning
TRITICUM VULGARE SPROUT EXTRACT,skin-conditioning
TRITICUM VULGARE SPROUT EXTRACT,skin-protecting
ISOOCTYL LACTOYL TALLATE,emollient
ISOOCTYL LACTOYL TALLATE,plasticiser
ISOOCTYL LACTOYL TALLATE,skin-conditioning
ISOOCTYL LACTOYL TALLATE,solvent
CETYL HEXACOSYL DIMETHICONE,emollient
SR-JELLYFISH POLYPEPTIDE-1,skin-protecting
ULMUS FULVA BARK,moisturising
RUTTNERA LAMELLOSA OIL,skin-conditioning
GRIFOLA FRONDOSA ROOT/CARTHAMUS TINCTORIUS FLOWER/ RICE SEED/CITRUS UNSHIU PEEL FERMENT FILTRATE EXTRACT,emollient
GRIFOLA FRONDOSA ROOT/CARTHAMUS TINCTORIUS FLOWER/ RICE SEED/CITRUS UNSHIU PEEL FERMENT FILTRATE EXTRACT,skin-conditioning
FRAGARIA CHILOENSIS SEED OIL,emollient
FRAGARIA CHILOENSIS SEED OIL,skin-conditioning
SESAMUM INDICUM SEED POWDER,skin-conditioning
GLYCERYL ISOSTEARATE,emollient
GLYCERYL ISOSTEARATE,emulsifying
HYDROLYZED ELAEOCARPUS SYLVESTRIS LEAF EXTRACT,skin-conditioning
ACRYLATES/STEARETH-20 METHACRYLATE COPOLYMER,viscosity-controlling
TETRACARBOXYMETHYL DIHYDROXYBENZOYL DIPEPTIDE-12,skin-conditioning
HAMAMELIS VIRGINIANA BARK/LEAF EXTRACT,astringent
HAMAMELIS VIRGINIANA BARK/LEAF EXTRACT,skin-conditioning
HEXAPEPTIDE-10,humectant
DIPALMITOYL GLYCEROPHOSPHOCHOLINE,skin-conditioning
PAECILOMYCES JAPONICA/TRICHOSANTHES KIRILOWII ROOT FERMENT EXTRACT FILTRATE,emollient
PAECILOMYCES JAPONICA/TRICHOSANTHES KIRILOWII ROOT FERMENT EXTRACT FILTRATE,humectant
PAECILOMYCES JAPONICA/TRICHOSANTHES KIRILOWII ROOT FERMENT EXTRACT FILTRATE,skin-conditioning
CETYL 3-GLYCERYL ASCORBATE,antioxidant
CETYL 3-GLYCERYL ASCORBATE,humectant
ATRACTYLODES LANCEA ROOT EXTRACT,skin-conditioning
IRIS FLORENTINA FLOWER CERA,skin-conditioning
MAYTENUS SENEGALENSIS LEAF EXTRACT,skin-conditioning
ARNICA CHAMISSONIS FLOWER EXTRACT,masking
ARNICA CHAMISSONIS FLOWER EXTRACT,skin-conditioning
GLYCERYL DIRICINOLEATE,emollient
ARGANIA SPINOSA KERNEL OIL,emollient
ARGANIA SPINOSA KERNEL OIL,skin-conditioning
GLYCERYL STEARATE/ACETATE,emollient
GLYCERYL STEARATE/ACETATE,skin-conditioning
GLYCERYL DIPALMITATE,emollient
GLYCERYL DIPALMITATE,emulsifying
RUMEX OCCIDENTALIS EXTRACT,skin-conditioning
RUMEX OCCIDENTALIS EXTRACT,soothing
OLIGOPEPTIDE-127 RH-OLIGOPEPTIDE-1,emollient
OLIGOPEPTIDE-127 RH-OLIGOPEPTIDE-1,skin-conditioning
HELIANTHUS ANNUUS SEED OIL UNSAPONIFIABLES,emollient
MORINDA CITRIFOLIA LEAF CELL CULTURE EXTRACT,skin-conditioning
RIBES GROSSULARIA FRUIT JUICE,skin-conditioning
LACTOBACILLUS/LYCIUM CHINENSE FRUIT EXTRACT FERMENT FILTRATE,antioxidant
LACTOBACILLUS/LYCIUM CHINENSE FRUIT EXTRACT FERMENT FILTRATE,skin-conditioning
AUREOBASIDIUM PULLULANS FERMENT,skin-conditioning
MACADAMIAMIDOPROPYL BETAINE,surfactant
MACADAMIAMIDOPROPYL BETAINE,viscosity-controlling
SACCHAROMYCES/POTASSIUM FERMENT LYSATE FILTRATE,skin-conditioning
ZINC ASCORBATE,antioxidant
ZINC ASCORBATE,oral-care
ZINC ASCORBATE,skin-protecting
HYDROGENATED VEGETABLE GLYCERIDES PHOSPHATE,emollient
HYDROGENATED VEGETABLE GLYCERIDES PHOSPHATE,emulsifying
HYDROGENATED VEGETABLE GLYCERIDES PHOSPHATE,stabilising
HYDROGENATED VEGETABLE GLYCERIDES PHOSPHATE,surfactant
MAGNESIUM COCOATE,anticaking
MAGNESIUM COCOATE,emulsifying
MAGNESIUM COCOATE,surfactant
MAGNESIUM COCOATE,viscosity-controlling
HYDROLYZED CERATONIA SILIQUA SEED EXTRACT,skin-conditioning
PROPYLENE GLYCOL DIPELARGONATE,emollient
PROPYLENE GLYCOL DIPELARGONATE,viscosity-controlling
SH-POLYPEPTIDE-107,skin-conditioning
AMMONIUM ALGINATE,binding
AMMONIUM ALGINATE,emulsion-stabilising
AMMONIUM ALGINATE,film-forming
AMMONIUM ALGINATE,viscosity-controlling
LACTOBACILLUS/SACCHAROMYCES/MOLASSES/CALCIUM CARBONATE/YEAST EXTRACT FERMENT FILTRATE,humectant
CITRUS LIMON FLOWER/LEAF/STEM EXTRACT,masking
CITRUS LIMON FLOWER/LEAF/STEM EXTRACT,skin-conditioning
CITRUS LIMON FLOWER/LEAF/STEM EXTRACT,tonic
HYDROGENATED GLYCERYL DEHYDROABIETATE/TETRAHYDROABIETATE,skin-protecting
VITIS VINIFERA/LABRUSCA FRUIT EXTRACT,emollient
VITIS VINIFERA/LABRUSCA FRUIT EXTRACT,skin-conditioning
DIGLYCERYL ADIPATE/CAPRATE/CAPRYLATE/HYDROXYSTEARATE/ISOSTEARATE/STEARATE,emollient
DIGLYCERYL ADIPATE/CAPRATE/CAPRYLATE/HYDROXYSTEARATE/ISOSTEARATE/STEARATE,skin-conditioning
NONAPEPTIDE-31,skin-conditioning
METHYLSILANOL HYDROXYPROLINE,antistatic
METHYLSILANOL HYDROXYPROLINE,skin-conditioning
PINUS CEMBRA WOOD EXTRACT,skin-conditioning
OLIGOPEPTIDE-61,skin-conditioning
TRIMETHYLPENTANEDIOL/ADIPIC ACID/GLYCERIN CROSSPOLYMER,skin-conditioning
DUNALIELLA BARDAWIL EXTRACT,humectant
DUNALIELLA BARDAWIL EXTRACT,skin-conditioning
ALTHAEA ROSEA ROOT EXTRACT,humectant
ALOESIN,skin-conditioning
POTASSIUM CAPROYL TYROSINE,skin-conditioning
CAPRYLIC/CAPRIC/COCO GLYCERIDES,emollient
CAPRYLIC/CAPRIC/COCO GLYCERIDES,skin-conditioning
ACTINIDIA DELICIOSA FRUIT EXTRACT,skin-conditioning
STEARYL STEAROYL STEARATE,emollient
STEARYL STEAROYL STEARATE,skin-conditioning
STEARYL STEAROYL STEARATE,viscosity-controlling
PEG-135,humectant
PEG-135,solvent
APRICOT KERNEL OIL PEG-40 ESTERS,emollient
APRICOT KERNEL OIL PEG-40 ESTERS,emulsifying
APRICOT KERNEL OIL PEG-40 ESTERS,skin-conditioning
APRICOT KERNEL OIL PEG-40 ESTERS,surfactant
BOTRYCHIUM TERNATUM EXTRACT,antimicrobial
BOTRYCHIUM TERNATUM EXTRACT,antioxidant
BOTRYCHIUM TERNATUM EXTRACT,humectant
BOTRYCHIUM TERNATUM EXTRACT,skin-conditioning
GLYCERYL ETHYLHEXANOATE,emollient
CALCIUM MONTANATE,anticaking
CALCIUM MONTANATE,viscosity-controlling
N-BENZYL-4-METHYL-O-PHENYLENEDIAMINE,skin-conditioning
ECTOIN,skin-conditioning
ARAUCARIA ANGUSTIFOLIA SEEDCOAT EXTRACT,humectant
TETRAPEPTIDE-59 DIMER,skin-conditioning
BORAGO OFFICINALIS ETHYL ESTER,skin-conditioning
STYRENE/VA COPOLYMER,film-forming
STYRENE/VA COPOLYMER,opacifying
PENTAERYTHRITYL TETRACOCOATE,emollient
IRIS FLORENTINA FLOWER EXTRACT,emollient
IRIS FLORENTINA FLOWER EXTRACT,skin-conditioning
PALMITOYL HYDROXYPROPYLCELLULOSE,humectant
PALMITOYL OCTAPEPTIDE-26,skin-conditioning
SH-OLIGOPEPTIDE-9,humectant
SH-OLIGOPEPTIDE-9,skin-conditioning
SH-OLIGOPEPTIDE-9,skin-protecting
SAURURUS CHINENSIS FLOWER/LEAF/STEM EXTRACT,skin-conditioning
XANTHAN GUM CROSSPOLYMER,skin-conditioning
XANTHAN GUM CROSSPOLYMER,skin-protecting
ELASTIN,skin-conditioning
ELASTIN,smoothing
SR-OLIGOPEPTIDE-150 SILKWORM POLYPEPTIDE-2 DIPEPTIDE-19 HEXAPEPTIDE-40,skin-conditioning
C24-28 ALKYLDIMETHYLSILOXY TRIMETHYLSILOXYSILICATE,film-forming
C24-28 ALKYLDIMETHYLSILOXY TRIMETHYLSILOXYSILICATE,skin-protecting
HYDROLYZED COCOA FRUIT,astringent
HYDROLYZED COCOA FRUIT,skin-protecting
MAGNOLIA GRANDIFLORA BARK EXTRACT,antimicrobial
MAGNOLIA GRANDIFLORA BARK EXTRACT,antioxidant
MAGNOLIA GRANDIFLORA BARK EXTRACT,skin-conditioning
UFIPRAZOLE,skin-conditioning
THEOBROMA GRANDIFLORUM SEED BUTTER PEG-8 ESTERS,emollient
THEOBROMA GRANDIFLORUM SEED BUTTER PEG-8 ESTERS,emulsifying
EPIDERMIDIBACTERIUM KERATINI FERMENT FILTRATE,emollient
EPIDERMIDIBACTERIUM KERATINI FERMENT FILTRATE,skin-conditioning
HYDROLYZED RHIZOBIAN GUM,film-forming
CYCLOHEXYL METHACRYLATE,film-forming
SANTALUM ALBUM WOOD POWDER,skin-conditioning
CARICA PAPAYA FRUIT WATER,skin-conditioning
PEG-10 HYDROGENATED LANOLIN,emollient
PEG-10 HYDROGENATED LANOLIN,emulsifying
PASSIFLORA EDULIS SEED OIL/PALM OIL AMINOPROPANEDIOL ESTERS,skin-conditioning
OPUNTIA FICUS-INDICA FLOWER EXTRACT,skin-conditioning
SODIUM GLUCURONATE,humectant
SODIUM GLUCURONATE,skin-conditioning
POLYGLYCERYL-3 SUNFLOWERSEEDATE/CITRATE CROSSPOLYMER,emulsion-stabilising
POLYGLYCERYL-3 SUNFLOWERSEEDATE/CITRATE CROSSPOLYMER,surfactant
MELALEUCA GLOMERATA LEAF/STEM EXTRACT,skin-conditioning
ACACIA DEALBATA FLOWER EXTRACT,skin-conditioning
2-OLEAMIDO-1‚3-OCTADECANEDIOL,skin-conditioning
AMINOPROPYL ASCORBYL PHOSPHATE,antioxidant
AMINOPROPYL ASCORBYL PHOSPHATE,skin-conditioning
COCOS NUCIFERA FRUIT POWDER,skin-conditioning
RHODODENDRON FERRUGINEUM LEAF CELL CULTURE EXTRACT,skin-conditioning
ECLIPTA PROSTRATA LEAF POWDER,skin-conditioning
TILIA EUROPAEA FLOWER EXTRACT,skin-conditioning
AMINOLEVULINIC ACID PHOSPHATE,humectant
KANZOU EKISU,skin-conditioning
NANNOCHLOROPSIS OCULATA POWDER,abrasive
NANNOCHLOROPSIS OCULATA POWDER,skin-conditioning
RHEUM UNDULATUM ROOT/STALK/STEM EXTRACT,astringent
RHEUM UNDULATUM ROOT/STALK/STEM EXTRACT,emollient
RHEUM UNDULATUM ROOT/STALK/STEM EXTRACT,skin-conditioning
RHEUM UNDULATUM ROOT/STALK/STEM EXTRACT,tonic
TERMINALIA SERICEA BARK/ROOT EXTRACT,astringent
TERMINALIA SERICEA BARK/ROOT EXTRACT,skin-conditioning
SACCHAROMYCES/MALT/CORN FERMENT FILTRATE,humectant
LYCIUM CHINENSE CALLUS EXTRACT,skin-protecting
MOMORDICA CHARANTIA STEM SAP,humectant
MOMORDICA CHARANTIA STEM SAP,skin-conditioning
ASPERGILLUS/SACCHAROMYCES/TETRAGENOCOCCUS/RICE FERMENT FILTRATE,humectant
ASPERGILLUS/SACCHAROMYCES/TETRAGENOCOCCUS/RICE FERMENT FILTRATE,skin-conditioning
PYRUS CYDONIA SEED,abrasive
PYRUS CYDONIA SEED,skin-conditioning
PYRUS CYDONIA SEED,viscosity-controlling
PERFLUOROCAPRYLYL TRIETHOXYSILYLETHYL METHICONE,binding
PERFLUOROCAPRYLYL TRIETHOXYSILYLETHYL METHICONE,emollient
DURVILLAEA ANTARCTICA EXTRACT,skin-conditioning
PLATONIA INSIGNIS SEED BUTTER,emollient
PLATONIA INSIGNIS SEED BUTTER,humectant
PLATONIA INSIGNIS SEED BUTTER,skin-conditioning
PLATONIA INSIGNIS SEED BUTTER,skin-protecting
SACCHAROMYCES/COCONUT FLOWER NECTAR FERMENT FILTRATE,humectant
SACCHAROMYCES/COCONUT FLOWER NECTAR FERMENT FILTRATE,skin-conditioning
ARTEMISIA CARUIFOLIA POWDER,abrasive
ARTEMISIA CARUIFOLIA POWDER,humectant
ARTEMISIA CARUIFOLIA POWDER,masking
ARTEMISIA CARUIFOLIA POWDER,skin-conditioning
ARTEMISIA CARUIFOLIA POWDER,skin-protecting
WASABIA JAPONICA FLOWER EXTRACT,humectant
WASABIA JAPONICA FLOWER EXTRACT,skin-protecting
SPERANSKIA TUBERCULATA EXTRACT,antioxidant
SPERANSKIA TUBERCULATA EXTRACT,skin-protecting
CAMELLIA SINENSIS SEED OIL/PALM OIL AMINOPROPANEDIOL ESTERS,skin-conditioning
ACRYLATES/STEARYL ACRYLATE/DIMETHICONE METHACRYLATE COPOLYMER,film-forming
METHYLACETYL METHYLPROPANOYL ETHYLCARBAMATE,skin-conditioning
HYDROLYZED PHYLLOSTACHYS BAMBUSOIDES,humectant
HYDROLYZED PHYLLOSTACHYS BAMBUSOIDES,skin-conditioning
HOUTTUYNIA CORDATA FLOWER/LEAF EXTRACT,antioxidant
HOUTTUYNIA CORDATA FLOWER/LEAF EXTRACT,emollient
HOUTTUYNIA CORDATA FLOWER/LEAF EXTRACT,humectant
HOUTTUYNIA CORDATA FLOWER/LEAF EXTRACT,skin-conditioning
HOUTTUYNIA CORDATA FLOWER/LEAF EXTRACT,skin-protecting
CANNABIS SATIVA FLOWER EXTRACT,emollient
CANNABIS SATIVA FLOWER EXTRACT,skin-conditioning
ETHYLENEDIAMINE/STEARYL DIMER DILINOLEATE COPOLYMER,oral-care
ETHYLENEDIAMINE/STEARYL DIMER DILINOLEATE COPOLYMER,skin-conditioning
DITHIODIETHYL BIS-SALICYLAMIDE,skin-conditioning
ABIES SPECTABILIS BRANCH/LEAF OIL,masking
ABIES SPECTABILIS BRANCH/LEAF OIL,skin-conditioning
CAMELLIA JAPONICA MERISTEM CELL EXTRACT,antioxidant
CAMELLIA JAPONICA MERISTEM CELL EXTRACT,skin-protecting
SACCHAROMYCES/SILVER FERMENT,skin-conditioning
TRIETHYLHEXYL TRIMELLITATE,emollient
TRIETHYLHEXYL TRIMELLITATE,plasticiser
TRIETHYLHEXYL TRIMELLITATE,skin-conditioning
PYRUS SPINOSA FRUIT EXTRACT,skin-conditioning
SESAMUM INDICUM SPROUT EXTRACT,humectant
PALMITOYLOXYCAPROYL PALMITOYLOXYCAPRAMIDE MEA,emollient
PALMITOYLOXYCAPROYL PALMITOYLOXYCAPRAMIDE MEA,emulsifying
PALMITOYLOXYCAPROYL PALMITOYLOXYCAPRAMIDE MEA,skin-conditioning
PALMITOYLOXYCAPROYL PALMITOYLOXYCAPRAMIDE MEA,skin-protecting
PALMITOYLOXYCAPROYL PALMITOYLOXYCAPRAMIDE MEA,surfactant
SH-OLIGOPEPTIDE-70,not-reported
SH-OLIGOPEPTIDE-70,skin-conditioning
BENZYL PCA,humectant
CHOLESTERYL LANOLATE,skin-conditioning
CITRUS AURANTIUM DULCIS CALLUS CULTURE EXTRACT,skin-conditioning
ULKENIA AMOEBOIDEA OIL,emollient
ULKENIA AMOEBOIDEA OIL,skin-conditioning
SALICYLOYL OCTAPEPTIDE-32,skin-conditioning
TRANSGENIC RICE RH-POLYPEPTIDE-45,skin-conditioning
TRANSGENIC RICE RH-POLYPEPTIDE-45,skin-protecting
FUCUS VESICULOSUS POWDER,skin-conditioning
SODALITE POWDER,abrasive
SODALITE POWDER,skin-conditioning
MIMOSA TENUIFLORA LEAF EXTRACT,skin-protecting
MIMOSA TENUIFLORA LEAF EXTRACT,soothing
DIMETHICONE PEG-8 LAURATE,skin-conditioning
ACETYL S-CARROT TETRAPEPTIDE-1 AMIDE,skin-conditioning
POLYGONUM FAGOPYRUM FLOUR,skin-conditioning
MELIBIOSE,humectant
SH-DECAPEPTIDE-1 SH-POLYPEPTIDE-1,skin-conditioning
ACRYLATES/AMMONIUM METHACRYLATE COPOLYMER,antistatic
ACRYLATES/AMMONIUM METHACRYLATE COPOLYMER,film-forming
PANAX GINSENG CALLUS CULTURE EXTRACT,skin-conditioning
STIGMASTERYL SUCCINATE,emollient
STIGMASTERYL SUCCINATE,emulsion-stabilising
CETEARETH-22,emulsifying
CETEARETH-22,surfactant
CETEARETH-22,viscosity-controlling
PIPER RETROFRACTUM FRUIT POWDER,skin-conditioning
SACCHAROMYCES/CITRUS JUNOS PEEL FERMENT FILTRATE,skin-conditioning
OLIGOPEPTIDE-145 DIMER,skin-conditioning
MICHELIA CHAMPACA FLOWER EXTRACT,skin-conditioning
DAEDALEA DICKINSII MYCELIUM FERMENT FILTRATE,antioxidant
DAEDALEA DICKINSII MYCELIUM FERMENT FILTRATE,humectant
C6-14 PERFLUOROALKYLETHYL ACRYLATE/HEMA COPOLYMER,film-forming
C6-14 PERFLUOROALKYLETHYL ACRYLATE/HEMA COPOLYMER,viscosity-controlling
METHYLBUTYLPHENYL DODECYLOXYBENZOATE,skin-conditioning
IPOMOEA BATATAS LEAF/STEM EXTRACT,skin-conditioning
SACCHAROMYCES/TOURMALINE FERMENT,skin-conditioning
LETHARIELLA CLADONIOIDES EXTRACT,skin-conditioning
ASPARAGUS OFFICINALIS STEM EXTRACT,skin-conditioning
ALBIZIA JULIBRISSIN BRANCH/LEAF EXTRACT,skin-conditioning
CALCITE,skin-conditioning
ACETYL METHYL HYDROXYPROLINATYL GLYCYRRHETINATE,skin-conditioning
HEXAPEPTIDE-54 PALMITATE,antioxidant
HEXAPEPTIDE-54 PALMITATE,skin-conditioning
HEXAPEPTIDE-54 PALMITATE,skin-protecting
ABELMOSCHUS MANIHOT ROOT EXTRACT,humectant
ABELMOSCHUS MANIHOT ROOT EXTRACT,skin-conditioning
GOSSYPIUM ARBOREUM LEAF CELL EXTRACT,skin-protecting
AMP-ISOSTEAROYL WHEAT/CORN/SOY AMINO ACIDS,skin-conditioning
METHYL STEARIC ACID,skin-conditioning
INSHORE HAGFISH SKIN MUCUS EXTRACT,emollient
INSHORE HAGFISH SKIN MUCUS EXTRACT,skin-conditioning
BACILLUS/MONASCUS/LAVANDULA ANGUSTIFOLIA SPROUT/RICE BRAN FERMENT FILTRATE,skin-conditioning
BACILLUS/MONASCUS/LAVANDULA ANGUSTIFOLIA SPROUT/RICE BRAN FERMENT FILTRATE,stabilising
CAMELLIA EURYOIDES LEAF EXTRACT,emollient
CAMELLIA EURYOIDES LEAF EXTRACT,humectant
CAMELLIA EURYOIDES LEAF EXTRACT,skin-conditioning
ROSA BRACTEATA EXTRACT,humectant
ROSA BRACTEATA EXTRACT,skin-conditioning
CETEARYL DIMETHICONE,emollient
PALMITOYL TRIPEPTIDE-53 AMIDE,skin-conditioning
DIMETHICONE CROSSPOLYMER-3,skin-conditioning
DECAPEPTIDE-31,antioxidant
DECAPEPTIDE-31,skin-protecting
CALCIUM GLUCOHEPTONATE,skin-conditioning
MALVA MOSCHATA LEAF EXTRACT,skin-conditioning
GIGARTINA SKOTTSBERGII EXTRACT,skin-conditioning
AMPELOPSIS JAPONICA ROOT EXTRACT,skin-conditioning
GLOIOPELTIS TENAX POWDER,skin-conditioning
YOUNGIA SONCHIFOLIA CALLUS CULTURE EXTRACT,antioxidant
YOUNGIA SONCHIFOLIA CALLUS CULTURE EXTRACT,skin-conditioning
YOUNGIA SONCHIFOLIA CALLUS CULTURE EXTRACT,skin-protecting
SUCROSE POLYCOTTONSEEDATE,emollient
SUCROSE POLYCOTTONSEEDATE,emulsifying
SUCROSE POLYCOTTONSEEDATE,skin-conditioning
SUCROSE POLYCOTTONSEEDATE,surfactant
MAYAMAEA PERMITIS EXTRACT,antioxidant
MAYAMAEA PERMITIS EXTRACT,skin-conditioning
MAYAMAEA PERMITIS EXTRACT,skin-protecting
PROPYLENE GLYCOL DIOLEATE,emollient
MAGNESIUM GLUCONATE,skin-conditioning
GARCINIA HUMILIS FRUIT/PEEL/SEED POWDER,skin-conditioning
CETYL OLEATE,emollient
CETYL OLEATE,skin-conditioning
IPOMOEA PES-CAPRAE FLOWER/LEAF/STEM EXTRACT,skin-conditioning
HYDROLYZED CARNAUBA WAX,emulsion-stabilising
HYDROLYZED CARNAUBA WAX,skin-conditioning
ASTRAGALUS GUMMIFER ROOT EXTRACT,emulsion-stabilising
ASTRAGALUS GUMMIFER ROOT EXTRACT,film-forming
ASTRAGALUS GUMMIFER ROOT EXTRACT,viscosity-controlling
BIS-PALMITOYLOXYCAPRAMIDO ISOPROPANOL,emollient
BIS-PALMITOYLOXYCAPRAMIDO ISOPROPANOL,skin-conditioning
BIS-PALMITOYLOXYCAPRAMIDO ISOPROPANOL,skin-protecting
PPG-1 TRIDECETH-6,skin-conditioning
PPG-1 TRIDECETH-6,surfactant
HYDROLYZED PLATYCARYA STROBILACEA FRUIT EXTRACT,skin-conditioning
PPG-20 TOCOPHERETH-50,antioxidant
PPG-20 TOCOPHERETH-50,binding
PPG-20 TOCOPHERETH-50,film-forming
PYRUS PYRIFOLIA FRUIT JUICE,emollient
SACCHAROMYCES/TRITICUM AESTIVUM SEED FERMENT EXTRACT,antioxidant
SACCHAROMYCES/TRITICUM AESTIVUM SEED FERMENT EXTRACT,humectant
SACCHAROMYCES/TRITICUM AESTIVUM SEED FERMENT EXTRACT,skin-protecting
MAURITIA FLEXUOSA SEED OIL POLYGLYCERYL-6 ESTERS,emollient
MAURITIA FLEXUOSA SEED OIL POLYGLYCERYL-6 ESTERS,emulsifying
ALUMINUM BENZOATE,antimicrobial
ALUMINUM BENZOATE,viscosity-controlling
PYRUS COMMUNIS FLOWER EXTRACT,skin-conditioning
POLYGONUM BISTORTA ROOT EXTRACT,skin-conditioning
SCENEDESMUS DESERTICOLA EXTRACT,humectant
SCENEDESMUS DESERTICOLA EXTRACT,skin-conditioning
HYDROLYZED MAGNOLIA OBOVATA BARK EXTRACT,skin-conditioning
DIHEXYLDECYL IPDI,emollient
DIHEXYLDECYL IPDI,film-forming
DIHEXYLDECYL IPDI,skin-conditioning
TRIPALMITIN,skin-conditioning
TRIPALMITIN,viscosity-controlling
PRUNUS YEDOENSIS LEAF WATER,skin-conditioning
CYPERUS ROTUNDUS FRUIT EXTRACT,skin-conditioning
C16-23 ALKANE,emollient
C16-23 ALKANE,skin-conditioning
CUSCUTA JAPONICA SEED EXTRACT,skin-conditioning
1-METHYLHYDANTOIN-2-IMIDE,skin-conditioning
CITRUS LIMON PEEL WATER,skin-conditioning
ERUCIC ACID,skin-conditioning
ACETYL ASPARTIC ACID,skin-conditioning
SALACIA RETICULATA ROOT EXTRACT,skin-conditioning
C8-22 ALKYL ACRYLATE/BUTYL DIMETHICONE METHACRYLATE COPOLYMER,viscosity-controlling
HEPTAPEPTIDE-35,skin-conditioning
ACRYLATES/HYDROXYETHYL ACRYLATE/METHOXYETHYL ACRYLATE COPOLYMER,film-forming
ACTINIDIA ARGUTA JUICE,emollient
ACTINIDIA ARGUTA JUICE,skin-conditioning
QUERCUS PETRAEA BARK/WOOD/LEAF EXTRACT,skin-conditioning
CITRUS SINENSIS FLOWER WATER,humectant
CITRUS SINENSIS FLOWER WATER,skin-conditioning
AVENA SATIVA KERNEL OIL,skin-conditioning
CYCLOHEXYL METHACRYLATE/ETHYLHEXYL METHACRYLATE COPOLYMER,film-forming
GARCINIA MANGOSTANA BARK EXTRACT,skin-conditioning
PRUNUS AMYGDALUS DULCIS OLEOSOMES,emollient
PRUNUS AMYGDALUS DULCIS OLEOSOMES,skin-conditioning
PRUNUS AMYGDALUS DULCIS OLEOSOMES,skin-protecting
ARGANIA SPINOSA FRUIT UNSAPONIFIABLES,emollient
HYDROLYZED SILK GLAND POWDER,humectant
SACCHAROMYCES/MORINGA OLEIFERA SEED OIL/GLYCERIN FERMENT FILTRATE,emollient
SACCHAROMYCES/MORINGA OLEIFERA SEED OIL/GLYCERIN FERMENT FILTRATE,skin-conditioning
PROPYLENE GLYCOL ALGINATE,binding
PROPYLENE GLYCOL ALGINATE,viscosity-controlling
SUNFLOWER SEED OIL POLYGLYCERYL-4 ESTERS,emollient
SUNFLOWER SEED OIL POLYGLYCERYL-4 ESTERS,emulsifying
SUNFLOWER SEED OIL POLYGLYCERYL-4 ESTERS,skin-conditioning
SUNFLOWER SEED OIL POLYGLYCERYL-4 ESTERS,surfactant
DISODIUM GLUCOSE PHOSPHATE,emollient
ZINC PALMITOYL NONAPEPTIDE-14,skin-conditioning
SODIUM TRIMETHYLPENTENE/MA COPOLYMER,viscosity-controlling
RIBES UVA-CRISPA FRUIT EXTRACT,emollient
TRIBULUS TERRESTRIS FRUIT POWDER,abrasive
TRIBULUS TERRESTRIS FRUIT POWDER,masking
TRIBULUS TERRESTRIS FRUIT POWDER,skin-protecting
R-(METHIONYL SH-POLYPEPTIDE-10 DECAPEPTIDE-40),skin-conditioning
SEQUOIA SEMPERVIRENS LEAF CELL EXTRACT,masking
SEQUOIA SEMPERVIRENS LEAF CELL EXTRACT,skin-protecting
CAFFEOYL PENTAPEPTIDE-4,skin-conditioning
COTTONSEED GLYCERIDE,emollient
COTTONSEED GLYCERIDE,emulsifying
COTTONSEED GLYCERIDE,skin-conditioning
COTTONSEED GLYCERIDE,surfactant
CETYL DIGLYCERYL TRIS(TRIMETHYLSILOXY)SILYLETHYL DIMETHICONE,emulsion-stabilising
CETYL DIGLYCERYL TRIS(TRIMETHYLSILOXY)SILYLETHYL DIMETHICONE,surfactant
SCUTELLARIA GALERICULATA ROOT EXTRACT,skin-conditioning
CITRUS RETICULATA PEEL WATER,skin-conditioning
PEG/PPG-6/4 DIMETHICONE,emulsion-stabilising
PEG/PPG-6/4 DIMETHICONE,humectant
DIMETHYL 2‚6-NAPHTHALATE,skin-conditioning
BIS(HEXYLDECYL/OCTYLDODECYL) LAUROYL GLUTAMATE,emollient
PUNICA GRANATUM SEED CELL CULTURE LYSATE,skin-conditioning
GLYCOL DISTEARATE,emollient
GLYCOL DISTEARATE,emulsifying
GLYCOL DISTEARATE,opacifying
GLYCOL DISTEARATE,skin-conditioning
GLYCOL DISTEARATE,viscosity-controlling
LACTOBACILLUS/SILKWORM COCOON EXTRACT FERMENT FILTRATE,humectant
ZINGIBER AROMATICUS EXTRACT,skin-conditioning
SACCHAROMYCES/RICE BRAN FERMENT FILTRATE EXTRACT,skin-conditioning
PYRUS MALUS PULP EXTRACT,skin-conditioning
BOERHAVIA REPENS POWDER,skin-conditioning
PROPYLENE GLYCOL RICINOLEATE,emulsifying
PROPYLENE GLYCOL RICINOLEATE,skin-conditioning
PROPYLENE GLYCOL RICINOLEATE,viscosity-controlling
SYNSEPALUM DULCIFICUM FRUIT EXTRACT,skin-conditioning
BUTYRUM,emollient
PEG-75 CRAMBE ABYSSINICA SEED OIL,emollient
PEG-75 CRAMBE ABYSSINICA SEED OIL,emulsifying
PEG-75 CRAMBE ABYSSINICA SEED OIL,skin-conditioning
SH-POLYPEPTIDE-37,skin-conditioning
PEG-10 GLYCERYL TRIOLEATE,emollient
PEG-10 GLYCERYL TRIOLEATE,emulsifying
DICTYOPTERIS POLYPODIOIDES EXTRACT,emollient
DICTYOPTERIS POLYPODIOIDES EXTRACT,skin-conditioning
LACTOBACILLUS/PRUNUS MUME FRUIT/LEAF/ROOT EXTRACT FERMENT FILTRATE,antistatic
LACTOBACILLUS/PRUNUS MUME FRUIT/LEAF/ROOT EXTRACT FERMENT FILTRATE,skin-conditioning
GERMINATED GLYCINE MAX SEED EXTRACT,antioxidant
GERMINATED GLYCINE MAX SEED EXTRACT,skin-conditioning
GERMINATED GLYCINE MAX SEED EXTRACT,skin-protecting
TRIPEPTIDE-53,skin-conditioning
MYRISTOYL TETRAPEPTIDE-4,skin-conditioning
ETHYL DICARBOETHOXY PANTOTHENATE,skin-conditioning
PALMITOYL DIPEPTIDE-18,viscosity-controlling
VACCINIUM VITIS-IDAEA LEAF PROTOPLASTS,antioxidant
VACCINIUM VITIS-IDAEA LEAF PROTOPLASTS,humectant
VACCINIUM VITIS-IDAEA LEAF PROTOPLASTS,skin-conditioning
POLYGLYCERYL-3 PENTARICINOLEATE,emollient
POLYGLYCERYL-3 PENTARICINOLEATE,emulsifying
SUCROSE POLYSOYATE,emollient
SUCROSE POLYSOYATE,emulsifying
BETA VULGARIS LEAF POWDER,binding
BETA VULGARIS LEAF POWDER,skin-conditioning
POLYMETHYL/PHENYLSILSESQUIOXANE SILICATE,film-forming
1‚4-BUTANEDIOL/SUCCINIC ACID/ADIPIC ACID/HDI COPOLYMER,abrasive
1‚4-BUTANEDIOL/SUCCINIC ACID/ADIPIC ACID/HDI COPOLYMER,binding
1‚4-BUTANEDIOL/SUCCINIC ACID/ADIPIC ACID/HDI COPOLYMER,film-forming
ACETYL DECAPEPTIDE-3,skin-conditioning
TESTICULAR HYDROLYSATE,skin-conditioning
ROSA HYBRID CALLUS CULTURE EXTRACT,humectant
TRIISOSTEARYL TRILINOLEATE,emollient
TRIISOSTEARYL TRILINOLEATE,skin-conditioning
TRIISOSTEARYL TRILINOLEATE,viscosity-controlling
HYDROGENATED LIME SEED OIL,emulsion-stabilising
HYDROGENATED LIME SEED OIL,viscosity-controlling
NONOXYNYL HYDROXYETHYLCELLULOSE,film-forming
PRUNUS LANNESIANA FLOWER EXTRACT,skin-conditioning
HORDEUM VULGARE SPROUT EXTRACT,antioxidant
HORDEUM VULGARE SPROUT EXTRACT,humectant
HORDEUM VULGARE SPROUT EXTRACT,skin-conditioning
GLUCAROLACTONE,skin-conditioning
PERSEA GRATISSIMA FRUIT EXTRACT,emollient
PERSEA GRATISSIMA FRUIT EXTRACT,moisturising
PERSEA GRATISSIMA FRUIT EXTRACT,skin-conditioning
PERSEA GRATISSIMA FRUIT EXTRACT,smoothing
PERSEA GRATISSIMA FRUIT EXTRACT,soothing
HEXAPEPTIDE-63,skin-conditioning
NICOTINOYL TRIPEPTIDE-1,antioxidant
NICOTINOYL TRIPEPTIDE-1,chelating
NICOTINOYL TRIPEPTIDE-1,skin-protecting
HYDROLYZED VACCINIUM MYRTILLUS LEAF EXTRACT,skin-protecting
SACCHAROMYCES/NELUMBO NUCIFERA FERMENT EXTRACT FILTRATE,antioxidant
SACCHAROMYCES/NELUMBO NUCIFERA FERMENT EXTRACT FILTRATE,skin-conditioning
LAURYL METHACRYLATE/METHACRYLOYLOXYPROPYL DIMETHICONE COPOLYMER,film-forming
GUANIDINE CARBONATE,buffering
GUANIDINE CARBONATE,skin-conditioning
ACACIA CATECHU BARK POWDER,skin-conditioning
SAPINDUS MUKOROSSI SEED,skin-conditioning
ETHYL CARBAZIDO HYALURONATE ACETYL HEXAPEPTIDE-8,antioxidant
ETHYL CARBAZIDO HYALURONATE ACETYL HEXAPEPTIDE-8,humectant
GLYCERYL ABIETATE/MALEATE,skin-conditioning
DALBERGIA ODORIFERA ROOT EXTRACT,skin-conditioning
DALBERGIA ODORIFERA ROOT EXTRACT,skin-protecting
CENTOTHECA LAPPACEA EXTRACT,antioxidant
CENTOTHECA LAPPACEA EXTRACT,skin-conditioning
URSODIOL,skin-conditioning
URSODIOL,skin-protecting
C12-14 HYDROXYALKYL HYDROXYDIMERDILINOLEYL ETHER,emollient
C12-14 HYDROXYALKYL HYDROXYDIMERDILINOLEYL ETHER,skin-conditioning
POLY(1‚2-BUTANEDIOL)-55/PEG-90 PENTAERYTHRITYL ETHER,viscosity-controlling
ISOBUTYL PELARGONATE,emollient
ISOBUTYL PELARGONATE,skin-conditioning
DIDECYLDIMONIUM NYLON-6 POLYPHOSPHATE,skin-protecting
GRIFOLA FRONDOSA MYCELIUM FERMENT FILTRATE EXTRACT,antioxidant
GRIFOLA FRONDOSA MYCELIUM FERMENT FILTRATE EXTRACT,humectant
PTYCHOPETALUM OLACOIDES ROOT EXTRACT,skin-conditioning
VITIS LABRUSCA STEM EXTRACT,antioxidant
VITIS LABRUSCA STEM EXTRACT,skin-conditioning
GLYCINE SOJA SEED EXTRACT,skin-conditioning
HUMAN URINE DERIVED INDUCED PLURIPOTENT CELL CULTURE CONDITIONED MEDIA,emollient
HUMAN URINE DERIVED INDUCED PLURIPOTENT CELL CULTURE CONDITIONED MEDIA,humectant
HUMAN URINE DERIVED INDUCED PLURIPOTENT CELL CULTURE CONDITIONED MEDIA,skin-conditioning
CHICKEN NEURAL CELL CONDITIONED MEDIA,skin-conditioning
DIHEPTYLUNDECYL ADIPATE,emollient
DIHEPTYLUNDECYL ADIPATE,skin-conditioning
DIHEPTYLUNDECYL ADIPATE,solvent
TOCOPHERYL ACETATE,antioxidant
TOCOPHERYL ACETATE,skin-conditioning
METHYL ETHYLCELLULOSE,binding
METHYL ETHYLCELLULOSE,film-forming
METHYL ETHYLCELLULOSE,viscosity-controlling
HYPERICUM ERECTUM EXTRACT,skin-conditioning
OPUNTIA PHAEACANTHA FRUIT JUICE,humectant
MAURITIA FLEXUOSA SEED OIL PEG-8 ESTERS,emollient
MAURITIA FLEXUOSA SEED OIL PEG-8 ESTERS,emulsifying
SOLANUM QUITOENSE FRUIT JUICE,skin-conditioning
ALOE ARBORESCENS LEAF POWDER,skin-conditioning
ALUMINUM HYDROGENATED TALLOW GLUTAMATE,skin-conditioning
OLIGOPEPTIDE-126,skin-conditioning
MENTHA ARVENSIS BRANCH/LEAF EXTRACT,humectant
MENTHA ARVENSIS BRANCH/LEAF EXTRACT,skin-conditioning
AVENA SATIVA KERNEL FLOUR,abrasive
AVENA SATIVA KERNEL FLOUR,absorbent
AVENA SATIVA KERNEL FLOUR,bulking
AVENA SATIVA KERNEL FLOUR,viscosity-controlling
METHOXY PEG-10 POLYSILSESQUIOXANE,cleansing
METHOXY PEG-10 POLYSILSESQUIOXANE,humectant
METHOXY PEG-10 POLYSILSESQUIOXANE,skin-conditioning
METHOXY PEG-10 POLYSILSESQUIOXANE,solvent
METHOXY PEG-10 POLYSILSESQUIOXANE,surfactant
SACCHAROMYCES/PANAX GINSENG ROOT/RHODODENDRON CHRYSANTHEMUM LEAF/LYCIUM CHINENSIS FRUIT/ANTLER VELVET FERMENT FILTRATE,skin-conditioning
SILANETRIOL ARGINATE,emollient
SILANETRIOL ARGINATE,skin-conditioning
TRIENTALIS EUROPAEA FLOWER EXTRACT,emollient
TRIENTALIS EUROPAEA FLOWER EXTRACT,skin-conditioning
GLYCOL DIPIVALATE,skin-conditioning
GLYCERYL STEARATE/MALATE,emollient
GLYCERYL STEARATE/MALATE,surfactant
GLYCOL PALMITATE,emulsifying
GLYCOL PALMITATE,opacifying
GLYCOL PALMITATE,skin-conditioning
CRITHMUM MARITIMUM POWDER,skin-conditioning
CALLICARPA JAPONICA FRUIT EXTRACT,skin-conditioning
SODIUM OLEATE,cleansing
SODIUM OLEATE,emulsifying
SODIUM OLEATE,surfactant
SODIUM OLEATE,viscosity-controlling
LANETH-25,cleansing
LANETH-25,emulsifying
LANETH-25,surfactant
LANETH-25,viscosity-controlling
PRIMULA VULGARIS EXTRACT,emollient
PRIMULA VULGARIS EXTRACT,skin-conditioning
PRIMULA VULGARIS EXTRACT,soothing
GLYCERYL DI-HYDROXYSTEARATE,emollient
GLYCERYL DI-HYDROXYSTEARATE,skin-conditioning
CITRUS AURANTIUM BERGAMIA FRUIT EXTRACT,skin-conditioning
STEARALKONIUM BENTONITE,gel-forming
STEARALKONIUM BENTONITE,viscosity-controlling
ETHYLHEXYL STEARATE,emollient
ENDOMYCES/AESCULUS TURBINATA FERMENT FILTRATE,skin-conditioning
POLYGLYCERYL-6 ARGAN KERNELATE,emollient
POLYGLYCERYL-6 ARGAN KERNELATE,emulsifying
CIMICIFUGA SIMPLEX LEAF/STEM EXTRACT,humectant
CIMICIFUGA SIMPLEX LEAF/STEM EXTRACT,skin-conditioning
CAPSICUM ANNUUM FRUIT POWDER,skin-conditioning
TRIMETHYLOLPROPANE TRISTEARATE,emollient
TRIMETHYLOLPROPANE TRISTEARATE,skin-conditioning
TRIMETHYLOLPROPANE TRIISOSTEARATE,emollient
TRIMETHYLOLPROPANE TRIISOSTEARATE,skin-conditioning
ALTEROMONAS FERMENT FILTRATE,humectant
HYDROLYZED RICE LEAF EXTRACT,antioxidant
HYDROLYZED RICE LEAF EXTRACT,skin-conditioning
N-FERULOYL SEROTONIN,skin-protecting
PHYTOSTERYL GLUCOSIDE/GLUCOSYLCERAMIDE,skin-conditioning
PHYTOSTERYL GLUCOSIDE/GLUCOSYLCERAMIDE,skin-protecting
TETRAPEPTIDE-57 DIMER,skin-conditioning
DEUTZIA GRACILIS LEAF/STEM EXTRACT,humectant
DEUTZIA GRACILIS LEAF/STEM EXTRACT,skin-conditioning
SOPHORA MICROPHYLLA BARK/LEAF EXTRACT,skin-conditioning
OLEYL STEARATE,emollient
N-FERULOYL DOPAMINE,skin-conditioning
CAPRYLYL METHICONE,skin-conditioning
TRIOLEIN,skin-conditioning
TRIOLEIN,viscosity-controlling
SOYBEAN OIL PROPYLENE GLYCOL ESTERS,emollient
PALMITOYL TRIPEPTIDE-42,skin-conditioning
COPPER TRIPEPTIDE-34,skin-conditioning
ACANTHOPANAX SENTICOSUS CALLUS CULTURE EXTRACT,skin-conditioning
PALMITOYL HYDROXYPROPYLTRIMONIUM AMYLOPECTIN/GLYCERIN CROSSPOLYMER,skin-conditioning
ACETYL TETRAPEPTIDE-2 ACETATE,skin-conditioning
ACETYLATED SUCROSE DISTEARATE,emollient
ACETYLATED SUCROSE DISTEARATE,skin-conditioning
GOAT BUTTER,skin-conditioning
DITRIMETHYLOLPROPANE MYRISTATE/STEARATE,emollient
DITRIMETHYLOLPROPANE MYRISTATE/STEARATE,skin-conditioning
BORON NITRIDE,absorbent
BORON NITRIDE,opacifying
BORON NITRIDE,skin-conditioning
THYMUS SERPYLLUM LEAF EXTRACT,skin-conditioning
VACCINIUM CORYMBOSUM SEED OIL,antioxidant
VACCINIUM CORYMBOSUM SEED OIL,emollient
KINETIN,skin-conditioning
QUERCETIN,antioxidant
QUERCETIN,skin-conditioning
SAFFLOWER SEED OIL POLYGLYCERYL-6 ESTERS,emollient
SAFFLOWER SEED OIL POLYGLYCERYL-6 ESTERS,emulsifying
SAFFLOWER SEED OIL POLYGLYCERYL-6 ESTERS,surfactant
POLYGLYCERYL-6 ADANSONIA DIGITATA SEEDATE,emollient
POLYGLYCERYL-6 ADANSONIA DIGITATA SEEDATE,emulsifying
LYSYL ORNITHINE,skin-conditioning
GLYCOSPHINGOLIPIDS,emollient
GLYCOSPHINGOLIPIDS,skin-conditioning
MAGNESIUM ASCORBATE,antioxidant
MAGNESIUM ASCORBATE,skin-conditioning
SACCHARUM SPONTANEUM EXTRACT,humectant
SACCHARUM SPONTANEUM EXTRACT,skin-conditioning
SODIUM CARBOXYMETHYL BETAGLUCAN,binding
SODIUM CARBOXYMETHYL BETAGLUCAN,viscosity-controlling
EPIGAEA REPENS LEAF EXTRACT,skin-conditioning
GLYCERYL DIMALTODEXTRIN,humectant
GLYCERYL DIMALTODEXTRIN,skin-conditioning
SACCHAROMYCES/SAUSSUREA INVOLUCRATA FLOWER/ARTEMISIA PRINCEPS LEAF/HOUTTUYNIA CORDATA/LEONURUS SIBIRICUS/SALICORNIA HERBACEA FERMENT EXTRACT FILTRATE,antimicrobial
SACCHAROMYCES/SAUSSUREA INVOLUCRATA FLOWER/ARTEMISIA PRINCEPS LEAF/HOUTTUYNIA CORDATA/LEONURUS SIBIRICUS/SALICORNIA HERBACEA FERMENT EXTRACT FILTRATE,emollient
SACCHAROMYCES/SAUSSUREA INVOLUCRATA FLOWER/ARTEMISIA PRINCEPS LEAF/HOUTTUYNIA CORDATA/LEONURUS SIBIRICUS/SALICORNIA HERBACEA FERMENT EXTRACT FILTRATE,skin-conditioning
MAGNOLIA OFFICINALIS FLOWER EXTRACT,skin-conditioning
DIISOPROPYL SEBACATE,emollient
DIISOPROPYL SEBACATE,plasticiser
DIISOPROPYL SEBACATE,skin-conditioning
DIISOPROPYL SEBACATE,solvent
NELUMBO NUCIFERA LEAF/SAURURUS CHINENSIS EXTRACT,humectant
NELUMBO NUCIFERA LEAF/SAURURUS CHINENSIS EXTRACT,skin-conditioning
HEXAPEPTIDE-45,skin-conditioning
ERGOSTEROL,skin-conditioning
LOTUS CORNICULATUS LEAF CELL EXTRACT,skin-protecting
MALLOTUS JAPONICUS FLOWER OIL,skin-conditioning
STEARAMIDOPROPYL DIMETHICONE,anticorrosive
STEARAMIDOPROPYL DIMETHICONE,film-forming
MALACHITE,skin-conditioning
PERFLUORONONYLETHYL CARBOXYDECYL LAURYL/BEHENYL DIMETHICONE,skin-conditioning
THIAZOLYLALANINE,skin-conditioning
CAPRIC/LAURIC/MYRISTIC/OLEIC TRIGLYCERIDE,emollient
CAPRIC/LAURIC/MYRISTIC/OLEIC TRIGLYCERIDE,skin-conditioning
CAPRIC/LAURIC/MYRISTIC/OLEIC TRIGLYCERIDE,skin-protecting
ETHYL HYDROXY PICOLINIUM LACTATE,skin-conditioning
SAPINDUS MUKOROSSI LEAF EXTRACT,antioxidant
SAPINDUS MUKOROSSI LEAF EXTRACT,skin-conditioning
SAPINDUS MUKOROSSI LEAF EXTRACT,skin-protecting
HEXYLDECYL LAURATE,emollient
HEXYLDECYL LAURATE,skin-conditioning
HOYA CARNOSA LEAF EXTRACT,skin-conditioning
FRAGARIA ANANASSA FRUIT EXTRACT,skin-conditioning
GENTIANELLA PARVIFLORA EXTRACT,skin-conditioning
POTENTILLA CHINENSIS CALLUS CULTURE CONDITIONED MEDIA,antimicrobial
POTENTILLA CHINENSIS CALLUS CULTURE CONDITIONED MEDIA,antioxidant
POTENTILLA CHINENSIS CALLUS CULTURE CONDITIONED MEDIA,skin-conditioning
CARYOCAR VILLOSUM KERNEL OIL,emollient
CARYOCAR VILLOSUM KERNEL OIL,viscosity-controlling
COCCULUS SARMENTOSUS BRANCH/LEAF EXTRACT,skin-conditioning
LITHOSPERMUM OFFICINALE SEED OIL,skin-conditioning
TRIDECYL STEARATE,emollient
TRIDECYL STEARATE,skin-conditioning
BIS-PEG-15 DIMETHICONE/IPDI COPOLYMER,film-forming
LILIUM CANDIDUM FLOWER WATER,skin-conditioning
ADONIS AMURENSIS/AKEBIA QUINATA/ALBIZIA JULIBRISSIN/ALTHAEA ROSEA/ANGELICA ACUTILOBA/ANGELICA ANOMALA/AQUILEGIA BUERGERIANA/ARTEMISIA PRINCEPS/ASTER CILIOSUS/ASTER SCABER/BRASSICA CAMPESTRIS/BROUSSONETIA KAZINOKI/CALLISTEPHUS CHINENSIS/CAMELLIA JAPONICA/CAMELLIA SINENSIS/CAMPSIS GRANDIFLORA/CARAGANA SINICA/CARTHAMUSTINCTORIUS/CASSIA OBTUSIFOLIA/CELOSIA CRISTATA/CERCIS CHINENSIS/CHAENOMELES SINENSIS/CHRYSANTHEMUM INDICUM/CHRYSANTHEMUM ZAWADSKII/CLEMATIS TERNIFLORA/COMMELINA COMMUNIS/CORNUS KOUSA/CORNUS OFFICINALIS/CORYDALIS INCISA/CORYDALIS TURTSCHANINOVII/CUCURBITA MOSCHATE/DENDROBIUM NOBILE/DIANTHUS CHINENSIS/ELSHOLTZIA SPLENDENS/EUPATORIUM LINDLEYANUM/FORSYTHIA KOREANA/FRITILLARIA USSURIENSIS/GARDENIA JASMINOIDES/GINKGO BILOBA/HELIANTHUS ANNUUS/HELIANTHUS TUBEROSUS/HEMEROCALLIS FULVA/HIBISCUS MUTABILIS/HIBISCUS SYRIACUS/HOSTA PLANTAGINAE/HYDRANGEA MACROPHYLLA/IMPATIENS BALSAMINA/IPOMEA HEDERACEA/IRIS PALLASII/IRIS PSEUDACORUS/KERRIA JAPONICA/LAGERSTROEMIA INDICA/LEONURUS SIBIRICUS/LESPEDEZA BICOLOR/LILIUM LANCIFOLIUM/LINDERA OBTUSILOBA/LIRIOPES MUSCARI/LONICERA JAPONICA/LYCORIS RADIATA/MAGNOLIA KOBUS/MAGNOLIA LILIFLORA/MALUS SIEBOLDII/NARCISSUS TAZETTA/NELUMBO NUCIFERA/OENOTHERA BIENNIS/PAEONIA LACTIFLORA/PAEONIA SUFFRUTICOSA/PAPAVER RHOEAS/PATRINIASCABIOSIFOLIA/PAULOWNIA COREANA/PERSICARIA THUNBERGII/PETASITES JAPONICUS/PHYTOLACCA ESCULENTA/PLATYCODON GRANDIFLORUS/POLYGONUM ODORATUM/PONICIRUS TRIFOLIATA/PRUNUS ARMENIACA/PRUNUS MUME/PRUNUS PERSICA/PRUNUS SERRULATA/PRUNUS TOMENTOSA/PUERARIA LOBATA/RHODODENDRON MUCRONULATUM/ROBINIA PSEUDACACIA/ROSA MULTIFLORA/ROSA RUGOSA/SASA BOREALIS/SOPHORA JAPONICA/SPIRAEA PRUNIFOLIA/STYRAX JAPONICA/SYRINGA VULGARIS/TARAXACUM PLATYCARPUM/TULIPA EDULIS/VIOLA MANDSCHURICA/WEIGELA SUBSESSILIS/WISTERIA SINENSIS/ZANTHOXYLUM SCHINIFOLIUM/ZEA MAYS/ZINGIBER MIOGA/ZINNIA ELEGANS FLOWER EXTRACT,skin-conditioning
RAVENALA MADAGASCARIENSIS LEAF/STEM EXTRACT,skin-conditioning
POLYGLYCERYL-10 PENTAHYDROXYSTEARATE,emollient
POLYGLYCERYL-10 PENTAHYDROXYSTEARATE,emulsifying
TORILIS JAPONICA SEED EXTRACT,antimicrobial
TORILIS JAPONICA SEED EXTRACT,astringent
TORILIS JAPONICA SEED EXTRACT,skin-conditioning
OLIGOPEPTIDE-82,antioxidant
OLIGOPEPTIDE-82,skin-protecting
LACTOBACILLUS/TELOPEA SPECIOSISSIMA FLOWER/LEAF FERMENT FILTRATE,skin-conditioning
VINYLDIMETHYL/TRIMETHYLSILOXYSILICATE STEARYL DIMETHICONE CROSSPOLYMER,absorbent
VINYLDIMETHYL/TRIMETHYLSILOXYSILICATE STEARYL DIMETHICONE CROSSPOLYMER,bulking
VINYLDIMETHYL/TRIMETHYLSILOXYSILICATE STEARYL DIMETHICONE CROSSPOLYMER,film-forming
VINYLDIMETHYL/TRIMETHYLSILOXYSILICATE STEARYL DIMETHICONE CROSSPOLYMER,viscosity-controlling
OENOCARPUS BATAUA ACID,emollient
OENOCARPUS BATAUA ACID,skin-conditioning
ESCHERICHIA COLI/PTEROCLADIA TENUIS FERMENT FILTRATE,skin-protecting
HYDROLYZED RED BLOOD CELLS,skin-conditioning
ERICA CANALICULATA FLOWER/LEAF/STEM EXTRACT,skin-conditioning
HYDROGENATED BRASSICA ALCOHOL,emollient
POLYOXYISOBUTYLENE/METHYLENE UREA COPOLYMER,film-forming
ATRACTYLODES JAPONICA RHIZOME/(ACHYRANTHES BIDENTATA/ANEMARRHENA ASPHODELOIDES/CYNANCHUM WILFORDII/PINELLIA TERNATA/PLATYCODON GRANDIFLORUS/POLYGONUM MULTIFLORUM/SCUTELLARIA BAICALENSIS) ROOT/ACORUS GRAMINEUS ROOT/STEM/PEUCEDANUM JAPONICUM EXTRACT,skin-conditioning
PHELLINUS BAUMII MYCELIUM/PANAX GINSENG ROOT FERMENT EXTRACT FILTRATE,skin-conditioning
GRIFOLA FRONDOSA ROOT/RICE SEED/CITRUS UNSHIU PEEL/CARTHAMUS TINCTORIUS FLOWER FERMENT FILTRATE EXTRACT,emollient
GRIFOLA FRONDOSA ROOT/RICE SEED/CITRUS UNSHIU PEEL/CARTHAMUS TINCTORIUS FLOWER FERMENT FILTRATE EXTRACT,skin-conditioning
DECYLTETRADECYL ETHYLHEXANOATE,emollient
DECYLTETRADECYL ETHYLHEXANOATE,skin-conditioning
SH-OLIGOPEPTIDE-80,skin-conditioning
METHYL METHACRYLATE/TRIMETHOXYSILYLPROPYL METHACRYLATE CROSSPOLYMER,antioxidant
METHYL METHACRYLATE/TRIMETHOXYSILYLPROPYL METHACRYLATE CROSSPOLYMER,skin-conditioning
METHYL METHACRYLATE/TRIMETHOXYSILYLPROPYL METHACRYLATE CROSSPOLYMER,skin-protecting
TEA-PHENYLBENZIMIDAZOLE SULFONATE,uv-absorber
TEA-PHENYLBENZIMIDAZOLE SULFONATE,uv-filter
ARMERIA ALPINA LEAF CELL EXTRACT,antioxidant
ARMERIA ALPINA LEAF CELL EXTRACT,skin-protecting
MALLOTUS JAPONICUS BARK EXTRACT,skin-conditioning
C32 ALKYL DIMETHICONE,emollient
CAPRYL/LAURYL WHEAT BRAN/STRAW GLYCOSIDES,cleansing
CAPRYL/LAURYL WHEAT BRAN/STRAW GLYCOSIDES,emulsifying
CAPRYL/LAURYL WHEAT BRAN/STRAW GLYCOSIDES,foam-boosting
CAPRYL/LAURYL WHEAT BRAN/STRAW GLYCOSIDES,stabilising
CAPRYL/LAURYL WHEAT BRAN/STRAW GLYCOSIDES,surfactant
CAPRYL/LAURYL WHEAT BRAN/STRAW GLYCOSIDES,viscosity-controlling
C12-15 ALKYL LACTATE,emollient
C12-15 ALKYL LACTATE,skin-conditioning
SACCHAROMYCES/VISCUM ALBUM FERMENT EXTRACT,skin-conditioning
PHYLLACANTHA FIBROSA EXTRACT,skin-conditioning
ISOCETYL ETHYLHEXANOATE,emollient
ISOCETYL ETHYLHEXANOATE,skin-conditioning
ETHOXYHEPTYL BICYCLOOCTANONE,skin-conditioning
CORNUS OFFICINALIS FLOWER EXTRACT,emollient
CORNUS OFFICINALIS FLOWER EXTRACT,humectant
CORNUS OFFICINALIS FLOWER EXTRACT,skin-conditioning
GLYCERYL LAURATE,emollient
GLYCERYL LAURATE,emulsifying
ALANINE GLUTAMATE,skin-conditioning
OLIGOPEPTIDE-126 SH-OLIGOPEPTIDE-1,emollient
OLIGOPEPTIDE-126 SH-OLIGOPEPTIDE-1,humectant
OLIGOPEPTIDE-126 SH-OLIGOPEPTIDE-1,skin-conditioning
MYRISTYL ACETATE,emollient
PORPHYRA UMBILICALIS POWDER,abrasive
PORPHYRA UMBILICALIS POWDER,binding
PORPHYRA UMBILICALIS POWDER,viscosity-controlling
THUJIC ACID,skin-conditioning
AURICULARIA POLYTRICHA FRUITING BODY EXTRACT,humectant
AURICULARIA POLYTRICHA FRUITING BODY EXTRACT,skin-conditioning
AURICULARIA POLYTRICHA FRUITING BODY EXTRACT,skin-protecting
HYDROLYZED SILK GLAND EXTRACT,humectant
STYRENE/ACRYLATES/ETHYLHEXYL ACRYLATE/LAURYL ACRYLATE COPOLYMER,film-forming
BIS-LAURYL COCAMINOPROPYLAMINE/HDI/PEG-100 COPOLYMER,viscosity-controlling
LARREA MEXICANA EXTRACT,masking
LARREA MEXICANA EXTRACT,viscosity-controlling
BERTHOLLETIA EXCELSA SEED OIL,emollient
BERTHOLLETIA EXCELSA SEED OIL,skin-conditioning
GUAZUMA ULMIFOLIA LEAF EXTRACT,skin-conditioning
BACILLUS/LACTOBACILLUS/SACCHAROMYCES/RICE BRAN FERMENT FILTRATE,skin-conditioning
DIPROPYLENE GLYCOL CAPRYLATE,emollient
DIPROPYLENE GLYCOL CAPRYLATE,skin-conditioning
ACETYL PENTAPEPTIDE-35,skin-conditioning
PALMITOYL TRIPEPTIDE-38,skin-conditioning
HISTIDYL D-TRYPTOPHANYL DIPEPTIDE-29 D-PHENYLALANYL LYSINAMIDE,skin-conditioning
NOTHOLIRION BULBULIFERUM BULB EXTRACT,skin-conditioning
SYMPHYTUM OFFICINALE LEAF EXTRACT,skin-conditioning
PEG-60 PASSIFLORA INCARNATA SEED GLYCERIDES,emollient
PEG-60 PASSIFLORA INCARNATA SEED GLYCERIDES,emulsifying
SWEET ALMOND OIL DECYL ESTERS,skin-conditioning
BIS-PEG/PPG-14/14 DIMETHICONE,emollient
BIS-PEG/PPG-14/14 DIMETHICONE,emulsifying
BIS-PEG/PPG-14/14 DIMETHICONE,skin-conditioning
BIS-PEG/PPG-14/14 DIMETHICONE,surfactant
MUSA BASJOO EXTRACT,skin-conditioning
TMP LAURYL DIMETHICONE,emulsion-stabilising
PALMITOYL ISOLEUCINE,skin-protecting
HYDROXYPHENOXY PROPIONIC ACID,skin-conditioning
POLYSILICONE-1 CROSSPOLYMER,skin-conditioning
POLYSILICONE-1 CROSSPOLYMER,viscosity-controlling
TETRADECYLEICOSYL STEARATE,emollient
TETRADECYLEICOSYL STEARATE,skin-conditioning
ACETYLENEDIUREA/FORMALDEHYDE/TOSYLAMIDE CROSSPOLYMER,film-forming
SACCHAROMYCES/ALCHEMILLA VULGARIS/ACHILLEA MILLEFOLIUM/BORAGO OFFICINALIS/EUCALYPTUS GLOBULUS/HELICHRYSUM ARENARIUM FERMENT EXTRACT FILTRATE,antioxidant
SACCHAROMYCES/ALCHEMILLA VULGARIS/ACHILLEA MILLEFOLIUM/BORAGO OFFICINALIS/EUCALYPTUS GLOBULUS/HELICHRYSUM ARENARIUM FERMENT EXTRACT FILTRATE,skin-conditioning
FUKITANPOPO EKISU,skin-conditioning
TRIBUTYL CITRATE,film-forming
TRIBUTYL CITRATE,plasticiser
TRIBUTYL CITRATE,solvent
POLYBUTYLENE GLYCOL/MDI COPOLYMER,film-forming
ALMONDAMIDE DEA,foam-boosting
ALMONDAMIDE DEA,viscosity-controlling
POLYGLYCERYL-10 DIMER DILINOLEATE/STEARATE/HYDROXYSTEARATE,emollient
POLYGLYCERYL-10 DIMER DILINOLEATE/STEARATE/HYDROXYSTEARATE,skin-conditioning
BUTYROSPERMUM PARKII SEEDCAKE EXTRACT,skin-protecting
STEARYL GLYCOL ISOSTEARATE,emollient
STEARYL GLYCOL ISOSTEARATE,skin-conditioning
STEARYL GLYCOL ISOSTEARATE,viscosity-controlling
PROLINAMIDOETHYL IMIDAZOLE,skin-protecting
POTENTILLA ERECTA ROOT/LEAF/THYMUS VULGARIS FLOWER/LEAF/STEM EXTRACT,humectant
POTENTILLA ERECTA ROOT/LEAF/THYMUS VULGARIS FLOWER/LEAF/STEM EXTRACT,skin-conditioning
POLYGLYCERYL-10 PENTARICINOLEATE,emollient
POLYGLYCERYL-10 PENTARICINOLEATE,emulsifying
SARGACHROMANOL F,skin-conditioning
CAMELLIA RETICULATA SEED BUTTER,emollient
SCHIZOPHYLLUM COMMUNE MYCELIUM FERMENT FILTRATE EXTRACT,humectant
SCHIZOPHYLLUM COMMUNE MYCELIUM FERMENT FILTRATE EXTRACT,skin-conditioning
PUMPKIN SEED OIL PEG-8 ESTERS,emollient
PUMPKIN SEED OIL PEG-8 ESTERS,emulsifying
EPHEDRA SINICA ROOT EXTRACT,skin-conditioning
MACADAMIA TERNIFOLIA SEED OIL PEG-8 ESTERS,skin-conditioning
ERICERUS PELA CERA,skin-conditioning
POTASSIUM GLUCONATE,chelating
POTASSIUM GLUCONATE,skin-protecting
CARLINA ACAULIS HAIRY ROOT CULTURE EXTRACT,skin-conditioning
PAEONIA LACTIFLORA ROOT POWDER,abrasive
PAEONIA LACTIFLORA ROOT POWDER,humectant
YUCCA SCHIDIGERA FRUIT JUICE,skin-conditioning
ALOE FEROX LEAF JUICE EXTRACT,skin-conditioning
FICUS INDICA BARK,skin-conditioning
PSIDIUM GUAJAVA SEED OIL,emollient
CITRUS NOBILIS FRUIT/ROSMARINUS OFFICINALIS EXTRACT,skin-conditioning
C12-16 ALKYL PEG-2 HYDROXYPROPYL HYDROXYETHYL ETHYLCELLULOSE,emulsion-stabilising
C12-16 ALKYL PEG-2 HYDROXYPROPYL HYDROXYETHYL ETHYLCELLULOSE,film-forming
C12-16 ALKYL PEG-2 HYDROXYPROPYL HYDROXYETHYL ETHYLCELLULOSE,skin-conditioning
C12-16 ALKYL PEG-2 HYDROXYPROPYL HYDROXYETHYL ETHYLCELLULOSE,viscosity-controlling
DIGALLOYL TETRAPEPTIDE-19,antioxidant
DIGALLOYL TETRAPEPTIDE-19,chelating
DIGALLOYL TETRAPEPTIDE-19,skin-protecting
TRIPEPTIDE-67,antioxidant
TRIPEPTIDE-67,antiplaque
TRIPEPTIDE-67,skin-conditioning
TRIPEPTIDE-67,skin-protecting
SACCHAROMYCES/HYDROLYZED STACHYS AFFINIS TUBER FERMENT EXTRACT,skin-conditioning
DENDROBIUM NOBILE/PHALAENOPSIS AMABILIS EXTRACT,emollient
DENDROBIUM NOBILE/PHALAENOPSIS AMABILIS EXTRACT,skin-conditioning
DENDROBIUM NOBILE/PHALAENOPSIS AMABILIS EXTRACT,skin-protecting
POLYACRYLATE-36,film-forming
DIMETHICONOL HYDROXYSTEARATE,emollient
DIMETHICONOL HYDROXYSTEARATE,skin-conditioning
ISOPROPYL TITANIUM TRIISOSTEARATE/METHICONE CROSSPOLYMER,surfactant
ISOPROPYL TITANIUM TRIISOSTEARATE/METHICONE CROSSPOLYMER,viscosity-controlling
TETRAPEPTIDE-46,skin-conditioning
SALIX PURPUREA BARK EXTRACT,skin-conditioning
CITRUS AURANTIUM DULCIS JUICE,skin-conditioning
OXALIS TRIANGULARIS WATER,skin-protecting
QUATERNIUM-18 BENTONITE,viscosity-controlling
DIVINYLDIMETHICONE/DIMETHICONE/PHENYLSILSESQUIOXANE CROSSPOLYMER,anticaking
DIVINYLDIMETHICONE/DIMETHICONE/PHENYLSILSESQUIOXANE CROSSPOLYMER,opacifying
DIVINYLDIMETHICONE/DIMETHICONE/PHENYLSILSESQUIOXANE CROSSPOLYMER,viscosity-controlling
TERREIN,skin-conditioning
COUMAROYL METHOXYTRYPTAMINE,skin-conditioning
LACTOBACILLUS/TURMERIC FERMENT FILTRATE,humectant
AGERATUM CONYZOIDES FLOWER/LEAF/STEM EXTRACT,skin-conditioning
DIGALACTOSYL GLYCERYL LINOLEATE/PALMITATE/OLEATE,emulsifying
DIGALACTOSYL GLYCERYL LINOLEATE/PALMITATE/OLEATE,emulsion-stabilising
ORYZA SATIVA BRAN OIL EXTRACT,antistatic
ORYZA SATIVA BRAN OIL EXTRACT,skin-conditioning
MALVA SYLVESTRIS LEAF WATER,skin-conditioning
NEOLEPISORUS FORTUNEI RHIZOME EXTRACT,skin-conditioning
PTYCHOPETALUM OLACOIDES EXTRACT,skin-conditioning
EUGENYL GLUCOSIDE,emollient
ELAEIS GUINEENSIS FLOWER EXTRACT,skin-protecting
LAUROYL METHYL BETA-ALANINE,skin-conditioning
MICROBIAL CELLULOSE,viscosity-controlling
CENTELLA ASIATICA FLOWER/LEAF/STEM EXTRACT,skin-conditioning
HYDROXYPROPYLTRIMONIUM CORN/WHEAT/SOY AMINO ACIDS,humectant
HYDROXYPROPYLTRIMONIUM CORN/WHEAT/SOY AMINO ACIDS,skin-conditioning
DIMETHICONOL ILLIPE BUTTERATE,emollient
DIMETHICONOL ILLIPE BUTTERATE,skin-conditioning
SCIADOPITYS VERTICILLATA BRANCH/LEAF EXTRACT,skin-conditioning
PEG-6 BUTYLENE GLYCOL LAURATE,emollient
PEG-6 BUTYLENE GLYCOL LAURATE,emulsifying
BLETIA HYACINTHINA BULB EXTRACT,skin-conditioning
SORBETH-230 TETRAOLEATE,emulsifying
SORBETH-230 TETRAOLEATE,surfactant
SORBETH-230 TETRAOLEATE,viscosity-controlling
MENTHYL SAFFLOWERSEEDATE,emollient
LAURYL PCA,humectant
LAURYL PCA,skin-conditioning
CARPINUS BETULUS BUD EXTRACT,skin-conditioning
PIMPINELLA SAXIFRAGA EXTRACT,humectant
MEVALONOYL TRIPEPTIDE-35,antioxidant
MEVALONOYL TRIPEPTIDE-35,skin-conditioning
MEVALONOYL TRIPEPTIDE-35,skin-protecting
HYDROXYCYCLOHEXYL ETHYLTRISILOXANE SAPUCAINHATE,emollient
ISOSTEAROYLOXY ETHYLHEXYLBUTYRAMIDE,emollient
ISOSTEAROYLOXY ETHYLHEXYLBUTYRAMIDE,skin-conditioning
FICUS CARICA SEED,skin-conditioning
ASPERGILLUS/DEFATTED SOYBEAN SEED FERMENT EXTRACT FILTRATE,humectant
ASPERGILLUS/DEFATTED SOYBEAN SEED FERMENT EXTRACT FILTRATE,skin-conditioning
HYDROLYZED AGRIMONIA PILOSA LEAF EXTRACT,skin-conditioning
FUSCOPORIA OBLIQUA MYCELIA FERMENT EXTRACT,emollient
SODIUM CARBOXYMETHYL DEXTRAN SULFATE,humectant
SODIUM CARBOXYMETHYL DEXTRAN SULFATE,skin-conditioning
SODIUM CARBOXYMETHYL DEXTRAN SULFATE,skin-protecting
NATTO GUM,film-forming
MALVA VERTICILLATA FLOWER/LEAF/STEM EXTRACT,skin-conditioning
PULSATILLA TONGKANGENSIS EXTRACT,skin-conditioning
PEG-60 GLYCERYL TRIISOSTEARATE,emollient
PEG-60 GLYCERYL TRIISOSTEARATE,emulsifying
ASPARAGUS RACEMOSUS ROOT POWDER,skin-conditioning
LYCIUM BARBARUM AMINO ACIDS,skin-conditioning
GLYCERYL POLYISOBUTENYLSUCCINATE,skin-conditioning
GANODERMA LUCIDUM FERMENT FILTRATE,humectant
GANODERMA LUCIDUM FERMENT FILTRATE,skin-conditioning
DIOCTYLDODECYL IPDI,binding
DIOCTYLDODECYL IPDI,film-forming
BUTYL ACRYLATE/CYCLOHEXYL METHACRYLATE COPOLYMER,film-forming
LEPISORUS THUNBERGIANUS EXTRACT,skin-conditioning
ETHYL CARBAZIDO HYALURONATE RH-POLYPEPTIDE-3,antioxidant
ETHYL CARBAZIDO HYALURONATE RH-POLYPEPTIDE-3,humectant
POLYGLYCERYL-6 CITRULLUS LANATUS SEEDATE,emollient
POLYGLYCERYL-6 CITRULLUS LANATUS SEEDATE,emulsifying
GALLOYL SH-PENTAPEPTIDE-19,antioxidant
GALLOYL SH-PENTAPEPTIDE-19,skin-protecting
LANETH-15,emulsifying
LANETH-15,surfactant
LANETH-15,viscosity-controlling
CANNA INDICA ROOT EXTRACT,skin-conditioning
OLEYL ACETATE,emollient
SORBUS COMMIXTA BERRY OIL,skin-conditioning
PRUNUS MUME FLOWER WATER,skin-conditioning
BUTYL BABASSUATE,emollient
BUTYL BABASSUATE,emulsion-stabilising
BUTYL BABASSUATE,skin-conditioning
BUTYL BABASSUATE,surfactant
DIETHYL SEBACATE,emollient
DIETHYL SEBACATE,masking
DIETHYL SEBACATE,plasticiser
DIETHYL SEBACATE,skin-conditioning
DIETHYL SEBACATE,solvent
ACETYL TRIHEXYL CITRATE,antioxidant
ACETYL TRIHEXYL CITRATE,chelating
ACETYL TRIHEXYL CITRATE,emollient
ACETYL TRIHEXYL CITRATE,plasticiser
ACETYL TRIHEXYL CITRATE,skin-conditioning
ALEURITES MOLUCCANUS BAKOLY SEED OIL,antimicrobial
ALEURITES MOLUCCANUS BAKOLY SEED OIL,hair-waving-or-straightening
ALEURITES MOLUCCANUS BAKOLY SEED OIL,oral-care
ALEURITES MOLUCCANUS BAKOLY SEED OIL,skin-conditioning
GLYCERIN/OXYBUTYLENE COPOLYMER STEARYL ETHER,emollient
BARLEY SH-POLYPEPTIDE-8,skin-conditioning
SR-SPIDER OLIGOPEPTIDE-1,skin-conditioning
VERBENA OFFICINALIS FLOWER WATER,skin-conditioning
ZINC NITRATE,skin-conditioning
MALPIGHIA GLABRA FRUIT EXTRACT,skin-conditioning
DIPHYLLEIA GRAYI FLOWER EXTRACT,emollient
DIPHYLLEIA GRAYI FLOWER EXTRACT,humectant
DIPHYLLEIA GRAYI FLOWER EXTRACT,skin-conditioning
HYDROLYZED GOLD OF PLEASURE,skin-conditioning
LACTOBACILLUS/RHODOPSEUDOMONAS/SACCHAROMYCES/SUCROSE/(SCUTELLARIA BAICALENSIS/COPTIS CHINENSIS) ROOT/PHELLODENDRON AMURENSE BARK/LONICERA JAPONICA FLOWER/CHAENOMELES SINENSIS FRUIT/CAMELLIA SINENSIS LEAF/BRASSICA OLERACEA ITALICA FERMENT FILTRATE,humectant
LACTOBACILLUS/RHODOPSEUDOMONAS/SACCHAROMYCES/SUCROSE/(SCUTELLARIA BAICALENSIS/COPTIS CHINENSIS) ROOT/PHELLODENDRON AMURENSE BARK/LONICERA JAPONICA FLOWER/CHAENOMELES SINENSIS FRUIT/CAMELLIA SINENSIS LEAF/BRASSICA OLERACEA ITALICA FERMENT FILTRATE,skin-conditioning
LACTOBACILLUS/RHODOPSEUDOMONAS/SACCHAROMYCES/SUCROSE/(SCUTELLARIA BAICALENSIS/COPTIS CHINENSIS) ROOT/PHELLODENDRON AMURENSE BARK/LONICERA JAPONICA FLOWER/CHAENOMELES SINENSIS FRUIT/CAMELLIA SINENSIS LEAF/BRASSICA OLERACEA ITALICA FERMENT FILTRATE,skin-protecting
DISODIUM GUANYLATE,emollient
DISODIUM GUANYLATE,humectant
DISODIUM GUANYLATE,skin-conditioning
PRINSEPIA UTILIS SEED OIL,emollient
PRINSEPIA UTILIS SEED OIL,skin-conditioning
LILIUM BROWNII BULB/SEED EXTRACT,emollient
LILIUM BROWNII BULB/SEED EXTRACT,skin-conditioning
CETEARYL ALCOHOL,emollient
CETEARYL ALCOHOL,emulsifying
CETEARYL ALCOHOL,emulsion-stabilising
CETEARYL ALCOHOL,foam-boosting
CETEARYL ALCOHOL,opacifying
CETEARYL ALCOHOL,surfactant
CETEARYL ALCOHOL,viscosity-controlling
CITRUS UNSHIU LEAF EXTRACT,humectant
CITRUS UNSHIU LEAF EXTRACT,skin-conditioning
CITRUS UNSHIU LEAF EXTRACT,skin-protecting
TRITICUM VULGARE BRAN EXTRACT,skin-conditioning
TRITICUM VULGARE BRAN EXTRACT,skin-protecting
TRIPEPTIDE-7 SH-PENTAPEPTIDE-19,skin-conditioning
R-CHAETOCEROS NEOGRACILE POLYPEPTIDE-1,skin-conditioning
R-CHAETOCEROS NEOGRACILE POLYPEPTIDE-1,skin-protecting
MAGNESIUM SULFATE,bulking
MAGNESIUM SULFATE,viscosity-controlling
SH-POLYPEPTIDE-45,skin-conditioning
SH-OLIGOPEPTIDE-1 TRIPEPTIDE-58 HEXAPEPTIDE-40 DECAPEPTIDE-41 SR-SPIDER POLYPEPTIDE-3,humectant
SH-OLIGOPEPTIDE-1 TRIPEPTIDE-58 HEXAPEPTIDE-40 DECAPEPTIDE-41 SR-SPIDER POLYPEPTIDE-3,skin-conditioning
SH-OLIGOPEPTIDE-1 TRIPEPTIDE-58 HEXAPEPTIDE-40 DECAPEPTIDE-41 SR-SPIDER POLYPEPTIDE-3,skin-protecting
PALMITOYL HEXAPEPTIDE-32,skin-conditioning
STIGMASTANOL MALTOSIDE,emollient
STIGMASTANOL MALTOSIDE,skin-conditioning
QUERCUS ACUTISSIMA FRUIT POWDER,astringent
QUERCUS ACUTISSIMA FRUIT POWDER,skin-conditioning
CARNEGIEA GIGANTEA FLOWER EXTRACT,skin-conditioning
PHORMIUM TENAX EXTRACT,skin-conditioning
SACCHAROMYCES/CAMELLIA SINENSIS LEAF FERMENT FILTRATE,skin-conditioning
MEADOWFOAMAMIDOPROPYL BETAINE,humectant
MEADOWFOAMAMIDOPROPYL BETAINE,skin-protecting
HYDROGENATED MINERAL OIL,skin-protecting
PEG-10 HYDROGENATED CASTOR OIL,emollient
PEG-10 HYDROGENATED CASTOR OIL,emulsifying
GRACILARIA CONFERTA POWDER,astringent
GRACILARIA CONFERTA POWDER,film-forming
GRACILARIA CONFERTA POWDER,humectant
GRACILARIA CONFERTA POWDER,skin-conditioning
GRACILARIA CONFERTA POWDER,viscosity-controlling
SH-DECAPEPTIDE-1 SH-POLYPEPTIDE-9,skin-conditioning
GLYCERYL TRIPALMATE/PALM KERNELATE/OLIVATE/MACADAMIATE/RAPESEEDATE,skin-conditioning
OLIGOPEPTIDE-141 HEXAPEPTIDE-8,skin-conditioning
HYDROLYZED CORAL,skin-conditioning
UNDECETH-7,emollient
UNDECETH-7,emulsifying
UNDECETH-7,skin-conditioning
UNDECETH-7,surfactant
TOCOPHERYL NICOTINATE,antioxidant
TOCOPHERYL NICOTINATE,skin-conditioning
TOCOPHERYL NICOTINATE,skin-protecting
PERFLUORONONYLETHYL STEARYL DIMETHICONE,film-forming
PERFLUORONONYLETHYL STEARYL DIMETHICONE,skin-conditioning
PRIMULA VERIS FLOWER EXTRACT,skin-conditioning
VITEX AGNUS CASTUS LEAF CELL EXTRACT,flavouring
VITEX AGNUS CASTUS LEAF CELL EXTRACT,masking
VITEX AGNUS CASTUS LEAF CELL EXTRACT,skin-protecting
SPIRANTHES SINENSIS FLOWER/LEAF/STEM EXTRACT,skin-conditioning
AMMONIUM SULFATE,viscosity-controlling
PHYLLOSTACHYS PUBESCENS/EDULIS SHOOT SHEATH EXTRACT,antimicrobial
PHYLLOSTACHYS PUBESCENS/EDULIS SHOOT SHEATH EXTRACT,antioxidant
PHYLLOSTACHYS PUBESCENS/EDULIS SHOOT SHEATH EXTRACT,skin-conditioning
DIISOPROPYL ADIPATE,emollient
DIISOPROPYL ADIPATE,masking
DIISOPROPYL ADIPATE,plasticiser
DIISOPROPYL ADIPATE,skin-conditioning
DIISOPROPYL ADIPATE,solvent
TRIHYDROXYMETHOXYSTEARIN,emollient
TRIHYDROXYMETHOXYSTEARIN,skin-conditioning
EMPETRUM NIGRUM CALLUS CULTURE EXTRACT,antioxidant
EMPETRUM NIGRUM CALLUS CULTURE EXTRACT,skin-conditioning
DIOSPYROS KAKI FRUIT EXTRACT,skin-conditioning
CITRUS UNSHIU PEEL/(ANGELICA GIGAS/ASTRAGALUS MEMBRANACEUS/ATRACTYLODES MACROCEPHALA/LICORICE/PAEONIA LACTIFLORA/PANAX GINSENG/REHMANNIA ROOT)/PORIA COCOS EXTRACT,skin-conditioning
CITRUS UNSHIU PEEL/(ANGELICA GIGAS/ASTRAGALUS MEMBRANACEUS/ATRACTYLODES MACROCEPHALA/LICORICE/PAEONIA LACTIFLORA/PANAX GINSENG/REHMANNIA ROOT)/PORIA COCOS EXTRACT,skin-protecting
TERMINALIA CHEBULA ROOT EXTRACT,skin-conditioning
CAPROOYL TETRAPEPTIDE-3,skin-protecting
TALLOWAMIDE MEA,antistatic
TALLOWAMIDE MEA,emulsifying
TALLOWAMIDE MEA,emulsion-stabilising
TALLOWAMIDE MEA,foam-boosting
TALLOWAMIDE MEA,surfactant
TALLOWAMIDE MEA,viscosity-controlling
SH-POLYPEPTIDE-36,skin-conditioning
LACTOCOCCUS FERMENT LYSATE,skin-conditioning
ISOOCTYL CAPRYLATE/CAPRATE,antioxidant
ISOOCTYL CAPRYLATE/CAPRATE,emollient
ISOOCTYL CAPRYLATE/CAPRATE,plasticiser
ISOOCTYL CAPRYLATE/CAPRATE,skin-conditioning
ALLIUM GRAYI CALLUS CULTURE EXTRACT,skin-protecting
SODIUM MA/DIISOBUTYLENE COPOLYMER,film-forming
DIMETHICONOL CARNAUBATE,emollient
DIMETHICONOL CARNAUBATE,skin-conditioning
AMMONIUM ACRYLOYLDIMETHYLTAURATE/VINYL FORMAMIDE COPOLYMER,emulsion-stabilising
AMMONIUM ACRYLOYLDIMETHYLTAURATE/VINYL FORMAMIDE COPOLYMER,viscosity-controlling
SALIX DAPHNOIDES BARK EXTRACT,skin-conditioning
HYDROLYZED ZANTHOXYLUM PIPERITUM SEED EXTRACT,skin-conditioning
POTASSIUM BEHENOYL HYDROXYPROLINE,antioxidant
POTASSIUM BEHENOYL HYDROXYPROLINE,emulsifying
POTASSIUM BEHENOYL HYDROXYPROLINE,emulsion-stabilising
POLYGLYCERIN-20,antimicrobial
POLYGLYCERIN-20,humectant
SACCHAROMYCES/DEFATTED RICE BRAN FERMENT,humectant
SACCHAROMYCES/DEFATTED RICE BRAN FERMENT,skin-conditioning
LESPEDEZA CAPITATA LEAF/STEM EXTRACT,skin-conditioning
LESPEDEZA CAPITATA LEAF/STEM EXTRACT,skin-protecting
SH-POLYPEPTIDE-25,skin-conditioning
HYDROXYDAIDZEIN,antioxidant
HYDROXYDAIDZEIN,skin-conditioning
HYDROXYDAIDZEIN,skin-protecting
SACCHAROMYCES/GRAPE LEES FERMENT FILTRATE,humectant
GLYCYRRHIZA GLABRA ROOT/SUCROSE FERMENT EXTRACT FILTRATE,antioxidant
GLYCYRRHIZA GLABRA ROOT/SUCROSE FERMENT EXTRACT FILTRATE,emollient
GLYCYRRHIZA GLABRA ROOT/SUCROSE FERMENT EXTRACT FILTRATE,skin-conditioning
TETRAPEPTIDE-51,skin-conditioning
TRISODIUM INOSITOL TRIPHOSPHATE,skin-conditioning
BIS-DIPHENYLETHYL DISILOXANE,skin-conditioning
CAMELLIA SINENSIS LEAF CELL EXTRACT,antioxidant
CAMELLIA SINENSIS LEAF CELL EXTRACT,skin-protecting
CHOLESTERYL STEARATE,emollient
CHOLESTERYL STEARATE,emulsifying
CHOLESTERYL STEARATE,skin-conditioning
CHOLESTERYL STEARATE,viscosity-controlling
ORBIGNYA MARTIANA SEED OIL,skin-conditioning
ETHYLENE/MALEIC ANHYDRIDE/PROPYLENE COPOLYMER,viscosity-controlling
JUNIPERUS COMMUNIS BRANCH/FRUIT/LEAF EXTRACT,skin-conditioning
DIMETHICONOL FLUOROALCOHOL DILINOLEIC ACID,skin-conditioning
OCTACOSANYL GLYCOL,emollient
OCTACOSANYL GLYCOL,stabilising
NICOTINOYL DIPEPTIDE-24,skin-conditioning
BETULA PLATYPHYLLA JAPONICA JUICE,skin-conditioning
LAVANDULA ANGUSTIFOLIA FLOWER CERA,emollient
LAVANDULA ANGUSTIFOLIA FLOWER CERA,skin-conditioning
PALMITOYL SH-OCTAPEPTIDE-24 AMIDE,skin-conditioning
ACRYLIC ACID/ACRYLONITROGENS COPOLYMER,binding
ACRYLIC ACID/ACRYLONITROGENS COPOLYMER,film-forming
ACRYLIC ACID/ACRYLONITROGENS COPOLYMER,skin-conditioning
ACRYLIC ACID/ACRYLONITROGENS COPOLYMER,viscosity-controlling
S-LACTOYLGLUTATHIONE,skin-conditioning
HIBISCUS SABDARIFFA CALLUS EXTRACT,antioxidant
HIBISCUS SABDARIFFA CALLUS EXTRACT,skin-conditioning
ALGAE,skin-conditioning
BENZOPHENONE-4,uv-absorber
BENZOPHENONE-4,uv-filter
ASPERGILLUS/CAMELLIA SINENSIS LEAF EXTRACT FERMENT FILTRATE,antioxidant
ASPERGILLUS/CAMELLIA SINENSIS LEAF EXTRACT FERMENT FILTRATE,humectant
ASPERGILLUS/CAMELLIA SINENSIS LEAF EXTRACT FERMENT FILTRATE,skin-conditioning
GLYCOLAMIDE STEARATE,skin-conditioning
INGA EDULIS SEED EXTRACT,skin-conditioning
ROSA MOSCHATA SEED OIL,emollient
ROSA MOSCHATA SEED OIL,skin-conditioning
NAGEIA NAGI SEED OIL,antidandruff
NAGEIA NAGI SEED OIL,antiseborrhoeic
NAGEIA NAGI SEED OIL,skin-protecting
LACTOBACILLUS/HOUTTUYNIA CORDATA LEAF EXTRACT/VOLCANIC ASH FERMENT FILTRATE,skin-conditioning
PHYLLOSTACHYS PUBESCENS MERISTEM CELL LYSATE,skin-conditioning
2-AMINO-4‚5-DIMETHYLTHIAZOLE HBR,skin-conditioning
LAURDIMONIUM HYDROXYPROPYL DECYLGLUCOSIDES CHLORIDE,skin-conditioning
LAURDIMONIUM HYDROXYPROPYL DECYLGLUCOSIDES CHLORIDE,surfactant
NICOTINOYL TRIPEPTIDE-48,skin-conditioning
GLYCOGEN,humectant
GLYCOGEN,skin-conditioning
POLYACRYLATE-44,film-forming
DIMETHOXYPHENYL PHENYLOXOETHYL ETHYLCARBONATE,skin-protecting
DIMETHOXYPHENYL PHENYLOXOETHYL ETHYLCARBONATE,stabilising
GENISTEIN GLUCOSIDE,antioxidant
GENISTEIN GLUCOSIDE,skin-conditioning
PAEONIA LACTIFLORA FLOWER EXTRACT,antioxidant
PAEONIA LACTIFLORA FLOWER EXTRACT,skin-protecting
THYMOL TRIMETHOXYCINNAMATE,antioxidant
THYMOL TRIMETHOXYCINNAMATE,skin-protecting
ANACARDIUM OCCIDENTALE PEDUNCLE FIBER,abrasive
ANACARDIUM OCCIDENTALE PEDUNCLE FIBER,skin-conditioning
HYDROLYZED WHEAT GLUTEN EXTRACT,skin-conditioning
SILANEDIOL SALICYLATE,emollient
SILANEDIOL SALICYLATE,skin-conditioning
HIRUDINEA EXTRACT,skin-conditioning
ANGELICA JAPONICA EXTRACT,skin-conditioning
LEUCONOSTOC/MORUS BOMBYCIS FERMENT EXTRACT FILTRATE,skin-conditioning
CARTHAMUS TINCTORIUS SEEDCAKE EXTRACT,skin-protecting
DIGLYCERYL SEBACATE/ISOPALMITATE,emollient
DIGLYCERYL SEBACATE/ISOPALMITATE,skin-conditioning
KLUYVEROMYCES/LACTOBACILLUS/LACTOCOCCUS/LEUCONOSTOC/SACCHAROMYCES LAC FERMENT FILTRATE,skin-conditioning
BOUGAINVILLEA SPECTABILIS LEAF CELL EXTRACT,antioxidant
BOUGAINVILLEA SPECTABILIS LEAF CELL EXTRACT,skin-protecting
COPPER TRIPEPTIDE-34 HCL,skin-conditioning
LEPTADENIA RETICULATA LEAF EXTRACT,skin-conditioning
HYDROXYETHYL METHYLTHIOPROPENAMIDE,skin-protecting
CHENOPODIUM QUINOA HUSK EXTRACT,skin-conditioning
VP/EICOSENE COPOLYMER,binding
VP/EICOSENE COPOLYMER,film-forming
VP/EICOSENE COPOLYMER,viscosity-controlling
LIGUSTICUM JEHOLENSE FLOWER/ROOT EXTRACT,skin-conditioning
COREGONUS CLUPEAFORMIS EXTRACT,skin-conditioning
PHELLODENDRON CHINENSE BARK EXTRACT,emollient
PHELLODENDRON CHINENSE BARK EXTRACT,skin-conditioning
METHIONYL SH-POLYPEPTIDE-92,skin-protecting
HYDROLYZED FRUIT/MENTHA ARVENSIS LEAF/ROOT EXTRACT,skin-conditioning
CRATAEGUS MONOGYNA LEAF EXTRACT,skin-conditioning
ISOPROPYL RICINOLEATE,emollient
ISOPROPYL RICINOLEATE,skin-conditioning
FICUS PUMILA SEED EXTRACT,humectant
GOAT MILK,skin-conditioning
LEPISTA NUDA FERMENT EXTRACT,skin-conditioning
LEPISTA NUDA FERMENT EXTRACT,skin-protecting
RHUS SEMIALATA GALL EXTRACT,skin-conditioning
PPG-14 LAURETH-60 HEXYL DICARBAMATE,viscosity-controlling
TRIMETHYLPENTANEDIOL/ADIPIC ACID/ISONONANOIC ACID COPOLYMER,skin-conditioning
ORIDONIN,skin-conditioning
BARLEY SH-POLYPEPTIDE-9,skin-conditioning
HYDROGENATED PALM/PALM KERNEL GLYCERIDES,emulsifying
HYDROGENATED PALM/PALM KERNEL GLYCERIDES,skin-conditioning
HYDROGENATED PALM/PALM KERNEL GLYCERIDES,surfactant
ISATIS TINCTORIA SEED EXTRACT,skin-conditioning
PHLOROGLUCINOL TRIMETHYL ETHER,skin-conditioning
CETYL ISONONANOATE,emollient
CETYL ISONONANOATE,skin-conditioning
MELIA AZADIRACHTA CONDITIONED MEDIA/CULTURE,antioxidant
MELIA AZADIRACHTA CONDITIONED MEDIA/CULTURE,film-forming
MELIA AZADIRACHTA CONDITIONED MEDIA/CULTURE,skin-conditioning
TETRADECYL/HEXADECYL C18-20 HYDROXYALKYL ACID,skin-protecting
TOCOPHEROL/WHEAT POLYPEPTIDES,skin-conditioning
ETHYLTOSYLAMIDE EPOXY RESIN-2,film-forming
ETHYLTOSYLAMIDE EPOXY RESIN-2,plasticiser
ACETYL PROLINE,emollient
MORUS ALBA CALLUS EXTRACT,antioxidant
MORUS ALBA CALLUS EXTRACT,skin-protecting
TETRAPEPTIDE-49,skin-conditioning
NICOTIANA BENTHAMIANA RH-OLIGOPEPTIDE-1,skin-protecting
HIBISCUS HAMABO EXTRACT,humectant
HIBISCUS HAMABO EXTRACT,skin-conditioning
HIBISCUS HAMABO EXTRACT,skin-protecting
HYDROGENATED PLUKENETIA VOLUBILIS SEED OIL,emollient
HYDROGENATED PLUKENETIA VOLUBILIS SEED OIL,skin-conditioning
ETHYL GLUCOSIDE,humectant
HYDROXYPROPYLTRIMONIUM LEMON PROTEIN,humectant
CHINPI EKISU,skin-conditioning
OENOTHERA BIENNIS FLOWER/LEAF/STEM EXTRACT,skin-conditioning
ETTLIA TEXENSIS EXTRACT,skin-conditioning
ETTLIA TEXENSIS EXTRACT,skin-protecting
PICHIA/RETINOL FERMENT EXTRACT,skin-conditioning
IMIDAZOLYLETHYL DIAMINOPROPANAMIDE HCL,skin-protecting
LONICERA JAPONICA LEAF EXTRACT,skin-conditioning
CHICKEN PLURIPOTENT PRIMORDIAL GERM CELL CONDITIONED MEDIA,skin-conditioning
RHODODENDRON INDICUM FLOWER EXTRACT,skin-conditioning
PTEROCARPUS SANTALINUS WOOD POWDER,skin-conditioning
PERFLUOROCYCLOHEXYLMETHANOL,emulsion-stabilising
PERFLUOROCYCLOHEXYLMETHANOL,skin-conditioning
BIS-STEARYL IPDI/PEG-795 COPOLYMER,film-forming
BIS-STEARYL IPDI/PEG-795 COPOLYMER,viscosity-controlling
(CAMELLIA JAPONICA/PRUNUS MUME/SAFFLOWER FLOWER)/(ARONIA ARBUTIFOLIA/BLUEBERRY/CRANBERRY/EUTERPE OLERACEA FRUIT)/CAMELLIA SINENSIS LEAF/GARCINIA MANGOSTANA PEEL/COFFEE SEED/PROPOLIS/WINE EXTRACT,skin-conditioning
TRIISOPROPYL TRILINOLEATE,emollient
TRIISOPROPYL TRILINOLEATE,skin-conditioning
TRIRICINOLEIN,emollient
TRIRICINOLEIN,refatting
TRIRICINOLEIN,skin-conditioning
TRIRICINOLEIN,viscosity-controlling
ECHINACEA PURPUREA FLOWER/LEAF/STEM EXTRACT,skin-conditioning
BIS-VINYLDIMETHICONE/BIS-ISOBUTYL PPG-20 CROSSPOLYMER,emollient
BIS-VINYLDIMETHICONE/BIS-ISOBUTYL PPG-20 CROSSPOLYMER,viscosity-controlling
ETHYLHEXYL ACETOXYSTEARATE,emollient
RUBUS HIRSUTUS FRUIT/LEAF EXTRACT,emollient
METHYLSILANOL CARBOXYMETHYL THEOPHYLLINE,skin-conditioning
SODIUM PALMATE,cleansing
SODIUM PALMATE,emulsifying
SODIUM PALMATE,surfactant
SODIUM PALMATE,viscosity-controlling
POLYACRYLOYLDIMETHYLTAURATE POLYOXYMETHYLENE MELAMINE,binding
POLYACRYLOYLDIMETHYLTAURATE POLYOXYMETHYLENE MELAMINE,film-forming
BRASSICA CAMPESTRIS STEROLS,emollient
BRASSICA CAMPESTRIS STEROLS,skin-conditioning
HEPTAPEPTIDE-38 DIMER,skin-conditioning
RIBES NIGRUM LEAF WATER,skin-conditioning
IRIS FLORENTINA FLOWER WAX,skin-conditioning
AMMONIUM ACRYLOYLDIMETHYLTAURATE/STEARETH-25 METHACRYLATE CROSSPOLYMER,emulsion-stabilising
NELUMBO NUCIFERA GERM,humectant
NELUMBO NUCIFERA GERM,skin-conditioning
BENZOYL ISOPROPANOL,film-forming
SUCROSE HEXAERUCATE,emollient
SUCROSE HEXAERUCATE,emulsifying
SUCROSE HEXAERUCATE,skin-conditioning
SUCROSE HEXAERUCATE,surfactant
SR-OLIGOPEPTIDE-1,skin-protecting
CYTISUS SCOPARIUS FLOWER EXTRACT,masking
CYTISUS SCOPARIUS FLOWER EXTRACT,skin-conditioning
CITRUS LIMON PEEL CERA,skin-conditioning
GLYCERYL CAPRATE,emollient
ACORUS CALAMUS RHIZOME WATER,skin-conditioning
HEPTAPEPTIDE-40 DIMER,skin-conditioning
LAVENDER FLOWER/(OLIVE/ORIGANUM VULGARE/ROSEMARY/THYME LEAF)/GOLDENSEAL EXTRACT,skin-protecting
UDOTEA ABBOTTIORUM CALLUS CULTURE EXTRACT,skin-conditioning
MALTITOL LAURATE,emulsion-stabilising
MALTITOL LAURATE,skin-conditioning
C30-50 ALKYL BEESWAX,skin-conditioning
CARBOXYDECYL TRISILOXANE,skin-conditioning
CARBOXYDECYL TRISILOXANE,soothing
CALOPHYLLUM TACAMAHACA FRUIT OIL,emollient
ACETYL HEXAPEPTIDE-8 OLIGOPEPTIDE-133,skin-conditioning
C30-50 ALKYL STEARATE,skin-conditioning
OLIGOPEPTIDE-56,skin-conditioning
PYRUS GERMANICA EXTRACT,skin-conditioning
PLECTRANTHUS AMBOINICUS LEAF/STEM OIL,skin-conditioning
TETRADECENE,emollient
TETRADECENE,solvent
TETRADECENE,viscosity-controlling
MONASCUS/ORYZA SATIVA FERMENT,skin-protecting
SUCROSE BENZOATE,film-forming
SUCROSE BENZOATE,plasticiser
PYRUS BRETSCHNEIDERI FRUIT JUICE,emollient
GLYCERYL RICINOLEATE,emollient
TRISILOXANE,antifoaming
TRISILOXANE,skin-conditioning
HYDROLYZED MYRTUS COMMUNIS LEAF EXTRACT,skin-protecting
PETASITES JAPONICUS POWDER,emollient
CUPROUS OXIDE,skin-conditioning
ALUMINUM STEAROYL GLUTAMATE,moisturising
ALUMINUM STEAROYL GLUTAMATE,skin-conditioning
PPG-2 DIMETHICONE,skin-conditioning
PPG-2 DIMETHICONE,surfactant
MACROCYSTIS PYRIFERA EXTRACT,skin-conditioning
LACTOBACILLUS/SCHIZOSACCHAROMYCES FERMENT FILTRATE,humectant
LACTOBACILLUS/SCHIZOSACCHAROMYCES FERMENT FILTRATE,skin-conditioning
ALOE BARBADENSIS CALLUS POWDER,antioxidant
ALOE BARBADENSIS CALLUS POWDER,skin-protecting
TRIDECYL ISONONANOATE,emollient
TRIDECYL ISONONANOATE,skin-conditioning
PPG-2-CETETH-10,skin-conditioning
PPG-2-CETETH-10,surfactant
MUSA SAPIENTUM FRUIT EXTRACT,skin-conditioning
DIMETHYLOL BUTANOIC ACID/IPDI/PPG-17/PPG-34 COPOLYMER,film-forming
GELIDIUM AMANSII OLIGOSACCHARIDES,humectant
GELIDIUM AMANSII OLIGOSACCHARIDES,skin-conditioning
CHRYSOCOLLA,skin-conditioning
STEARIC ACID,cleansing
STEARIC ACID,emulsifying
STEARIC ACID,emulsion-stabilising
STEARIC ACID,masking
STEARIC ACID,refatting
STEARIC ACID,surfactant
OPHIOPOGON JAPONICUS SEED EXTRACT,skin-protecting
MANDRAGORA OFFICINARUM ROOT EXTRACT,skin-conditioning
MANDRAGORA OFFICINARUM ROOT EXTRACT,tonic
POTASSIUM SULFATE,viscosity-controlling
PYRUS MALUS CARPEL POWDER,skin-conditioning
GALANGIN,skin-protecting
DIISOPROPYL NONYL PHOSPHINE OXIDE,skin-conditioning
METHYL AMINOLEVULINATE HCL,antimicrobial
METHYL AMINOLEVULINATE HCL,antioxidant
METHYL AMINOLEVULINATE HCL,skin-protecting
PPG-16,skin-conditioning
ISOSTEARYL FERULATE,skin-conditioning
POTASSIUM LAUROYL METHYL BETA-ALANINE,skin-conditioning
SACCHAROMYCES/LITHOSPERMUM ERYTHRORHIZON ROOT OIL FERMENT FILTRATE,skin-conditioning
SH-OLIGOPEPTIDE-82,humectant
SH-OLIGOPEPTIDE-82,skin-conditioning
MORINGA DROUHARDII SEED OIL,antioxidant
MORINGA DROUHARDII SEED OIL,emollient
MORINGA DROUHARDII SEED OIL,skin-conditioning
EMPETRUM NIGRUM FRUIT JUICE,skin-conditioning
DIISOSTEAROYL POLYGLYCERYL-3 DIMER DILINOLEATE,emollient
DIISOSTEAROYL POLYGLYCERYL-3 DIMER DILINOLEATE,skin-conditioning
PPG-4 MYRISTYL ETHER,emollient
PPG-4 MYRISTYL ETHER,skin-conditioning
MEVALONOYL TETRAPEPTIDE-36,antioxidant
MEVALONOYL TETRAPEPTIDE-36,skin-conditioning
MIMOSA PUDICA LEAF EXTRACT,skin-conditioning
ACRYLATES/RHUS VERNICIFLUA SAP EXTRACT CROSSPOLYMER,antioxidant
ACRYLATES/RHUS VERNICIFLUA SAP EXTRACT CROSSPOLYMER,skin-conditioning
HYDROLYZED PEARL,skin-conditioning
PICEA MARIANA BRANCH/LEAF OIL,masking
PICEA MARIANA BRANCH/LEAF OIL,skin-conditioning
MORUS BOMBYCIS STEM EXTRACT,antimicrobial
MORUS BOMBYCIS STEM EXTRACT,antioxidant
MORUS BOMBYCIS STEM EXTRACT,astringent
MORUS BOMBYCIS STEM EXTRACT,emollient
PASSIFLORA QUADRANGULARIS FLOWER EXTRACT,refreshing
PASSIFLORA QUADRANGULARIS FLOWER EXTRACT,skin-protecting
PASSIFLORA QUADRANGULARIS FLOWER EXTRACT,soothing
OLEOYL METHYLGLUCAMIDE OLEATE,emollient
OLEOYL METHYLGLUCAMIDE OLEATE,humectant
OLEOYL METHYLGLUCAMIDE OLEATE,skin-conditioning
TIARELLA POLYPHYLLA EXTRACT,skin-conditioning
TIARELLA POLYPHYLLA EXTRACT,skin-protecting
PODOPHYLLUM PELTATUM RHIZOME/ROOT EXTRACT,skin-conditioning
GERANIUM MACRORRHIZUM FLOWER/LEAF/STEM OIL,masking
GERANIUM MACRORRHIZUM FLOWER/LEAF/STEM OIL,skin-conditioning
PANTOEA AGGLOMERANS FERMENT LYSATE EXTRACT,skin-conditioning
REPAGERMANIUM,skin-conditioning
CYCLOTETRAGLUCOSE,binding
CYCLOTETRAGLUCOSE,bulking
CYCLOTETRAGLUCOSE,humectant
CYCLOTETRAGLUCOSE,skin-conditioning
CYCLOTETRAGLUCOSE,viscosity-controlling
POLYGLYCERYL-4 CAPRYLATE,emollient
POLYGLYCERYL-4 CAPRYLATE,emulsifying
DITHIAOCTANEDIOL,skin-conditioning
BUTYLOCTYL BEESWAX,emollient
BUTYLOCTYL BEESWAX,skin-conditioning
ROSA RUBIGINOSA SEED OIL,emollient
DICRANOPTERIS PEDATA EXTRACT,skin-conditioning
POTASSIUM STEAROYL HYDROLYZED RICE PROTEIN,antioxidant
POTASSIUM STEAROYL HYDROLYZED RICE PROTEIN,binding
POTASSIUM STEAROYL HYDROLYZED RICE PROTEIN,emollient
POTASSIUM STEAROYL HYDROLYZED RICE PROTEIN,emulsion-stabilising
POTASSIUM STEAROYL HYDROLYZED RICE PROTEIN,humectant
PORPHYRA YEZOENSIS POWDER,viscosity-controlling
DISODIUM MALYL TYROSINATE,skin-conditioning
DISODIUM MALYL TYROSINATE,surfactant
ZINC NEODECANOATE,anticaking
ZINC NEODECANOATE,opacifying
ZINC NEODECANOATE,viscosity-controlling
HYDROLYZED MILLET SEED EXTRACT,skin-protecting
HYDROLYZED FISH SCALE EXTRACT,humectant
ASPERGILLUS/BIFIDOBACTERIUM/LACTOBACILLUS/SACCHAROMYCES/STREPTOCOCCUS /RHIZOME/(ARCTIUM LAPPA/CARROT/DANDELION/ELEUTHERO/EURYCOMA LONGIFOLIA/LEPIDIUM MEYENII/LICORICE/PANAX GINSENG/PANAX NOTOGINSENG/PLATYCODON GRANDIFLORUM/SALACIA RETICULATA ROOT)/(PANAX GINSENG/GINGER/POLYGONATUM ODORATUM ROOT/STEM)/(CASSIA OBTUSIFOLIA/JOB'S TEARS SEED)/(COMMELINA COMMUNIS/CORCHORUS OLITORIUS SPROUT)/SAMBUCUS SIEBOLDIANA STEM/GLOIOPELTIS TENAX/LAMINARIA JAPONICA/ARTEMISIA PRINCEPS/CASSIA OBTUSIFOLIA/EQUISETUM ARVENSE/GLECHOMA HEDERACEA/GYNOSTEMMA PENTAPHYLLUM/HYPERICUM ERECTUM/ISODON JAPONICUS/NANDINA DOMESTICA/PLANTAGO ASIATICA/VIGNA RADIATA EXTRACT FERMENT FILTRATE,humectant
GLUCONOBACTER FERMENT FILTRATE,humectant
GLUCONOBACTER FERMENT FILTRATE,skin-protecting
RAHNELLA/SOY PROTEIN FERMENT,skin-conditioning
OLEANOLIC ACID,skin-conditioning
FERULA FOETIDA ROOT EXTRACT,skin-conditioning
FERULA FOETIDA ROOT EXTRACT,tonic
CAPSAICINYL SUCCINOYL HEXAPEPTIDE-24 AMIDE,antioxidant
CAPSAICINYL SUCCINOYL HEXAPEPTIDE-24 AMIDE,skin-protecting
TRIPROPYLENE GLYCOL CITRATE,emollient
TRIPROPYLENE GLYCOL CITRATE,skin-conditioning
BETA-SITOSTEROL,emulsion-stabilising
BETA-SITOSTEROL,masking
BETA-SITOSTEROL,skin-conditioning
BETA-SITOSTEROL,stabilising
ECHINACEA ANGUSTIFOLIA CELL CULTURE EXTRACT,antioxidant
ECHINACEA ANGUSTIFOLIA CELL CULTURE EXTRACT,skin-protecting
FRUCTAN,skin-conditioning
GANODERMA PFEIFFERI FRUITING BODY EXTRACT,skin-conditioning
METHACRYLOYL PROPYLTRIMETHOXYSILANE,film-forming
ALOE YOHJYU MATSU EKISU,emollient
ALOE YOHJYU MATSU EKISU,humectant
ALOE YOHJYU MATSU EKISU,skin-conditioning
PEG-2 LAURDIMONIUM BROMIDE NYLON-6 CROSSPOLYMER,humectant
PEG-2 LAURDIMONIUM BROMIDE NYLON-6 CROSSPOLYMER,skin-conditioning
PEG-2 LAURDIMONIUM BROMIDE NYLON-6 CROSSPOLYMER,skin-protecting
SOPHORA FLAVESCENS ROOT POWDER,abrasive
SOPHORA FLAVESCENS ROOT POWDER,masking
SOPHORA FLAVESCENS ROOT POWDER,skin-protecting
BENZYLIDENE DIMETHOXYDIMETHYLINDANONE,skin-protecting
GLYCERETH-20,humectant
GLYCERETH-20,viscosity-controlling
OLEUROPEIN AGLYCONE,skin-conditioning
MORTIERELLA GLYCERIDES,emollient
NICOTIANA BENTHAMIANA HEXAPEPTIDE-40 SH-POLYPEPTIDE-6,skin-conditioning
IPOMOEA PURGA RESIN,masking
IPOMOEA PURGA RESIN,skin-conditioning
TROLOXOYL DECAPEPTIDE-10,skin-conditioning
LAMIUM ALBUM FLOWER/LEAF/STEM EXTRACT,skin-conditioning
TRIMETHYL HYDROXYMETHYL CYCLOHEXANOL,skin-conditioning
HORDEUM VULGARE SEED EXTRACT,skin-conditioning
PEG-20 HYDROGENATED PALM GLYCERIDES,emollient
PEG-20 HYDROGENATED PALM GLYCERIDES,emulsifying
FICUS ERECTA LEAF/STEM EXTRACT,humectant
FICUS ERECTA LEAF/STEM EXTRACT,skin-conditioning
ACACIA DECURRENS FLOWER WAX,emollient
ACACIA DECURRENS FLOWER WAX,skin-conditioning
CAMELLIA JAPONICA FLOWER/LEAF/SEED WATER,skin-conditioning
ALBIZIA AMARA SEED EXTRACT,antioxidant
ALBIZIA AMARA SEED EXTRACT,skin-conditioning
DIHYDROCHOLESTERYL MACADAMIATE,emollient
DIHYDROCHOLESTERYL MACADAMIATE,skin-conditioning
CALCIUM LAURATE,anticaking
CALCIUM LAURATE,emulsion-stabilising
CALCIUM LAURATE,surfactant
CALCIUM LAURATE,viscosity-controlling
PHYTOSPHINGOSINE GLYCOLATE,skin-conditioning
SR-DOG POLYPEPTIDE-1,skin-protecting
PIPER NIGRUM CALLUS EXTRACT,antioxidant
PIPER NIGRUM CALLUS EXTRACT,skin-protecting
SACCHAROMYCES/ALOE BARBADENSIS LEAF/APPLE FRUIT/ARTEMISIA PRINCEPS LEAF/GRAPE FRUIT/PRUNUS MUME FRUIT/PUMPKIN/TOMATO FRUIT FERMENT FILTRATE,skin-conditioning
HELICHRYSUM ITALICUM FLOWER/STEM EXTRACT,skin-conditioning
TETRAHYDROJASMONIC ACID,abrasive
TETRAHYDROJASMONIC ACID,skin-conditioning
MOMORDICA COCHINCHINENSIS SEED ARIL POWDER,antioxidant
MOMORDICA COCHINCHINENSIS SEED ARIL POWDER,emollient
MOMORDICA COCHINCHINENSIS SEED ARIL POWDER,skin-conditioning
BUTYL METHACRYLATE/DMAPA ACRYLATES/VINYLACETAMIDE CROSSPOLYMER,film-forming
GLYCERYL OLIVATE OLEATE ESTOLIDES,emulsion-stabilising
GLYCERYL OLIVATE OLEATE ESTOLIDES,humectant
GLYCERYL OLIVATE OLEATE ESTOLIDES,surfactant
GLYCERYL OLIVATE OLEATE ESTOLIDES,viscosity-controlling
YUCCA SCHIDIGERA FRUIT,skin-protecting
BENZYL HYALURONATE,humectant
BENZYL HYALURONATE,skin-conditioning
DEFATTED ISATIS TINCTORIA SEED EXTRACT,skin-conditioning
OVUM OIL,emollient
RESVERATRYL TRIACETATE,skin-conditioning
RESVERATRYL TRIACETATE,skin-protecting
LAURYL LACTATE,emollient
LAURYL LACTATE,skin-conditioning
PEG-40 HYDROGENATED CASTOR OIL PCA ISOSTEARATE,skin-conditioning
ETHYLHEXYL MYRISTATE,emollient
POLYGLYCERYL-3 DICOCOATE,emollient
POLYGLYCERYL-3 DICOCOATE,emulsifying
1‚4-BUTANEDIOL DIMETHACRYLATE,film-forming
CYMBOPOGON CITRATUS LEAF POWDER,humectant
CYMBOPOGON CITRATUS LEAF POWDER,skin-conditioning
PINUS TABULIFORMIS BARK EXTRACT,skin-conditioning
PEG-3 METHYL ETHER,humectant
PEG-3 METHYL ETHER,solvent
LENS CULINARIS FRUIT EXTRACT,skin-protecting
AMINOBUTYROYL PENTAPEPTIDE-4,antioxidant
AMINOBUTYROYL PENTAPEPTIDE-4,skin-protecting
BERTHOLLETIA EXCELSA PERICARP EXTRACT,skin-conditioning
THALASSIOSIRA ECCENTRICA EXTRACT,emollient
THALASSIOSIRA ECCENTRICA EXTRACT,skin-conditioning
SACCHAROMYCES/PLATINUM FERMENT,skin-conditioning
JUGLANS REGIA WOOD EXTRACT,skin-conditioning
LITHIUM GUANOSINE TRIPHOSPHATE,skin-conditioning
HYDROLYZED MORUS ALBA LEAF EXTRACT,humectant
LACTOBACILLUS/LEUCONOSTOC/BLUEBERRY FRUIT EXTRACT FERMENT FILTRATE,humectant
LACTOBACILLUS/LEUCONOSTOC/BLUEBERRY FRUIT EXTRACT FERMENT FILTRATE,skin-conditioning
MACROPTILIUM ATROPURPUREUM FLOWER/LEAF/STEM EXTRACT,humectant
SOPHORA JAPONICA ROOT EXTRACT,skin-protecting
RUBUS IDAEUS LEAF CELL CULTURE,skin-conditioning
SH-POLYPEPTIDE-85,skin-conditioning
RHIZOPUS/SOYBEAN FERMENT EXTRACT FILTRATE,skin-conditioning
ALARIA ESCULENTA/UNDARIA PINNATIFIDA EXTRACT,skin-protecting
OROBANCHE RAPUM EXTRACT,skin-protecting
POTASSIUM OXIDIZED MICROCRYSTALLINE CERA,viscosity-controlling
ZINC ASPARTATE,skin-conditioning
POLYGLYCERYL-3 CAPRATE/CAPRYLATE/STEARATE/DIMER DILINOLEATE CROSSPOLYMER,emollient
POLYGLYCERYL-3 CAPRATE/CAPRYLATE/STEARATE/DIMER DILINOLEATE CROSSPOLYMER,film-forming
POLYGLYCERYL-3 CAPRATE/CAPRYLATE/STEARATE/DIMER DILINOLEATE CROSSPOLYMER,skin-conditioning
METHYL DIHYDROABIETATE,viscosity-controlling
BIS-VINYLDIMETHICONE/PPG-20 CROSSPOLYMER,emollient
BIS-VINYLDIMETHICONE/PPG-20 CROSSPOLYMER,viscosity-controlling
TRIS(ACETIMINOACETOXYETHOXY METHACRYLATE) PPG-6 TRIMETHYLOLPROPANE,binding
TRIS(ACETIMINOACETOXYETHOXY METHACRYLATE) PPG-6 TRIMETHYLOLPROPANE,film-forming
PENTAPEPTIDE-33,skin-conditioning
MALVA SYLVESTRIS FLOWER/LEAF EXTRACT,skin-conditioning
COMMELINA COMMUNIS FLOWER EXTRACT,humectant
COMMELINA COMMUNIS FLOWER EXTRACT,skin-conditioning
HYDROLYZED STURGEON OVARY MEMBRANE EXTRACT,emollient
HYDROLYZED STURGEON OVARY MEMBRANE EXTRACT,skin-conditioning
EQUISETUM ARVENSE LEAF POWDER,skin-conditioning
POLYGLYCERYL-10 MYRISTATE,skin-conditioning
(LIQUIDAMBAR STYRACIFLUA/TRIBULUS TERRESTRIS) FRUIT/PAEONIA LACTIFLORA ROOT EXTRACT,skin-conditioning
MICROMERIA CHAMISSONIS FLOWER/LEAF/STEM EXTRACT,skin-conditioning
GLYCERYL/POLYGLYCERYL-6 ISOSTEARATE/BEHENATE ESTERS,emollient
PIPER AURANTIACUM FRUIT EXTRACT,skin-conditioning
KERRIA JAPONICA FLOWER EXTRACT,humectant
KERRIA JAPONICA FLOWER EXTRACT,skin-conditioning
KERRIA JAPONICA FLOWER EXTRACT,skin-protecting
SALICYLYL BEESWAX,emollient
SALICYLYL BEESWAX,humectant
LUPINUS SUBCARNOSUS SYMBIOSOME EXTRACT,skin-conditioning
POLYDECENE,skin-conditioning
SEC-BUTYL METHACRYLATE,film-forming
SNAIL SECRETION FILTRATE,skin-conditioning
CITRUS AURANTIUM DULCIS PEEL OIL,masking
CITRUS AURANTIUM DULCIS PEEL OIL,skin-conditioning
PILOCARPUS MICROPHYLLUS LEAF EXTRACT,skin-conditioning
COBALT ALUMINUM OXIDE,skin-conditioning
CITRUS AURANTIUM BERGAMIA FRUIT WATER,skin-conditioning
BAMBUSA ARUNDINACEA JUICE,abrasive
BAMBUSA ARUNDINACEA JUICE,skin-conditioning
LAURYL METHACRYLATE,viscosity-controlling
OCTAPEPTIDE-35,skin-protecting
PYRUS MALUS STEM EXTRACT,skin-conditioning
DIISOSTEARYL GLUTARATE,emollient
DIISOSTEARYL GLUTARATE,skin-conditioning
CITRUS TANGELO FRUIT JUICE,humectant
APRICOT KERNEL OIL POLYGLYCERYL-3 ESTERS,emollient
APRICOT KERNEL OIL POLYGLYCERYL-3 ESTERS,emulsifying
APRICOT KERNEL OIL POLYGLYCERYL-3 ESTERS,skin-conditioning
APRICOT KERNEL OIL POLYGLYCERYL-3 ESTERS,surfactant
JASMINUM OFFICINALE EXTRACT,masking
JASMINUM OFFICINALE EXTRACT,moisturising
JASMINUM OFFICINALE EXTRACT,skin-conditioning
JASMINUM OFFICINALE EXTRACT,soothing
BASSIA BUTYRACEA SEED BUTTER,skin-conditioning
MONTAN ACID WAX,antistatic
MONTAN ACID WAX,binding
MONTAN ACID WAX,viscosity-controlling
ASPERGILLUS/SACCHAROMYCES/PUMPKIN SEED FERMENT FILTRATE,skin-conditioning
DIHYDROABIETYL METHACRYLATE,viscosity-controlling
ACETYL HEXAPEPTIDE-31,skin-conditioning
NICOTINOYL DIPEPTIDE-22,skin-conditioning
PERSICARIA THUNBERGII EXTRACT,skin-protecting
METHYL COCOATE,emollient
METHYL COCOATE,skin-conditioning
OXYGEN,skin-conditioning
PEG-15 HYDROGENATED CASTOR OIL ISOSTEARATE,emulsifying
PEG-15 HYDROGENATED CASTOR OIL ISOSTEARATE,viscosity-controlling
ISOSTEARETH-10 STEARATE,emollient
ISOSTEARETH-10 STEARATE,emulsifying
ISOSTEARETH-10 STEARATE,skin-conditioning
AMYLOPECTIN,binding
AMYLOPECTIN,viscosity-controlling
CEREUS GRANDIFLORUS SEED POWDER,absorbent
CEREUS GRANDIFLORUS SEED POWDER,antioxidant
CEREUS GRANDIFLORUS SEED POWDER,skin-conditioning
CEREUS GRANDIFLORUS SEED POWDER,skin-protecting
RUBUS DELICIOSUS FRUIT JUICE,astringent
RUBUS DELICIOSUS FRUIT JUICE,skin-conditioning
PEG-20 GLYCERYL TRIOLEATE,emollient
PEG-20 GLYCERYL TRIOLEATE,emulsifying
TRIARACHIDIN,emollient
TRIARACHIDIN,emulsifying
TRIARACHIDIN,skin-conditioning
TRIARACHIDIN,viscosity-controlling
ACACIA ARABICA STEM BARK POWDER,skin-conditioning
SAXIFRAGA ROTUNDIFOLIA FLOWER/LEAF/STEM EXTRACT,skin-conditioning
ERYTHROXYLUM CATUABA BARK EXTRACT,skin-conditioning
SILENE UNIFLORA FLOWER/LEAF EXTRACT,skin-conditioning
PODOCARPUS MACROPHYLLUS LEAF EXTRACT,antioxidant
PODOCARPUS MACROPHYLLUS LEAF EXTRACT,skin-protecting
PALMITOYL TRIPEPTIDE-37,skin-conditioning
SEA WATER,humectant
SEA WATER,solvent
POTASSIUM PALM KERNELATE,cleansing
POTASSIUM PALM KERNELATE,viscosity-controlling
POLYPROPYL METHACRYLATE,film-forming
TETRADECYL AMINOBUTYROYLVALYLAMINOBUTYRIC UREA TRIFLUOROACETATE,skin-conditioning
PHYTOSPHINGOSINE ASCORBATE,skin-conditioning
TOSYLAMIDE/EPOXY RESIN,film-forming
TOSYLAMIDE/EPOXY RESIN,plasticiser
CARYA ILLINOENSIS SEED OIL,skin-conditioning
PPG-25 SORBITOL,skin-conditioning
ANGELICA ACUTILOBA ROOT/CITRUS AURANTIUM AMARA FRUIT/COPTIS JAPONICA ROOT/FORSYTHIA VIRIDISSIMA FRUIT/GARDENIA FLORIDA FRUIT/GLYCYRRHIZA GLABRA ROOT/MENTHA ARVENSIS LEAF /PAEONIA LACTIFLORA ROOT/PLATYCODON GRANDIFLORUS ROOT/REHMANNIA GLUTINOSA ROOT/SCUTELLARIA BAICALENSIS ROOT EXTRACT,humectant
ANGELICA ACUTILOBA ROOT/CITRUS AURANTIUM AMARA FRUIT/COPTIS JAPONICA ROOT/FORSYTHIA VIRIDISSIMA FRUIT/GARDENIA FLORIDA FRUIT/GLYCYRRHIZA GLABRA ROOT/MENTHA ARVENSIS LEAF /PAEONIA LACTIFLORA ROOT/PLATYCODON GRANDIFLORUS ROOT/REHMANNIA GLUTINOSA ROOT/SCUTELLARIA BAICALENSIS ROOT EXTRACT,skin-conditioning
PERSEA GRATISSIMA BUTTER,skin-conditioning
TETRAHYDROMAGNOLOL,skin-conditioning
PROPYLENE GLYCOL CETETH-3 ACETATE,emollient
PROPYLENE GLYCOL CETETH-3 ACETATE,skin-conditioning
MYRISTOYL NONAPEPTIDE-2,skin-conditioning
CITRUS RETICULATA LEAF WATER,skin-conditioning
PASSIFLORA EDULIS FLOWER EXTRACT,skin-conditioning
PHORMIUM TENAX SEED,abrasive
PHORMIUM TENAX SEED,skin-conditioning
CHOLESTERYL MACADAMIATE,emollient
CHOLESTERYL MACADAMIATE,skin-conditioning
CHOLESTERYL MACADAMIATE,viscosity-controlling
BOSWELLIA SERRATA WATER,skin-conditioning
PROPYLENE GLYCOL HYDROXYSTEARATE,skin-conditioning
PROPYLENE GLYCOL HYDROXYSTEARATE,surfactant
PENTADESMA BUTYRACEA SEED BUTTER,emollient
PEI-250,viscosity-controlling
LESPEDEZA CAPITATA EXTRACT,skin-conditioning
FICUS SIMPLICISSIMA ROOT EXTRACT,humectant
METHOXYCINNAMIDOPROPYL DIMETHYLAMINOBENZAMIDOPROPYL DIMETHICONOL,antioxidant
METHOXYCINNAMIDOPROPYL DIMETHYLAMINOBENZAMIDOPROPYL DIMETHICONOL,emollient
METHOXYCINNAMIDOPROPYL DIMETHYLAMINOBENZAMIDOPROPYL DIMETHICONOL,film-forming
METHOXYCINNAMIDOPROPYL DIMETHYLAMINOBENZAMIDOPROPYL DIMETHICONOL,stabilising
BUTYL METHACRYLATE/ACRYOYLOXY PG METHACRYLATE COPOLYMER,film-forming
ENTEROMORPHA PROLIFERA WATER,humectant
ENTEROMORPHA PROLIFERA WATER,skin-conditioning
ENTEROMORPHA PROLIFERA WATER,skin-protecting
CITRUS LIMON LEAF/PEEL/STEM OIL,skin-conditioning
HYDROLYZED SPIDER WEB,skin-conditioning
BOSWELLIA FREREANA RESIN,skin-protecting
ANGELICA DAHURICA ROOT/CNIDIUM OFFICIANALE ROOT/CORYDALIS TURTSCHANINOVII ROOT/GLYCYRRHIZA GLABRA ROOT/PAEONIA LACTIFLORA ROOT/PONCIRUS TRIFOLIATA FRUIT/PUERARIA THUNBERGIANA ROOT EXTRACT,skin-conditioning
SODIUM OLEOYL HYALURONATE,skin-conditioning
SODIUM THIOCTOYL HYALURONATE,skin-conditioning
CURCUMA AROMATICA ROOT WATER,emollient
ACHYROCLINE SATUREIOIDES FLOWER/LEAF/STEM EXTRACT,skin-conditioning
BLETILLA STRIATA ROOT/STALK POWDER,abrasive
BLETILLA STRIATA ROOT/STALK POWDER,masking
BLETILLA STRIATA ROOT/STALK POWDER,skin-protecting
PIPER NIGRUM CALLUS POWDER,skin-conditioning
PROPIONIBACTERIUM ACIDIPROPIONICI/SOYBEAN EXTRACT FERMENT FILTRATE,antimicrobial
PROPIONIBACTERIUM ACIDIPROPIONICI/SOYBEAN EXTRACT FERMENT FILTRATE,skin-conditioning
MANNAN,film-forming
PERILLA FRUTESCENS JUICE,skin-conditioning
DODECENYL OLEYLSUCCINAMIDE,antiseborrhoeic
DODECENYL OLEYLSUCCINAMIDE,emulsion-stabilising
DODECENYL OLEYLSUCCINAMIDE,skin-conditioning
DODECENYL OLEYLSUCCINAMIDE,skin-protecting
SYRINGA VULGARIS FLOWER EXTRACT,skin-conditioning
POLYBETA-ALANINE/GLUTARIC ACID CROSSPOLYMER,film-forming
LAURYL TRIMETHICONE,emollient
LAURYL TRIMETHICONE,skin-conditioning
ISOPHORONEDIAMINE/ISOPHTHALIC ACID/PENTAERYTHRITOL COPOLYMER,film-forming
CARNITINE ISOMERIZED LINOLEATE,emollient
PPG-4 LAURETH-7,emollient
PPG-4 LAURETH-7,emulsifying
PPG-4 LAURETH-7,surfactant
HEXADECENOIC ACID,emollient
HEXADECENOIC ACID,skin-conditioning
LACTOBACILLUS/ASPERGILLUS/PRUNUS MUME FRUIT FERMENT FILTRATE,skin-conditioning
VIBRIO ALGINOLYTICUS FERMENT FILTRATE,abrasive
VIBRIO ALGINOLYTICUS FERMENT FILTRATE,skin-conditioning
SCHIZOSACCHAROMYCES FERMENT EXTRACT FILTRATE,humectant
SCHIZOSACCHAROMYCES FERMENT EXTRACT FILTRATE,skin-conditioning
TOFIELDIA JAPONICA LEAF EXTRACT,skin-conditioning
BITTER CHERRY SEED OIL PEG-8 ESTERS,emollient
BITTER CHERRY SEED OIL PEG-8 ESTERS,emulsifying
BITTER CHERRY SEED OIL PEG-8 ESTERS,skin-conditioning
BITTER CHERRY SEED OIL PEG-8 ESTERS,surfactant
OLIGOPEPTIDE-56 AMIDO PEG-75 METHYL ETHER,skin-conditioning
SCROPHULARIA KORAIENSIS ROOT EXTRACT,humectant
SCROPHULARIA KORAIENSIS ROOT EXTRACT,skin-conditioning
STYRENE/METHYLSTYRENE/INDENE COPOLYMER,film-forming
STYRENE/METHYLSTYRENE/INDENE COPOLYMER,opacifying
HYDROLYZED FUCUS VESICULOSUS PROTEIN,skin-conditioning
ACETYL MONOFLUOROHEPTAPEPTIDE-1,skin-protecting
LACTOBACILLUS/LAC FERMENT,skin-conditioning
ILLICIUM VERUM FRUIT/MYRISTICA FRAGRANS FRUIT/PIMENTA OFFICINALIS FRUIT EXTRACT,skin-conditioning
ISOAMYL STEARATE,emollient
ISOAMYL STEARATE,skin-conditioning
ACRYLATES/ETHYLHEXYL ACRYLATE/HEMA/STYRENE COPOLYMER,film-forming
POLYSILICONE-33,skin-conditioning
ROSA RUGOSA ROOT EXTRACT,skin-conditioning
ADENIUM OBESUM LEAF CELL EXTRACT,masking
ADENIUM OBESUM LEAF CELL EXTRACT,skin-conditioning
SOLANUM MURICATUM FRUIT EXTRACT,skin-conditioning
HESPERIDIN,emollient
PROPYLENE GLYCOL DIRICINOLEATE/IPDI COPOLYMER,binding
PROPYLENE GLYCOL DIRICINOLEATE/IPDI COPOLYMER,film-forming
PROPYLENE GLYCOL DIRICINOLEATE/IPDI COPOLYMER,skin-conditioning
RED PETROLATUM,emollient
RED PETROLATUM,moisturising
RED PETROLATUM,uv-absorber
OLEOYL OLEAMIDE SERINOL,skin-protecting
SCABIOSA ARVENSIS EXTRACT,skin-conditioning
SCABIOSA ARVENSIS EXTRACT,soothing
PRUNUS CAMPANULATA/YEDOENSIS LEAF EXTRACT,skin-conditioning
ISOTRIDECYL STEARATE,skin-conditioning
ACRYLATES/METHOXY PEG-23 METHACRYLATE COPOLYMER,film-forming
HYDROLYZED SOYBEAN PALMITATE,skin-conditioning
DIERUCIC ACID,skin-conditioning
KAEMPFERIA GALANGA ROOT EXTRACT,skin-conditioning
HYDROGENATED CAMELLIA JAPONICA SEED OIL,antioxidant
HYDROGENATED CAMELLIA JAPONICA SEED OIL,emollient
HYDROGENATED CAMELLIA JAPONICA SEED OIL,emulsion-stabilising
HYDROGENATED CAMELLIA JAPONICA SEED OIL,humectant
HYDROGENATED CAMELLIA JAPONICA SEED OIL,skin-conditioning
METHYL PALMATE,emollient
METHYL PALMATE,skin-conditioning
PUERARIA LOBATA LEAF/STEM EXTRACT,humectant
PPG-38 STEARETH-6,skin-conditioning
PPG-38 STEARETH-6,surfactant
CALLITRIS QUADRIVALVIS GUM,emulsion-stabilising
CALLITRIS QUADRIVALVIS GUM,masking
MYRISTOYL TETRAPEPTIDE-3,skin-conditioning
PROPYLENE GLYCOL DIUNDECANOATE,emollient
PROPYLENE GLYCOL DIUNDECANOATE,film-forming
PROPYLENE GLYCOL DIUNDECANOATE,viscosity-controlling
THALASSIOSIRA AESTIVALIS/GRAVIDA/NITZSCHIOIDES/NORDENSKIOELDII/ROTULA EXTRACT,antioxidant
THALASSIOSIRA AESTIVALIS/GRAVIDA/NITZSCHIOIDES/NORDENSKIOELDII/ROTULA EXTRACT,skin-conditioning
PEUCEDANUM OSTRUTHIUM LEAF EXTRACT,skin-conditioning
PHYLLOSPADIX IWATENSIS EXTRACT,skin-conditioning
PHYLLOSPADIX IWATENSIS EXTRACT,skin-protecting
C14-15 DIALKYL CARBONATE,emollient
C14-15 DIALKYL CARBONATE,skin-conditioning
BIS-HYDROXYPROPYL DIMETHICONE BEHENATE,emollient
CANDELILLA/JOJOBA/RICE BRAN POLYGLYCERYL-3 ESTERS,emulsifying
CANDELILLA/JOJOBA/RICE BRAN POLYGLYCERYL-3 ESTERS,emulsion-stabilising
CANDELILLA/JOJOBA/RICE BRAN POLYGLYCERYL-3 ESTERS,surfactant
SHIRAKABA JYUHI EKISU,skin-conditioning
TROLOXOYL NONAPEPTIDE-38,skin-conditioning
AMP-ACRYLATES POLYACRYLATE CROSSPOLYMER-9,film-forming
KLUYVEROMYCES/LACTOBACILLUS/LACTOCOCCUS/LEUCONOSTOC/SACCHAROMYCES MILK FERMENT,skin-conditioning
ISOPHORONE DIAMINE/CYCLOHEXYLAMINE/ISOPHTHALIC ACID/AZELAIC ACID COPOLYMER,film-forming
ISONONYL ISONONANOATE,antistatic
ISONONYL ISONONANOATE,emollient
ISONONYL ISONONANOATE,skin-conditioning
POLYGLYCERYL-3 STEARATE/OLEATE/DIMER DILINOLEATE CROSSPOLYMER,emollient
POLYGLYCERYL-3 STEARATE/OLEATE/DIMER DILINOLEATE CROSSPOLYMER,skin-conditioning
PRUNUS AMYGDALUS DULCIS LEAF CELL EXTRACT,antioxidant
PRUNUS AMYGDALUS DULCIS LEAF CELL EXTRACT,skin-protecting
SACCHAROMYCES/HORSE PLACENTA FERMENT FILTRATE,emollient
SACCHAROMYCES/HORSE PLACENTA FERMENT FILTRATE,skin-conditioning
METHYLSILANOL CARBOXYMETHYL THEOPHYLLINE ALGINATE,skin-conditioning
CAPRYLYL 3-GLYCERYL ASCORBATE,antioxidant
CAPRYLYL 3-GLYCERYL ASCORBATE,humectant
SYRINGA VULGARIS LEAF CELL CULTURE EXTRACT,skin-conditioning
2-METHYL-4-HYDROXYPYRROLIDINE,oral-care
2-METHYL-4-HYDROXYPYRROLIDINE,skin-conditioning
2-METHYL-4-HYDROXYPYRROLIDINE,soothing
ECHINACEA ANGUSTIFOLIA ROOT CELL CULTURE EXTRACT,skin-conditioning
POUTERIA LUCUMA PULP EXTRACT,skin-conditioning
ZEA MAYS BRAN EXTRACT,skin-conditioning
DIHYDROXYBENZYL ADAMANTANYLDIMETHOXYBENZAMIDE,emollient
DIHYDROXYBENZYL ADAMANTANYLDIMETHOXYBENZAMIDE,skin-conditioning
DIHYDROXYBENZYL ADAMANTANYLDIMETHOXYBENZAMIDE,skin-protecting
GLYCERYL DIARACHIDATE,emollient
PEG-150 DISTEARATE,emulsifying
PEG-150 DISTEARATE,surfactant
PEG-150 DISTEARATE,viscosity-controlling
GLYCERIN/ISOPHTHALIC ACID COPOLYMER CASTORATE,film-forming
MICHELIA LONGIFLORA FLOWER EXTRACT,skin-conditioning
PENTAERYTHRITYL TETRALAURATE,emollient
BACILLUS/(ASPARAGUS COCHINCHINENSIS/LYCIUM CHINENSE/OPHIOPOGON JAPONICUS/PANAX GINSENG/REHMANNIA GLUTINOSA) ROOT/PORIA COCOS FERMENT FILTRATE,skin-conditioning
BERGENIA EMEIENSIS ROOT EXTRACT,skin-conditioning
R-(SH-POLYPEPTIDE-92 OLIGOPEPTIDE-159 SH-OLIGOPEPTIDE-1),skin-protecting
POLYGLYCERYL-20 HEPTADECABEHENATE/LAURATE,emollient
POLYGLYCERYL-20 HEPTADECABEHENATE/LAURATE,emulsifying
POLYGLYCERYL-20 HEPTADECABEHENATE/LAURATE,skin-conditioning
POLYGLYCERYL-20 HEPTADECABEHENATE/LAURATE,surfactant
PALMITIC ACID,emollient
PALMITIC ACID,emulsifying
ISOBUTYL TALLOWATE,emollient
ISOBUTYL TALLOWATE,skin-conditioning
PALMITOYL HEXAPEPTIDE-19,skin-conditioning
CETYLHYDROXYPROLINE PALMITAMIDE,skin-conditioning
CURCUMA LONGA ROOT POWDER,skin-conditioning
ETHYLARGININOATE ACETAMIDOMETHIONAMIDE HCL,skin-protecting
CASTOR OIL PHOSPHATE,anticaking
CASTOR OIL PHOSPHATE,emulsion-stabilising
POLYQUATERNIUM-32,antistatic
POLYQUATERNIUM-32,film-forming
ALUMINUM DIBENZOATE/STEARATE HYDROXIDE,viscosity-controlling
PPG-9 LAURATE,emollient
PPG-9 LAURATE,skin-conditioning
DILINOLEYL ALCOHOL/IPDI COPOLYMER,film-forming
HYDROLYZED COMARUM PALUSTRE ROOT/STEM EXTRACT,skin-conditioning
PEG-4 DITALLOW ETHER,refatting
PEG-4 DITALLOW ETHER,skin-conditioning
CYCLOVINYLMETHICONE,film-forming
RUBUS VILLOSUS LEAF EXTRACT,skin-conditioning
MORINGA OLEIFERA SEEDCAKE EXTRACT,emollient
MORINGA OLEIFERA SEEDCAKE EXTRACT,humectant
MORINGA OLEIFERA SEEDCAKE EXTRACT,skin-conditioning
CHAMAZULENE,skin-conditioning
NIACINAMIDE/YEAST POLYPEPTIDE,skin-conditioning
FISH OIL,skin-conditioning
SH-OLIGOPEPTIDE-60,skin-conditioning
CHAMOMILLA RECUTITA (MATRICARIA) FLOWER JUICE,skin-conditioning
DIETHYL ASPARTATE,antistatic
DIETHYL ASPARTATE,skin-conditioning
CANDIDA BOMBICOLA/RAPESEED SEED OIL FERMENT EXTRACT,skin-conditioning
HARPAGIDE,skin-conditioning
HARPAGIDE,skin-protecting
LUFFA CYLINDRICA CALLUS EXTRACT,antioxidant
LUFFA CYLINDRICA CALLUS EXTRACT,skin-conditioning
LUFFA CYLINDRICA CALLUS EXTRACT,skin-protecting
ACRYLATES/STEARETH-20 METHACRYLATE CROSSPOLYMER,film-forming
DYSMORPHOCOCCUS GLOBOSUS EXTRACT,skin-conditioning
CALLISTEPHUS CHINENSIS LEAF EXTRACT,skin-conditioning
POLYURETHANE-59,emulsion-stabilising
POLYURETHANE-59,viscosity-controlling
BUDDLEJA DAVIDII MERISTEM CELL CULTURE,skin-conditioning
RICE BRAN OIL/HYDROGENATED RICE BRAN OIL ESTERS,skin-protecting
SODIUM URSOLATE,skin-conditioning
CENTAUREA CYANUS FLOWER EXTRACT,astringent
CENTAUREA CYANUS FLOWER EXTRACT,skin-conditioning
SPIRULINA MAXIMA POWDER,antioxidant
SPIRULINA MAXIMA POWDER,viscosity-controlling
SH-OLIGOPEPTIDE-72,skin-conditioning
CITRUS JABARA PERICARP EXTRACT,humectant
CITRUS JABARA PERICARP EXTRACT,skin-conditioning
ISOSTEARETH-200 LINOLEATE,emollient
ISOSTEARETH-200 LINOLEATE,skin-conditioning
ALOE BARBADENSIS CALLUS EXTRACT,antioxidant
ALOE BARBADENSIS CALLUS EXTRACT,skin-protecting
STARCH ACETATE/ADIPATE,viscosity-controlling
HYDROXYPROPYLTRIMONIUM HYALURONATE,film-forming
LITCHI CHINENSIS FRUIT JUICE,skin-conditioning
BARKLYA SYRINGIFOLIA SEED OIL,antioxidant
BARKLYA SYRINGIFOLIA SEED OIL,humectant
BARKLYA SYRINGIFOLIA SEED OIL,skin-conditioning
BARKLYA SYRINGIFOLIA SEED OIL,skin-protecting
ZANTHOXYLUM ALATUM BARK EXTRACT,skin-conditioning
HYDROGENATED SHEA BUTTER,skin-conditioning
HYDROGENATED SHEA BUTTER,viscosity-controlling
POTASSIUM ACETATE,film-forming
CREPIDIASTRUM DENTICULATUM LEAF/STEM EXTRACT,skin-conditioning
HORTONIA FLORIBUNDA LEAF EXTRACT,skin-conditioning
CHLOROGENIC ACIDS,antioxidant
CHLOROGENIC ACIDS,skin-conditioning
CHLOROGENIC ACIDS,skin-protecting
GIBBERELLIC ACID,skin-conditioning
ADIPIC ACID/CHDM/MA/NEOPENTYL GLYCOL/TRIMELLITIC ANHYDRIDE COPOLYMER,film-forming
LYSINE LAUROYL METHIONATE,skin-conditioning
ACACIA DECURRENS/JOJOBA/SUNFLOWER SEED WAX POLYGLYCERYL-3 ESTERS,emollient
ACACIA DECURRENS/JOJOBA/SUNFLOWER SEED WAX POLYGLYCERYL-3 ESTERS,skin-conditioning
URACIL,skin-conditioning
HYDROLYZED F-FUCOIDAN,skin-protecting
VERBASCUM THAPSUS LEAF EXTRACT,skin-conditioning
SODIUM MACADAMIASEEDATE,cleansing
SODIUM MACADAMIASEEDATE,emulsifying
SODIUM MACADAMIASEEDATE,viscosity-controlling
POLYQUATERNIUM-7,antistatic
POLYQUATERNIUM-7,film-forming
ASCORBYL PROPYL HYALURONATE,skin-conditioning
JASMINUM SAMBAC FLOWER CERA,emollient
JASMINUM SAMBAC FLOWER CERA,skin-conditioning
HYDROLYZED SACCHAROMYCES/LACTOBACILLUS/UBIQUINONE FERMENT,reducing
HYDROLYZED SACCHAROMYCES/LACTOBACILLUS/UBIQUINONE FERMENT,skin-conditioning
HYDROLYZED SACCHAROMYCES/LACTOBACILLUS/UBIQUINONE FERMENT,skin-protecting
LAURYL METHACRYLATE/SODIUM METHACRYLATE CROSSPOLYMER,film-forming
ADENOSINE,skin-conditioning
OCIMUM BASILICUM ROOT EXTRACT,skin-conditioning
POTENTILLA ANEMONIFOLIA EXTRACT,humectant
POTENTILLA ANEMONIFOLIA EXTRACT,skin-conditioning
METHIONYL R-SALMON OLIGOPEPTIDE-1 SH-POLYPEPTIDE-8,antioxidant
METHIONYL R-SALMON OLIGOPEPTIDE-1 SH-POLYPEPTIDE-8,skin-protecting
RUBUSOSIDE,humectant
RUBUSOSIDE,skin-conditioning
SILYBIN,skin-conditioning
CAPRYLOYL OCTAPEPTIDE-33 D-METHIONINE,antimicrobial
CAPRYLOYL OCTAPEPTIDE-33 D-METHIONINE,antioxidant
CAPRYLOYL OCTAPEPTIDE-33 D-METHIONINE,antiseborrhoeic
CAPRYLOYL OCTAPEPTIDE-33 D-METHIONINE,skin-conditioning
OCTAPEPTIDE-26,skin-conditioning
ALUMINUM ISOSTEARATES/MYRISTATES,anticaking
ALUMINUM ISOSTEARATES/MYRISTATES,emulsion-stabilising
ALUMINUM ISOSTEARATES/MYRISTATES,opacifying
ALUMINUM ISOSTEARATES/MYRISTATES,viscosity-controlling
PPG-2-LAURETH-8,emulsifying
PPG-2-LAURETH-8,skin-conditioning
PPG-2-LAURETH-8,surfactant
DIHYDROCHOLESTERYL ISOSTEARATE,emollient
DIHYDROCHOLESTERYL ISOSTEARATE,skin-conditioning
PHORMIUM TENAX LEAF WATER,antioxidant
PHORMIUM TENAX LEAF WATER,astringent
PHORMIUM TENAX LEAF WATER,humectant
PHORMIUM TENAX LEAF WATER,skin-conditioning
PHORMIUM TENAX LEAF WATER,skin-protecting
3-GLYCERYL ASCORBATE,antioxidant
3-GLYCERYL ASCORBATE,humectant
HYDROLYZED MORINGA OLEIFERA SEED EXTRACT,skin-conditioning
PRUNUS AMYGDALUS DULCIS OIL UNSAPONIFIABLES,emulsion-stabilising
PRUNUS AMYGDALUS DULCIS OIL UNSAPONIFIABLES,viscosity-controlling
PRUNUS CERASIFERA FLOWER EXTRACT,skin-protecting
METHYL LAURATE/MYRISTATE,emollient
METHYL LAURATE/MYRISTATE,skin-conditioning
METHYL LAURATE/MYRISTATE,solvent
METHYL LAURATE/MYRISTATE,surfactant
ALUMINUM ISOSTEARATE,anticaking
ALUMINUM ISOSTEARATE,emulsion-stabilising
ALUMINUM ISOSTEARATE,opacifying
ALUMINUM ISOSTEARATE,viscosity-controlling
GELIDIUM PULCHRUM PROTEIN,skin-conditioning
SH-POLYPEPTIDE-91,antioxidant
SH-POLYPEPTIDE-91,humectant
SH-POLYPEPTIDE-91,skin-conditioning
PTEROCLADIA TENUIS EXTRACT,skin-protecting
CHLOROGLOEOPSIS FRITSCHII EXTRACT,skin-conditioning
CHLOROGLOEOPSIS FRITSCHII EXTRACT,skin-protecting
VALERIANA JATAMANSI RHIZOME OIL,antimicrobial
VALERIANA JATAMANSI RHIZOME OIL,antiseborrhoeic
VALERIANA JATAMANSI RHIZOME OIL,emollient
VALERIANA JATAMANSI RHIZOME OIL,humectant
VALERIANA JATAMANSI RHIZOME OIL,masking
VALERIANA JATAMANSI RHIZOME OIL,skin-conditioning
ETHYLHEXANAMIDE SERINOL,emollient
ETHYLHEXANAMIDE SERINOL,emulsifying
ETHYLHEXANAMIDE SERINOL,skin-conditioning
ETHYLHEXANAMIDE SERINOL,skin-protecting
ETHYLHEXANAMIDE SERINOL,surfactant
ANONA MURICATA FRUIT EXTRACT,skin-conditioning
HYDROXYPROPYL BIS-HYDROXYETHYLDIMONIUM CHLORIDE,humectant
HYDROXYPROPYL BIS-HYDROXYETHYLDIMONIUM CHLORIDE,skin-conditioning
ALUMINUM SUCROSE OCTASULFATE,skin-conditioning
ETHYL MORRHUATE,emollient
DIISOPROPANOLAMINE/METHYLHEXAHYDROPHTHALIC ANHYDRIDE ETHYLHEXANOATE COPOLYMER,film-forming
MYRISTYL LACTATE,emollient
MYRISTYL LACTATE,skin-conditioning
CETYL CAPRATE,emollient
CETYL CAPRATE,skin-conditioning
SODIUM ACRYLOYLDIMETHYL TAURATE/ACRYLAMIDE/VP COPOLYMER,emulsion-stabilising
SODIUM ACRYLOYLDIMETHYL TAURATE/ACRYLAMIDE/VP COPOLYMER,opacifying
SODIUM ACRYLOYLDIMETHYL TAURATE/ACRYLAMIDE/VP COPOLYMER,viscosity-controlling
OLIGOPEPTIDE-71,skin-conditioning
PEG-75 SOY GLYCERIDES,emollient
PEG-75 SOY GLYCERIDES,emulsifying
PEG-40 GLYCERYL TRIISOSTEARATE,emollient
PEG-40 GLYCERYL TRIISOSTEARATE,emulsifying
SALSOLA KOMAROVII EXTRACT,emollient
SALSOLA KOMAROVII EXTRACT,skin-conditioning
SALIX TETRASPERMA BARK EXTRACT,skin-conditioning
HERACLEUM SPHONDYLIUM EXTRACT,skin-conditioning
ALLANTOIN PANTHENOL,skin-conditioning
CASSIA AURICULATA LEAF POWDER,skin-conditioning
SH-BARLEY SEED EXTRACT,skin-conditioning
THUJA OCCIDENTALIS BARK EXTRACT,skin-conditioning
BEHENAMIDE,opacifying
BEHENAMIDE,viscosity-controlling
SODIUM STEAROYL DNA,skin-conditioning
LACTOBACILLUS/MILK/GLYCINE SOJA OIL FERMENT,skin-conditioning
HYDROXYPROPYLCOCOATE PEG-8 DIMETHICONE,emollient
HYDROXYPROPYLCOCOATE PEG-8 DIMETHICONE,surfactant
PYROGLUTAMYL DIPEPTIDE-30 AMIDE,skin-conditioning
BUTEA FRONDOSA FLOWER,skin-protecting
MANIHOT UTILISSIMA LEAF EXTRACT,skin-protecting
LILIUM TIGRINUM EXTRACT,skin-conditioning
CASSYTHA FILIFORMIS POWDER,antioxidant
CASSYTHA FILIFORMIS POWDER,antiseborrhoeic
CASSYTHA FILIFORMIS POWDER,preservative
CASSYTHA FILIFORMIS POWDER,skin-conditioning
CASSYTHA FILIFORMIS POWDER,skin-protecting
CALYCANTHUS PRAECOX LEAF EXTRACT,skin-conditioning
C10-30 CHOLESTEROL/LANOSTEROL ESTERS,emulsifying
C10-30 CHOLESTEROL/LANOSTEROL ESTERS,skin-conditioning
C10-30 CHOLESTEROL/LANOSTEROL ESTERS,viscosity-controlling
HYDROGENATED TALLOWALKONIUM BENTONITE,viscosity-controlling
FERRIC HEXAPEPTIDE-35,skin-conditioning
POLYBUTENE,binding
POLYBUTENE,viscosity-controlling
COMMIPHORA GILEADENSIS SAP EXTRACT,antimicrobial
COMMIPHORA GILEADENSIS SAP EXTRACT,antioxidant
COMMIPHORA GILEADENSIS SAP EXTRACT,astringent
COMMIPHORA GILEADENSIS SAP EXTRACT,uv-filter
DECYL ALCOHOL,emollient
DECYL ALCOHOL,foam-boosting
DECYL ALCOHOL,masking
DECYL ALCOHOL,surfactant
DECYL ALCOHOL,viscosity-controlling
ASPERGILLUS/DEFATTED RICE BRAN/ALCOHOL/BORNEOL FERMENT FILTRATE,skin-conditioning
ANANAS SATIVUS FRUIT JUICE,skin-conditioning
N-COUMAROYL SEROTONIN,skin-protecting
CLOSTRIDIUM AKAGII/CLOSTRIDIUM BUTYRIUM/BACILLUS/HONEY/LYCIUM CHINENSE FRUIT/SOYBEAN/TURMERIC ROOT/ZIZYPHUS FRUCTUS FRUIT FERMENT EXTRACT FILTRATE,skin-conditioning
XYLITYLGLUCOSIDE,humectant
XYLITYLGLUCOSIDE,skin-conditioning
RAOULIA AUSTRALIS SHOOT EXTRACT,skin-conditioning
APHANOTHECE SACRUM POWDER,antioxidant
APHANOTHECE SACRUM POWDER,skin-conditioning
APHANOTHECE SACRUM POWDER,skin-protecting
ZINGIBER CASSUMUNAR ROOT POWDER,humectant
ZINGIBER CASSUMUNAR ROOT POWDER,skin-conditioning
CAPSELLA BURSA-PASTORIS SPROUT WATER,antioxidant
CAPSELLA BURSA-PASTORIS SPROUT WATER,skin-protecting
SH-OCTAPEPTIDE-16,antioxidant
SH-OCTAPEPTIDE-16,skin-protecting
DIPTEROCARPUS INTRICATUS EXTRACT,antioxidant
DIPTEROCARPUS INTRICATUS EXTRACT,emollient
DIPTEROCARPUS INTRICATUS EXTRACT,humectant
DIPTEROCARPUS INTRICATUS EXTRACT,skin-conditioning
BRASSICA JUNCEA SPROUT EXTRACT,skin-conditioning
SH-OLIGOPEPTIDE-1 NONAPEPTIDE-29,emollient
SH-OLIGOPEPTIDE-1 NONAPEPTIDE-29,skin-conditioning
SH-OLIGOPEPTIDE-1 NONAPEPTIDE-29,skin-protecting
PASSIFLORA LAURIFOLIA FLOWER EXTRACT,skin-conditioning
STEARYLDIMONIUMHYDROXYPROPYL DECYLGLUCOSIDES CHLORIDE,cleansing
STEARYLDIMONIUMHYDROXYPROPYL DECYLGLUCOSIDES CHLORIDE,emulsifying
STEARYLDIMONIUMHYDROXYPROPYL DECYLGLUCOSIDES CHLORIDE,skin-conditioning
STEARYLDIMONIUMHYDROXYPROPYL DECYLGLUCOSIDES CHLORIDE,surfactant
TRIPALMITOLEIN,emollient
TRIPALMITOLEIN,refatting
TRIPALMITOLEIN,skin-conditioning
TRIPALMITOLEIN,viscosity-controlling
ANGELICA POLYMORPHA SINENSIS ROOT EXTRACT,skin-conditioning
TDI OXIDIZED MICROCRYSTALLINE CERA,viscosity-controlling
ADIPIC ACID/NEOPENTYL GLYCOL COPOLYMER,binding
ADIPIC ACID/NEOPENTYL GLYCOL COPOLYMER,film-forming
ADIPIC ACID/NEOPENTYL GLYCOL COPOLYMER,skin-conditioning
ISOSTEARYL GLYCERYL ETHER,skin-conditioning
MAGNESIUM ASCORBYL PHOSPHATE,antioxidant
MAGNESIUM ASCORBYL PHOSPHATE,skin-conditioning
HOYA LACUNOSA FLOWER EXTRACT,skin-conditioning
POLYGLYCERYL-5 TRIOLEATE,emollient
POLYGLYCERYL-5 TRIOLEATE,emulsifying
HYDROGEN TRIFLUOROPROPYL DIMETHICONE,antifoaming
HYDROGEN TRIFLUOROPROPYL DIMETHICONE,binding
HYDROGEN TRIFLUOROPROPYL DIMETHICONE,emulsion-stabilising
CHLORANTHUS GLABER EXTRACT,skin-conditioning
LIGNOCERYL ERUCATE,emollient
HUMAN UMBILICAL BLOOD DERIVED NATURAL KILLER CELL CONDITIONED MEDIA,skin-conditioning
HUMAN UMBILICAL BLOOD DERIVED NATURAL KILLER CELL CONDITIONED MEDIA,skin-protecting
KLUYVEROMYCES/LACTOBACILLUS/LEUCONOSTOC SOYBEAN FERMENT FILTRATE,skin-conditioning
BOTRYOCLADIA OCCIDENTALIS EXTRACT,skin-conditioning
ETHYLHEXYL POLYHYDROXYSTEARATE,emollient
ETHYLHEXYL POLYHYDROXYSTEARATE,skin-conditioning
GRAPE SEED OIL POLYGLYCERYL-6 ESTERS,cleansing
GRAPE SEED OIL POLYGLYCERYL-6 ESTERS,emollient
GRAPE SEED OIL POLYGLYCERYL-6 ESTERS,emulsion-stabilising
GRAPE SEED OIL POLYGLYCERYL-6 ESTERS,skin-conditioning
GRAPE SEED OIL POLYGLYCERYL-6 ESTERS,surfactant
LUFFA CYLINDRICA STEM EXTRACT,humectant
LUFFA CYLINDRICA STEM EXTRACT,skin-conditioning
PALMITOYL TETRAPEPTIDE-12,skin-conditioning
ASPERGILLUS/SACCHAROMYCES/IPOMOEA BATATAS ROOT FERMENT FILTRATE,emollient
ASPERGILLUS/SACCHAROMYCES/IPOMOEA BATATAS ROOT FERMENT FILTRATE,humectant
ASPERGILLUS/SACCHAROMYCES/IPOMOEA BATATAS ROOT FERMENT FILTRATE,skin-conditioning
SODIUM HYALURONATE CROSSPOLYMER-5,emollient
SODIUM HYALURONATE CROSSPOLYMER-5,humectant
SODIUM HYALURONATE CROSSPOLYMER-5,skin-conditioning
WHEAT GERM OIL GLYCERETH-8 ESTERS,emollient
WHEAT GERM OIL GLYCERETH-8 ESTERS,emulsifying
ACRYLATES/VP/DIMETHYLAMINOETHYL METHACRYLATE/DIACETONE ACRYLAMIDE/HYDROXYPROPYL ACRYLATE COPOLYMER,film-forming
METHIONYL HEXAPEPTIDE-40 SH-DECAPEPTIDE-1 RH-POLYPEPTIDE-50,skin-conditioning
DRACAENA MARGINATA LEAF/STEM EXTRACT,skin-conditioning
BACILLUS/MONASCUS/RICE BRAN/ROYAL JELLY FERMENT FILTRATE,antioxidant
BACILLUS/MONASCUS/RICE BRAN/ROYAL JELLY FERMENT FILTRATE,emollient
BACILLUS/MONASCUS/RICE BRAN/ROYAL JELLY FERMENT FILTRATE,humectant
BACILLUS/MONASCUS/RICE BRAN/ROYAL JELLY FERMENT FILTRATE,skin-conditioning
SEC-BUTYL ACETATE,skin-conditioning
SEC-BUTYL ACETATE,solvent
ALTHAEA ROSEA FLOWER WATER,skin-conditioning
ALTHAEA ROSEA FLOWER WATER,solvent
CITRUS JUNOS SEED OIL,emollient
ACACIA DEALBATA SEED EXTRACT,skin-conditioning
HEXAMIDINE DIISETHIONATE,antifoaming
HEXAMIDINE DIISETHIONATE,emollient
HEXAMIDINE DIISETHIONATE,preservative
HEXAMIDINE DIISETHIONATE,skin-conditioning
FICUS AWKEOTSANG FRUIT EXTRACT,humectant
PEANUTAMIDE MEA,emulsifying
PEANUTAMIDE MEA,emulsion-stabilising
PEANUTAMIDE MEA,foam-boosting
PEANUTAMIDE MEA,surfactant
PEANUTAMIDE MEA,viscosity-controlling
HYDROXYPROLINE PALMITAMIDE,skin-conditioning
COPPER LYSINATE/PROLINATE,skin-conditioning
VANILLYLIDENE PENTANEDIONE,antioxidant
VANILLYLIDENE PENTANEDIONE,chelating
VANILLYLIDENE PENTANEDIONE,skin-protecting
SCHIZOSACCHAROMYCES/(SOLANUM LYCOPERSICUM/CUCUMIS SATIVUS/ANANAS COMOSUS/CITRUS LIMON/PYRUS MALUS/CUCURBITA MAXIMA/CARICA PAPAYA/CITRULLUS LANATUS/CUCUMIS MELO/PRUNUS ARMENIACA/AMYGDALUS PERSICA/FICUS CARICA/AKEBIA QUINATA/CHAENOMELES SINENSIS/FRAGARIA ANNANASSA/VITIS VINIFERA/ACTINIDIA DELICIOSA/PRUNUS MUME/ERIOBOTYRA JAPONICA/PRUNUS SALICINA/BENINCASA HISPIDA) FRUIT/(RAPHANUS SATIVUS/BRASSICA OLERACEA CAPITATA/DAUCUS CAROTA/ALOE ARBORESCENS/SASA VEITCHII/DIOSPYROS KAKI/PERILLA FRUTESCENS) LEAF/(RAPHANUS SATIVUS/DAUCUS CAROTA/SOLANUM TUBEROSUM/IPOMOEA BATATAS/COLOCASIA ESCULENTA/NELUMBO NUCIFERA/ARCTIUM LAPPA/DIOSCOREA JAPONICA/ZINGIBER OFFICINALE) ROOT/(GLYCINE MAX/VIGNA ANGULARIS/COIX LACRYMA-JOBI MA-YUEN/SETARIA ITALICA/PANICUM MILIACEUM) SEED/FARFUGIUM JAPONICUM STEM/EQUISETUM ARVENSE/OENANTHE JAVANICA/CRYPTOTAENIA JAPONICA/ORYZA SATIVA/LENTINUS EDODES FRUITING BODY/UNDARIA PINNATIFIDA FERMENT FILTRATE,skin-conditioning
PEG-13 SUNFLOWER GLYCERIDES,emollient
PEG-13 SUNFLOWER GLYCERIDES,emulsifying
SH-OLIGOPEPTIDE-74,skin-conditioning
PEG-5 BERTHOLLETIA EXCELSA SEED OIL GLYCERYL ESTERS,skin-conditioning
ACRYLATES/DIMETHICONE METHACRYLATE/ETHYLHEXYL ACRYLATE COPOLYMER,skin-conditioning
MONTAN WAX,binding
MONTAN WAX,viscosity-controlling
PEG-4 MONTANATE,binding
PEG-4 MONTANATE,emulsifying
PEG-4 MONTANATE,viscosity-controlling
RHUS SEMIALATA ROOT EXTRACT,emollient
LACTOBACCILLUS/HIBISCUS SABDARIFFA CALLUS CULTURE FERMENT FILTRATE,antimicrobial
LACTOBACCILLUS/HIBISCUS SABDARIFFA CALLUS CULTURE FERMENT FILTRATE,antioxidant
LACTOBACCILLUS/HIBISCUS SABDARIFFA CALLUS CULTURE FERMENT FILTRATE,humectant
LACTOBACCILLUS/HIBISCUS SABDARIFFA CALLUS CULTURE FERMENT FILTRATE,skin-conditioning
R-CLOSTRIDIUM HISTOLYTICUM COLLAGENASE H SH-OLIGOPEPTIDE-60,skin-conditioning
INDOLEBUTYROYL ASPARTIC ACID,skin-protecting
BIOSACCHARIDE GUM-2,skin-conditioning
TRI-PPG-3 MYRISTYL ETHER CITRATE,skin-conditioning
TRI-PPG-3 MYRISTYL ETHER CITRATE,skin-protecting
RISSOELLA VERRUCULOSA EXTRACT,skin-protecting
HYDROGENATED CAMELINA SATIVA SEED OIL,emollient
SAXIFRAGA STOLONIFERA LEAF POWDER,skin-conditioning
METHIONYL SH-POLYPEPTIDE-7 SH-OLIGOPEPTIDE-1 SH-OLIGOPEPTIDE-2,emollient
METHIONYL SH-POLYPEPTIDE-7 SH-OLIGOPEPTIDE-1 SH-OLIGOPEPTIDE-2,skin-conditioning
NYMPHAEA ALBA ROOT EXTRACT,skin-conditioning
ILEX AQUIFOLIUM FLOWER EXTRACT,skin-conditioning
HYDROLYZED STARFISH EXTRACT,skin-conditioning
CETAMIDO LYSINAMIDO POLYASPARTIC ACID,skin-conditioning
DIETHYL TOLUAMIDE,skin-protecting
TILIA PLATYPHYLLOS LEAF,skin-conditioning
GLYCERETH-18 BENZOATE,skin-conditioning
GLYCERETH-18 BENZOATE,solvent
AHNFELTIA CONCINNA EXTRACT,skin-conditioning
ROBINIA PSEUDOACACIA FLOWER WATER,skin-conditioning
FRAGARIA VESCA SEED OIL,emollient
FRAGARIA VESCA SEED OIL,skin-conditioning
PAECILOMYCES JAPONICA/SAUSSUREA INVOLUCRATA FERMENT EXTRACT FILTRATE,skin-conditioning
BIS-METHYLISOCYTOSINE HYDROGENATED POLYBUTADIENE/IPDI COPOLYMER,film-forming
CARBOXYMETHYL HYDROXYETHYLCELLULOSE,binding
CARBOXYMETHYL HYDROXYETHYLCELLULOSE,emulsion-stabilising
CARBOXYMETHYL HYDROXYETHYLCELLULOSE,film-forming
CARBOXYMETHYL HYDROXYETHYLCELLULOSE,viscosity-controlling
OPUNTIA TUNA FLOWER/STEM EXTRACT,skin-conditioning
SUIKAZURA EKISU,skin-conditioning
CITRUS AURANTIUM DULCIS PEEL WAX,skin-conditioning
POLYGLYCERYL-6 SCHINZIOPHYTON RAUTANENII KERNELATE,emollient
POLYGLYCERYL-6 SCHINZIOPHYTON RAUTANENII KERNELATE,emulsifying
OZONIZED SESAME SEED OIL,skin-conditioning
HYDROLYZED ASPERGILLUS/SACCHAROMYCES/HORDEUM VULGARE FERMENT EXTRACT FILTRATE,emollient
MANGO SEED OIL PEG-70 ESTERS,emollient
MANGO SEED OIL PEG-70 ESTERS,skin-conditioning
COIX LACRYMA-JOBI MA-YUEN SEED POWDER,humectant
COIX LACRYMA-JOBI MA-YUEN SEED POWDER,skin-conditioning
GLYCERETH-7 TRIACETATE,emollient
GLYCERETH-7 TRIACETATE,solvent
HOMOSALATE,skin-conditioning
HOMOSALATE,uv-absorber
HOMOSALATE,uv-filter
PTYCHOPETALUM OLACOIDES BARK/ROOT EXTRACT,emollient
ETHYL CYANOACRYLATE,film-forming
SACCHAROMYCES/(PANAX GINSENG/OPHIOPOGON JAPONICUS) ROOT/RHUS SEMIALATA GALL/(EUCALYPTUS GLOBULUS/ALCHEMILLA VULGARIS)LEAF/HIZIKIA FUSIFORME/SALICORNIA HERBACEA/SARGASSUM FULVELLUM FERMENT EXTRACT FILTRATE,antioxidant
SACCHAROMYCES/(PANAX GINSENG/OPHIOPOGON JAPONICUS) ROOT/RHUS SEMIALATA GALL/(EUCALYPTUS GLOBULUS/ALCHEMILLA VULGARIS)LEAF/HIZIKIA FUSIFORME/SALICORNIA HERBACEA/SARGASSUM FULVELLUM FERMENT EXTRACT FILTRATE,emollient
SACCHAROMYCES/(PANAX GINSENG/OPHIOPOGON JAPONICUS) ROOT/RHUS SEMIALATA GALL/(EUCALYPTUS GLOBULUS/ALCHEMILLA VULGARIS)LEAF/HIZIKIA FUSIFORME/SALICORNIA HERBACEA/SARGASSUM FULVELLUM FERMENT EXTRACT FILTRATE,skin-conditioning
SCHIZANDRA NIGRA FRUIT EXTRACT,skin-conditioning
GINKGO BILOBA LEAF EXTRACT,skin-conditioning
PPG-26 OLEATE,emollient
PPG-26 OLEATE,skin-conditioning
OLIGOPEPTIDE-146 DIMER,skin-conditioning
TITANIUM ISOSTEARATES,film-forming
TITANIUM ISOSTEARATES,opacifying
OLIVE ALCOHOL,emulsion-stabilising
ZANTHOXYLUM ALATUM FRUIT OIL,masking
ZANTHOXYLUM ALATUM FRUIT OIL,oral-care
ZANTHOXYLUM ALATUM FRUIT OIL,skin-conditioning
RH-POLYPEPTIDE-66,skin-conditioning
POLYACRYLAMIDE,antistatic
POLYACRYLAMIDE,binding
POLYACRYLAMIDE,film-forming
SUCROSE MORTIERELLATE,emollient
SUCROSE MORTIERELLATE,emulsifying
SUCROSE MORTIERELLATE,skin-conditioning
SUCROSE MORTIERELLATE,surfactant
DENDROBIUM CANDIDUM CALLUS EXTRACT,skin-conditioning
LAURAMIDE MEA,antistatic
LAURAMIDE MEA,foam-boosting
LAURAMIDE MEA,surfactant
LAURAMIDE MEA,viscosity-controlling
CAPPARIS SPINOSA FLOWER EXTRACT,skin-conditioning
MANGIFERA INDICA SEED OIL,emollient
MANGIFERA INDICA SEED OIL,skin-conditioning
ARTEMISIA TRIDENTATA EXTRACT,skin-conditioning
ATRIPLEX NUMMULARIA EXTRACT,skin-conditioning
ACACIA FARNESIANA FLOWER/STEM EXTRACT,astringent
ACACIA FARNESIANA FLOWER/STEM EXTRACT,viscosity-controlling
OLIGOPEPTIDE-103,skin-conditioning
SH-TETRAPEPTIDE-1,skin-conditioning
PRUNUS PEDUNCULATA SEED OIL,emollient
PRUNUS PEDUNCULATA SEED OIL,skin-conditioning
DIMETHOXYBENZAMIDO PHENYLHYDROXYLACETAMIDE,antioxidant
DIMETHOXYBENZAMIDO PHENYLHYDROXYLACETAMIDE,antiseborrhoeic
DIMETHOXYBENZAMIDO PHENYLHYDROXYLACETAMIDE,skin-conditioning
DIMETHOXYBENZAMIDO PHENYLHYDROXYLACETAMIDE,skin-protecting
JIOU EKISU,skin-conditioning
ADINA RUBELLA FLOWER/LEAF/STEM EXTRACT,skin-conditioning
NYMPHAEA CAERULEA LEAF CELL EXTRACT,skin-conditioning
CAPRYLOYL HEPTAPEPTIDE-33,antimicrobial
CAPRYLOYL HEPTAPEPTIDE-33,antioxidant
CAPRYLOYL HEPTAPEPTIDE-33,antiseborrhoeic
CAPRYLOYL HEPTAPEPTIDE-33,skin-conditioning
LACTOBACILLUS/WATERMELON FRUIT FERMENT EXTRACT,skin-conditioning
BUTYLENE GLYCOL SESQUIISOSTEARATE,emollient
BUTYLENE GLYCOL SESQUIISOSTEARATE,emulsifying
BUTYLENE GLYCOL SESQUIISOSTEARATE,skin-conditioning
BUTYLENE GLYCOL SESQUIISOSTEARATE,surfactant
OLEYL OLEATE,emollient
SOLANUM LYCOPERSICUM FRUIT OIL,skin-conditioning
ETHYLHEXYL METHACRYLATE/METHYL METHACRYLATE/VP COPOLYMER,film-forming
PROPANEDIOL ROSINATES,depilatory
PROPANEDIOL ROSINATES,film-forming
ACACIA CATECHU LEAF/WOOD POWDER,skin-conditioning
HYDROLYZED TREMELLA FUCIFORMIS POLYSACCHARIDE,emollient
HYDROLYZED TREMELLA FUCIFORMIS POLYSACCHARIDE,humectant
OPUNTIA ROBUSTA LEAF JUICE,skin-conditioning
OLIGOPEPTIDE-98 AMIDE,antimicrobial
OLIGOPEPTIDE-98 AMIDE,antioxidant
OLIGOPEPTIDE-98 AMIDE,antiseborrhoeic
OLIGOPEPTIDE-98 AMIDE,skin-protecting
CLERODENDRON TRICHOTOMUM BRANCH/LEAF EXTRACT,skin-conditioning
PEI-700,viscosity-controlling
IRIS PSEUDACORUS LEAF EXTRACT,skin-conditioning
POLYGLYCERYL-3 STEARATE/ISOSTEARATE/DIMER DILINOLEATE CROSSPOLYMER,humectant
POLYGLYCERYL-3 STEARATE/ISOSTEARATE/DIMER DILINOLEATE CROSSPOLYMER,skin-conditioning
GYMNANTHEMUM AMYGDALINUM LEAF,humectant
GYMNANTHEMUM AMYGDALINUM LEAF,skin-conditioning
GYMNANTHEMUM AMYGDALINUM LEAF,skin-protecting
AMMONIUM DIMETHICONE PEG-7 SULFATE,skin-conditioning
BATYL ALCOHOL,emollient
BATYL ALCOHOL,emulsion-stabilising
BATYL ALCOHOL,skin-conditioning
PALMITOYL TRIPEPTIDE-29,skin-conditioning
COCONUT OIL ETHYL ESTERS,emollient
COCONUT OIL ETHYL ESTERS,skin-conditioning
COCONUT OIL ETHYL ESTERS,skin-protecting
ALTEROMONAS FERMENT EXTRACT,skin-conditioning
CAPRYLIC/CAPRIC/STEARIC TRIGLYCERIDE,skin-conditioning
STEARAMIDE,foam-boosting
STEARAMIDE,opacifying
STEARAMIDE,viscosity-controlling
BIS-ISOBUTYL PEG-24/PPG-7/DIMETHICONE COPOLYMER,film-forming
BIS-ISOBUTYL PEG-24/PPG-7/DIMETHICONE COPOLYMER,humectant
GLYCINE SOJA SPROUT EXTRACT,emollient
GLYCINE SOJA SPROUT EXTRACT,skin-conditioning
TILLANDSIA USNEOIDES EXTRACT,skin-conditioning
HYDROGENATED GLYCERYL ABIETATE,emulsion-stabilising
HYDROGENATED GLYCERYL ABIETATE,film-forming
LACTOBACILLUS/SACCHAROMYCES/POLYGONATUM SIBIRICUM RHIZOME FERMENT EXTRACT,skin-conditioning
SUCROSE POLYSTEARATE,emollient
SUCROSE POLYSTEARATE,emulsifying
SUCROSE POLYSTEARATE,skin-conditioning
SUCROSE POLYSTEARATE,surfactant
PEG-20 GLYCERYL TRIISOSTEARATE,emollient
PEG-20 GLYCERYL TRIISOSTEARATE,emulsifying
DIMETHICONOL CANDELILLATE,emollient
DIMETHICONOL CANDELILLATE,skin-conditioning
CAESALPINIA SPINOSA FRUIT EXTRACT,skin-protecting
PENTAERYTHRITYL TRIOLEATE,emollient
SACCHAROMYCES/COIX LACRYMA-JOBI MA-YUEN SEED/GLUCOSE FERMENT FILTRATE,skin-conditioning
KORTHALSELLA JAPONICA EXTRACT,skin-conditioning
PAECILOMYCES JAPONICA MYCELIUM/ACORUS CALAMUS ROOT FERMENT EXTRACT FILTRATE,humectant
PAECILOMYCES JAPONICA MYCELIUM/ACORUS CALAMUS ROOT FERMENT EXTRACT FILTRATE,skin-conditioning
PYRUS CYDONIA SEED OIL,emollient
PYRUS CYDONIA SEED OIL,skin-conditioning
SHEA BUTTERAMIDE/CASTORAMIDE DEA,viscosity-controlling
HYDROLYZED LITCHI CHINENSIS FRUIT EXTRACT,skin-conditioning
C20-28 ALKYL PERFLUORODECYLETHOXY DIMETHICONE,film-forming
DISTARCH PHOSPHATE ACETATE,stabilising
DISTARCH PHOSPHATE ACETATE,viscosity-controlling
HETEROPANAX FRAGRANS LEAF EXTRACT,humectant
PPG-1 TRIDECETH-13,emollient
PPG-1 TRIDECETH-13,emulsifying
PPG-1 TRIDECETH-13,skin-conditioning
PPG-1 TRIDECETH-13,surfactant
HYDROGENATED OSTRICH OIL,skin-conditioning
HYDROGENATED OSTRICH OIL,skin-protecting
CASSIA ARTEMISIOIDES LEAF/STEM EXTRACT,skin-conditioning
HYDROLYZED CANDELILLA WAX,emulsion-stabilising
HYDROLYZED CANDELILLA WAX,skin-conditioning
ISOPROPYL LAURATE,binding
ISOPROPYL LAURATE,emollient
ISOPROPYL LAURATE,skin-conditioning
RETINYL METHOXY PEG-22 ACETATE,skin-conditioning
WATERMELON SEED OIL POLYGLYCERYL-10 ESTERS,emulsifying
WATERMELON SEED OIL POLYGLYCERYL-10 ESTERS,skin-conditioning
LONICERA JAPONICA FLOWER/ROOT/GLYCYRRHIZA GLABRA EXTRACT,skin-conditioning
LONICERA JAPONICA FLOWER/ROOT/GLYCYRRHIZA GLABRA EXTRACT,skin-protecting
ETHYLHEXETH-2 PHOSPHATE,skin-conditioning
CITRUS HYSTRIX LEAF WATER,antioxidant
CITRUS HYSTRIX LEAF WATER,antiseborrhoeic
CITRUS HYSTRIX LEAF WATER,astringent
CITRUS HYSTRIX LEAF WATER,masking
CITRUS HYSTRIX LEAF WATER,skin-conditioning
DECYL PALMITATE,emollient
DECYL PALMITATE,skin-conditioning
KOJYL CARBOXY SH-OLIGOPEPTIDE-75 AMIDE,antioxidant
KOJYL CARBOXY SH-OLIGOPEPTIDE-75 AMIDE,skin-conditioning
KOJYL CARBOXY SH-OLIGOPEPTIDE-75 AMIDE,skin-protecting
EUPATORIUM REBAUDIANUM LEAF EXTRACT,skin-conditioning
POLYQUATERNIUM-17,antistatic
POLYQUATERNIUM-17,film-forming
PSOPHOCARPUS TETRAGONOLOBUS SEED EXTRACT,skin-conditioning
TRIMETHYLBENZOYL DIPHENYLPHOSPHINE OXIDE,skin-conditioning
EUGENIA CUMINI ROOT EXTRACT,skin-conditioning
APRICOT KERNEL OIL POLYGLYCERYL-5 ESTERS,emollient
APRICOT KERNEL OIL POLYGLYCERYL-5 ESTERS,emulsifying
APRICOT KERNEL OIL POLYGLYCERYL-5 ESTERS,skin-conditioning
APRICOT KERNEL OIL POLYGLYCERYL-5 ESTERS,surfactant
PHOENIX DACTYLIFERA FRUIT JUICE,skin-conditioning
CITRUS DEPRESSA PEEL WATER,skin-conditioning
C12-14 SEC-PARETH-7,emulsifying
C12-14 SEC-PARETH-7,emulsion-stabilising
C12-14 SEC-PARETH-7,surfactant
GYPSOPHILA PANICULATA ROOT EXTRACT,skin-conditioning
PAEONIA OFFICINALIS CALLUS EXTRACT,skin-protecting
TETRAHYDROPYRANYL RESORCINOL,antioxidant
TETRAHYDROPYRANYL RESORCINOL,skin-conditioning
TILIA PLATYPHYLLOS FLOWER EXTRACT,skin-conditioning
LACTOBACILLUS/APPLE FRUIT/ORANGE PEEL/CARROT ROOT/CUCUMBER FRUIT/LEMON FRUIT EXTRACT FERMENT FILTRATE,skin-conditioning
HYDROLYZED BIFIDA/SOYMILK FERMENT FILTRATE,skin-conditioning
ALLANTOIN PABA,skin-conditioning
ALLANTOIN PABA,uv-absorber
CHLORANTHUS SERRATUS EXTRACT,humectant
CHLORANTHUS SERRATUS EXTRACT,skin-conditioning
BOTRYTIS CINEREA FERMENT LYSATE FILTRATE,emollient
GERANIUM NEPALENSE EXTRACT,skin-conditioning
ARACHIDYL GLYCOL,humectant
ARACHIDYL GLYCOL,viscosity-controlling
METHYL CANOLATE,emollient
METHYL CANOLATE,skin-conditioning
PALMITOYL GLUTAMIC ACID,skin-conditioning
C12-13 ALKYL LACTATE,emollient
C12-13 ALKYL LACTATE,skin-conditioning
ACETYL TETRAPEPTIDE-22,skin-conditioning
LACTITOL,humectant
LACTITOL,skin-conditioning
HYLOCEREUS COSTARICENSIS PEEL EXTRACT,skin-conditioning
QUERCUS ACUTISSIMA WOOD VINEGAR EXTRACT,humectant
QUERCUS ACUTISSIMA WOOD VINEGAR EXTRACT,skin-conditioning
HYDROGENATED COCO-GLYCERIDES,emollient
HYDROGENATED COCO-GLYCERIDES,skin-conditioning
ETHYL AMINOLEVULINATE HCL,antimicrobial
ETHYL AMINOLEVULINATE HCL,antioxidant
ETHYL AMINOLEVULINATE HCL,antiseborrhoeic
ETHYL AMINOLEVULINATE HCL,skin-conditioning
BETULINIC ACID,skin-conditioning
GENTIANA SEPTEMFIDA FLOWER/LEAF/STEM EXTRACT,skin-conditioning
PISCUM LECUR OIL,emollient
OPAL POWDER,skin-conditioning
NARCISSUS PSEUDONARCISSUS FLOWER WATER,masking
NARCISSUS PSEUDONARCISSUS FLOWER WATER,skin-conditioning
TROLOX,skin-conditioning
C7-8 ISOPARAFFIN,solvent
C7-8 ISOPARAFFIN,viscosity-controlling
SACCHAROMYCES/IPOMOEA BATATAS ROOT FERMENT FILTRATE EXTRACT,humectant
DI-C12-15 ALKYL FUMARATE,emollient
DI-C12-15 ALKYL FUMARATE,solvent
METHOXY PEG-23 METHACRYLATE/GLYCERYL DIISOSTEARATE METHACRYLATE COPOLYMER,skin-protecting
SODIUM STYRENE/ACRYLATES/PEG-10 DIMALEATE COPOLYMER,film-forming
SODIUM STYRENE/ACRYLATES/PEG-10 DIMALEATE COPOLYMER,opacifying
MACADAMIA INTEGRIFOLIA SEED OIL,skin-conditioning
XYLITAN CAPRYLATE,emulsifying
XYLITAN CAPRYLATE,skin-conditioning
XYLITAN CAPRYLATE,surfactant
PRUNUS SPECIOSA FLOWER EXTRACT,humectant
PRUNUS SPECIOSA FLOWER EXTRACT,skin-conditioning
PRUNUS SPECIOSA FLOWER EXTRACT,skin-protecting
INULIN LAURYL CARBAMATE,emulsion-stabilising
INULIN LAURYL CARBAMATE,surfactant
DIMYRISTYL ETHER,skin-conditioning
SAFFLOWER SEED OIL DECYL ESTERS,skin-conditioning
DIMETHYLAMINOETHYL RICE BRANATE,skin-conditioning
TRITICUM VULGARE KERNEL FLOUR,abrasive
TRITICUM VULGARE KERNEL FLOUR,bulking
TRITICUM VULGARE KERNEL FLOUR,viscosity-controlling
BIS-ETHOXYDIGLYCOL SUCCINATE,humectant
BIS-ETHOXYDIGLYCOL SUCCINATE,skin-conditioning
BIS-ETHOXYDIGLYCOL SUCCINATE,solvent
PHYLLOSTACHYS BAMBUSOIDES RHIZOME EXTRACT,skin-conditioning
ALIBERTIA PATINOI PULP EXTRACT,skin-conditioning
TRILAURIN,skin-conditioning
TRILAURIN,viscosity-controlling
DECYL COCOATE,emollient
DECYL COCOATE,skin-conditioning
R-SPIDER-POLYPEPTIDE-3,skin-conditioning
DIMETHICONOL MOHWA BUTTERATE,emollient
DIMETHICONOL MOHWA BUTTERATE,skin-conditioning
CYSTEIC ACID,skin-conditioning
C12-14 SEC-PARETH-40,emulsifying
C12-14 SEC-PARETH-40,emulsion-stabilising
C12-14 SEC-PARETH-40,surfactant
SORGHUM VULGARE SEED/SKIN/STALK EXTRACT,skin-conditioning
CETYL STEARATE,emollient
CEDRELA SINENSIS LEAF EXTRACT,skin-protecting
LACTOBACILLUS/DIPTERYX ODORATA SEED FERMENT FILTRATE,skin-conditioning
CATALPA BIGNONIOIDES LEAF EXTRACT,skin-conditioning
PEG-60 PASSIFLORA EDULIS SEED GLYCERIDES,emollient
PEG-60 PASSIFLORA EDULIS SEED GLYCERIDES,emulsifying
MONOSACCHARIDE LACTATE CONDENSATE,antistatic
MONOSACCHARIDE LACTATE CONDENSATE,skin-conditioning
SH-POLYPEPTIDE-42,skin-conditioning
CORN OIL PEG-8 ESTERS,emollient
CORN OIL PEG-8 ESTERS,emulsifying
CORN OIL PEG-8 ESTERS,skin-conditioning
CORN OIL PEG-8 ESTERS,surfactant
ISOCETYL MYRISTATE,emollient
ISOCETYL MYRISTATE,skin-conditioning
HYDROXYPROPYL TETRAHYDROPYRANTRIOL,skin-conditioning
ASPERGILLUS/LACTOBACILLUS/SACCHAROMYCES/BARLEY/RICE/SOYBEAN SEED FERMENT FILTRATE,humectant
ASPERGILLUS/LACTOBACILLUS/SACCHAROMYCES/BARLEY/RICE/SOYBEAN SEED FERMENT FILTRATE,skin-conditioning
DOLICHOS UNGUICULATA SEED EXTRACT,skin-conditioning
SYNURUS PALMATOPINNATIFIDUS LEAF/STEM EXTRACT,humectant
PRUNUS CERASUS FLOWER EXTRACT,skin-conditioning
CYTIDINE,skin-conditioning
CYTIDINE,skin-protecting
HEXYLDECYL STEARATE,emollient
HEXYLDECYL STEARATE,skin-conditioning
ZIYU GLYCOSIDE II,skin-conditioning
HYSSOPUS OFFICINALIS FLOWER/LEAF/STEM OIL,masking
HYSSOPUS OFFICINALIS FLOWER/LEAF/STEM OIL,skin-conditioning
FORSYTHIA VIRIDISSIMA FRUIT/(ACTAEA DAHURICA/GLYCYRRHIZA GLABRA/PAEONIA LACTIFLORA/PLATYCODON GRANDIFLORUS/PUERARIA MONTANA) ROOT EXTRACT,skin-conditioning
BULBINE FRUTESCENS LEAF JUICE,skin-conditioning
CANNABIS SATIVA SEED OIL PEG-8 ESTERS,emollient
CANNABIS SATIVA SEED OIL PEG-8 ESTERS,emulsifying
CANNABIS SATIVA SEED OIL PEG-8 ESTERS,skin-conditioning
CANNABIS SATIVA SEED OIL PEG-8 ESTERS,surfactant
DIOCTYLDODECYL ADIPATE,emollient
DIOCTYLDODECYL ADIPATE,plasticiser
DIOCTYLDODECYL ADIPATE,skin-conditioning
PSORALEA CORYLIFOLIA FRUIT EXTRACT,skin-conditioning
PSORALEA CORYLIFOLIA FRUIT EXTRACT,tonic
BIFIDA/PANAX GINSENG ROOT FERMENT FILTRATE,skin-conditioning
GLYCERYL PPG-16/SMDI HEA/HYDROXYISOPROPYL METHACRYLATE,film-forming
LINUM USITATISSIMUM SEED FLOUR,abrasive
LINUM USITATISSIMUM SEED FLOUR,absorbent
LINUM USITATISSIMUM SEED FLOUR,bulking
LINUM USITATISSIMUM SEED FLOUR,viscosity-controlling
SOLANUM AVICULARE FRUIT EXTRACT,skin-conditioning
HYDRASTIS CANADENSIS ROOT EXTRACT,masking
HYDRASTIS CANADENSIS ROOT EXTRACT,skin-conditioning
CYPERUS PAPYRUS LEAF CELL EXTRACT,antioxidant
CYPERUS PAPYRUS LEAF CELL EXTRACT,skin-protecting
PALMITOYL LYSYL AMINOVALEROYL LYSINE,skin-conditioning
BUTYROSPERMUM PARKII LEAF EXTRACT,emollient
BUTYROSPERMUM PARKII LEAF EXTRACT,skin-conditioning
C16-17 ALKYL BENZOATE,antimicrobial
C16-17 ALKYL BENZOATE,emollient
C16-17 ALKYL BENZOATE,skin-conditioning
C16-17 ALKYL BENZOATE,solvent
PEG-16 CASTOR OIL,emollient
PEG-16 CASTOR OIL,emulsifying
CALCIUM MYRISTATE,anticaking
CALCIUM MYRISTATE,emulsion-stabilising
CALCIUM MYRISTATE,surfactant
CALCIUM MYRISTATE,viscosity-controlling
QUASSIA AMARA WOOD POWDER,skin-conditioning
ETHYLHEXYL ESTER OF TETRADECENE/HEXADECENE/MA COPOLYMER,skin-conditioning
STYRENE/METHACRYLAMIDE/ACRYLATES COPOLYMER,film-forming
STYRENE/METHACRYLAMIDE/ACRYLATES COPOLYMER,viscosity-controlling
SODIUM C4-12 OLEFIN/MALEIC ACID COPOLYMER,binding
SODIUM C4-12 OLEFIN/MALEIC ACID COPOLYMER,emulsion-stabilising
SODIUM C4-12 OLEFIN/MALEIC ACID COPOLYMER,film-forming
SODIUM C4-12 OLEFIN/MALEIC ACID COPOLYMER,viscosity-controlling
DIAMINOPROPIONOYL TRIPEPTIDE-33,skin-conditioning
MYRISTOYL HEXAPEPTIDE-13,skin-conditioning
AGRIMONIA EUPATORIA FLOWER EXTRACT,skin-conditioning
PEG-5 PENTAERYTHRITYL DMPA-2 CAPRATE/CAPRYLATE DENDRIMER,viscosity-controlling
MYOSOTIS SYLVATICA FLOWER/LEAF/STEM EXTRACT,skin-conditioning
TRIPEPTIDE-68,skin-conditioning
HONEY EXTRACT,flavouring
HONEY EXTRACT,humectant
HONEY EXTRACT,skin-conditioning
COCHLEARIA OFFICINALIS FLOWER/LEAF/STALK EXTRACT,skin-conditioning
BIS-HYDROXYETHYL ACRYLATE POLY(1‚4-BUTANEDIOL)-9/TMHDI COPOLYMER,film-forming
PEG/PPG-14/7 DIMETHYL ETHER,skin-conditioning
SH-POLYPEPTIDE-89,antioxidant
SH-POLYPEPTIDE-89,humectant
SH-POLYPEPTIDE-89,skin-conditioning
GLYCERIN/PHTHALIC ACID COPOLYMER CASTORATE,film-forming
RUBUS CAESIUS FRUIT EXTRACT,skin-conditioning
PPG-26/TDI COPOLYMER,film-forming
PPG-26/TDI COPOLYMER,plasticiser
PALM OIL POLYGLYCERYL-5 ESTERS,emollient
PALM OIL POLYGLYCERYL-5 ESTERS,emulsifying
PALM OIL POLYGLYCERYL-5 ESTERS,skin-conditioning
PALM OIL POLYGLYCERYL-5 ESTERS,surfactant
GLUCOMANNAN,skin-conditioning
GLUCOMANNAN,skin-protecting
GLYCERYL LINOLENATE,emollient
STEARYLDIMONIUMHYDROXYPROPYL LAURYLGLUCOSIDES CHLORIDE,cleansing
STEARYLDIMONIUMHYDROXYPROPYL LAURYLGLUCOSIDES CHLORIDE,emulsifying
STEARYLDIMONIUMHYDROXYPROPYL LAURYLGLUCOSIDES CHLORIDE,skin-conditioning
STEARYLDIMONIUMHYDROXYPROPYL LAURYLGLUCOSIDES CHLORIDE,surfactant
KIDACHI ALOE YOUJYUU MATSU,emollient
KIDACHI ALOE YOUJYUU MATSU,skin-conditioning
ROSA HYBRID FLOWER CERA,emollient
BUTOXYDIGLYCOL,masking
BUTOXYDIGLYCOL,solvent
BUTOXYDIGLYCOL,viscosity-controlling
XYLOGLUCAN,humectant
ETHYLHEXYL LAURATE,emollient
HEXAMETHYLENEDIAMINE/MDI COPOLYMER,film-forming
CETETH-9 STEARATE,skin-conditioning
ALLIUM MONANTHUM EXTRACT,skin-conditioning
GINKGO BILOBA CALLUS CULTURE EXTRACT,skin-conditioning
CUCURBITA MAXIMA FRUIT EXTRACT,skin-conditioning
OZONIZED PERESKIA GRANDIFOLIA CALLUS CULTURE EXTRACT,skin-conditioning
LITHIUM GLUCONATE,skin-conditioning
ISOPROPYL CYANOACRYLATE,film-forming
TAPIOCA STARCH,viscosity-controlling
ALTHAEA ROSEA CALLUS,emollient
ALTHAEA ROSEA CALLUS,humectant
ALTHAEA ROSEA CALLUS,skin-conditioning
HEXACARBOXYMETHYL DIPEPTIDE-12,humectant
CITRUS GRANDIS/PARADISI FRUIT WATER,masking
CITRUS GRANDIS/PARADISI FRUIT WATER,skin-conditioning
SACCHAROMYCES/HYDROLYZED COLLAGEN/SUCROSE FERMENT FILTRATE,humectant
MYRCIARIA DUBIA SEED EXTRACT,skin-conditioning
SACCHAROMYCES/RICE BRAN/GERM FERMENT FILTRATE,skin-conditioning
PEG/PPG-27/14 DIMETHYL ETHER,skin-conditioning
DIPHENYLETHYL BENZYLOXY DISILOXANE,skin-conditioning
AMMONIUM PHOSPHATIDYL RAPESEEDATE,emollient
AMMONIUM PHOSPHATIDYL RAPESEEDATE,emulsifying
AMMONIUM PHOSPHATIDYL RAPESEEDATE,emulsion-stabilising
AMMONIUM PHOSPHATIDYL RAPESEEDATE,skin-conditioning
AMMONIUM PHOSPHATIDYL RAPESEEDATE,surfactant
AMMONIUM PHOSPHATIDYL RAPESEEDATE,viscosity-controlling
DILINOLEIC ACID/GLYCOL COPOLYMER,film-forming
ASPERGILLUS/SNAIL SECRETION FILTRATE FERMENT FILTRATE,skin-conditioning
PPG-4 LAURETH-15,emollient
PPG-4 LAURETH-15,emulsifying
PPG-4 LAURETH-15,skin-conditioning
PPG-4 LAURETH-15,surfactant
SH-OLIGOPEPTIDE-84,emollient
SH-OLIGOPEPTIDE-84,humectant
SH-OLIGOPEPTIDE-84,skin-conditioning
METHYL UNDECENOYL LEUCINATE,skin-conditioning
CALCIUM GLYCINATE,buffering
CALCIUM GLYCINATE,skin-conditioning
CAFFEOYL HEXAPEPTIDE-65,antimicrobial
CAFFEOYL HEXAPEPTIDE-65,antioxidant
CAFFEOYL HEXAPEPTIDE-65,skin-conditioning
CAFFEOYL HEXAPEPTIDE-65,skin-protecting
ARTEMISIA ABROTANUM LEAF/STEM EXTRACT,moisturising
ARTEMISIA ABROTANUM LEAF/STEM EXTRACT,skin-conditioning
C9-15 FLUOROALCOHOL PHOSPHATE,skin-conditioning
OLIGOPEPTIDE-88,skin-conditioning
POUTERIA LUCUMA SEED EXTRACT,skin-conditioning
PENTAPEPTIDE-52,skin-conditioning
METHYLBUTYLPHENYL PROPYLBENZOATE,skin-conditioning
ETHYL AVOCADATE,emollient
LACTOBACILLUS/STREPTOCOCCUS THERMOPHILUS/MOLASSES/RICE BRAN/(CITRUS JUNOS/FIG/LYCIUM CHINENSE/MYRICA RUBRA/PRUNUS DOMESTICA/VACCINIUM ASHEI/VACCINIUM AUSTRALE) FRUIT/(ARTEMISIA PRINCEPS/ERIOBOTRYA JAPONICA/LAVENDER/MELISSA OFFICINALIS/TURNIP) LEAF/(MELISSA OFFICINALIS/LAVENDER/TURNIP) STALK/AGARICUS BLAZEI/LENTINULA EDODES/GRIFOLA FRONDOSA/HIZIKIA FUSIFORME/LAMINARIA JAPONICA/UNDARIA PINNATIFIDA FERMENT FILTRATE,skin-conditioning
AMINOPROPYL MENTHYL PHOSPHATE,antidandruff
AMINOPROPYL MENTHYL PHOSPHATE,antiseborrhoeic
AMINOPROPYL MENTHYL PHOSPHATE,skin-conditioning
COCAMIDE DIPA,emulsifying
COCAMIDE DIPA,surfactant
COCAMIDE DIPA,viscosity-controlling
MICROCRYSTALLINE WAX,binding
MICROCRYSTALLINE WAX,bulking
MICROCRYSTALLINE WAX,emulsion-stabilising
MICROCRYSTALLINE WAX,viscosity-controlling
ROSA GALLICA FLOWER,skin-conditioning
POLYUREA CROSSPOLYMER-3,film-forming
SYNTHETIC PETROLATUM,skin-conditioning
SYNTHETIC PETROLATUM,viscosity-controlling
ULMUS DAVIDIANA CALLUS CULTURE EXTRACT,skin-conditioning
POLYGLYCERYL-10 DECASTEARATE,skin-conditioning
METHOXYPHENYL T-BUTYLPHENYL PROPANEDIOL,skin-conditioning
BIFIDA/HYDROLYZED MILK/LACTOSE/SODIUM ASCORBATE/SILICON FERMENT FILTRATE,humectant
BERGENIA CILIATA ROOT EXTRACT,skin-conditioning
ACACIA CATECHU SEED POWDER,skin-conditioning
ANGELICA GIGAS SPROUT EXTRACT,skin-conditioning
LINUM ALPINUM FLOWER/LEAF/STEM EXTRACT,skin-conditioning
SACCHAROMYCES/RICE FERMENT FILTRATE EXTRACT,antioxidant
SACCHAROMYCES/RICE FERMENT FILTRATE EXTRACT,skin-conditioning
SACCHAROMYCES/RICE FERMENT FILTRATE EXTRACT,skin-protecting
HYDRANGEA ARBORESCENS ROOT EXTRACT,skin-conditioning
QUERCUS MONGOLICA LEAF EXTRACT,skin-conditioning
DIMETHOXYPHENETHYL RESORCINOL,antioxidant
DIMETHOXYPHENETHYL RESORCINOL,skin-conditioning
POLYGLYCERYL-10 BEHENATE/EICOSADIOATE,emulsifying
POLYGLYCERYL-10 BEHENATE/EICOSADIOATE,skin-conditioning
HYDROLYZED CERCIDIUM FLORIDUM BARK,skin-protecting
HYDROLYZED LECITHIN EXTRACT,emollient
HYDROLYZED LECITHIN EXTRACT,skin-conditioning
HYDROLYZED LECITHIN EXTRACT,skin-protecting
HYDRANGEA MACROPHYLLA ROOT EXTRACT,skin-conditioning
CAPRYLOYL SH-NONAPEPTIDE-6,skin-conditioning
BUTYL 3-GLYCERYL ASCORBATE,antioxidant
BUTYL 3-GLYCERYL ASCORBATE,humectant
POLYGLYCERYL-8 DECAERUCATE/DECAISOSTEARATE/DECARICINOLEATE,skin-conditioning
KLUYVEROMYCES/LACTOBACILLUS/HIPPOPHAE RHAMNOIDES OIL FERMENT FILTRATE,antioxidant
KLUYVEROMYCES/LACTOBACILLUS/HIPPOPHAE RHAMNOIDES OIL FERMENT FILTRATE,skin-conditioning
KLUYVEROMYCES/LACTOBACILLUS/HIPPOPHAE RHAMNOIDES OIL FERMENT FILTRATE,skin-protecting
PEG-8,humectant
PEG-8,solvent
PRUNUS YEDOENSIS FLOWER/TWIG WATER,humectant
PRUNUS YEDOENSIS FLOWER/TWIG WATER,skin-conditioning
DIPHYLLEIA GRAYI EXTRACT,emollient
DIPHYLLEIA GRAYI EXTRACT,humectant
DIPHYLLEIA GRAYI EXTRACT,skin-conditioning
PALMITOYL OLIGOPEPTIDE-135,skin-conditioning
TEA-LANETH-5 SULFATE,emulsifying
TEA-LANETH-5 SULFATE,skin-conditioning
TEA-LANETH-5 SULFATE,surfactant
PYRUS COMMUNIS FRUIT JUICE,astringent
PYRUS COMMUNIS FRUIT JUICE,skin-conditioning
HYDROGENATED BUTADIENE/ISOPRENE/STYRENE COPOLYMER,film-forming
CURCUMA LONGA CALLUS LYSATE,skin-conditioning
ASPERGILLUS/LACTOBACILLUS/GINGER ROOT/RICE FERMENT FILTRATE,skin-conditioning
GERMINATED CARTHAMUS TINCTORIUS SEED/PLANTAGO ASIATICA SEED/NELUMBO NUCIFERA SEED/PSORALEA CORYLIFOLIA SEED/ALLIUM TUBEROSUM SEED/BRASSICA CAMPESTRIS SEED/ZIZYPHUS JUJUBA FRUIT/ASTRAGALUS MEMBRANACEUS ROOT/PLATYCODON GRANDIFLORUM ROOT/POLYGONUM MULTIFLORUM/ANGELICA GIGAS/VELVET/PORIA COCOS/LYCIUM CHINENSE FRUIT/PANAX GINSENG ROOT/EUCOMMIA ULMOIDES BARK/TRIBULUS TERRESTRIS FRUIT/POLYGALA TENUIFOLIA ROOT/DENDROBIUM NOBILE/ACHYRANTHES JAPONICA/EPIMEDIUM KOREANUM/REHMANNIA GLUTINOSA ROOT/CORNUS OFFICINALIS FRUIT/RUBUS COREANUS FRUIT/MORINDA CITRIFOLIA/ALPINIA OXYPHYLLA SEED EXTRACT,antioxidant
GERMINATED CARTHAMUS TINCTORIUS SEED/PLANTAGO ASIATICA SEED/NELUMBO NUCIFERA SEED/PSORALEA CORYLIFOLIA SEED/ALLIUM TUBEROSUM SEED/BRASSICA CAMPESTRIS SEED/ZIZYPHUS JUJUBA FRUIT/ASTRAGALUS MEMBRANACEUS ROOT/PLATYCODON GRANDIFLORUM ROOT/POLYGONUM MULTIFLORUM/ANGELICA GIGAS/VELVET/PORIA COCOS/LYCIUM CHINENSE FRUIT/PANAX GINSENG ROOT/EUCOMMIA ULMOIDES BARK/TRIBULUS TERRESTRIS FRUIT/POLYGALA TENUIFOLIA ROOT/DENDROBIUM NOBILE/ACHYRANTHES JAPONICA/EPIMEDIUM KOREANUM/REHMANNIA GLUTINOSA ROOT/CORNUS OFFICINALIS FRUIT/RUBUS COREANUS FRUIT/MORINDA CITRIFOLIA/ALPINIA OXYPHYLLA SEED EXTRACT,skin-conditioning
AMINOPROPYL ZINC POLYSILSESQUIOXANE CHLORIDE,humectant
AMINOPROPYL ZINC POLYSILSESQUIOXANE CHLORIDE,skin-conditioning
METHYL METHACRYLATE CROSSPOLYMER-2,film-forming
METHYL METHACRYLATE CROSSPOLYMER-2,opacifying
HYDROLYZED PUNICA GRANATUM MESOCARP EXTRACT,emollient
HYDROLYZED PUNICA GRANATUM MESOCARP EXTRACT,humectant
HYDROLYZED PUNICA GRANATUM MESOCARP EXTRACT,skin-conditioning
PPG-2 TOCOPHERETH-5,anticaking
PPG-2 TOCOPHERETH-5,antioxidant
PPG-2 TOCOPHERETH-5,skin-conditioning
HYDROLYZED CITRUS AURANTIUM DULCIS FRUIT EXTRACT,skin-protecting
BLETILLA STRIATA ROOT POWDER,antimicrobial
BLETILLA STRIATA ROOT POWDER,humectant
BLETILLA STRIATA ROOT POWDER,skin-conditioning
CASTANEA CRENATA BRANCH/LEAF EXTRACT,skin-conditioning
ASIMINA TRILOBA LEAF EXTRACT,humectant
ASIMINA TRILOBA LEAF EXTRACT,skin-conditioning
PARIETARIA OFFICINALIS EXTRACT,emollient
PARIETARIA OFFICINALIS EXTRACT,soothing
C11-12 ISOPARAFFIN,skin-conditioning
C11-12 ISOPARAFFIN,solvent
RICE HULL VINEGAR,skin-conditioning
PEG/PPG-52/32 DIMETHYL ETHER,skin-conditioning
TETRAPEPTIDE-64,skin-conditioning
QUERCETAGETIN,skin-protecting
ACRYLONITRILE/GLYCOL DIMETHACRYLATE CROSSPOLYMER,absorbent
ACRYLONITRILE/GLYCOL DIMETHACRYLATE CROSSPOLYMER,binding
ACRYLONITRILE/GLYCOL DIMETHACRYLATE CROSSPOLYMER,film-forming
SAMBUCUS EBULUS FRUIT EXTRACT,skin-conditioning
ISOAMYL LAURATE,emollient
ISOAMYL LAURATE,skin-conditioning
POLYQUATERNIUM-35,antistatic
POLYQUATERNIUM-35,film-forming
HIPPOPHAE RHAMNOIDES KERNEL EXTRACT,masking
HIPPOPHAE RHAMNOIDES KERNEL EXTRACT,skin-conditioning
STREPTOMYCES PULVERACEUS FERMENT FILTRATE,humectant
STREPTOMYCES PULVERACEUS FERMENT FILTRATE,skin-conditioning
BIFIDOBACTERIUM/LACTOBACILLUS ACANTHOPANAX KOREANUM ROOT EXTRACT FERMENT,emollient
BIFIDOBACTERIUM/LACTOBACILLUS ACANTHOPANAX KOREANUM ROOT EXTRACT FERMENT,humectant
BIFIDOBACTERIUM/LACTOBACILLUS ACANTHOPANAX KOREANUM ROOT EXTRACT FERMENT,skin-conditioning
ISOPROPYLIDENEGLYCERYL COCOATE,emollient
ISOPROPYLIDENEGLYCERYL COCOATE,skin-conditioning
SYMPLOCOS RACEMOSA BARK EXTRACT,humectant
SYMPLOCOS RACEMOSA BARK EXTRACT,skin-conditioning
METHYL PERFLUOROBUTYL ETHER,solvent
METHYL PERFLUOROBUTYL ETHER,viscosity-controlling
WALTHERIA INDICA LEAF EXTRACT,skin-conditioning
SEC-BUTYLPHENYL GLYCERYL ETHER,antioxidant
SEC-BUTYLPHENYL GLYCERYL ETHER,humectant
MANGANESE ASPARTATE,skin-conditioning
WATERMELON SEED OIL POLYGLYCERYL-6 ESTERS,emulsifying
WATERMELON SEED OIL POLYGLYCERYL-6 ESTERS,skin-conditioning
SH-POLYPEPTIDE-70,skin-conditioning
ACRYLATES/STEARETH-20 ITACONATE COPOLYMER,viscosity-controlling
RUBUS FRUTICOSUS LEAF EXTRACT,masking
RUBUS FRUTICOSUS LEAF EXTRACT,skin-conditioning
DIMETHICONE/PEG-3/PPG-15 CROSSPOLYMER,skin-conditioning
DIMETHICONE/PEG-3/PPG-15 CROSSPOLYMER,viscosity-controlling
METHIONYL SH-POLYPEPTIDE-7 ALANYL SR-SPIDER OLIGOPEPTIDE-1,emollient
METHIONYL SH-POLYPEPTIDE-7 ALANYL SR-SPIDER OLIGOPEPTIDE-1,skin-conditioning
DRACONTIUM LONGIPES EXTRACT,skin-protecting
OLEYL MYRISTATE,emollient
TETRAPEPTIDE-11,skin-conditioning
QUATERNIUM-90 MONTMORILLONITE,emulsifying
QUATERNIUM-90 MONTMORILLONITE,viscosity-controlling
DEFINED CELL CULTURE MEDIA 8,antioxidant
DEFINED CELL CULTURE MEDIA 8,skin-conditioning
DEFINED CELL CULTURE MEDIA 8,skin-protecting
SILENE COLORATA EXTRACT,skin-conditioning
POTASSIUM GLYCOL SULFATE,viscosity-controlling
POLYMETHYL METHACRYLATE,film-forming
PASSIFLORA LAURIFOLIA FRUIT EXTRACT,skin-conditioning
OLIGOPEPTIDE-137,skin-conditioning
HELICHRYSUM ITALICUM FLOWER/LEAF/STEM WATER,skin-conditioning
PERSEA JAPONICA BRANCH EXTRACT,skin-conditioning
CORYDALIS AMBIGUA BARK/ROOT EXTRACT,skin-conditioning
CYMBOPOGON MARTINI OIL,masking
CYMBOPOGON MARTINI OIL,skin-conditioning
CYMBOPOGON MARTINI OIL,tonic
PYRIDOXINE HYDROXYBENZOATE,antioxidant
PYRIDOXINE HYDROXYBENZOATE,skin-conditioning
GLYCERIN/DIMER DILINOLEATE COPOLYMER,emollient
GLYCERIN/DIMER DILINOLEATE COPOLYMER,skin-conditioning
SECALE CEREALE SEED EXTRACT,abrasive
SECALE CEREALE SEED EXTRACT,bulking
SECALE CEREALE SEED EXTRACT,skin-conditioning
PPG-3-ISODECETH-1,emollient
PPG-3-ISODECETH-1,skin-conditioning
OLEA EUROPAEA BUD EXTRACT,antioxidant
OLEA EUROPAEA BUD EXTRACT,emollient
TORREYA NUCIFERA EXTRACT,skin-conditioning
SIMMONDSIA CHINENSIS MEAL EXTRACT,emollient
SIMMONDSIA CHINENSIS MEAL EXTRACT,humectant
SIMMONDSIA CHINENSIS MEAL EXTRACT,skin-conditioning
SIMMONDSIA CHINENSIS MEAL EXTRACT,skin-protecting
GYNOSTEMMA PENTAPHYLLUM/LUFFA CYLINDRICA HYBRID CELL EXTRACT,skin-conditioning
ALLANTOIN GALACTURONIC ACID,skin-conditioning
ALLANTOIN GALACTURONIC ACID,skin-protecting
ALLANTOIN GALACTURONIC ACID,soothing
ASCORBYL METHYLSILANOL PECTINATE,antioxidant
ASCORBYL METHYLSILANOL PECTINATE,viscosity-controlling
HYDROLYZED HORSE AMNION EXTRACT,emollient
HYDROLYZED HORSE AMNION EXTRACT,humectant
HYDROLYZED HORSE AMNION EXTRACT,skin-conditioning
SD ALCOHOL 46,astringent
SD ALCOHOL 46,solvent
SD ALCOHOL 46,viscosity-controlling
NARINGENIN,skin-conditioning
BIS-DECYLTETRADECANYL IPDI/PEG-795 COPOLYMER,film-forming
BIS-DECYLTETRADECANYL IPDI/PEG-795 COPOLYMER,viscosity-controlling
LAUROYL POLYNEOPENTYL GLYCOL ADIPATE PHTHALTE/PEI-45 CROSSPOLYMER,viscosity-controlling
LIGUSTRUM JAPONICUM WOOD EXTRACT,skin-conditioning
ISOCHRYSIS GALBANA/PHAEODACTYLUM TRICORNUTUM EXTRACT,skin-conditioning
PRUNUS ARMENIACA KERNEL OIL,masking
PRUNUS ARMENIACA KERNEL OIL,skin-conditioning
POLYGLYCERYL-2 DIISOSTEARATE/IPDI COPOLYMER,binding
POLYGLYCERYL-2 DIISOSTEARATE/IPDI COPOLYMER,emulsion-stabilising
POLYGLYCERYL-2 DIISOSTEARATE/IPDI COPOLYMER,film-forming
CITRUS JUNOS FRUIT JUICE,humectant
SH-OLIGOPEPTIDE-33,skin-conditioning
TRIPEPTIDE-65 DIMER,skin-conditioning
SUBTILISIN,keratolytic
SUBTILISIN,skin-conditioning
NICOTINOYL OCTAPEPTIDE-13,antioxidant
NICOTINOYL OCTAPEPTIDE-13,skin-protecting
POLYGLYCERYL-10 DECAETHYLHEXANOATE,humectant
ADANSONIA DIGITATA SEED OIL PEG-8 ESTERS,emollient
ADANSONIA DIGITATA SEED OIL PEG-8 ESTERS,emulsifying
DIBUTYLOCTYL MALATE,emollient
DIBUTYLOCTYL MALATE,plasticiser
DIBUTYLOCTYL MALATE,skin-conditioning
DIBUTYLOCTYL MALATE,solvent
INGA ALBA BARK EXTRACT,skin-conditioning
HYDROXYPROPYLTRISILOXYL IPDI/PEG-14 COPOLYMER,binding
HYDROXYPROPYLTRISILOXYL IPDI/PEG-14 COPOLYMER,cleansing
HYDROXYPROPYLTRISILOXYL IPDI/PEG-14 COPOLYMER,foam-boosting
HYDROXYPROPYLTRISILOXYL IPDI/PEG-14 COPOLYMER,skin-conditioning
HYDROXYPROPYLTRISILOXYL IPDI/PEG-14 COPOLYMER,surfactant
AHNFELTIOPSIS CONCINNA EXTRACT,skin-conditioning
PRUNUS AMYGDALUS DULCIS SEED EXTRACT,skin-conditioning
MAGNOLIA LILIFLORA BUD EXTRACT,skin-conditioning
BRASENIA SCHREBERI LEAF EXTRACT,skin-conditioning
ZINC PYRIDOXAL 5-PHOSPHATE,antioxidant
ZINC PYRIDOXAL 5-PHOSPHATE,skin-conditioning
PYRUS COMMUNIS TWIG EXTRACT,skin-conditioning
GLYCERYL PALMITATE,emollient
METHYL ALOESINYL CINNAMATE,skin-conditioning
ROSA RUBIGINOSA FRUIT EXTRACT,emollient
ROSA RUBIGINOSA FRUIT EXTRACT,skin-conditioning
ABIES SACHALINENSIS LEAF EXTRACT,humectant
ABIES SACHALINENSIS LEAF EXTRACT,skin-conditioning
CITRUS DEPRESSA PEEL EXTRACT,humectant
OLIGOPEPTIDE-123,skin-conditioning
INDOLE ACETIC ACID,skin-conditioning
OCTYLDODECYL BENZOATE,emollient
PEG-23 OLIVATE,emollient
PEG-23 OLIVATE,emulsifying
PEG-23 OLIVATE,surfactant
ECLIPTA PROSTRATA WAX,skin-conditioning
PANAX GINSENG FLOWER/LEAF/STEM EXTRACT,astringent
PANAX GINSENG FLOWER/LEAF/STEM EXTRACT,humectant
CROCUS SATIVUS STYLE EXTRACT,skin-conditioning
EIJITSU EKISU,masking
EIJITSU EKISU,skin-conditioning
PENTAERYTHRITYL ADIPATE/CAPRATE/CAPRYLATE/HEPTANOATE,emollient
PENTAERYTHRITYL ADIPATE/CAPRATE/CAPRYLATE/HEPTANOATE,viscosity-controlling
ACRYLATES/VINYL NEODECANOATE CROSSPOLYMER,emulsion-stabilising
ACRYLATES/VINYL NEODECANOATE CROSSPOLYMER,film-forming
ACRYLATES/VINYL NEODECANOATE CROSSPOLYMER,viscosity-controlling
CYPERUS PAPYRUS LEAF CELL CULTURE EXTRACT,skin-conditioning
ORYZANOL,antistatic
ORYZANOL,skin-conditioning
ANANAS SATIVUS FRUIT WATER,skin-conditioning
CAPSAICINYL GLUCOSIDES,humectant
CAMELLIA SINENSIS SPROUT EXTRACT,antimicrobial
CAMELLIA SINENSIS SPROUT EXTRACT,antioxidant
CAMELLIA SINENSIS SPROUT EXTRACT,astringent
CAMELLIA SINENSIS SPROUT EXTRACT,oral-care
CAMELLIA SINENSIS SPROUT EXTRACT,skin-conditioning
VINCETOXICUM HIRUNDINARIA ROOT EXTRACT,skin-conditioning
C26-28 ALKYL METHICONE,skin-conditioning
SACCHAROMYCES/ASTRAGALUS MEMBRANACEUS ROOT FERMENT EXTRACT,antioxidant
SACCHAROMYCES/ASTRAGALUS MEMBRANACEUS ROOT FERMENT EXTRACT,skin-conditioning
SACCHAROMYCES/ASTRAGALUS MEMBRANACEUS ROOT FERMENT EXTRACT,skin-protecting
GLYCERYL LINOLEATE,emollient
GLYCERYL LINOLEATE,emulsifying
ACACIA DECURRENS EXTRACT,astringent
ACACIA DECURRENS EXTRACT,skin-conditioning
ACACIA DECURRENS EXTRACT,tonic
ALPINIA OFFICINARUM ROOT EXTRACT,skin-conditioning
VERBASCUM PULVERULENTUM FLOWER/STEM EXTRACT,skin-conditioning
PHILADELPHUS CORONARIUS FLOWER EXTRACT,skin-conditioning
GREYIA FLANAGANII LEAF EXTRACT,antioxidant
GREYIA FLANAGANII LEAF EXTRACT,uv-filter
DEFINED CELL CULTURE MEDIA 5,skin-conditioning
PEG-10 ACRYLATE/PERFLUOROHEXYLETHYL ACRYLATE COPOLYMER,film-forming
REYNOUTRIA SACHALINENSIS FRUIT EXTRACT,humectant
REYNOUTRIA SACHALINENSIS FRUIT EXTRACT,skin-conditioning
REYNOUTRIA SACHALINENSIS FRUIT EXTRACT,skin-protecting
MYRETH-2 MYRISTATE,emollient
MYRETH-2 MYRISTATE,skin-conditioning
MYRETH-2 MYRISTATE,surfactant
TRIMETHYLAMINE OXIDE,humectant
TRIMETHYLAMINE OXIDE,masking
AUREOBASIDIUM PULLULANS/OLIVE OIL FERMENT FILTRATE,skin-conditioning
AUREOBASIDIUM PULLULANS/OLIVE OIL FERMENT FILTRATE,skin-protecting
PRUNUS INSITITIA JUICE,skin-conditioning
ABRUS FRUTICULOSUS LEAF EXTRACT,skin-conditioning
CELLULOSE ACETATE,film-forming
ORYZA SATIVA LEAF EXTRACT,skin-conditioning
POLYGONUM FAGOPYRUM SEED EXTRACT,skin-conditioning
MANTIS EXTRACT,skin-conditioning
PINUS PINASTER LEAF EXTRACT,skin-conditioning
ETHYLHEXYL HYDROXYSTEARATE,emollient
CAMELLIA SINENSIS CALLUS EXTRACT,skin-protecting
ECHINACEA PURPUREA LEAF/STEM/MERISTEM CELL CULTURE EXTRACT,skin-conditioning
SUAEDA MARITIMA FLOWER/LEAF/STEM EXTRACT,skin-conditioning
HESPERETHUSA CRENULATA BARK EXTRACT,skin-conditioning
TRIISOSTEAROYL 3-GLYCERYL ASCORBATE,humectant
TRIISOSTEAROYL 3-GLYCERYL ASCORBATE,skin-conditioning
MELAMPYRUM ROSEUM EXTRACT,skin-conditioning
YOMOGI EKISU,skin-conditioning
MORINDA CITRIFOLIA SEED OIL,skin-conditioning
LACTOBACILLUS/SCUTELLARIA BAICALENSIS ROOT EXTRACT FERMENT FILTRATE,antioxidant
LACTOBACILLUS/SCUTELLARIA BAICALENSIS ROOT EXTRACT FERMENT FILTRATE,skin-conditioning
GALLOYL HEXAPEPTIDE-48,antioxidant
GALLOYL HEXAPEPTIDE-48,skin-protecting
CORDYCEPIN,skin-conditioning
ACETOBACTER/ASPERGILLUS/LACTOBACILLUS/LEUCONOSTOC/PEDIOCOCCUS/SACCHAROMYCES/ZYGOSACCHAROMYCES/CITRUS UNSHIU FRUIT/CITRUS JAPONICA FRUIT/CITRUS JUNOS FRUIT/ APPLE FRUIT/BANANA FRUIT/PAPAYA FRUIT/ PYRUS SEROTINA FRUIT/ DIOSPYROS KAKI FRUIT/WATERMELON FRUIT/PEACH FRUIT/ PRUNUS MUME FRUIT/FIG FRUIT/CHAENOMELES SINENSIS FRUIT/ERIOBOTRYA JAPONICA FRUIT/APRICOT FRUIT/ ZIZYPHUS JUJUBA FRUIT/CUCURBITA MAXIMA FRUIT/CASTANEA CRENATA FRUIT/VITIS COIGNETIAE FRUIT/RASPBERRY FRUIT/MOMORDICA GROSVENORII FRUIT/LYCIUM CHINENSE FRUIT/GLYCINE MAX SEED/PHASEOLUS ANGULARIS SEED/CANAVALIA ENSIFORMIS SEED/RICE SEED/HORDEUM VULGARE SEED/COIX LACRYMA-JOBI MA-YUEN SEED/ECHINOCHLOA CRUS-GALLI SEED/SETARIA ITALICA SEED/MILLET SEED/HEMEROCALLIS FULVA FLOWER/CABBAGE LEAF/STEM/MORUS BOMBYCIS LEAF/PERILLA FRUTESCENS LEAF/IPOMOEA BATATAS ROOT/COLOCASIA ANTIQUORUM TUBER/DIOSCOREA BATATAS RHIZOME/IRIDEA LAMINARIOIDES/LAMINARIA JAPONICA/NEMACYSTUS DECIPIENS/UNDARIA PINNATIFIDA/RADISH ROOT/TURNIP ROOT/CARROT ROOT/ARCTIUM LAPPA ROOT/NELUMBO NUCIFERA RHIZOME/ONION BULB/LILIUM AURATUM BULB/LICORICE ROOT/SAGITTARIA TRIFOLIA ROOT/SESAME SEED/GINKGO BILOBA SEED/JUGLANS SUBCORDIFORMIS FRUIT/PANAX GINSENG SEED/ACTINIDIA POLYGAMA FRUIT/HYDNUM ERINACEUM FRUITING BODY/GRIFOLA FRONDOSA FRUITING BODY/PRUNUS SALICINA FRUIT/AKEBIA QUINATA FRUIT/CRATAEGUS CUNEATA FRUIT/CORNUS OFFICINALIS FRUIT/NEPHELIUM LONGANA FRUIT/HOUTTUYNIA CORDATA/ARTEMISIA PRINCEPS/SASA VEITCHII LEAF/GLECHOMA HEDERACEA/CHAMOMILLA RECUTITA FLOWER/EQUISETUM ARVENSE/CASSIA OBTUSIFOLIA SEED/TARAXACUM OFFICINALE/ISODON JAPONICUS/SAFFLOWER FLOWER/PLANTAGO ASIATICA/SMALLANTHUS SONCHIFOLIUS ROOT/GARLIC BULB/GINGER RHIZOME/BEET RHIZOME/POLYGONUM ODORATUM RHIZOME/TURMERIC RHIZOME/ACANTHOPANAX SIEBOLDIANUS ROOT/PINUS KORAIENSIS SEED/LENTINUS EDODES FRUITING BODY/AURICULARIA AURICULA/VITIS LABRUSCA FRUIT/HELIANTHUS TUBEROSUS TUBER FERMENT EXTRACT,skin-conditioning
SODIUM CAPRYLYL SULFATE,hydrotrope
SODIUM CAPRYLYL SULFATE,surfactant
SODIUM CAPRYLYL SULFATE,viscosity-controlling
GLYCERYL TRIACETYL RICINOLEATE,emollient
PHASEOLUS ANGULARIS HAIRY ROOT EXTRACT,skin-conditioning
OXYCOCCUS PALUSTRIS SEED OIL,antioxidant
OXYCOCCUS PALUSTRIS SEED OIL,emollient
OXYCOCCUS PALUSTRIS SEED OIL,skin-protecting
CALCIUM CHLORIDE,astringent
CALCIUM CHLORIDE,viscosity-controlling
AKEBIA QUINATA SEED EXTRACT,skin-protecting
RESVERATRYL FERULATE,skin-conditioning
CETYL-PG HYDROXYETHYL DECANAMIDE,skin-conditioning
GLYCERYL TRIBEHENATE/ISOSTEARATE/EICOSANDIOATE,emollient
PUERARIA THUNBERGIANA FLOWER/LEAF/STEM EXTRACT,skin-conditioning
TAXUS MEDIA/TAXUS CUSPIDATA/TAXUS BREVIFOLIA/TAXUS BACCATA/TAXUS CANADENSIS MERISTEM CELL CULTURE EXTRACT,antimicrobial
TAXUS MEDIA/TAXUS CUSPIDATA/TAXUS BREVIFOLIA/TAXUS BACCATA/TAXUS CANADENSIS MERISTEM CELL CULTURE EXTRACT,antioxidant
TAXUS MEDIA/TAXUS CUSPIDATA/TAXUS BREVIFOLIA/TAXUS BACCATA/TAXUS CANADENSIS MERISTEM CELL CULTURE EXTRACT,skin-conditioning
SODIUM CHLORIDE,bulking
SODIUM CHLORIDE,masking
SODIUM CHLORIDE,oral-care
SODIUM CHLORIDE,viscosity-controlling
SH-POLYPEPTIDE-29,skin-conditioning
LILIUM HYBRID FLOWER EXTRACT,humectant
METHYL GLUCOSE SESQUICAPRYLATE/SESQUICAPRATE,emollient
METHYL GLUCOSE SESQUICAPRYLATE/SESQUICAPRATE,emulsifying
METHYL GLUCOSE SESQUICAPRYLATE/SESQUICAPRATE,skin-conditioning
GLYCERETH-7 DIISONONANOATE,emollient
GLYCERETH-7 DIISONONANOATE,solvent
DIMETHICONE PEG-7 OCTYLDODECYL CITRATE,emollient
DIMETHICONE PEG-7 OCTYLDODECYL CITRATE,skin-conditioning
CYATHUSAL A,skin-conditioning
CITRUS NATSUDAIDAI FRUIT OIL,humectant
CITRUS NATSUDAIDAI FRUIT OIL,skin-conditioning
BOSWELLIA PAPYRIFERA RESIN OIL,masking
BOSWELLIA PAPYRIFERA RESIN OIL,skin-conditioning
NYPA FRUTICANS SHOOT EXTRACT,emollient
NYPA FRUTICANS SHOOT EXTRACT,skin-conditioning
VINYL DIMETHICONE/LAURYL/BEHENYL DIMETHICONE CROSSPOLYMER,skin-conditioning
ARGININE FERULATE,skin-conditioning
COCOYL TRIPEPTIDE-36,skin-conditioning
PPG-9 DIGLYCERYL ETHER,skin-conditioning
BUTYLOCTYL PALMITATE,emollient
BRASSICA CAMPESTRIS FLOWER EXTRACT,antidandruff
BRASSICA CAMPESTRIS FLOWER EXTRACT,antimicrobial
BRASSICA CAMPESTRIS FLOWER EXTRACT,emollient
BRASSICA CAMPESTRIS FLOWER EXTRACT,skin-conditioning
MALVA MOSCHATA ROOT EXTRACT,skin-protecting
POLYQUATERNIUM-18,antistatic
POLYQUATERNIUM-18,film-forming
TRILANETH-4 PHOSPHATE,emulsifying
TRILANETH-4 PHOSPHATE,surfactant
TRILANETH-4 PHOSPHATE,viscosity-controlling
SECALE CEREALE ADVENTITIOUS ROOT EXTRACT,skin-conditioning
ARABINOXYLAN,film-forming
ACTINIOPTERIS DICHOTOMA EXTRACT,skin-conditioning
HIBISCUS CANNABINUS STEM WATER,antioxidant
HIBISCUS CANNABINUS STEM WATER,skin-conditioning
HIBISCUS CANNABINUS STEM WATER,skin-protecting
TRIPEPTIDE-64,skin-conditioning
MELANIN,skin-protecting
PNA-8 CARBOXYETHYL FLUORENE,emollient
PNA-8 CARBOXYETHYL FLUORENE,humectant
PNA-8 CARBOXYETHYL FLUORENE,skin-conditioning
DAUCUS CAROTA SATIVA ROOT EXTRACT,skin-conditioning
MINOXIDIL HYALURONAMIDE,humectant
BUTYLENE GLYCOL MONTANATE,emollient
BUTYLENE GLYCOL MONTANATE,viscosity-controlling
DI-C14-15 ALKYL TARTRATE,emollient
DI-C14-15 ALKYL TARTRATE,skin-conditioning
ASPERGILLUS/GARLIC/RICE BRAN/VINEGAR FERMENT,emollient
CALLUNA VULGARIS FLOWER EXTRACT,skin-conditioning
CURCULIGO ORCHIOIDES ROOT EXTRACT,skin-conditioning
SIGESBECKIA ORIENTALIS EXTRACT,skin-conditioning
SIGESBECKIA ORIENTALIS EXTRACT,tonic
OLIGOPEPTIDE-144,skin-conditioning
PUNICA GRANATUM CALLUS CULTURE EXTRACT,skin-conditioning
ERICA CINEREA FLOWER EXTRACT,skin-conditioning
ERICA CINEREA FLOWER EXTRACT,tonic
SACCHAROMYCES/HYDROLYZED RICE BRAN FERMENT FILTRATE,skin-conditioning
HYDROLYZED OPLOPANAX ELATUS ROOT EXTRACT,skin-conditioning
BIS-ADAMANTANYL PEG-800 DICARBOXAMIDE,film-forming
BIS-ADAMANTANYL PEG-800 DICARBOXAMIDE,humectant
BIS-ADAMANTANYL PEG-800 DICARBOXAMIDE,skin-conditioning
BIS-ADAMANTANYL PEG-800 DICARBOXAMIDE,skin-protecting
BIS-ADAMANTANYL PEG-800 DICARBOXAMIDE,viscosity-controlling
CALOTHRIX CRUSTACEA,humectant
CALOTHRIX CRUSTACEA,skin-conditioning
BULNESIA SARMIENTOI WOOD OIL,masking
BULNESIA SARMIENTOI WOOD OIL,skin-conditioning
AQUA,antiplaque
AQUA,skin-conditioning
AQUA,solvent
SCHIZOPHYLLUM COMMUNE/PANAX GINSENG ROOT FERMENT FILTRATE,skin-conditioning
BROUSSONETIA KAZINOKI STEM EXTRACT,skin-conditioning
CORTHELLUS SHIITAKE EXTRACT,skin-protecting
CLEMATIS MANSHURICA EXTRACT,skin-conditioning
PYRROLOQUINOLINE QUINONE,antioxidant
PYRROLOQUINOLINE QUINONE,humectant
PYRROLOQUINOLINE QUINONE,skin-conditioning
PYRROLOQUINOLINE QUINONE,skin-protecting
QUERCUS PETRAEA FRUIT EXTRACT,skin-conditioning
DICAPRYLYL ETHER,emollient
DICAPRYLYL ETHER,skin-conditioning
DICAPRYLYL ETHER,solvent
SODIUM ACRYLATE/ACRYLOYLDIMETHYLTAURATE/DIMETHYLACRYLAMIDE CROSSPOLYMER,emulsion-stabilising
SODIUM ACRYLATE/ACRYLOYLDIMETHYLTAURATE/DIMETHYLACRYLAMIDE CROSSPOLYMER,film-forming
SODIUM ACRYLATE/ACRYLOYLDIMETHYLTAURATE/DIMETHYLACRYLAMIDE CROSSPOLYMER,viscosity-controlling
LACTOBACILLUS/PINUS KORAIENSIS SEED EXTRACT FERMENT EXTRACT FILTRATE,antioxidant
LACTOBACILLUS/PINUS KORAIENSIS SEED EXTRACT FERMENT EXTRACT FILTRATE,emollient
LACTOBACILLUS/PINUS KORAIENSIS SEED EXTRACT FERMENT EXTRACT FILTRATE,humectant
LACTOBACILLUS/PINUS KORAIENSIS SEED EXTRACT FERMENT EXTRACT FILTRATE,skin-conditioning
PEG-50 GLYCERYL TRIOLEATE,emollient
PEG-50 GLYCERYL TRIOLEATE,emulsifying
ACRYLIC ACID/C12-22 ALKYL ACRYLATE COPOLYMER,binding
ACRYLIC ACID/C12-22 ALKYL ACRYLATE COPOLYMER,stabilising
ACRYLIC ACID/C12-22 ALKYL ACRYLATE COPOLYMER,viscosity-controlling
PRUNUS ARMENIACA JUICE,moisturising
SHIRAKABA HA EKISU,skin-conditioning
SODIUM COCOYL METHYL BETA-ALANINE,skin-conditioning
BIFIDA FERMENT EXTRACT,humectant
BIFIDA FERMENT EXTRACT,skin-conditioning
BIS-C24-28 HYDROXYALKYL OLIVOYL GLUTAMATE,emollient
BIS-C24-28 HYDROXYALKYL OLIVOYL GLUTAMATE,emulsion-stabilising
BIS-C24-28 HYDROXYALKYL OLIVOYL GLUTAMATE,skin-protecting
BIS-C24-28 HYDROXYALKYL OLIVOYL GLUTAMATE,viscosity-controlling
POLYSILICONE-21,viscosity-controlling
CARAPA GUAIANENSIS SEED OIL,denaturant
CARAPA GUAIANENSIS SEED OIL,skin-conditioning
PALMITOYL HEXAPEPTIDE-15,skin-conditioning
LINUM USITATISSIMUM HULL EXTRACT,skin-conditioning
ACTINIDIA POLYGAMA FRUIT EXTRACT,skin-conditioning
TRIFOLIUM PRATENSE LEAF EXTRACT,antioxidant
TRIFOLIUM PRATENSE LEAF EXTRACT,skin-conditioning
MESYLOXYBENZYL METHOXYETHYL CHLOROBENZAMIDE,depilatory
MESYLOXYBENZYL METHOXYETHYL CHLOROBENZAMIDE,skin-conditioning
COUMARAMIDO FERULAMIDOBUTANE,skin-conditioning
TRITICUM AESTIVUM FLOUR LIPIDS,skin-conditioning
7-DEHYDROCHOLESTEROL,emulsion-stabilising
7-DEHYDROCHOLESTEROL,skin-conditioning
7-DEHYDROCHOLESTEROL,viscosity-controlling
C14-16 GLYCOL PALMITATE,emollient
C14-16 GLYCOL PALMITATE,emulsifying
C14-16 GLYCOL PALMITATE,skin-conditioning
MYRISTYLDIMONIUMHYDROXYPROPYL COCOGLUCOSIDES CHLORIDE,cleansing
MYRISTYLDIMONIUMHYDROXYPROPYL COCOGLUCOSIDES CHLORIDE,emulsifying
MYRISTYLDIMONIUMHYDROXYPROPYL COCOGLUCOSIDES CHLORIDE,skin-conditioning
MYRISTYLDIMONIUMHYDROXYPROPYL COCOGLUCOSIDES CHLORIDE,surfactant
LACTOBACILLUS/STREPTOCOCCUS THERMOPHILUS/BIFIDA/YELLOW OCHER FERMENT LYSATE EXTRACT,skin-conditioning
ETHYLHEXYL BENZYLDIOXOPIPERAZYL ACETATE,emollient
ETHYLHEXYL BENZYLDIOXOPIPERAZYL ACETATE,humectant
ETHYLHEXYL BENZYLDIOXOPIPERAZYL ACETATE,viscosity-controlling
PEG-50 HYDROGENATED CASTOR OIL SUCCINATE,emulsifying
PEG-50 HYDROGENATED CASTOR OIL SUCCINATE,viscosity-controlling
PIPERAZINE BISFERULATE,skin-conditioning
HYDROLYZED CONALBUMIN,skin-conditioning
PERICHLAENA RICHARDII LEAF EXTRACT,antioxidant
PERICHLAENA RICHARDII LEAF EXTRACT,skin-conditioning
PERICHLAENA RICHARDII LEAF EXTRACT,skin-protecting
ALPINIA FORMOSANA LEAF/STEM POWDER,humectant
ALPINIA FORMOSANA LEAF/STEM POWDER,skin-conditioning
OLEAMIDE MEA,antistatic
OLEAMIDE MEA,foam-boosting
OLEAMIDE MEA,viscosity-controlling
TIBOUCHINA LEPIDOTA BARK/FLOWER/LEAF EXTRACT,skin-conditioning
ASTRAGALUS MEMBRANACEUS ROOT POWDER,abrasive
ASTRAGALUS MEMBRANACEUS ROOT POWDER,masking
ASTRAGALUS MEMBRANACEUS ROOT POWDER,skin-protecting
BIS(GLYCIDOXYPHENYL)PROPANE/BISAMINOMETHYLNORBORNANE COPOLYMER,film-forming
IPOMOEA BATATAS LEAF EXTRACT,emollient
SOPHORA JAPONICA BUD EXTRACT,skin-protecting
SOPHORA JAPONICA BUD EXTRACT,soothing
HEPTASODIUM HEXACARBOXYMETHYL DIPEPTIDE-12,skin-conditioning
CYANOCOBALAMIN,skin-conditioning
EUGLENA GRACILIS POLYSACCHARIDE,gel-forming
EUGLENA GRACILIS POLYSACCHARIDE,skin-conditioning
EUGLENA GRACILIS POLYSACCHARIDE,viscosity-controlling
PELARGONIUM GRAVEOLENS FLOWER/LEAF/STEM EXTRACT,masking
PELARGONIUM GRAVEOLENS FLOWER/LEAF/STEM EXTRACT,skin-conditioning
DISTEARYL PEG-18 FORMOYL GLUTAMATE,skin-conditioning
PYROGLUTAMYLAMIDOETHYL INDOLE,skin-protecting
BACILLUS/LACTOBACILLUS/SACCHAROMYCES/COLLOIDAL GOLD/HYALURONIC ACID/RICE BRAN FERMENT FILTRATE,skin-conditioning
HYDROLYZED CORALLINA OFFICINALIS EXTRACT,skin-conditioning
RETINYL LINOLEATE,skin-conditioning
SH-POLYPEPTIDE-82,skin-conditioning
TARAXACUM SINICUM ROOT EXTRACT,skin-conditioning
GRIFOLA FRONDOSA /(ACORUS GRAMINEUS/CODONOPSIS LANCEOLATA) ROOT/TORREYA NUCIFERA FRUIT (MORUS ALBA/ACANTHOPANAX KOREANUM) BARK FERMENT FILTRATE,antioxidant
GRIFOLA FRONDOSA /(ACORUS GRAMINEUS/CODONOPSIS LANCEOLATA) ROOT/TORREYA NUCIFERA FRUIT (MORUS ALBA/ACANTHOPANAX KOREANUM) BARK FERMENT FILTRATE,emollient
GRIFOLA FRONDOSA /(ACORUS GRAMINEUS/CODONOPSIS LANCEOLATA) ROOT/TORREYA NUCIFERA FRUIT (MORUS ALBA/ACANTHOPANAX KOREANUM) BARK FERMENT FILTRATE,skin-conditioning
AMOMUM XANTHIOIDES SEED EXTRACT,skin-conditioning
VANILLOSMOPSIS ERYTHROPAPPA FLOWER/LEAF EXTRACT,skin-conditioning
MELALEUCA ALTERNIFOLIA LEAF/ROSMARINUS OFFICINALIS LEAF/THYMUS VULGARIS LEAF EXTRACT,skin-conditioning
DIPHENYLMETHYLSILOXY PHENYL METHICONE/PHENYL SILSESQUIOXANE CROSSPOLYMER,film-forming
COIX LACRYMA-JOBI MA-YUEN SEED WATER,skin-conditioning
ASPARAGUS OFFICINALIS ROOT EXTRACT,skin-conditioning
MOMORDICA GROSVENORII FRUIT JUICE,humectant
MOMORDICA GROSVENORII FRUIT JUICE,solvent
GRAPE SEED OIL GLYCERETH-8 ESTERS,emollient
GRAPE SEED OIL GLYCERETH-8 ESTERS,emulsion-stabilising
SODIUM PORPHYRA YEZOENSIS EXTRACT,skin-conditioning
MOTH COCOON EXTRACT,skin-conditioning
OLIGOPEPTIDE-142,skin-conditioning
PRUNUS SERRULATA BRANCH/LEAF EXTRACT,skin-conditioning
STYRENE/ALLYL BENZOATE COPOLYMER,film-forming
STYRENE/ALLYL BENZOATE COPOLYMER,viscosity-controlling
METHIONYL R-SALMON OLIGOPEPTIDE-1 SH-OLIGOPEPTIDE-2,antioxidant
METHIONYL R-SALMON OLIGOPEPTIDE-1 SH-OLIGOPEPTIDE-2,skin-protecting
PULVINATAL,antioxidant
PULVINATAL,skin-conditioning
CAPRYLIC/CAPRIC GLYCERIDES POLYGLYCERYL-10 ESTERS,emollient
CAPRYLIC/CAPRIC GLYCERIDES POLYGLYCERYL-10 ESTERS,emulsifying
CAPRYLIC/CAPRIC GLYCERIDES POLYGLYCERYL-10 ESTERS,emulsion-stabilising
CAPRYLIC/CAPRIC GLYCERIDES POLYGLYCERYL-10 ESTERS,skin-conditioning
CAPRYLIC/CAPRIC GLYCERIDES POLYGLYCERYL-10 ESTERS,surfactant
DIMETHICONE/DIVINYLDIMETHICONE/SILSESQUIOXANE CROSSPOLYMER,anticaking
DIMETHICONE/DIVINYLDIMETHICONE/SILSESQUIOXANE CROSSPOLYMER,humectant
DIMETHICONE/DIVINYLDIMETHICONE/SILSESQUIOXANE CROSSPOLYMER,skin-protecting
DIMETHICONE/DIVINYLDIMETHICONE/SILSESQUIOXANE CROSSPOLYMER,viscosity-controlling
PLANTAGO PSYLLIUM HUSK POWDER,abrasive
PLANTAGO PSYLLIUM HUSK POWDER,skin-conditioning
PEG-15 HYDROGENATED CASTOR OIL TRIISOSTEARATE,emulsifying
PEG-15 HYDROGENATED CASTOR OIL TRIISOSTEARATE,viscosity-controlling
ALKALINE PHOSPHATASE,skin-conditioning
ALLANTOIN BIOTIN,antiseborrhoeic
ALLANTOIN BIOTIN,skin-conditioning
ALLANTOIN BIOTIN,skin-protecting
ALLANTOIN BIOTIN,soothing
BIS-OCTYLDODECYL/STEARYL HYDROGENATED DIMER DILINOLEIC ACID/PROPANEDIOL COPOLYMER,emollient
BIS-OCTYLDODECYL/STEARYL HYDROGENATED DIMER DILINOLEIC ACID/PROPANEDIOL COPOLYMER,skin-conditioning
OPHIOPOGON JAPONICUS ROOT EXTRACT,skin-conditioning
OPHIOPOGON JAPONICUS ROOT EXTRACT,tonic
SUCROSE MYRISTATE,emollient
SUCROSE MYRISTATE,emulsifying
SUCROSE MYRISTATE,skin-conditioning
SUCROSE MYRISTATE,surfactant
THYMUS MASTICHINA FLOWER OIL,skin-conditioning
MELASTOMA CANDIDUM EXTRACT,humectant
MONASCUS/DIOSCOREA JAPONICA ROOT FERMENT,antimicrobial
MONASCUS/DIOSCOREA JAPONICA ROOT FERMENT,skin-conditioning
NYMPHAEA CAERULEA FLOWER WATER,skin-conditioning
ALUMINUM ISOSTEARYL GLYCERYL PHOSPHATE,viscosity-controlling
LILIUM HYBRID EXTRACT,astringent
LILIUM HYBRID EXTRACT,skin-conditioning
SH-POLYPEPTIDE-49,skin-conditioning
NYMPHAEA COLORADO FLOWER EXTRACT,skin-conditioning
DENDROBIUM MOSCHATUM FLOWER EXTRACT,skin-conditioning
HEXAFLUOROPROPYLENE/TETRAFLUOROETHYLENE COPOLYMER,emollient
HEXAFLUOROPROPYLENE/TETRAFLUOROETHYLENE COPOLYMER,film-forming
CANNA HYBRID ROOT EXTRACT,humectant
CANNA HYBRID ROOT EXTRACT,skin-conditioning
BIS-STEARYL DIMETHICONE,emollient
BIS-STEARYL DIMETHICONE,film-forming
BIS-STEARYL DIMETHICONE,skin-conditioning
CHAMOMILLA RECUTITA FLOWER POWDER,skin-conditioning
PEG-8 LINOLENATE,emollient
ACRYLATES/DIETHYLAMINOETHYL METHACRYLATE/ETHYLHEXYL ACRYLATE COPOLYMER,film-forming
R-(METHIONYL SH-POLYPEPTIDE-60 DECAPEPTIDE-40),skin-conditioning
LAURYL MALAMIDE,emollient
LAURYL MALAMIDE,skin-conditioning
OCTYDODECYL BIS-HYDROXYPROPYL DIMETHICONE CITRATE CROSSPOLYMER,emollient
OCTYDODECYL BIS-HYDROXYPROPYL DIMETHICONE CITRATE CROSSPOLYMER,skin-conditioning
PEG-3 DIROSINATE,skin-conditioning
PEG-3 DIROSINATE,viscosity-controlling
GLYCERIN,denaturant
GLYCERIN,hair-conditioning
GLYCERIN,humectant
GLYCERIN,oral-care
GLYCERIN,perfuming
GLYCERIN,skin-protecting
GLYCERIN,viscosity-controlling
PHENOXYETHANOL,preservative
NIACINAMIDE,smoothing
"1,2-HEXANEDIOL",skin-conditioning
"1,2-HEXANEDIOL",solvent
ETHYLHEXYLGLYCERIN,deodorant
ETHYLHEXYLGLYCERIN,skin-conditioning
CHLORPHENESIN,antimicrobial
CHLORPHENESIN,preservative
SODIUM BENZOATE,anticorrosive
SODIUM BENZOATE,masking
SODIUM BENZOATE,preservative
CAPRYLYL GLYCOL,emollient
CAPRYLYL GLYCOL,hair-conditioning
CAPRYLYL GLYCOL,humectant
CAPRYLYL GLYCOL,skin-conditioning
CITRIC ACID,buffering
CITRIC ACID,chelating
CITRIC ACID,masking
CAPRYLIC/CAPRIC TRIGLYCERIDE,masking
CAPRYLIC/CAPRIC TRIGLYCERIDE,perfuming
CAPRYLIC/CAPRIC TRIGLYCERIDE,skin-conditioning
POTASSIUM SORBATE,preservative
CYCLOPENTASILOXANE,skin-conditioning
CYCLOPENTASILOXANE,skin-conditioning-emollient
CYCLOPENTASILOXANE,solvent
PANTHENOL,antistatic
PANTHENOL,hair-conditioning
PANTHENOL,skin-conditioning
CENTELLA ASIATICA EXTRACT,skin-conditioning
CERAMIDE NP,hair-conditioning
CERAMIDE NP,skin-conditioning
HYDROGENATED LECITHIN,skin-conditioning
HYDROGENATED LECITHIN,emulsifying
DIPROPYLENE GLYCOL,masking
DIPROPYLENE GLYCOL,perfuming
DIPROPYLENE GLYCOL,solvent
DIPROPYLENE GLYCOL,viscosity-controlling
PEG-100 STEARATE,surfactant
MALTODEXTRIN,absorbent
MALTODEXTRIN,binding
MALTODEXTRIN,emulsion-stabilising
MALTODEXTRIN,film-forming
MALTODEXTRIN,hair-conditioning
MALTODEXTRIN,skin-conditioning
HYDROLYZED HYALURONIC ACID,humectant
HYDROLYZED HYALURONIC ACID,skin-conditioning
POTASSIUM HYDROXIDE,buffering
POLYSORBATE 20,emulsifying
POLYSORBATE 20,surfactant
TRIETHANOLAMINE,buffering
TRIETHANOLAMINE,emulsifying
TRIETHANOLAMINE,masking
TRIETHANOLAMINE,surfactant
CAMELLIA SINENSIS LEAF EXTRACT,astringent
CAMELLIA SINENSIS LEAF EXTRACT,antimicrobial
CAMELLIA SINENSIS LEAF EXTRACT,antioxidant
CAMELLIA SINENSIS LEAF EXTRACT,humectant
CAMELLIA SINENSIS LEAF EXTRACT,skin-conditioning
CAMELLIA SINENSIS LEAF EXTRACT,skin-conditioning-emollient
CAMELLIA SINENSIS LEAF EXTRACT,skin-protecting
CAMELLIA SINENSIS LEAF EXTRACT,tonic
CAMELLIA SINENSIS LEAF EXTRACT,uv-absorber
ALOE BARBADENSIS LEAF JUICE,skin-conditioning
ARGININE,antistatic
ARGININE,hair-conditioning
ARGININE,masking
ARGININE,skin-conditioning
GLUTATHIONE,reducing
SALICYLIC ACID,antidandruff
SALICYLIC ACID,hair-conditioning
SALICYLIC ACID,keratolytic
SALICYLIC ACID,masking
SALICYLIC ACID,preservative
SALICYLIC ACID,skin-conditioning
SODIUM HYDROXIDE,buffering
SODIUM HYDROXIDE,denaturant
CERAMIDE EOP,hair-conditioning
CERAMIDE EOP,skin-conditioning
PEG-40 HYDROGENATED CASTOR OIL,surfactant
PEG-40 HYDROGENATED CASTOR OIL,emulsifying
PEG-40 HYDROGENATED CASTOR OIL,cleansing
CERAMIDE AP,hair-conditioning
CERAMIDE AP,skin-conditioning
ISOHEXADECANE,cleansing
ISOHEXADECANE,solvent
SCUTELLARIA BAICALENSIS ROOT EXTRACT,astringent
SCUTELLARIA BAICALENSIS ROOT EXTRACT,humectant
SCUTELLARIA BAICALENSIS ROOT EXTRACT,soothing
POTASSIUM HYALURONATE,skin-conditioning
SODIUM POLYACRYLATE,absorbent
SODIUM POLYACRYLATE,binding
SODIUM POLYACRYLATE,emollient
SODIUM POLYACRYLATE,emulsion-stabilising
SODIUM POLYACRYLATE,film-forming
SODIUM POLYACRYLATE,hair-fixing
SODIUM POLYACRYLATE,skin-conditioning
SODIUM POLYACRYLATE,viscosity-controlling
BETAINE,antistatic
BETAINE,hair-conditioning
BETAINE,humectant
BETAINE,skin-conditioning
BETAINE,viscosity-controlling
AQUA (WATER),solvent
POLYSORBATE 60,emulsifying
POLYSORBATE 60,surfactant
LAURETH-7,cleansing
LAURETH-7,surfactant
LAURETH-7,emulsifying
SODIUM CITRATE,buffering
SODIUM CITRATE,chelating
SODIUM CITRATE,masking
POLYMETHYLSILSESQUIOXANE,opacifying
PHYTOSPHINGOSINE,hair-conditioning
PHYTOSPHINGOSINE,skin-conditioning
BIS-ETHYLHEXYLOXYPHENOL METHOXYPHENYL TRIAZINE,hair-conditioning
BIS-ETHYLHEXYLOXYPHENOL METHOXYPHENYL TRIAZINE,light-stabilizer
BIS-ETHYLHEXYLOXYPHENOL METHOXYPHENYL TRIAZINE,uv-absorber
BIS-ETHYLHEXYLOXYPHENOL METHOXYPHENYL TRIAZINE,uv-filter
SQUALANE,emollient
SQUALANE,hair-conditioning
SQUALANE,refatting
SQUALANE,skin-conditioning
BHT,antioxidant
BHT,masking
CI 19140,cosmetic-colorant
TRIETHOXYCAPRYLYLSILANE,binding
HYDROXYACETOPHENONE,antioxidant
HYDROXYETHYLCELLULOSE,binding
HYDROXYETHYLCELLULOSE,emulsion-stabilising
HYDROXYETHYLCELLULOSE,film-forming
HYDROXYETHYLCELLULOSE,light-stabilizer
HYDROXYETHYLCELLULOSE,viscosity-controlling
METHYLPARABEN,preservative
TROMETHAMINE,buffering
TROMETHAMINE,masking
ISODODECANE,emollient
ISODODECANE,perfuming
ISODODECANE,solvent
BUTYROSPERMUM PARKII (SHEA) BUTTER,skin-conditioning
BUTYROSPERMUM PARKII (SHEA) BUTTER,viscosity-controlling
HYDROGENATED POLYDECENE,emollient
HYDROGENATED POLYDECENE,hair-conditioning
HYDROGENATED POLYDECENE,masking
HYDROGENATED POLYDECENE,perfuming
HYDROGENATED POLYDECENE,skin-conditioning
HYDROGENATED POLYDECENE,solvent
CI 42090,cosmetic-colorant
ALOE BARBADENSIS LEAF EXTRACT,humectant
ALOE BARBADENSIS LEAF EXTRACT,skin-conditioning
ALOE BARBADENSIS LEAF EXTRACT,skin-conditioning-emollient
DIMETHICONE CROSSPOLYMER,emulsion-stabilising
DIMETHICONE CROSSPOLYMER,viscosity-controlling
CI 77492,cosmetic-colorant
CI 77491,cosmetic-colorant
POLYSORBATE 80,denaturant
POLYSORBATE 80,emulsifying
POLYSORBATE 80,surfactant
CAPRYLHYDROXAMIC ACID,chelating
ZINC PCA,humectant
ZINC PCA,skin-conditioning
COLLAGEN,hair-conditioning
COLLAGEN,moisturising
COLLAGEN,skin-conditioning
CETYL PEG/PPG-10/1 DIMETHICONE,skin-conditioning
CETYL PEG/PPG-10/1 DIMETHICONE,cleansing
CETYL PEG/PPG-10/1 DIMETHICONE,emulsifying
GLYCOLIC ACID,buffering
SODIUM LAUROYL LACTYLATE,emulsifying
CENTELLA ASIATICA LEAF EXTRACT,skin-conditioning
ASCORBYL PALMITATE,antioxidant
ASCORBYL PALMITATE,masking
ALPHA-ARBUTIN,antioxidant
ALPHA-ARBUTIN,bleaching
ALPHA-ARBUTIN,skin-conditioning
CHONDRUS CRISPUS EXTRACT,skin-conditioning
CHONDRUS CRISPUS EXTRACT,viscosity-controlling
SERINE,antistatic
SERINE,hair-conditioning
SERINE,masking
SERINE,skin-conditioning
ROSMARINUS OFFICINALIS LEAF EXTRACT,antimicrobial
ROSMARINUS OFFICINALIS LEAF EXTRACT,skin-conditioning
ROSMARINUS OFFICINALIS LEAF EXTRACT,perfuming
SODIUM METABISULFITE,antioxidant
SODIUM METABISULFITE,preservative
SODIUM METABISULFITE,reducing
HYDROLYZED COLLAGEN,antistatic
HYDROLYZED COLLAGEN,emollient
HYDROLYZED COLLAGEN,film-forming
HYDROLYZED COLLAGEN,hair-conditioning
HYDROLYZED COLLAGEN,humectant
HYDROLYZED COLLAGEN,skin-conditioning
SORBITAN ISOSTEARATE,emulsifying
SODIUM ASCORBYL PHOSPHATE,antioxidant
ASCORBYL GLUCOSIDE,antioxidant
TRIDECETH-6,emulsifying
TRIDECETH-6,surfactant
CETEARYL GLUCOSIDE,emulsifying
CETEARYL GLUCOSIDE,surfactant
BENZOIC ACID,bulking
BENZOIC ACID,masking
BENZOIC ACID,preservative
ARBUTIN,antioxidant
ARBUTIN,bleaching
ARBUTIN,skin-conditioning
ASIATICOSIDE,antioxidant
ASIATICOSIDE,perfuming
ASIATICOSIDE,skin-conditioning
GLYCYRRHIZA GLABRA ROOT EXTRACT,skin-conditioning
GLYCYRRHIZA GLABRA ROOT EXTRACT,skin-conditioning-emollient
GLYCYRRHIZA GLABRA ROOT EXTRACT,smoothing
GLYCYRRHIZA GLABRA ROOT EXTRACT,soothing
POTASSIUM CETYL PHOSPHATE,emulsifying
POTASSIUM CETYL PHOSPHATE,surfactant
CI 77891,cosmetic-colorant
CI 77891,perfuming
METHYLPROPANEDIOL,solvent
HOUTTUYNIA CORDATA EXTRACT,skin-conditioning
POLYGONUM CUSPIDATUM ROOT EXTRACT,antioxidant
GLYCERINE,humectant
GLYCERINE,skin-conditioning
GLYCERINE,solvent
GLYCERINE,viscosity-controlling
GLYCERINE,perfuming
GLYCINE,antistatic
GLYCINE,buffering
GLYCINE,hair-conditioning
GLYCINE,skin-conditioning
CITRULLUS LANATUS FRUIT EXTRACT,skin-conditioning
MICA,opacifying
CYCLOMETHICONE,antistatic
CYCLOMETHICONE,emollient
CYCLOMETHICONE,hair-conditioning
CYCLOMETHICONE,humectant
CYCLOMETHICONE,solvent
CYCLOMETHICONE,viscosity-controlling
ZINC OXIDE,bulking
ZINC OXIDE,cosmetic-colorant
ZINC OXIDE,skin-protecting
ZINC OXIDE,uv-absorber
ZINC OXIDE,uv-filter
MINERAL OIL,skin-conditioning-emollient
MINERAL OIL,skin-protecting
MINERAL OIL,solvent
CYCLOHEXASILOXANE,skin-conditioning
CYCLOHEXASILOXANE,skin-conditioning-emollient
CYCLOHEXASILOXANE,solvent
CERAMIDE NS,skin-conditioning
ISOPROPYL MYRISTATE,binding
ISOPROPYL MYRISTATE,emollient
ISOPROPYL MYRISTATE,masking
ISOPROPYL MYRISTATE,perfuming
SIMMONDSIA CHINENSIS SEED OIL,skin-conditioning
SIMMONDSIA CHINENSIS SEED OIL,skin-conditioning-emollient
HYDROGENATED POLYISOBUTENE,skin-conditioning
HYDROGENATED POLYISOBUTENE,skin-conditioning-emollient
HYDROGENATED POLYISOBUTENE,viscosity-controlling
ISOLEUCINE,antistatic
ISOLEUCINE,hair-conditioning
ISOLEUCINE,skin-conditioning
CI 15985,cosmetic-colorant
DIMETHICONOL,antifoaming
DIMETHICONOL,moisturising
DIMETHICONOL,skin-conditioning-emollient
GLYCYRRHIZA GLABRA (LICORICE) ROOT EXTRACT,bleaching
GLYCYRRHIZA GLABRA (LICORICE) ROOT EXTRACT,perfuming
GLYCYRRHIZA GLABRA (LICORICE) ROOT EXTRACT,skin-conditioning
GLYCYRRHIZA GLABRA (LICORICE) ROOT EXTRACT,skin-conditioning-emollient
GLYCYRRHIZA GLABRA (LICORICE) ROOT EXTRACT,smoothing
GLYCYRRHIZA GLABRA (LICORICE) ROOT EXTRACT,soothing
SORBITAN OLEATE,emulsifying
POLYGLYCERYL-3 METHYLGLUCOSE DISTEARATE,emulsifying
CERAMIDE AS,skin-conditioning
ACACIA SENEGAL GUM,film-forming
ACACIA SENEGAL GUM,perfuming
ZINC GLUCONATE,deodorant
ZINC GLUCONATE,skin-conditioning
VALINE,antistatic
VALINE,hair-conditioning
VALINE,masking
VALINE,skin-conditioning
PHENYLALANINE,hair-conditioning
PHENYLALANINE,masking
PHENYLALANINE,skin-conditioning
THREONINE,antistatic
THREONINE,hair-conditioning
THREONINE,hair-waving-or-straightening
GLUTAMIC ACID,antistatic
GLUTAMIC ACID,hair-conditioning
GLUTAMIC ACID,humectant
PROLINE,hair-conditioning
PROLINE,skin-conditioning
ASPARTIC ACID,antistatic
ASPARTIC ACID,hair-conditioning
ASPARTIC ACID,masking
ASPARTIC ACID,skin-conditioning
ALANINE,antistatic
ALANINE,hair-conditioning
ALANINE,masking
ALANINE,skin-conditioning
OLEA EUROPAEA (OLIVE) FRUIT OIL,perfuming
OLEA EUROPAEA (OLIVE) FRUIT OIL,skin-conditioning
OLEA EUROPAEA (OLIVE) FRUIT OIL,solvent
SODIUM STEAROYL GLUTAMATE,cleansing
SODIUM STEAROYL GLUTAMATE,emulsifying
SODIUM STEAROYL GLUTAMATE,hair-conditioning
SODIUM STEAROYL GLUTAMATE,skin-conditioning
CROTON LECHLERI RESIN EXTRACT,skin-conditioning
HAMAMELIS VIRGINIANA (WITCH HAZEL) EXTRACT,astringent
HAMAMELIS VIRGINIANA (WITCH HAZEL) EXTRACT,skin-conditioning
PROPYLPARABEN,perfuming
PROPYLPARABEN,preservative
POTASSIUM PHOSPHATE,buffering
CI 16255,cosmetic-colorant
CHAMOMILLA RECUTITA (MATRICARIA) FLOWER EXTRACT,perfuming
CHAMOMILLA RECUTITA (MATRICARIA) FLOWER EXTRACT,skin-conditioning
CI 77499,cosmetic-colorant
CETEARYL OLIVATE,hair-conditioning
SODIUM PCA,antistatic
SODIUM PCA,hair-conditioning
SODIUM PCA,humectant
SODIUM PCA,skin-conditioning
PORTULACA OLERACEA EXTRACT,skin-conditioning
HAMAMELIS VIRGINIANA WATER,astringent
HAMAMELIS VIRGINIANA WATER,hair-conditioning
HAMAMELIS VIRGINIANA WATER,skin-conditioning
HAMAMELIS VIRGINIANA WATER,soothing
PALMITOYL TRIPEPTIDE-1,skin-conditioning
BUTYLOCTYL SALICYLATE,hair-conditioning
BUTYLOCTYL SALICYLATE,skin-conditioning
BUTYLOCTYL SALICYLATE,solvent
BENZYL ALCOHOL,perfuming
BENZYL ALCOHOL,preservative
BENZYL ALCOHOL,solvent
BENZYL ALCOHOL,viscosity-controlling
CI 17200,cosmetic-colorant
MELALEUCA ALTERNIFOLIA LEAF OIL,antioxidant
MELALEUCA ALTERNIFOLIA LEAF OIL,perfuming
BAKUCHIOL,antimicrobial
TRIETHYLENE GLYCOL,masking
TRIETHYLENE GLYCOL,perfuming
TRIETHYLENE GLYCOL,viscosity-controlling
ANHYDROXYLITOL,humectant
ANHYDROXYLITOL,skin-conditioning
SODIUM ACRYLATES COPOLYMER,binding
SODIUM ACRYLATES COPOLYMER,film-forming
SODIUM ACRYLATES COPOLYMER,opacifying
SODIUM ACRYLATES COPOLYMER,viscosity-controlling
CI 14720,cosmetic-colorant
LINOLENIC ACID,antistatic
LINOLENIC ACID,cleansing
LINOLENIC ACID,emollient
LINOLENIC ACID,hair-conditioning
LINOLENIC ACID,perfuming
LINOLENIC ACID,skin-conditioning
LINOLENIC ACID,surfactant
CETETH-20,cleansing
CETETH-20,emulsifying
CETETH-20,surfactant
PEG-75 STEARATE,surfactant
SORBITAN OLIVATE,emulsifying
STEARETH-20,cleansing
STEARETH-20,emulsifying
STEARETH-20,surfactant
PANAX GINSENG ROOT EXTRACT,skin-conditioning-emollient
PANAX GINSENG ROOT EXTRACT,skin-protecting
PANAX GINSENG ROOT EXTRACT,tonic
LIMONENE,deodorant
LIMONENE,perfuming
LIMONENE,solvent
LINALOOL,deodorant
LINALOOL,perfuming
CETEARETH-20,cleansing
CETEARETH-20,emulsifying
CETEARETH-20,surfactant
HIBISCUS SABDARIFFA FLOWER EXTRACT,skin-conditioning
SORBITAN SESQUIOLEATE,emulsifying
LEUCONOSTOC/RADISH ROOT FERMENT FILTRATE,antidandruff
LEUCONOSTOC/RADISH ROOT FERMENT FILTRATE,antimicrobial
HELIANTHUS ANNUUS SEED OIL,skin-conditioning
HELIANTHUS ANNUUS SEED OIL,skin-conditioning-emollient
O-CYMEN-5-OL,preservative
ETHOXYDIGLYCOL,humectant
ETHOXYDIGLYCOL,perfuming
ETHOXYDIGLYCOL,solvent
SORBIC ACID,preservative
CERAMIDE EOS,skin-conditioning
MENTHOL,denaturant
MENTHOL,masking
MENTHOL,refreshing
MENTHOL,soothing
HYDROLYZED ALGIN,hair-conditioning
SACCHARUM OFFICINARUM EXTRACT,moisturising
SACCHARUM OFFICINARUM EXTRACT,skin-conditioning
METHYLENE BIS-BENZOTRIAZOLYL TETRAMETHYLBUTYLPHENOL (NANO),uv-filter
METHYLENE BIS-BENZOTRIAZOLYL TETRAMETHYLBUTYLPHENOL,light-stabilizer
METHYLENE BIS-BENZOTRIAZOLYL TETRAMETHYLBUTYLPHENOL,uv-filter
COCO-GLUCOSIDE,cleansing
COCO-GLUCOSIDE,foaming
COCO-GLUCOSIDE,surfactant
TYROSINE,antistatic
TYROSINE,hair-conditioning
TYROSINE,masking
TYROSINE,skin-conditioning
LYSINE,antistatic
LYSINE,hair-conditioning
LYSINE,skin-conditioning
LEUCINE,antistatic
LEUCINE,hair-conditioning
LEUCINE,skin-conditioning
CETYL DIMETHICONE,skin-conditioning-emollient
POLYGLYCERYL-4 ISOSTEARATE,emulsifying
PVM/MA COPOLYMER,antistatic
PVM/MA COPOLYMER,binding
PVM/MA COPOLYMER,emulsion-stabilising
PVM/MA COPOLYMER,film-forming
PVM/MA COPOLYMER,viscosity-controlling
OCTYL SALICYLATE,light-stabilizer
OCTYL SALICYLATE,uv-absorber
OCTYL SALICYLATE,uv-filter
ACETYL HEXAPEPTIDE-8,humectant
ACETYL HEXAPEPTIDE-8,skin-conditioning
CI 16035,cosmetic-colorant
DISODIUM PHOSPHATE,anticorrosive
DISODIUM PHOSPHATE,buffering
DISODIUM PHOSPHATE,masking
PISTACIA LENTISCUS GUM,film-forming
PISTACIA LENTISCUS GUM,perfuming
PHENETHYL ALCOHOL,masking
BUDDLEJA OFFICINALIS FLOWER EXTRACT,uv-filter
PEG-10 DIMETHICONE,skin-conditioning
METHICONE,antistatic
METHICONE,skin-conditioning
METHICONE,skin-conditioning-emollient
ASPALATHUS LINEARIS EXTRACT,skin-conditioning
HAMAMELIS VIRGINIANA LEAF EXTRACT,antimicrobial
HAMAMELIS VIRGINIANA LEAF EXTRACT,antioxidant
HAMAMELIS VIRGINIANA LEAF EXTRACT,astringent
HAMAMELIS VIRGINIANA LEAF EXTRACT,cleansing
HAMAMELIS VIRGINIANA LEAF EXTRACT,hair-conditioning
HAMAMELIS VIRGINIANA LEAF EXTRACT,skin-conditioning
HAMAMELIS VIRGINIANA LEAF EXTRACT,soothing
DEXTRIN PALMITATE,anticaking
DEXTRIN PALMITATE,emulsifying
DEXTRIN PALMITATE,surfactant
ISOCETETH-20,emulsifying
ISOCETETH-20,surfactant
CETEARETH-25,cleansing
CETEARETH-25,emulsifying
CETEARETH-25,surfactant
POLYACRYLATE-13,film-forming
BEHENIC ACID,cleansing
BEHENIC ACID,emulsifying
BEHENIC ACID,opacifying
BEHENIC ACID,surfactant
ALGAE EXTRACT,humectant
ALGAE EXTRACT,skin-conditioning-emollient
ALGAE EXTRACT,skin-conditioning
TRIETHYLHEXANOIN,hair-conditioning
TRIETHYLHEXANOIN,masking
TRIETHYLHEXANOIN,perfuming
TRIETHYLHEXANOIN,skin-conditioning
VITIS VINIFERA FRUIT EXTRACT,skin-conditioning
LINOLEIC ACID,antistatic
LINOLEIC ACID,cleansing
LINOLEIC ACID,emollient
LINOLEIC ACID,hair-conditioning
LINOLEIC ACID,skin-conditioning
LINOLEIC ACID,surfactant
PHENYL TRIMETHICONE,antifoaming
PHENYL TRIMETHICONE,hair-conditioning
PHENYL TRIMETHICONE,skin-conditioning
ETHYL HEXANEDIOL,solvent
