ingredient_id,ingredient_name,cas_no,description
1,SAFFLOWER SEED OIL PIPERONYL ESTERS,,
2,ETHYLHEXYL POLYRICINOLEATE,83856-22-8,
3,CYCLOPIA GENISTOIDES FLOWER/LEAF/STEM EXTRACT,93348-14-2,
4,ORYZA SATIVA LEES WATER,68553-81-1,
5,CETEARYL PALMATE,,
6,NEMACYSTUS DECIPIENS POWDER,,
7,ALLANTOIN GLYCYRRHETINIC ACID,4572-09-2,
8,KLUYVEROMYCES/LACTOBACILLUS/OPHIOPOGON JAPONICUS ROOT OIL FERMENT FILTRATE,,
9,EPIPHYLLUM OXYPETALUM FLOWER EXTRACT,,
10,RUBUS COREANUS ROOT EXTRACT,,
11,EUTERPE OLERACEA PULP POWDER,879496-95-4;906351-38-0,
12,PASSIFLORA EDULIS PEEL EXTRACT,91770-48-8,
13,SODIUM SUCCINOYL GELATIN,,
14,OLEA EUROPAEA FRUIT OIL ETHYL ESTER,,
15,POUZOLZIA ZEYLANICA LEAF/STEM EXTRACT,,
16,ZIZIPHUS JUJUBA FRUIT EXTRACT,90045-99-1,
17,TRIBULUS TERRESTRIS FRUIT/STEM EXTRACT,90131-68-3,
18,CITRUS LIMON/FUCUS SERRATUS EXTRACT,,
19,TRIPEPTIDE-46 HEXAPEPTIDE-40 DECAPEPTIDE-27 METHIONYL OLIGOPEPTIDE-91 DIPEPTIDE-19 SH-POLYPEPTIDE-2 DIPEPTIDE-34 SH-POLYPEPTIDE-11 DIPEPTIDE-19 OLIGOPEPTIDE-91,,
20,OXALIS HEDYSAROIDES EXTRACT,,
21,ACETYLATED HYDROGENATED VEGETABLE GLYCERIDE,174333-76-7,
22,BIS-HYDROXYPROPYL DIMETHICONE,,
23,ROSA CANINA FLOWER OIL,84696-47-9,
24,HYDROGENATED TALLOWAMINE OXIDE,61788-94-1,
25,OLEOYL EPOXY RESIN,,
26,SH-PENTAPEPTIDE-40,,
27,THUJA KORAIENSIS EXTRACT,94465-82-4,
28,ACETYL OCTAPEPTIDE-2,,
29,MYCOLEPTODONOIDES AITCHISONII MYCELIUM EXTRACT,,
30,GUANIDINE PHOSPHATE,5423-22-3,
31,ANSERINE,584-85-0,
32,ERIOCAULON BUERGARIANUM FLOWER/STEM EXTRACT,,
33,ZINC HYDROLYZED HYALURONATE,,
34,PEDIOCOCCUS FERMENT FILTRATE,,
35,TRIPEPTIDE-35,,
36,PEG-115M,25322-68-3,
37,GRATELOUPIA LIVIDA POWDER,,
38,LACTOBACILLUS/PUERARIA LOBATA ROOT EXTRACT FERMENT FILTRATE,,
39,NONAPEPTIDE-29 PENTAPEPTIDE-4,,
40,OLIVE OIL PROPYLENE GLYCOL ESTERS,,
41,PINUS RIGIDA BARK EXTRACT,,
42,SAFFLOWER OIL/PALM OIL AMINOPROPANEDIOL ESTERS,,
43,ETHYL OLIVATE,92044-99-0,
44,ISOSTEAROYL EPOXY RESIN,,
45,AILANTHUS ALTISSIMA FRUIT EXTRACT,90131-67-2,
46,ALPINIA FORMOSANA LEAF OIL,,
47,GOSSYPIUM HERBACEUM SEEDCAKE EXTRACT,223749-08-4,
48,SH-OCTAPEPTIDE-4,,
49,COPTIS JAPONICA RHIZOME EXTRACT,223748-66-1,
50,AMMONIUM ACRYLOYLDIMETHYLTAURATE/CARBOXYETHYL ACRYLATE CROSSPOLYMER,,
51,C12-15 ALKYL ETHYLHEXANOATE,90411-66-8,
52,LUPEOL,545-47-1,
53,POLYGLYCERYL-2 DIPOLYHYDROXYSTEARATE,144470-58-6,
54,AMOMUM AROMATICUM FRUIT EXTRACT,91745-62-9,
55,CITRUS TANKAN FRUIT WATER,,
56,HEXYLDECYL BENZOATE,163883-40-7,
57,CAFFEINE CARBOXYLOYL SH-DECAPEPTIDE-1,,
58,MENTHYL PCA,64519-44-4 / 68127-22-0,
59,DIMETHICONOL/STEARYL METHICONE/PHENYL TRIMETHICONE COPOLYMER,,
60,KAEMPFERIA GALANGA RHIZOME/ROOT EXTRACT,92347-13-2,
61,MYROTHAMNUS FLABELLIFOLIA LEAF EXTRACT,,
62,CARTHAMUS TINCTORIUS FLOWER WATER,223749-52-8,
63,PHASEOLUS COCCINEUS SEED EXTRACT,,
64,CORIANDRUM SATIVUM CALLUS CULTURE CONDITIONED MEDIA,,
65,BETA-CAROTENE,7235-40-7,
66,MYRISTAMIDOBUTYL GUANIDINE ACETATE,,
67,THERMUS THERMOPHILUS PUTATIVE ESTERASE,,
68,BRASSICA ALBA SPROUT EXTRACT,,
69,ASPERGILLUS/HIPPOPHAE RHAMNOIDES SEED FERMENT FILTRATE,,
70,ERYTHRODIOL,545-48-2,
71,ACRYLATES/BEHENETH-25 METHACRYLATE/STEARETH-30 METHACRYLATE COPOLYMER,888492-33-9,
72,SODIUM ACRYLATE/ACROLEIN COPOLYMER,,
73,DIHYDROLANOSTEROL,79-62-9,
74,DIPENTAERYTHRITYL HEXAHYDROXYSTEARATE,,
75,OXIDIZED STARCH ACETATE,68187-08-6,
76,PAKAU WHITE CLAY,,
77,SAPINDUS MUKOROSSI PEEL EXTRACT,,
78,MAGNESIUM GLUCOHEPTONATE,74347-32-3,
79,SACCHAROMYCES/SOYBEAN EXTRACT FILTRATE FERMENT,,
80,SH-DECAPEPTIDE-1 SH-POLYPEPTIDE-2,,
81,FRAGARIA CHILOENSIS FRUIT EXTRACT,95193-64-9,
82,BETA-ALANYL HYDROXYPROLYLDIAMINOBUTYROYL BENZYLAMIDE,1694678-27-7,
83,TRIACONTANYL PVP,136445-69-7,
84,ORMENIS MULTICAULIS FLOWER CERA,92202-02-3,
85,HYDROGENATED SODIUM CYCLIC LYSOPHOSPHATIDIC ACID,,
86,HEMA MALEATE,51978-15-5,
87,CETYL DIMETHYLOCTANOATE,,
88,HYDROXYETHYL ACRYLATE/SODIUM ACRYLOYLDIMETHYL TAURATE COPOLYMER,111286-86-3,
89,METHOXY PEG-22/DODECYL GLYCOL COPOLYMER,88507-00-0,
90,HYPERICUM PERFORATUM FLOWER/LEAF EXTRACT,84082-80-4,
91,HYDROLYZED BRASSICA NAPUS SEEDCAKE EXTRACT,,
92,TILIA EUROPAEA FLOWER/LEAF EXTRACT,,
93,ETHOXYDIGLYCOL ISOSTEARATE,,
94,C9-11 ISOPARAFFIN,68551-16-6,
95,R-MUSSEL OLIGOPEPTIDE-1,,
96,SH-NONAPEPTIDE-1,,
97,KURUMI KAKU EKISU,,
98,SH-POLYPEPTIDE-41,,
99,SODIUM PCA METHYLSILANOL,99035-50-4,
100,MEDICAGO SATIVA OIL UNSAPONIFIABLES,224557-89-5 / 84082-36-0,
101,UNDARIA PETERSENIANA EXTRACT,,
102,OCTYLDODECYL ETHYLHEXANOATE,69275-04-3,
103,EUSTOMA GRANDIFLORUM EXTRACT,,
104,COLEUS FORSKOHLII FLOWER EXTRACT,,
105,ARALIA ELATA ROOT EXTRACT,,
106,OLIGOPEPTIDE-48,,
107,STEARAMIDE AMP,36284-86-3,
108,ACETYL HEXAPEPTIDE-38,,
109,KLUYVEROMYCES/LACTOBACILLUS/LACTOCOCCUS/LEUCONOSTOC/SACCHAROMYCES/HYDROLYZED HIBISCUS ESCULENTUS SEED EXTRACT FERMENT FILTRATE,,
110,OCTAPEPTIDE-21 AMIDE,,
111,DIISOCETYL ADIPATE,57533-90-1 / 58262-41-2 / 59686-69-0,
112,ASCOPHYLLUM NODOSUM POWDER,84775-78-0,
113,PUERARIA MONTANA ROOT EXTRACT,,
114,TILIA CORDATA FLOWER WATER,84929-52-2,
115,C12-14 SEC-PARETH-12,,
116,SACCHAROMYCES/SILICON FERMENT,,
117,AMMONIUM SHELLACATE,68308-35-0,
118,POLYGLYCERYL-4 SWEET ALMONDATE,,
119,DAIDZEIN,486-66-8,
120,STEARYL METHACRYLATE/PERFLUOROOCTYLETHYL METHACRYLATE COPOLYMER,,
121,HYDROXYPROPYL DIMETHICONE ISOSTEARATE,,
122,TROMETHAMINE ACRYLATES/ACRYLONITROGENS COPOLYMER,,
123,C18-36 ACID GLYCOL ESTER,94944-95-3,
124,PRUNUS SERRULATA LEAF CELL EXTRACT,,
125,PALMITOYL HYALURONATE,,
126,RICINOLEOYL EPOXY RESIN,,
127,BIPHENYL AZEPANYL METHANONE,1910069-14-5,
128,ARGANIA SPINOSA KERNEL EXTRACT,223747-87-3,
129,MENYANTHES TRIFOLIATA LEAF EXTRACT,84082-63-3,
130,SCYLLII PELLIS EXTRACT,225234-43-5,
131,ASCORBYL NICOTINATE,81489-64-7,
132,METHYLSULFONYLPIPERIDINYLAMINO DIOXOTHIOMORPHOLINOMETHYL PHENYLINDOLE,1120333-38-1,
133,VITIS LABRUSCA VINE SAP,,
134,BRASSICA OLERACEA CAPITATA (CABBAGE) LEAF WATER,,
135,SH-POLYPEPTIDE-98 HEXAPEPTIDE-40,,
136,POLYMETHACRYLOYL LYSINE,,
137,PENTAERYTHRITYL TETRABENZOATE,,
138,RESVERATRYL ACETATE,411233-11-9,
139,HYDROXYLATED LECITHIN,8029-76-3,
140,LACTOBACILLUS/SOYBEAN EXTRACT FERMENT FILTRATE,,
141,ETHYL CANOLATE,85049-35-0,
142,HYDROGENATED TALLOW ACID,61790-38-3,
143,POLYGONATUM ODORATUM RHIZOME POWDER,,
144,TROLOXOYL DECAPEPTIDE-18,,
145,CEDRUS DEODARA WOOD EXTRACT,91771-47-0,
146,SODIUM ACRYLOYLDIMETHYLTAURATE/VP CROSSPOLYMER,,
147,CASTANEA CRENATA CUPULE EXTRACT,,
148,BIS-CAPRYLOYLOXYPALMITAMIDO ISOPROPANOL,1883454-19-0,
149,PEG-15 GLYCERYL TRIOLEATE,68958-64-5,
150,3-ASCORBYL CARBONYL DIPEPTIDE-17,,
151,SCHINZIOPHYTON RAUTANENII KERNEL OIL,,
152,TETRACARBOXYMETHYL PALMITOYL DIPEPTIDE-12,1894171-14-2,
153,METHOXY PEG-100,9004-74-4,
154,TRIPEPTIDE-62,,
155,CENTIPEDA CUNNINGHAMII LEAF/STEM EXTRACT,,
156,HYDROGEN DIPHENYL DIMETHICONE,68037-60-5,
157,BIS-HYDROXYLAURYL DIMETHICONE/IPDI COPOLYMER,,
158,CAPSAICINYL SUCCINOYL TRIPEPTIDE-1,,
159,REHMANNIA GLUTINOSA RHIZOME EXTRACT,,
160,ACRYLATES/CETETH-20 ITACONATE COPOLYMER,,
161,RICE SH-OLIGOPEPTIDE-2,,
162,STEARYL ERUCAMIDE,10094-45-8,
163,PALMITOYL HEXAPEPTIDE-52,,
164,ASPERGILLUS/RICE/SOYMILK FERMENT FILTRATE,,
165,MACHILUS THUNBERGII SEED OIL,,
166,BUTYLENE GLYCOL MYRISTATE,,
167,STEARYL TRIMETHICONE,167160-55-6,
168,CNICUS JAPONICUS EXTRACT,,
169,PROPYLENE GLYCOL DILAURATE,22788-19-8,
170,MONASCUS/PAEONIA SUFFRUTICOSA FLOWER/RICE BRAN FERMENT FILTRATE,,
171,C18-38 ALKYL BEESWAX,223706-17-0,
172,SH-POLYPEPTIDE-6,,
173,10-HYDROXYDECANOIC ACID,1679-53-4,
174,VACCINIUM MACROCARPON SEEDCAKE POWDER,,
175,ACACIA CONCINNA FRUIT EXTRACT,202148-87-6,
176,NARDOSTACHYS CHINENSIS ROOT EXTRACT,,
177,SH-POLYPEPTIDE-57,,
178,AMMONIUM STYRENE/ACRYLATES/ETHYLHEXYL ACRYLATE/LAURYL ACRYLATE COPOLYMER,,
179,C1-8 ALKYL TETRAHYDROXYCYCLOHEXANOATE,,
180,PRUNUS CAMPANULATA/YEDOENSIS FLOWER EXTRACT,,
181,ISODECYL HYDROXYSTEARATE,29383-27-5,
182,TOCOPHEROL,54-28-4 -gamma-/ 16698-35-4-beta- / 10191-41-0-DL- / 119-13-1 / 1406-18-4 / 1406-66-2 / 2074-53-5 -DL- / 59-02-9 -D-/7616-22-0,
183,HYDROGENATED CASTOR OIL STEARATE,,
184,LYSOZYME,9001-63-2,
185,BACILLUS/MONASCUS/PLUKENETIA VOLUBILIS SEED/RICE BRAN FERMENT FILTRATE,,
186,PENTAISOSTEAROYL 3-GLYCERYL ASCORBATE,,
187,TETRAPEPTIDE-58,,
188,METSCHNIKOWIA AGAVES EXTRACT,1309127-75-0,
189,SILICA CAPRYLYL SILYLATE,92797-60-9,
190,ELEUTHEROCOCCUS NODIFLORUS ROOT EXTRACT,,
191,COSCINIUM FENESTRATUM STEM OIL,,
192,SUCROSE TRIBEHENATE,84798-44-7,
193,PETROSELINUM CRISPUM MERISTEM CELL,,
194,TENACIBACULUM DISCOLOR FERMENT EXTRACT,,
195,MYRISTOYL TETRAPEPTIDE-8,,
196,DIHYDROABIETYL BEHENATE,,
197,HYDROLYZED FISH EGG MEMBRANE EXTRACT FILTRATE,,
198,SODIUM GLYCOGEN OCTENYLSUCCINATE,,
199,RH-POLYPEPTIDE-64,,
200,ABIES VEITCHII LEAF EXTRACT,,
201,GLYCYRRHIZA GLABRA ROOT JUICE,84775-66-6,
202,CHENOPODIUM PALLIDICAULE SEED EXTRACT,,
203,MACROPIPER EXCELSUM LEAF EXTRACT,,
204,PICHIA ANOMALA EXTRACT,,
205,HEXAPEPTIDE-56,,
206,KLUYVEROMYCES/LACTOBACILLUS/LACTOCOCCUS/LEUCONOSTOC/SACCHAROMYCES LAC FERMENT,,
207,HEILMOOR CLAY,,
208,FUCOXANTHIN,3351-86-8,
209,OXIDIZED MICROCRYSTALLINE CERA,,
210,ARGANIA SPINOSA SEEDCAKE EXTRACT,,
211,EUGENIA EDULIS FRUIT JUICE,,
212,CAPRYLYL TRIMETHICONE,187593-69-7,
213,BERBERIS VULGARIS ROOT/FRAGARIA CHILOENSIS FRUIT/LYCIUM CHINENSE FRUIT/MORUS NIGRA FRUIT EXTRACT,,
214,HYDROLYZED FISH CARTILAGE,,
215,ISOSTEAROYLOXY CAPRYLYLBUTYRAMIDE,1971838-44-4,
216,HYDROGENATED SOY POLYGLYCERIDES,912810-05-0,
217,LEDEBOURIELLA SESELOIDES ROOT EXTRACT,,
218,DIHEXYL ADIPATE,110-33-8,
219,PEG-12 DIMETHICONE/BIS-ISOBUTYL PPG-20 CROSSPOLYMER,,
220,ERYTHROXYLUM CATUABA EXTRACT,,
221,LITSEA GLUTINOSA LEAF EXTRACT,,
222,DISODIUM LAURYL SULFOSUCCINATE,13192-12-6 / 19040-44-9 / 26838-05-1,
223,CITRUS NOBILIS WATER,84929-38-4,
224,CYNODON DACTYLON POWDER,84649-95-6,
225,DIMETHICONE/PPG-20 CROSSPOLYMER,,
226,PORPHYRIDIUM/ZINC FERMENT,,
227,CARBOXYMETHYL CHITOSAN MYRISTAMIDE,,
228,ETHOXYETHYL CYANOACRYLATE,21982-43-4,
229,LACTOBACILLUS/ALFALFA LEAF/BRASSICA NAPUS SPROUT/CABBAGE LEAF/PANAX GINSENG BERRY/WHEAT GERM EXTRACT FERMENT FILTRATE,,
230,METHOXYETHYL ACRYLATE,3121-61-7,
231,PENTAPEPTIDE-57 DIMER,,
232,CITRUS AURANTIUM BERGAMIA LEAF CELL EXTRACT,,
233,RHODODENDRON MUCRONULATUM FLOWER EXTRACT,,
234,IRIS GERMANICA ROOT EXTRACT,85085-39-8,
235,CASSIA ANGUSTIFOLIA SEED POLYSACCHARIDE,85187-05-9,
236,N-CAPROYL DOPAMINE,930050-18-3,
237,CUPRESSUS SEMPERVIRENS LEAF/NUT/STEM OIL,84696-07-1 / 8013-86-3,
238,CNIDIUM MONNIERI SEED POWDER,,
239,COCOGLYCERIDES,92045-31-3,
240,HEXAPEPTIDE-50,,
241,CAPSICUM FRUTESCENS FRUIT EXTRACT,85940-30-3,
242,CARPINUS LAXIFLORA STEM EXTRACT,,
243,CITRUS LIMON FLOWER WATER,,
244,R-CLOSTRIDIUM HISTOLYTICUM COLLAGENASE H HEXAPEPTIDE-40,,
245,ESCHERICHIA COLI/GLUCOSE FERMENT FILTRATE,,
246,COMMIPHORA GILEADENSIS BRANCH/FRUIT/LEAF EXTRACT,,
247,DIPEPTIDE-41 NICOTINATE,,
248,DI-PPG-2 MYRETH-10 ADIPATE,,
249,SH-POLYPEPTIDE-7 SH-OLIGOPEPTIDE-1,,
250,TRIOLEIN PEG-6 ESTERS,,
251,TROMETHAMINE MAGNESIUM ALUMINUM SILICATE,66456-45-9,
252,SH-OLIGOPEPTIDE-81 AMIDE,,
253,TRIMETHYLPENTANEDIOL/ADIPIC ACID COPOLYMER,26139-53-7,
254,GLYCYL SH-OLIGOPEPTIDE-4,,
255,LATHYRUS ODORATUS FLOWER EXTRACT,90604-48-1,
256,ALLYL METHACRYLATES CROSSPOLYMER,182212-41-5,
257,CANDELILLA WAX HYDROCARBONS,,
258,CICHORIUM INTYBUS ROOT OLIGOSACCHARIDES,,
259,PHASEOLUS RADIATUS SEED POWDER,,
260,PROPAGERMANIUM,12758-40-6 / 126595-07-1,
261,CARPOTROCHE BRASILIENSIS SEED OIL,,
262,AQUAMARINE POWDER,,
263,STAPHYLOCOCCUS EPIDERMIDIS,,
264,RIBES RUBRUM CALLUS POWDER,,
265,THIOCTOYL DIPEPTIDE-36 AMIDE PEG-2 ETHYLAMINE,,
266,COSTUS SPECIOSUS RHIZOME/ROOT EXTRACT,89997-95-5,
267,HYDROLYZED MILLET,227025-36-7,
268,PEG/PPG/POLYBUTYLENE GLYCOL-8/5/3 GLYCERIN,,
269,SODIUM PALMITOYL PROLINE,58725-33-0,
270,POLYGONATUM OFFICINALE EXTRACT,,
271,TALLOWAMIDE DEA,68140-08-9,
272,CENTAUREA CYANUS FLOWER WATER,84012-18-0,
273,GLEDITSIA TRIACANTHOS WOOD EXTRACT,,
274,CORDYCEPS MILITARIS FERMENT FILTRATE,,
275,S-MUSSEL OLIGOPEPTIDE-2,,
276,ACETYLATED HYDROGENATED TALLOW GLYCERIDE,68990-58-9,
277,ASPERGILLUS/LACTOBACILLUS/SACCHAROMYCES/ACTINIDIA ARGUTA FRUIT/AKEBIA QUINATA FRUIT/CORYLUS HETEROPHYLLA FRUIT/DIOSPYROS LOTUS FRUIT/MORUS ALBA FRUIT/PRUNUS DAVIDIANA FRUIT/PYRUS LINDLEJI FRUIT/RUBUS CRATAEGIFOLIUS FRUIT/VITIS AMURENSIS FRUIT FERMENT FILTRATE,,
278,DITRIMETHYLOLPROPANE TETRAHYDROXYSTEARATE,,
279,OZONIZED MACADAMIA SEED OIL,,
280,VANILLA PLANIFOLIA FRUIT OIL,8024-06-4 / 84650-63-5,
281,SUNFLOWER SEED OIL PEG-8 ESTERS,,
282,HYDROLYZED PRUNE SEEDCAKE/MDI COPOLYMER,,
283,OCTYLDODECYL ISOSTEARATE,93803-87-3,
284,MINOXIDIL SUCCINOYL OLIGOPEPTIDE-143,,
285,CUPRIC CHLORIDE,7447-39-4,
286,POPULUS NIGRA BARK/BUD/LEAF/TWIG EXTRACT,84650-39-5,
287,UNDECYL DIMETHYL OXAZOLINE,,
288,EMMEISOU EKISU,,
289,R-(METHIONYL SH-POLYPEPTIDE-31 DECAPEPTIDE-40),,
290,VERBASCUM DENSIFLORUM ROOT EXTRACT,,
291,XANTHOCERAS SORBIFOLIUM SEED OIL,,
292,PROPYLENE GLYCOL DIETHYLHEXANOATE,93981-97-6,
293,SORBETH-12 HEXACOCOATE,,
294,SOLANUM LYCOPERSICUM MERISTEM CELL CULTURE CONDITIONED MEDIA,,
295,VANILLA TAHITENSIS FRUIT EXTRACT,94167-14-3,
296,HEXACOSYL GLYCOL,97338-12-0,
297,AMOMUM BIFLORUM LEAF EXTRACT,,
298,ORCHIS MACULATA FLOWER EXTRACT,90082-23-8,
299,ALBATRELLUS CONFLUENS EXTRACT,,
300,DIHYDROXYETHYL LAURAMINE OXIDE,2530-44-1,
301,ACRYLATES/ACETOACETOXYETHYL METHACRYLATE COPOLYMER,,
302,HYDROLYZED MONASCUS/RICE FERMENT FILTRATE,,
303,TRIPEPTIDE-46 HEXAPEPTIDE-40 DECAPEPTIDE-27 METHIONYL OLIGOPEPTIDE-91 DIPEPTIDE-19 SH-POLYPEPTIDE-2,,
304,ECLIPTA PROSTRATA STEM EXTRACT,,
305,PEG-200 HYDROGENATED CASTOR OIL/IPDI COPOLYMER,207620-98-2,
306,SYZYGIUM LUEHMANNII SEED OIL,,
307,LIMNOPHILA CHINENSIS LEAF EXTRACT,,
308,CODONOPSIS PILOSULA ROOT POWDER,,
309,GINKGO BILOBA LEAF POWDER,90045-36-6,
310,ACER NIKOENSE BRANCH/STEM EXTRACT,,
311,CALANTHE DISCOLOR EXTRACT,,
312,PEG/PPG-35/40 DIMETHYL ETHER,,
313,STYRENE/MA COPOLYMER,9011-13-6,
314,RUMEX CRISPUS FLOWER/LEAF/STEM EXTRACT,90106-41-5,
315,METHYL GLUCOSE CAPRYLATE/CAPRATE,,
316,ASTROCARYUM TUCUMA SEED OIL,942505-39-7,
317,POLYVINYL STEARYL ETHER,9003-96-7,
318,MORUS NIGRA ROOT EXTRACT,90064-11-2,
319,TETRAPEPTIDE-3,,
320,HYLOCEREUS COSTARICENSIS FRUIT EXTRACT,,
321,T-BUTYLPHENYL ETHYL GLYCERYL DIETHER,,
322,PUERARIA TUBEROSA LEAF CELL EXTRACT,,
323,KOJYL CARBOXY SH-NONAPEPTIDE-2,,
324,PALMITOYL CARNOSINE,,
325,ISOPROPYL STEARATE,112-10-7,
326,TROLOXOYL OLIGOPEPTIDE-143,,
327,CARYA ILLINOINENSIS SEED OIL,129893-27-2,
328,TRIPEPTIDE-69,,
329,QUERCETIN CAPRYLATE,,
330,ARBUTUS UNEDO FRUIT EXTRACT,84012-12-4,
331,CORYNANTHE YOHIMBE BARK EXTRACT,85117-22-2,
332,ASTER SPATHULIFOLIUS LEAF/STEM OIL,,
333,BIS-ISOPROPYLACETOMETHYL BENZATHINE,158069-88-6,
334,DISODIUM COCO-SULFOSUCCINATE,90268-37-4,
335,SACCHAROMYCES/LEUCONOSTOC/APPLE FRUIT/CARROT ROOT/RADISH ROOT/CABBAGE LEAF/CELERY LEAF/CUCUMBER FRUIT/BANANA FRUIT/ONION BULB/ARCTIUM LAPPA ROOT/SPINACH LEAF/ ORANGE PEEL/TOMATO FRUIT/PHASEOLUS RADIATUS SPROUT/PUMPKIN FRUIT EXTRACT FERMENT FILTRATE,,
336,POLYQUATERNIUM-43,,
337,HYDROLYZED LAGENARIA SICERARIA FRUIT JUICE,,
338,SPARASSIS CRISPA MYCELIUM/USNEA LONGISSIMA FERMENT EXTRACT FILTRATE,,
339,SENECIO VULGARIS EXTRACT,84650-58-8,
340,OENOTHERA BIENNIS OIL,90028-66-3,
341,TEA-CARBOMER,,
342,C12-18 ACID TRIGLYCERIDE,67701-26-2,
343,PRUNUS ARMENIACA KERNEL WAX,,
344,NARINGIN,10236-47-2,
345,PALMAMIDE MIPA,,
346,STELLERA CHAMAEJASME FLOWER/LEAF/STEM EXTRACT,,
347,ARTEMISIA TRIDENTATA LEAF/STEM OIL,,
348,PHYLLOSTACHYS HETEROCYCLA STEM EXTRACT,,
349,PHYLLOSTACHYS AUREOSULCATA LEAF EXTRACT,,
350,ECKLONIA MAXIMA POWDER,,
351,PINUS DENSIFLORA BRANCH/LEAF EXTRACT,,
352,HYDROGENATED RETINOL,,
353,BACILLUS/TAGETES PATULA FLOWER/SOYBEAN FERMENT FILTRATE,,
354,SCHIZOPHYLLUM COMMUNE MYCELIUM/RICE FERMENT EXTRACT FILTRATE,,
355,VITIS VINIFERA FRUIT CELL EXTRACT,85594-37-2 / 84929-27-1,
356,SKELETONEMA COSTATUM EXTRACT,,
357,LACTOBACILLUS/DANDELION LEAF/ROOT EXTRACT FERMENT FILTRATE,,
358,NYLON-12/6/66 COPOLYMER,,
359,DENDROBIUM CATENATUM LEAF/STEM EXTRACT,,
360,CIMICIFUGA ACERINA EXTRACT,,
361,AILANTHUS ALTISSIMA BARK/ROOT EXTRACT,,
362,GREYIA RADLKOFERI LEAF EXTRACT,,
363,LACTOBACILLUS/HONEY/MATRICARIA CHAMOMILLA FLOWER FERMENT FILTRATE,,
364,VINCETOXICUM ATRATUM EXTRACT,,
365,CHRYSANTHEMUM PARTHENIUM FLOWER POWDER,89997-65-9,
366,LINDERA UMBELLATA LEAF/TWIG OIL,,
367,SODIUM BISCHLOROPHENYL SULFAMINE,58727-01-8,
368,PIPERONYL GLUCOSIDE,,
369,ISOAMYL MEADOWFOAMATE,,
370,OLIGOPEPTIDE-91,,
371,LYCIUM CHINENSE STEM EXTRACT,,
372,ISOPROPYL LAUROYL SARCOSINATE,230309-38-3,
373,SEDUM KAMTSCHATICUM CALLUS CULTURE EXTRACT,,
374,ARCTOSTAPHYLOS VISCIDA LEAF EXTRACT,,
375,FURCELLARIA LUMBRICALIS EXTRACT,,
376,PRUNUS AMYGDALUS DULCIS FRUIT WATER,90320-37-9,
377,CERATOSTIGMA WILLMOTTIANUM FLOWER EXTRACT,,
378,SIRAITIA GROSVENORII FRUIT EXTRACT,,
379,POLY(DIMER HEMPSEED OIL),,
380,ENTEROCOCCUS FAECIUM,,
381,TRIPOTASSIUM URSOLYL PHOSPHATE,,
382,RHUS VERNICIFLUA PEEL CERA,,
383,PSEUDOWINTERA COLORATA FLOWER/LEAF EXTRACT,,
384,PPG-4 LAURETH-5,68439-51-0,
385,PRIMULA VERIS SEED OIL,84787-68-8,
386,THELYPTERIS INTERRUPTA LEAF EXTRACT,,
387,ZANTHOXYLUM PIPERITUM BRANCH/LEAF EXTRACT,97404-53-0,
388,CAFFEOYL METHOXYTRYPTAMINE,311312-27-3,
389,MYRISTYL METHICONE,76684-67-8,
390,AESCULUS HIPPOCASTANUM FLOWER EXTRACT,8053-39-2,
391,FORSYTHIA KOREANA BRANCH/LEAF EXTRACT,,
392,PHYMATOLITHON CALCAREUM EXTRACT,,
393,SACCHAROMYCES/LAMINARIA SACCHARINA FERMENT,,
394,SOLANUM INDICUM ROOT POWDER,,
395,CYATHUSAL C,,
396,PINUS PINEA KERNEL OIL,90082-76-1,
397,TRIMETHYLCYCLOHEXYL BUTYLCARBAMATE,1228376-60-0,
398,HOUTTUYNIA CORDATA POWDER,164288-50-0,
399,MENTHA VIRIDIS LEAF,84696-51-5,
400,POLYGONUM MULTIFLORUM SPROUT EXTRACT,,
401,VIGNA ANGULARIS SEED EXTRACT,223748-01-4,
402,ERIODICTYON CRASSIFOLIUM LEAF EXTRACT,90028-41-4,
403,LAMINARIA JAPONICA POWDER,,
404,HYDRATED SILICA,10279-57-9 / 1343-98-2 / 7631-86-9 / 112926-00-8 / 63231-67-4,
405,LACTOBACILLUS/BRASSICA NIGRA SEED FERMENT EXTRACT,,
406,GLYCOL,107-21-1,
407,GLUCOSE,50-99-7,
408,CAMELLIA JAPONICA ALBIPETALA LEAF EXTRACT,,
409,CALAMINTHA OFFICINALIS FLOWER/LEAF/STEM EXTRACT,223748-11-6,
410,HYDROXYPROPYLTRISILOXYL IPDI/PEG-23 COPOLYMER,,
411,ULEX EUROPAEUS FLOWER EXTRACT,90131-76-3,
412,ORIGANUM MAJORANA LEAF WATER,84082-58-6,
413,VITIS FICIFOLIA LEAF EXTRACT,,
414,NUPHAR LUTEUM LEAF,90064-33-8,
415,AVOCADO OIL PROPYLENE GLYCOL ESTERS,,
416,ABRUS PRECATORIUS MERISTEM CELL CULTURE EXTRACT,90320-07-3,
417,LYSINE CARBOXYMETHYL CYSTEINATE,79458-68-7,
418,ALUMINUM DICETYL PHOSPHATE,26527-54-8,
419,VITEX ROTUNDIFOLIA FRUIT OIL,,
420,BEHENYL DIMETHICONE,,
421,HYLOCEREUS COSTARICENSIS FRUIT JUICE,,
422,RUBUS IDAEUS SEED OIL,84929-76-0,
423,SHIKIMOYL SH-PENTAPEPTIDE-5,,
424,BIS-ARACHIDYL PEG-400/SMDI COPOLYMER,,
425,PRUNUS SARGENTII FRUIT EXTRACT,,
426,WATANABEA RENIFORMIS OIL,,
427,POLYSTYRENE,9003-53-6,
428,POLYVINYL CHLORIDE,9002-86-2,
429,XANTHIUM SIBIRICUM FRUIT EXTRACT,,
430,PPG-2 LAURYL ETHER MALEAMIDE,,
431,MYRISTOYL PENTAPEPTIDE-14,,
432,PEG-18 PALM GLYCERIDES,,
433,LYSOPHOSPHATIDYLGLYCEROL,,
434,PPG-2 ARGININE,,
435,MICHELIA ALBA FLOWER EXTRACT,92457-18-6,
436,POLY(DIMER GRAPESEED OIL),,
437,KOJYL CARBOXY DIPEPTIDE-23,,
438,PEG/PPG-18/12 DIMETHICONE,,
439,TETRASODIUM ETIDRONATE,3794-83-0,
440,R-SALMON OLIGOPEPTIDE-1 SH-OLIGOPEPTIDE-1,,
441,PEG-75 LANOLIN,61790-81-6 / 8039-09-6,
442,PHYTOSTEROLS,,
443,MIRABILIS JALAPA CALLUS POWDER,,
444,LITSEA JAPONICA BRANCH/LEAF EXTRACT,,
445,SACCHAROMYCES/MAGNESIUM/POTASSIUM/SODIUM/SULFUR/ZINC FERMENT LYSATE FILTRATE,,
446,AMMONIUM ACRYLOYLDIMETHYLTAURATE/BEHENETH-25 METHACRYLATE CROSSPOLYMER,15625-89-5,
447,DECYLTETRADECETH-200 BEHENATE,,
448,WHEY,92129-90-3,
449,DIOSGENIN ARGININATE,,
450,PENTAPEPTIDE-56 DIMER,,
451,POLYQUATERNIUM-1,75345-27-6 / 68518-54-7,
452,HYDROXYBUTYL METHYLCELLULOSE,9041-56-9,
453,ISOSTEARYL STEAROYL STEARATE,93385-12-7,
454,RHODIOLA ROSEA CALLUS EXTRACT,,
455,NORBORNENE/TRIS(TRIMETHYLSILOXY)SILYLNORBORNENE COPOLYMER,,
456,(ANGELICA GIGAS/GLYCYRRHIZA URALENSIS/REHMANNIA GLUTINOSA ROOT)/ANGELICA GIGAS STEM/CARTHAMUS TINCTORIUS FLOWER/(CARTHAMUS TINCTORIUS/PRUNUS PERSICA SEED)PORIA COCOS WATER,,
457,CAPRYLIC/CAPRIC/SUCCINIC TRIGLYCERIDE,,
458,DIMETHICONE/POLYGLYCERIN-3 CROSSPOLYMER,,
459,NYMPHAEA LOTUS LEAF CELL CULTURE POWDER,91723-04-5,
460,HYDROXYPHENYL DIHYDROXYBENZAMIDE,66612-11-1,
461,HYDROLYZED POLYGONUM TATARICUM BUD/SEED EXTRACT,,
462,ARTEMISIA DRACUNCULUS ROOT EXTRACT,90131-45-6,
463,EPILOBIUM ROSEUM EXTRACT,,
464,THEANINE,3081-61-6,
465,CITRUS AURANTIUM AMARA FLOWER WATER,68916-04-1 / 72968-50-4,
466,HYDROLYZED CICER SEED EXTRACT,92113-26-3,
467,POLYSIPHONIA ELONGATA EXTRACT,1893414-66-8,
468,LACTOBACILLUS/CAPSICUM ANNUUM FRUIT FERMENT FILTRATE,,
469,OLIGOPEPTIDE-151,,
470,RHODOSORUS MARINUS EXTRACT,,
471,OLEA EUROPAEA FLOWER EXTRACT,8001-25-0,
472,DAUCUS CAROTA SATIVA ROOT PROTOPLASTS,84929-61-3,
473,LINUM USITATISSIMUM FLOWER EXTRACT,8001-26-1,
474,DIMETHICONOL MEADOWFOAMATE,,
475,ETHYLARGININOATE ACETAMIDOMETHIONAMIDE,,
476,AGROCYBE CYLINDRACEA FERMENT FILTRATE,,
477,ORNITHINE,70-26-8,
478,STYRENE/DVB CROSSPOLYMER,9003-70-7,
479,DIHYDROCHOLESTEROL,80-97-7,
480,POLYGLYCERYL-20 PENTACAPRYLATE/CAPRATE,,
481,HYPERICUM PERFORATUM LEAF EXTRACT,84082-80-4,
482,TETRAPEPTIDE-45,775345-53-4,
483,PROSOPIS VELUTINA SEED EXTRACT,,
484,GLYCIDOXYPROPYL POLYSILSESQUIOXANE,68611-45-0,
485,SCUTELLARIA ALPINA FLOWER/LEAF/STEM EXTRACT,921608-19-7,
486,NYCTANTHES ARBOR-TRISTIS SEED EXTRACT,90064-34-9,
487,DIMETHYL SULFONE,67-71-0,
488,TROPAEOLUM MAJUS SEED EXTRACT,84625-49-0,
489,GINKGO BILOBA ROOT EXTRACT,90045-36-6,
490,HEXETH-4 CARBOXYLIC ACID,117591-36-3,
491,GANODERMA LUCIDUM/PLATYCODON GRANDIFLORUS ROOT FERMENT EXTRACT FILTRATE,,
492,ISOPROPYL THIOXANTHONE,5495-84-1,
493,PEG-4 DICOCOATE,69278-77-9,
494,LAUDANOSINE,1699-51-0,
495,HYDROGENATED SWEET ALMOND OIL,,
496,WELAN GUM,96949-22-3,
497,ISOPHORONE DIISOCYANATE,4098-71-9,
498,PALMITOYL HEXAPEPTIDE-27 ACETATE,,
499,ROSA BORBONIANA FLOWER EXTRACT,97660-07-6,
500,HYDROLYZED HORSE PLACENTA EXTRACT,,
501,CAPRYLIC/CAPRIC/LINOLEIC TRIGLYCERIDE,,
502,JASMINUM OFFICINALE FLOWER CERA,90045-94-6,
503,PEG-45/DODECYL GLYCOL COPOLYMER,78336-31-9,
504,ZIZIPHUS SATIVA EXTRACT,,
505,C12-13 ALKYL ETHYLHEXANOATE,,
506,SORBITAN SESQUICAPRYLATE,91844-53-0,
507,PASSIFLORA INCARNATA SEED POWDER,97676-26-1,
508,SACCHAROMYCES/ARTEMISIA PRINCEPS LEAF FERMENT FILTRATE,,
509,TRIMETHYLSILYL TRIMETHYLSILOXY SALICYLATE,3789-85-3,
510,VA/BUTYL MALEATE/ISOBORNYL ACRYLATE COPOLYMER,136392-68-2,
511,POLYVINYLIDENE DIFLUORIDE,24937-79-9,
512,PRUNUS TRILOBA FRUIT WATER,,
513,ENDOMYCES/APRICOT FERMENT FILTRATE,,
514,HYDROLYZED FURCELLARAN,73297-69-5,
515,SODIUM LINOLEATE,822-17-3,
516,HYDROXYMETHOXYPHENYL PROPYLMETHYLMETHOXYBENZOFURAN,51267-48-2,
517,AMINOPROPYL CALCIUM/MAGNESIUM POLYSILSESQUIOXANE CHLORIDE,,
518,SH-POLYPEPTIDE-95,,
519,POLYGLYCERIN-3,56090-54-1,
520,LACTOBACILLUS/ERIODICTYON CALIFORNICUM FERMENT FILTRATE,,
521,ACACIA DEALBATA FLOWER CERA,165800-52-2,
522,AESCULUS HIPPOCASTANUM BUD EXTRACT,8053-39-2,
523,HEXANETRIOL BEESWAX,,
524,DIMETHICONE/BIS-VINYLDIMETHICONE/SILSESQUIOXANE CROSSPOLYMER,,
525,NYMPHAEA CAERULEA FLOWER EXTRACT,,
526,HYDROLYZED MALT EXTRACT,,
527,C4-24 ALKYL DIMETHICONE/DIVINYLDIMETHICONE CROSSPOLYMER,,
528,COIX LACRYMA-JOBI SEED WATER,,
529,DI-PPG-3 MYRISTYL ETHER ADIPATE,,
530,SANTALUM SPICATUM SEED OIL,,
531,OCTADECENE,27070-58-2,
532,MACADAMIA INTEGRIFOLIA/TETRAPHYLLA SEED OIL,438545-25-6,
533,PPG-67 GLYCERYL ETHER,25791-96-2,
534,DIPHENOLIC ACID,126-00-1,
535,CASSIA OBTUSIFOLIA SEED POWDER,93348-59-5,
536,BIS-HYDROXYETHYL TOCOPHERYLSUCCINOYLAMIDO HYDROXYPROPANE,,
537,TITANIUM NITRIDE,25583-20-4,
538,PEG-2 SUNFLOWER GLYCERIDES,180254-52-8 / 186511-05-7,
539,PEG-5 GLYCERYL TRIOLEATE,68958-64-5,
540,PHYTOSTERYL/OCTYLDODECYL LAUROYL GLUTAMATE,,
541,RHODODENDRON SCHLIPPENBACHII BRANCH/LEAF EXTRACT,,
542,MONASCUS/TURMERIC ROOT/RICE BRAN FERMENT,,
543,VICIA SATIVA EXTRACT,96508-08-6,
544,SOPHORA TETRAPTERA FLOWER,,
545,ROSA CENTIFOLIA FLOWER JUICE,84604-12-6,
546,HYPSIZYGUS ULMARIUS MYCELIUM EXTRACT,,
547,HYDROGENATED TETRADECENYL/METHYLPENTADECENE,1000172-11-1,
548,CAPRAE LAC,,
549,MERTENSIA MARITIMA EXTRACT,,
550,PORPHYRA 334,70579-26-9,
551,POLYQUATERNIUM-44,,
552,C22-24 PARETH-33,246538-84-1,
553,AQUILARIA AGALLOCHA OIL,,
554,ASPERGILLUS/BACILLUS/LACTOBACILLUS/LACTOCOCCUS/SACCHAROMYCES/CARCIA PAPAYA FRUIT/CLADOSIPHON OKAMURANUS/LAMINARIA JAPONICA/RICE BRAN/RICE FERMENT EXTRACT FILTRATE,,
555,ADEPS SUILLUS,61789-99-9,
556,LACTOBACILLUS/HONEYSUCKLE FLOWER/LICORICE ROOT/MORUS ALBA ROOT/PUERARIA LOBATA ROOT/SCHISANDRA CHINENSIS FRUIT/SCUTELLARIA BAICALENSIS ROOT/SOPHORA JAPONICA FLOWER EXTRACT FERMENT FILTRATE,,
557,METHIONYL HEXAPEPTIDE-40 SH-DECAPEPTIDE-1 TRIPEPTIDE-44 RH-POLYPEPTIDE-3,,
558,HYDROLYZED AMARANTH PROTEIN,,
559,BACILLUS/MONASCUS/PSILOTUM NUDUM LEAF/RICE BRAN FERMENT FILTRATE,,
560,NONAPEPTIDE-32,,
561,RHIZOPHORA APICULATA LEAF EXTRACT,,
562,SODIUM STANNATE,12058-66-1,
563,PEG-5 TRILAURYL CITRATE,,
564,OLEOYL DIPEPTIDE-15,244608-20-6,
565,KUNZEA POMIFERA FRUIT POWDER,1174757-73-3,
566,METHYLTRIMETHOXYSILANE,1185-55-3,
567,EQUISETUM ARVENSE POWDER,71011-23-9,
568,MATRICARIA MARITIMA EXTRACT,,
569,VITIS VINIFERA FLOWER CELL EXTRACT,85594-37-2 / 84929-27-1,
570,RIBES NIGRUM CALLUS EXTRACT,,
571,MAGNOLIA KOBUS FLOWER EXTRACT,,
572,SOYOU EKISU,,
573,INULA BRITANNICA CALLUS EXTRACT,,
574,LIGUSTICUM SINENSE ROOT EXTRACT,,
575,FRAGILARIA PINNATA EXTRACT,,
576,ASPERGILLUS/ASPIDOSPERMA QUEBRACHO FERMENT,,
577,OLEA EUROPAEA SAP EXTRACT,,
578,TOSYLAMIDE/FORMALDEHYDE RESIN,25035-71-6,
579,ACER PSEUDOPLATANUS EXTRACT,90063-88-0,
580,DICAPRYL ADIPATE,105-97-5,
581,PEG-60 SHEA BUTTER GLYCERIDES,226993-83-5,
582,C10-11 ISOPARAFFIN,246538-75-0,
583,PEDIOCOCCUS/DIOSPYROS KAKI FRUIT FERMENT FILTRATE,,
584,STEARYL DIMETHICONE,67762-83-8,
585,AQUILARIA MALACCENSIS WOOD OIL,,
586,PHYTOSPHINGOSINE HCL,,
587,NEPHELIUM LAPPACEUM BRANCH/FRUIT/LEAF EXTRACT,93165-68-5,
588,QUERCUS SERRATA SEED EXTRACT,,
589,HELICONIA ROSTRATA LEAF EXTRACT,,
590,QUINOA STARCH OCTENYLSUCCINATE,,
591,SH-POLYPEPTIDE-58,,
592,GLYCOL DIMETHACRYLATE/VINYL ALCOHOL CROSSPOLYMER,,
593,SIDERITIS SCARDICA LEAF/STEM/FLOWER WATER,,
594,PYRUS MALUS PEEL CERA,225234-37-7 / 85251-63-4,
595,MELALEUCA LEUCADENDRON FRUIT EXTRACT,85480-37-1,
596,UREASE,9002-13-5,
597,LILIUM POLYPHYLLUM FLOWER EXTRACT,,
598,BUTYLENE CARBONATE,4437-85-8,
599,RETINYL PROPIONATE,7069-42-3,
600,HOSTA LONGIPES EXTRACT,,
601,LACTOBACILLUS/SACCHAROMYCES/POLYGONATUM MULTIFLORUM ROOT FERMENT EXTRACT,,
602,HYDROLYZED EUTERPE OLERACEAE FRUIT,,
603,METHYL CAPROOYL TYROSINATE,1104874-94-3,
604,RHODOCHROSITE,598-62-9 / 14476-12-1,
605,ISOCETYL SALICYLATE,,
606,AMARANTHUS CAUDATUS SEED OIL,,
607,MANNITOL,69-65-8,
608,RH-POLYPEPTIDE-63,,
609,PICEA ABIES LEAF CELL EXTRACT,,
610,RHODODENDRON SCHLIPPENBACHII FLOWER EXTRACT,,
611,JUGLANS REGIA SEED EXTRACT,84012-43-1,
612,VERBENA OFFICINALIS LEAF EXTRACT,84961-67-1,
613,SACCHAROMYCES/PANAX GINSENG FERMENT FILTRATE,,
614,AUREOBASIDIUM PULLULANS FERMENT EXTRACT,,
615,NYMPHAEA RUBRA FLOWER EXTRACT,,
616,PEG-7 SUNFLOWER GLYCERIDES,180254-52-8 / 186511-05-7,
617,ROSA DAMASCENA PHYTOPLACENTA CULTURE EXTRACT,90106-38-0,
618,CAMELLIA OLEIFERA LEAF EXTRACT,94333-93-4,
619,PPG-4-CETETH-1,9087-53-0 / 37311-01-6,
620,SPILANTHES ACMELLA LEAF EXTRACT,90131-24-1,
621,SODIUM POLYSTYRENE SULFONATE,9080-79-9 / 62744-35-8,
622,SEQUOIADENDRON GIGANTEUM STEM EXTRACT,,
623,GLUTAMOYL AMINOGUANIDINE,,
624,HEXYLDECYL ETHYLHEXANOATE,128165-66-2,
625,ACRYLATES/DIMETHICONE COPOLYMER,,
626,METHOXY PEG-113 ASCORBIC ACID,,
627,SALIX DAPHNOIDES BUD/LEAF/STEM EXTRACT,,
628,COLOSTRUM,9013-90-5,
629,BIS-HYDROXYETHOXYPROPYL DIMETHICONE/LACTIDE COPOLYMER,1810718-57-0,
630,XIMENIA AMERICANA SEED OIL POLYGLYCERYL-6 ESTERS,,
631,METHYLBUTYLPHENYL OCTYLOXYBENZOATE,69777-61-3 / 84236-44-2,
632,CITRUS IYO FRUIT EXTRACT,,
633,LACTOBACILLUS/SACCHAROMYCES/MAGNOLIA OFFICINALIS BARK FERMENT EXTRACT,,
634,ACETYL TRIPEPTIDE-59 AMIDE,,
635,CHRYSANTHEMUM MORIFOLIUM FLOWER/CRATAEGUS OXYACANTHA FRUIT/(ARTEMISIA PRINCEPS/MORUS ALBA/PORTULACA OLERACEA) LEAF/PORTULACA OLERACEA STEM/PUERARIA THUNBERGIANA ROOT/(ACTINIDIA ARGUTA/PHRAGMITES COMMUNIS) SPROUT/CIRSIUM JAPONICUM/TARAXACUM OFFICINALE/SUCROSE FERMENT FILTRATE,,
636,PAPAVER ORIENTALE SEED OIL,95193-58-1,
637,OCTYLDODECYL PCA,37673-37-3,
638,GLYCERYL POLYACRYLATE,,
639,NICOTINOYL SH-PENTAPEPTIDE-19,,
640,BIS-DODECYLHEXADECYL DIMER DILINOLEATE/PROPANEDIOL COPOLYMER,,
641,AMMONIUM ACRYLOYLDIMETHYLTAURATE/STEARETH-8 METHACRYLATE COPOLYMER,,
642,RIBOFLAVIN TETRAACETATE,752-13-6,
643,CARNOSINE,305-84-0,
644,STEARYL CAPRYLATE,18312-31-7,
645,BACILLUS/FOLIC ACID/SOYBEAN FERMENT EXTRACT,,
646,HEXYL AMINOLEVULINATE HCL,140898-91-5,
647,VITIS VINIFERA VINE EXTRACT,85594-37-2 / 84929-27-1,
648,POLYQUATERNIUM-83,,
649,DIISOBUTYL MALEATE,14234-82-3,
650,CITRUS AURANTIUM DULCIS FLOWER EXTRACT,8028-48-6,
651,EUCHEUMA SERRA/SACCHARINA ANGUSTATA/ULVA LINZA EXTRACT,,
652,CEDRUS DEODARA SEED EXTRACT,,
653,PROTAMINE SULFATE,9009-65-8,
654,BAILEYA MULTIRADIATA SEED EXTRACT,,
655,TECOMA LAPACHO BARK EXTRACT,,
656,ACRYLATES/TRIDECYL ACRYLATE/TRIETHOXYSILYLPROPYL METHACRYLATE/DIMETHICONE METHACRYLATE COPOLYMER,,
657,SORBETH-2/OLEATE/DIMER DILINOLEATE CROSSPOLYMER,,
658,HYDROLYZED GADIDAE PROTEIN,,
659,CITRUS AURANTIUM DULCIS FLOWER,,
660,COCAMIDE METHYL MEA,,
661,SEPIOLITE,63800-37-3,
662,TOURMALINE,1317-93-7,
663,POLYGLYCERYL-3 PROPYL ETHER,,
664,AMMONIUM STYRENE/MA COPOLYMER,26022-09-3,
665,MALUS BACCATA PHYTOPLACENTA CULTURE EXTRACT,,
666,POLYQUATERNIUM-24,98616-25-2,
667,HYDROGENATED PALMITIC/STEARIC/OLEIC/LINOLEIC GLYCERIDES,67701-30-8,
668,PLATINUM THIOETHYLAMINO HYALURONIC ACID,,
669,TRIFLUOROPROPYLDIMETHYL/TRIMETHYLSILOXYSILICATE,,
670,PEG-10 HYDROGENATED CASTOR OIL ISOSTEARATE,,
671,LEUCANTHEMUM VULGARE FLOWER/LEAF/STEM EXTRACT,,
672,TRICHOSANTHES KIRILOWII FRUIT EXTRACT,,
673,CYCNOCHES COOPERI FLOWER/LEAF EXTRACT,,
674,SHEA BUTTER CETYL ESTERS,,
675,BIFIDA/CORNUS OFFICINALIS FRUIT/ANGELICA ACUTILOBA ROOT/DEER ANTLER/THYMUS VULGARIS LEAF FERMENT FILTRATE,,
676,ASTROCARYUM VULGARE KERNEL OIL,98143-57-8,
677,EEL SKIN MUCUS EXTRACT,,
678,ETHYLENEDIAMINE/DIMER TALLATE COPOLYMER BIS-HYDROGENATED TALLOW AMIDE,,
679,ASCOPHYLLUM NODOSUM/FUCUS VESICULOSUS/HIZIKIA FUSIFORME/KJELLMANIELLA GYRATA/LESSONIA NIGRESCENS/SACCHARINA ANGUSTATA/SACCHARINA JAPONICA/UNDARIA PINNATIFIDA EXTRACT,,
680,LIMONIA ACIDISSIMA SHELL POWDER,,
681,SODIUM TAMANUSEEDATE,,
682,PANICUM MILIACEUM SEED EXTRACT,90082-36-3,
683,CEDRELOPSIS GREVEI BARK EXTRACT,,
684,MACHILUS ODORATISSIMA BARK EXTRACT,,
685,JUNIPERUS COMMUNIS FRUIT/ROSMARINUS OFFICINALIS EXTRACT,,
686,PROPANEDIOL DIISOSTEARATE,,
687,DISODIUM FLAVINE ADENINE DINUCLEOTIDE,146-14-5,
688,POLY(C20-28 OLEFIN),64743-02-8,
689,CAESALPINIA SAPPAN STEM EXTRACT,,
690,ALBIZIA JULIBRISSIN SEED EXTRACT,440103-71-9,
691,BUTYLOCTYL BEHENATE,,
692,CAROTENOIDS,,
693,PICHIA/SEA SALT FERMENT EXTRACT,,
694,POLYSORBATE 80 DICINNAMATE,,
695,R-BOVINE OCTAPEPTIDE-1,,
696,HYDROLYZED MANGO FRUIT,90063-86-8,
697,DI-C20-40 ALKYL DIMER DILINOLEATE,,
698,ALANINE/HISTIDINE/LYSINE POLYPEPTIDE COPPER HCL,,
699,ARACHIDYL GLYCOL ISOSTEARATE,172399-14-3,
700,ETHYLHEXYL PCA,4261-80-7,
701,ACRYLATES/LAURETH-25 METHACRYLATE COPOLYMER,,
702,OLIGOPEPTIDE-149,,
703,ALOE FEROX LEAF JUICE POWDER,84649-82-1,
704,GARCINIA ATROVIRIDIS FRUIT EXTRACT,,
705,R-PORCINE POLYPEPTIDE-1,,
706,CYCLOETHOXYMETHICONE,,
707,LILIUM CANDIDUM BULB/CYMBIDIUM GRANDIFLORUM FLOWER/MALVA SYLVESTRIS EXTRACT,,
708,DEFINED CELL CULTURE MEDIA 14,,
709,CAMPHANEDIOL,56614-57-4,
710,CALCIUM KETOGLUCONATE,28098-92-2,
711,PEG-50 HYDROGENATED CASTOR OIL ISOSTEARATE,,
712,CAPSICUM ANNUUM RESIN,84625-29-6,
713,OZONIZED MEADOWFOAM SEED OIL,,
714,RETINYL GLYCOLYL SHIKIMATE,,
715,CUCUMIS MELO INODORUS FRUIT EXTRACT,90063-94-8,
716,DISODIUM ISOSTEARAMIDO MIPA-SULFOSUCCINATE,,
717,SODIUM ACETYLATED HYALURONATE,,
718,HYDROGENATED BRASSICA CAMPESTRIS/ALEURITES FORDII OIL COPOLYMER,,
719,SATUREJA HORTENSIS LEAF EXTRACT,,
720,PEG-90M,25322-68-3,
721,EQUI LIPIDA,,
722,R-MUSSEL POLYPEPTIDE-1,,
723,NYLON-6,25038-54-4,
724,POLYGLYCERIN-6,36675-34-0,
725,GLYCERETH-6 TRIISOSTEARATE,,
726,CALCIUM ASCORBATE,5743-27-1,
727,ACRYLATES/DIACETONEACRYLAMIDE COPOLYMER,,
728,C13-14 ISOPARAFFIN,246538-79-4,
729,SACCHAROMYCES/MOLASSES/CABBAGE LEAF/(ARCTIUM LAPPA/CARROT/NELUMBO NUCIFERA/RADISH) ROOT FERMENT FILTRATE,,
730,AMYLOGLUCOSIDASE,9032-08-0,
731,ACONITUM CILIARE ROOT EXTRACT,,
732,AZURITE EXTRACT,,
733,GERANIUM CANTABRIGIENSE HYBRID FLOWER/LEAF EXTRACT,,
734,POLYALTHIA LONGIFOLIA WOOD EXTRACT,,
735,LACTOBACILLUS/LEUCONOSTOC/BROCCOLI EXTRACT FERMENT FILTRATE,,
736,AGARDHIELLA SUBULATA EXTRACT,,
737,SAXIFRAGA SARMENTOSA EXTRACT,,
738,ARACHIDYL PROPIONATE,65591-14-2,
739,HASLEA OSTREARIA EXTRACT,,
740,GYMNASTER SAVATIERI EXTRACT,,
741,PINUS BUNGEANA LEAF EXTRACT,,
742,TETRADECYLOCTADECYL BEHENATE,,
743,NAFTALAN OIL EXTRACT,,
744,LAMINARIA DIGITATA POWDER,90046-12-1,
745,DIPENTAERYTHRITYL HEXAHEPTANOATE/HEXACAPRYLATE/HEXACAPRATE,70851-04-6,
746,TAMARINDUS INDICA SEED GUM,84961-62-6,
747,CAMELLIA OLEIFERA SEED OIL /HYDROGENATED CAMELLIA OLEIFERA SEED OIL ESTERS,,
748,PRUNUS AMYGDALUS DULCIS BARK EXTRACT,90320-37-9,
749,TULIPA GESNERIANA FLOWER WATER,,
750,METHYL GLUCOSE SESQUIOLEATE,,
751,ANNONA RETICULATA JUICE,,
752,PLACENTAL PROTEIN,84195-59-5,
753,METHYL GLUCOSE SESQUILAURATE,,
754,SENECIO CANNABIFOLIUS EXTRACT,,
755,ASARUM SIEBOLDII RHIZOME/ROOT EXTRACT,,
756,PIPER RETROFRACTUM FRUIT EXTRACT,,
757,LAURYL COCOATE,,
758,OCTYLDODECYL ERUCATE,88103-59-7,
759,PRUNUS ARMENIACA FLOWER EXTRACT,,
760,BRASSICA OLERACEA ACEPHALA SPROUT EXTRACT,,
761,RUBUS CHAMAEMORUS SEED EXTRACT,,
762,RHODODENDRON CHRYSANTHUM LEAF EXTRACT,90106-20-0,
763,GLUTAMYLAMIDOETHYL INDOLE,,
764,OLEYL ARACHIDATE,22393-96-0,
765,CITRUS AURANTIUM DULCIS SEED EXTRACT,8028-48-6,
766,SPONDIAS MOMBIN PULP EXTRACT,,
767,ROSA CENTIFOLIA BUD EXTRACT,,
768,GLYCINE MAX PULP,,
769,AVERRHOA CARAMBOLA LEAF EXTRACT,97675-54-2,
770,PEG-4 PROLINE LINOLEATE,,
771,SHINANOKI EKISU,,
772,VALERIANA FAURIEI ROOT EXTRACT,94167-13-2,
773,PEG-7 BETA-NAPHTHOL,,
774,ACRYLATES/HYDROXYETHYL ACRYLATE/LAURYL ACRYLATE COPOLYMER,,
775,MAHONIA AQUIFOLIUM FLOWER/LEAF/STEM EXTRACT,90063-76-6,
776,SACCHAROMYCES/RICE KERNEL FERMENT,,
777,EUONYMUS SACHALINENSIS BARK EXTRACT,,
778,SH-POLYPEPTIDE-99,,
779,CAMELLIA JAPONICA CALLUS EXTRACT,,
780,HYDROGENATED RHUS VERNICIFLUA PEEL CERA,,
781,HIBISCUS ABELMOSCHUS FLOWER EXTRACT,84455-19-6,
782,VITIS FLEXUOSA STEM EXTRACT,,
783,ARALIA ELATA BRANCH/LEAF EXTRACT,,
784,VETIVERIA ZIZANOIDES EXTRACT,84238-29-9,
785,MYRISTOYL TETRAPEPTIDE-6,,
786,SPHINGOMYELIN,85187-10-6,
787,CITRUS JUNOS PEEL WATER,,
788,HYDROGENATED MORINGA OLEIFERA SEED OIL,,
789,OXIDIZED GRAPE SKIN FERMENT EXTRACT,,
790,PPG-1-CETETH-20,9087-53-0 / 37311-01-6,
791,HYDROGENATED ROSA CANINA FRUIT OIL,,
792,OLIGOPEPTIDE-101 AMIDE,,
793,RED JUNGLEFOWL INDUCED PLURIPOTENT CELL CULTURE CONDITIONED MEDIA,,
794,SODIUM COCOYL BARLEY AMINO ACIDS,,
795,AMINOBENZOYL TRIPEPTIDE-39 HYDROXAMIC ACID,,
796,CAFFEOYL SH-OCTAPEPTIDE-4,,
797,PONCIRUS TRIFOLIATA FRUIT/HOUTTYUNIA CORDATA/HEMEROCALLIS FULVA ROOT EXTRACT,,
798,PALM KERNELAMIDE MEA,92201-29-1,
799,STEAROYL METHYLGLUCAMIDE STEARATE,,
800,EICOSAPENTAENOIC ACID,10417-94-4,
801,SUNFLOWER SEED OIL POLYGLYCERYL-10 ESTERS,,
802,GENTIANELLA FLORIDA EXTRACT,,
803,PRUNUS AVIUM SEED EXTRACT,85566-22-9,
804,SODIUM TALLOWATE,8052-48-0,
805,ALNUS FIRMIFOLIA FRUIT EXTRACT,223747-71-5,
806,DECYL OLEATE,3687-46-5,
807,TAXIRESINOL,40951-69-7,
808,CITRUS UNSHIU FLOWER OIL,,
809,TELOSMA CORDATA FLOWER EXTRACT,,
810,COPAIFERA OFFICINALIS RESIN,9000-12-8 / 8001-61-4,
811,PHASEOLUS VULGARIS PHYTOPLACENTA EXTRACT,,
812,TALLOW ALCOHOL,99561-04-3,
813,GARDENIA FLORIDA FLOWER EXTRACT,92457-01-7,
814,LYSINE THIAZOLIDINE CARBOXYLATE,,
815,TEA-HYDROCHLORIDE,637-39-8,
816,DIOSCOREA PANTHAICA ROOT EXTRACT,,
817,GLYCOL DILAURATE,624-04-4,
818,PELTOPHORUM DASYRHACHIS BARK EXTRACT,,
819,MEALWORM LARVA EXTRACT,,
820,SODIUM COCOYL HYDROLYZED AMARANTH PROTEIN,,
821,SIPHONOSTEGIA CHINENSIS EXTRACT,,
822,DIETHYLHEXYL CARBONATE,14858-73-2,
823,AZELAMIDOPROPYL DIMETHYL AMINE,1272659-40-1,
824,PICHIA MINUTA EXTRACT,2009239-94-3,
825,BETA VULGARIS SPROUT EXTRACT,,
826,GINKGO BILOBA MERISTEM CELL,,
827,OPUNTIA FICUS-INDICA STEM WATER,,
828,VINCETOXICUM ATRATUM ROOT EXTRACT,,
829,PENTAPEPTIDE-44,,
830,LENS ESCULENTA FRUIT EXTRACT,90063-40-4,
831,CISTUS LADANIFERUS LEAF/STEM EXTRACT,89997-74-0,
832,PPG-14 LAURETH-60 ISOPHORYL DICARBAMATE,,
833,C18-38 ALKYL HYDROXYSTEAROYL STEARATE,222722-18-1,
834,VIGNA RADIATA SEED OIL,,
835,C15-18 GLYCOL,70750-40-2,
836,SACCHAROMYCES/ANGELICA DAHURICA ROOT FERMENT EXTRACT,,
837,TRIFLUOROPROPYLDIMETHYLSILOXY/TRIMETHYLSILOXY SILSESQUIOXANE,,
838,SAMBUCUS NIGRA FLOWER WATER,84603-58-7,
839,MACLURA COCHINCHINENSIS LEAF EXTRACT,,
840,SODIUM ZINC CETYL PHOSPHATE,,
841,ACANTHOPANAX SENTICOSUS STEM EXTRACT,84696-12-8,
842,SH-OLIGOPEPTIDE-71,,
843,HYDROLYZED QUINOA,,
844,RASPBERRY SEED OIL/PALM OIL AMINOPROPANEDIOL ESTERS,,
845,DISODIUM LAURAMIDO PEG-2 SULFOSUCCINATE,56388-44-4,
846,PEG-25 MORINGA GLYCERIDES,,
847,BIS-TRIMETHOXYSILYLETHYL TETRAMETHYLDISILOXYETHYL DIMETHICONE,,
848,CEDROL,77-53-2,
849,DIOSCOREA MEXICANA ROOT EXTRACT,,
850,TRICHODESMA ZEYLANICUM OIL,225234-10-6,
851,NEOFINETIA FALCATA CALLUS CULTURE EXTRACT,,
852,ASCORBYL TOCOPHERYL MALEATE,,
853,PPG-23 OLEYL ETHER,52581-71-2,
854,TOURMALINE EXTRACT,,
855,NEOLITSEA ACICULATA STEM EXTRACT,,
856,TALL OIL,8002-26-4,
857,OLUS OIL,68956-68-3,
858,LACTOBACILLUS/SPARASSIS CRISPA FRUITING BODY/GLUCOSE FERMENT EXTRACT,,
859,RUBUS IDAEUS FRUIT WATER,94929-76-0,
860,POLYGLYCERYL-10 TRISTEARATE,12709-64-7,
861,HYDROGENATED POLYISOPRENE CROSSPOLYMER,127883-08-3,
862,NITROCELLULOSE,9004-70-0,
863,CUMINUM CYMINUM SEED POWDER,84775-51-9,
864,STEARETH-5 STEARATE,85066-57-5,
865,HYDROLYZED CAVIAR EXTRACT,,
866,DAPHNETIN,486-35-1,
867,MAGNESIUM ASCORBYLBORATE,,
868,CRYPTOLEPIS BUCHANANI FLOWER/LEAF EXTRACT,,
869,SAXIFRAGA SARMENTOSA WATER,,
870,MASLINIC ACID,4373-41-5,
871,PEDIOCOCCUS/GYNOSTEMMA PENTAPHYLLUM FERMENT FILTRATE,,
872,TILIA PLATYPHYLLOS FLOWER WATER,91770-16-0,
873,DIPHENYL ACETAMIDOTRICHLOROETHYL FLUORONITROPHENYL THIOUREA,,
874,GRIFOLA FRONDOSA/ARCTIUM LAPPA FRUIT EXTRACT FERMENT FILTRATE,,
875,DILAURYL ETHER,4542-57-8,
876,BIS-HEXYLDIOXODECYL METHYL LYSINATE,943454-44-2,
877,AGROPYRON REPENS ROOT EXTRACT,84649-79-6,
878,SR-OCEAN POUT POLYPEPTIDE-1,,
879,HYDROGENATED SOY GLYCERIDE,61789-08-0,
880,RODGERSIA PODOPHYLLA ROOT EXTRACT,,
881,ARACHIDYL BEHENATE,42233-14-7,
882,GENISTEIN METHYL ETHER,491-80-5,
883,PRUNUS PERSICA GUM,84012-34-0,
884,OLIGOPEPTIDE-62,,
885,SCHINZIOPHYTON RAUTANENII KERNEL OIL PEG-8 ESTERS,,
886,CLEMATIS ALPINA CALLUS EXTRACT,,
887,TRIDECYL LAURATE,36665-67-5,
888,MONASCUS/HIPPOPHAE RHAMNOIDES FRUIT/SOYBEAN EXTRACT FERMENT FILTRATE,,
889,ZINGIBER CASSUMUNAR ROOT OIL,84696-15-1 / 8007-08-7,
890,PARACHLORELLA BEIJERINCKII EXOPOLYSACCHARIDES,,
891,DILAUROYL 3-GLYCERYL ASCORBATE,,
892,TRISTEARIN,555-43-1,
893,ISOSORBIDE DISUNFLOWERSEEDATE,1818326-42-9,
894,PHENYL PROPYL TRIMETHICONE/DIPHENYLMETHICONE,,
895,ISOSORBIDE LAURATE,28454-97-9,
896,POTENTILLA FRAGARIOIDES EXTRACT,,
897,ARUNCUS AETHUSIFOLIUS EXTRACT,,
898,HYDROGENATED VEGETABLE GLYCERIDE,,
899,SODIUM SCYMNOL SULFATE,119068-78-9,
900,PPG-4-CETETH-5,9087-53-0 / 37311-01-6,
901,ARTEMISIA ANNUA/CITRUS JUNOS FRUIT/PINUS DENSIFLORA LEAF EXTRACT,,
902,CITRUS AURANTIUM DULCIS FLOWER WATER,8028-48-6,
903,MORCHELLA ESCULENTA FERMENT FILTRATE,,
904,GLYCINE MAX FLOWER/LEAF/STEM JUICE,,
905,ISOSTEAROYL HYDROLYZED SILK,,
906,DROMICEIUS OIL,,
907,FICIN,9001-33-6,
908,DROSERA ROTUNDIFOLIA EXTRACT,84696-10-6,
909,IODIZED GARLIC EXTRACT,,
910,NIACINAMIDE HYDROXYCITRATE,,
911,LACTOBACILLUS/CODIUM FRAGILE/ECKLONIA CAVA/UNDARIA PINNATIFIDA FERMENT FILTRATE,,
912,CHITOSAN BENZAMIDE,,
913,ALEURITES MOLUCCANUS SEED OIL,8015-80-3,
914,POLYGLYCERYL-3 BEHENATE,,
915,RETINAL,116-31-4,
916,CITRUS IYO OIL,,
917,CAULERPA LENTILLIFERA/ENTEROMORPHA PROLIFERA EXTRACT,,
918,BUTYL POLYDIMETHYLSILOXYL ETHYLENE/PROPYLENE/VINYLNORBORNENE COPOLYMER,,
919,LECYTHIS MINOR SEED OIL,,
920,CAFFEOYL TRIPEPTIDE-7,,
921,TRIFLUOROPROPYL METHICONE,,
922,OLIVE OIL GLYCERETH-8 ESTERS,,
923,SH-POLYPEPTIDE-34,,
924,LARIX LEPTOLEPIS WOOD EXTRACT,,
925,SALMON OIL,68991-43-5,
926,ACRYLATES/LAURYL METHACRYLATE/TRIDECYL METHACRYLATE CROSSPOLYMER,,
927,FICUS SYCOMORUS LEAF CELL EXTRACT,,
928,MURRAYA EXOTICA LEAF EXTRACT,,
929,BIS-ETHYLHEXYL HYDROXYDIMETHOXY BENZYLMALONATE,872182-46-2,
930,RAPESEED OIL SORBITOL ESTERS,,
931,PENTAERYTHRITYL HYDROGENATED ROSINATE,64365-17-9,
932,ABRONIA VILLOSA LEAF EXTRACT,,
933,PEG-12 GLYCERYL LINOLEATE,,
934,SACCHAROMYCES/SOY PROTEIN FERMENT,,
935,C32-36 ISOALKYL ACID,,
936,HEXAPEPTIDE-34,,
937,SCLEROCARYA BIRREA SEED OIL PEG-8 ESTERS,,
938,LAURYL/MYRISTYL BENZOATE,,
939,LESPEDEZA BICOLOR BARK EXTRACT,,
940,PEG/PPG-18/18 LAURATE,,
941,SWEET ALMOND OIL POLYGLYCERYL-6 ESTERS,,
942,ISOPROPYLIDENEDIPHENOL PEG-2 DIMETHACRYLATE,41637-38-1,
943,CINNAMOMUM CAMPHORA BRANCH/LEAF EXTRACT,92201-50-8,
944,OLEYL LANOLATE,,
945,PRUNUS AMYGDALUS DULCIS BARK POWDER,90320-37-9,
946,CANOLA OIL,120962-03-0,
947,ISOBUTYL MYRISTATE,25263-97-2,
948,ACHYROCLINE SATUREIOIDES LEAF EXTRACT,,
949,PENTYLENE GLYCOL,5343-92-0,
950,DIETHYL KETOGLUTARATE,,
951,BETULA ALBA LEAF WATER,84012-15-7,
952,HYDROLYZED CAMELLIA SINENSIS LEAF/PHYLLOSTACHYS BAMBUSOIDES LEAF/STEM/PANAX GINSENG ROOT,,
953,ULVA LINZA EXTRACT,,
954,DIBUTYLENE TETRAFURFURAL,126-15-8,
955,GLYCERETH-12,31694-55-0,
956,SODIUM HEPAROSAN,1544497-09-7,
957,HYDROGENATED SUNFLOWER SEED OIL POLYGLYCERYL-3 ESTERS,,
958,HYDROLYZED ASPERGILLUS/BRASSICA NAPUS SEED FERMENT FILTRATE EXTRACT,,
959,PROPYLENE GLYCOL BEHENATE,27923-61-1 / 100214-87-7,
960,POTASSIUM COCOYL PCA,,
961,COMANTHOSPHACE STELLIPILA LEAF/STEM EXTRACT,,
962,ACINETOBACTER FERMENT EXTRACT,,
963,PALMITOYL TRIPEPTIDE-5,,
964,C20-30 GLYCOL,223239-98-3,
965,DEXTRIN ISOSTEARATE,,
966,ACINETOBACTER/SOYBEAN SEED EXTRACT FERMENT,,
967,DIETHYLENE GLYCOL ROSINATE,68153-38-8,
968,LITSEA GLUTINOSA BARK EXTRACT,,
969,TABEBUIA SERRATIFOLIA WOOD EXTRACT,,
970,SH-POLYPEPTIDE-1 NONAPEPTIDE-29,,
971,POLYPHOSPHORYLCHOLINE GLYCOL ACRYLATE,67881-99-6,
972,COELASTRELLA VACUOLATA OIL,,
973,JUNCUS EFFUSUS STALK EXTRACT,,
974,HEXAPEPTIDE-61 DIMER,,
975,METHYL SUNFLOWERSEEDATE,,
976,PANTOLACTONE,599-04-2; 79-50-5,
977,DAUCUS CAROTA SATIVA LEAF EXTRACT,84929-61-3,
978,ISOSTEARYL ISOSTEAROYL STEARATE,,
979,ENDOMYCES FERMENT FILTRATE,,
980,TAMBOURISSA TRICHOPHYLLA BARK EXTRACT,342806-97-7,
981,ETHYLHEXYL ACRYLATE/VP/DIMETHICONE METHACRYLATE COPOLYMER,,
982,MAGNESIUM PALMITOYL GLUTAMATE,57539-47-6,
983,HYDROGENATED SHEA OIL,93333-83-6,
984,METHOXYCINNAMIC ACID,943-89-5,
985,CYMBIDIUM GREAT FLOWER FLOWER/STEM WATER,,
986,SALACIA RETICULATA ROOT/STEM POWDER,,
987,ETHYLHEXYL ACRYLATE/METHYL METHACRYLATE COPOLYMER,,
988,PEG/PPG-2/5 TOCOPHERYL ETHER,,
989,PENTAERYTHRITYL STEARATE,8045-34-9,
990,DIPEPTIDE DIAMINOBUTYROYL BENZYLAMIDE DIACETATE,,
991,ARGANIA SPINOSA LEAF CELL EXTRACT,,
992,LANETH-10,61791-20-6,
993,MYRISTYL ISOSTEARATE,94247-26-4,
994,ARGANIA SPINOSA KERNEL OIL/HYDROGENATED ARGANIA SPINOSA KERNEL OIL ESTERS,,
995,CUCUMIS MELO PHYTOPLACENTA EXTRACT,,
996,HYDROXYBUTYRIC ACID/HYDROXYPENTANOIC ACID COPOLYMER,1039549-27-3,
997,CARALLUMA FIMBRIATA STEM EXTRACT,,
998,POLYGLYCERYL-10 HEPTAOLEATE,103175-09-3,
999,SYNEPHRINE,94-07-5,
1000,SILT,,
1001,SACCHAROMYCES/RICE FERMENT LEES EXTRACT FILTRATE,,
1002,PTYCHOPETALUM OLACOIDES BARK EXTRACT,84929-46-4,
1003,CYNARA CARDUNCULUS SEED OIL,93165-00-5,
1004,TRIPEPTIDE-9 CITRULLINE,,
1005,CHENOPODIUM QUINOA SEEDCAKE EXTRACT,,
1006,CROCUS CHRYSANTHUS BULB EXTRACT,,
1007,FLAVOBACTERIUM THERMOPHILUM FERMENT FILTRATE LYSATE,,
1008,TRIMETHYLOL PROPANE CYCLOHEXENE DICARBOXYLATE,,
1009,GLYCERYL STEARATE,31566-31-1,
1010,DECYLTETRADECANOL,58670-89-6,
1011,PPG-77 TRIMETHYLOLPROPANE ETHER,,
1012,LUFFA CYLINDRICA STEM SAP,,
1013,PORPHOBILINOGEN LACTAM,3468-98-2,
1014,STEARYL GLYCYRRHETINATE,13832-70-7,
1015,EUCALYPTUS ALBA LEAF EXTRACT,,
1016,PASSIFLORA EDULIS SEED OIL,91770-48-8 / 97676-26-1,
1017,PRUNUS CERASUS BUD EXTRACT,89997-53-5,
1018,PEG-2 DIROSINATE,242812-90-4,
1019,HYDROLYZED RASPBERRY FRUIT,,
1020,HYDROGENATED ISOCETYL OLIVATE,,
1021,VACCINIUM CORYMBOSUM FRUIT EXTRACT,,
1022,SMITHSONITE EXTRACT,,
1023,BIS-STEAROXYDIMETHYLSILANE,29043-70-7,
1024,HYDROLYZED ALPINIA ZERUMBET,,
1025,ILEX ROTUNDA LEAF EXTRACT,,
1026,CAPRYLAMIDE MEA,7112-02-9,
1027,LILIUM JAPONICUM EXTRACT,,
1028,SEDUM TAKESIMENSE LEAF/STEM EXTRACT,,
1029,MAGNOLIA CHAMPACA FLOWER WATER,,
1030,HEXYLDECANOL,2425-77-6,
1031,SODIUM CHOLATE,361-09-1,
1032,STIGMASTERYL ISOSTEARATE,169739-08-6,
1033,POLYGLYCERYL-10 DIDECANOATE,182015-59-4,
1034,GLYCOLIPIDS,,
1035,DACTYLORHIZA FUCHSII EXTRACT,,
1036,TAXUS CUSPIDATA MERISTEM CELL CULTURE CONDITIONED MEDIA,,
1037,POTASSIUM GLYCYRRHETINATE,85985-61-1,
1038,DIMETHICONOL SAL BUTTERATE,,
1039,ACETYL OCTAPEPTIDE-3 OLIGOPEPTIDE-133,,
1040,CITRUS UNSHIU PERICARP EXTRACT,98106-71-9,
1041,SACCHAROMYCES/APPLE FRUIT/APRICOT KERNEL/PEACH KERNEL/COIX LACRYMA-JOBI MA-YUEN SEED/SUCROSE FERMENT FILTRATE,,
1042,HYDROXYCINNAMOYL DIPEPTIDE-27 AMIDE,,
1043,BACILLUS/HOUTTUYNIA CORDATA LEAF EXTRACT/VOLCANIC ASH FERMENT FILTRATE,,
1044,NONANOYL TRYPTAMINE,,
1045,DEFATTED EGG YOLK POWDER,,
1046,WHEAT GERM OIL/PALM OIL AMINOPROPANEDIOL ESTERS,,
1047,SODIUM POLYACRYLATE CROSSPOLYMER-1,,
1048,PHYTOLACCA BOGOTENSIS LEAF EXTRACT,,
1049,CLADOSIPHON NOVAE-CALEDONIAE POLYSACCHARIDE,,
1050,TRANSGENIC NEMATODE RH-POLYPEPTIDE-47,,
1051,CASTANEA SATIVA SEED EXTRACT,84695-99-8,
1052,ZINC ACETYLMETHIONATE,102868-96-2,
1053,SACCHAROMYCES/WHEAT GERM FERMENT FILTRATE,,
1054,GLYCERYL UNDECYL DIMETHICONE,,
1055,DIMETHYL OXOBENZO DIOXASILANE,17902-57-7,
1056,THYMUS VULGARIS LEAF/STEM POWDER,84929-51-1,
1057,SODIUM DISTEAROYL GLYCERYL ASCORBATE,,
1058,BIS-HEMA POLY(BUTYLENE/HEXAMETHYLENE CARBONATE)/IPDI COPOLYMER,,
1059,MYRISTOYL HEXAPEPTIDE-5,,
1060,PEG-5 PENTAERYTHRITYL ETHER,,
1061,C12-15 PARETH-12 OLEATE,67784-96-7,
1062,ROSA GALLICA CALLUS POWDER,,
1063,SH-POLYPEPTIDE-56 TRIPEPTIDE-44 RH-POLYPEPTIDE-7,,
1064,HEPTAPEPTIDE-34,,
1065,DITRIMETHYLOLPROPANE TETRAISOSTEARATE/HYDROXYSTEARATE,,
1066,MYRICA PUBESCENS FRUIT CERA,1173925-95-5,
1067,KRAMERIA TRIANDRA ROOT EXTRACT,84775-95-1,
1068,ROSA DAMASCENA BUD EXTRACT,90106-38-0,
1069,SACCHAROMYCES LYSATE EXTRACT,,
1070,CHENOPODIUM ALBUM FLOWER EXTRACT,,
1071,BENZYLCARBAMOYL NAPHTHYLMETHYL LAUROYLBENZOATEMETHYL DIOXOMETHYLPYRAZINOPYRIMIDINE,1351668-35-3,
1072,AMARANTHUS CRUENTUS SEED OIL,,
1073,PEAT,,
1074,PERSEA GRATISSIMA CALLUS POWDER,,
1075,OLIGOPEPTIDE-116,,
1076,CYCLOPIA INTERMEDIA LEAF EXTRACT,,
1077,LYSINE OCTATRIENOATE,1226758-30-0,
1078,SCHIZOTHRIX CALCICIOLA EXTRACT,,
1079,DECYL MYRISTATE,41927-71-3,
1080,POLYURETHANE-62,,
1081,LEPISTA NUDA FERMENT FILTRATE POWDER,,
1082,HEXAPEPTIDE-53,,
1083,PHORMIUM TENAX ROOT EXTRACT,,
1084,SALT MINE MUD,,
1085,ROSMARINYL GLUCOSIDE,,
1086,MYRICA CERIFERA FRUIT WAX,84929-34-0 / 8038-77-5,
1087,POLYQUATERNIUM-102,,
1088,ANGELICA CARTILAGINOMARGINATA EXTRACT,,
1089,SH-PENTAPEPTIDE-35,,
1090,ETHIODIZED OIL,8008-53-5,
1091,ALOE BARBADENSIS LEAF JUICE POWDER,85507-69-3 / 94349-62-9,
1092,ALOE BARBADENSIS PHYTOPLACENTA EXTRACT,,
1093,ASTER GLEHNII EXTRACT,,
1094,SODIUM MALATE,58214-38-3,
1095,NARCISSUS TAZETTA CALLUS EXTRACT,,
1096,SAMBUCUS NIGRA BRANCH EXTRACT,84603-58-7,
1097,CUCUMIS MELO ROOT EXTRACT,90063-94-8,
1098,RH-POLYPEPTIDE-20,,
1099,CORN STARCH/MALTODEXTRIN CROSSPOLYMER,,
1100,KUMMEROWIA STRIATA ROOT EXTRACT,,
1101,OLEAMIDE DIPA,,
1102,NELUMBO NUCIFERA FLOWER WAX,85085-51-4,
1103,LESSONIA NIGRESCENS POWDER,,
1104,JUNIPERUS SCOPULORUM EXTRACT,,
1105,ARGANIA SPINOSA FRUIT EXTRACT,,
1106,PERILLA OCYMOIDES LEAF POWDER,90082-61-4,
1107,NIPRADILOL,81486-22-8,
1108,RUBUS ELLIPTICUS ROOT EXTRACT,,
1109,SODIUM LACTATE,72-17-3 / 867-56-1,
1110,MIRABILIS JALAPA CALLUS EXTRACT,91722-88-2,
1111,MALVA MOSCHATA FLOWER EXTRACT,,
1112,GLYCERYL STEARATE LACTATE,12338-10-9,
1113,TAISOU EKISU,,
1114,AMBROSIA TRIFIDA LEAF EXTRACT,,
1115,CHOLESTERYL NONANOATE,1182-66-7,
1116,PHORMIUM TENAX LEAF POWDER,,
1117,ISORHAMNETIN,480-19-3,
1118,POLYGLYCERYL-10 PENTAISOSTEARATE,,
1119,LACTOBACILLUS/PUNICA GRANATUM FRUIT JUICE FERMENT FILTRATE,,
1120,PROPIONYL COLLAGEN AMINO ACIDS,,
1121,PIPER ANGUSTIFOLIUM EXTRACT,84696-39-9,
1122,ISOSTEARAMIDE MIPA,55738-53-9,
1123,TETRAPEPTIDE-6,,
1124,SACCHAROMYCES/HYDROLYZED GERMINATED RICE GRAIN FERMENT FILTRATE,,
1125,DI-C12-15 ALKYL MALEATE,,
1126,TRIETHOXYSILYLETHYL POLYDIMETHYLSILOXYETHYL HEXYL DIMETHICONE,,
1127,GALACTOMYCES FERMENT FILTRATE,,
1128,GLYCERYL ERUCATE,28063-42-5,
1129,LAURYL DIMETHICONE,,
1130,BIS-HEMA IPDI/PEG-4 COPOLYMER,,
1131,POLYQUATERNIUM-31,136505-02-7 / 189767-67-7,
1132,LAURDIMONIUMHYDROXYPROPYL LAURYLGLUCOSIDES CHLORIDE,,
1133,POLYGLYCERYL-10 HEPTASTEARATE,99126-54-2,
1134,POLYGLYCERYL-10/SEBACIC ACID/SHEA BUTTER CROSSPOLYMER,,
1135,R-SALMON OLIGOPEPTIDE-1,,
1136,DIHYDROQUERCETIN TETRACAPRYLATE,,
1137,BUTYROSPERMUM PARKII NUT EXTRACT,91080-23-8,
1138,HYDROLYZED SACCHAROMYCES EXTRACT OCTENYLSUCCINATE,1204060-83-2,
1139,ALLANTOIN CALCIUM PANTOTHENATE,4207-41-4,
1140,S-SYRINGOYL ACETYL METHYL CYSTEINATE,,
1141,RIBES RUBRUM (CURRANT) FRUIT WATER,,
1142,RHUS GLABRA BARK/BERRY/ROOT EXTRACT,90106-33-5,
1143,BELLIS PERENNIS FLOWER EXTRACT,84776-11-4,
1144,PPG-36 OLEATE,31394-71-5,
1145,COCONUT OIL PEG-10 ESTERS,,
1146,RHEUM RHABARBARUM STALK EXTRACT,97435-16-0,
1147,PRUNUS AMYGDALUS AMARA SEED EXTRACT,90320-35-7,
1148,ORBIGNYA SPECIOSA KERNEL OIL,,
1149,LACTOBACILLUS/SOYBEAN SEED FERMENT EXTRACT FILTRATE,,
1150,ASCOPHYLLUM NODOSUM,,
1151,HYDROLYZED SALMON OVARY EXTRACT,,
1152,MAGNOLIA ACUMINATA BARK EXTRACT,,
1153,YOUNGIA SONCHIFOLIA CALLUS CULTURE CONDINIONED MEDIA,,
1154,POLYDIETHYLENEGLYCOL ADIPATE/IPDI COPOLYMER,55636-50-5,
1155,SODIUM ACRYLATE/SODIUM ACRYLOYLDIMETHYL TAURATE COPOLYMER,,
1156,HYDROGENATED METHYL ABIETATE,222400-68-2,
1157,CISSAMPELOS PAREIRA BARK EXTRACT,93333-87-0,
1158,CARLINA ACAULIS ROOT EXTRACT,85940-33-6,
1159,SR-PECTOBACTERIUM POLYPEPTIDE-1 ARGINYL SR-SPIDER OLIGOPEPTIDE-1 DIPEPTIDE-19 HEXAPEPTIDE-40,,
1160,PEG-8 HYDROGENATED FISH GLYCERIDES,,
1161,SODIUM STEAROYL HYDROLYZED SWEET ALMOND PROTEIN,,
1162,LAURYL ALCOHOL DIPHOSPHONIC ACID,16610-63-2,
1163,DIISOSTEARYL SEBACATE,,
1164,STARCH TALLOWATE,,
1165,SH-POLYPEPTIDE-92,,
1166,CITRUS LIMON FRUIT WATER,92346-89-9 / 84929-31-7,
1167,CAPRYLYL DIMETHICONE ETHOXY GLUCOSIDE,,
1168,SODIUM STYRENE/ACRYLATES/ETHYLHEXYL ACRYLATE/LAURYL ACRYLATE COPOLYMER,,
1169,ORYZA SATIVA BRAN WAX,8016-60-2,
1170,RUBUS DELICIOSUS EXTRACT,,
1171,TETRADECYLOCTADECYL MYRISTATE,,
1172,PHOLIOTA MICROSPORA POLYSACCHARIDES,,
1173,BUDDLEJA GLOBOSA LEAF EXTRACT,,
1174,S-MUSSEL OLIGOPEPTIDE-1,,
1175,SACCHAROMYCES/BARLEY SEED FERMENT FILTRATE,,
1176,MACLURA POMIFERA FRUIT EXTRACT,,
1177,SOY MILK,,
1178,NICOTINOYL SH-DECAPEPTIDE-9,,
1179,PINUS THUNBERGII BRANCH/LEAF EXTRACT,,
1180,C16-24 ALKYL C16-24 ACIDATE,,
1181,LACTOBACILLUS/CORIANDRUM SATIVUM SEED FERMENT FILTRATE,,
1182,MONARDA DIDYMA LEAF EXTRACT,91722-89-3,
1183,CETRARIA ISLANDICA THALLUS/POLYPODIUM VULGARE RHIZOME/SPHAGNUM MAGELLANICUM EXTRACT,,
1184,PHELLINUS LINTEUS/ROYAL JELLY EXTRACT,,
1185,MYRISTOYL PENTAPEPTIDE-17,959610-30-1,
1186,DIHEPTYL SUCCINATE,15872-89-6,
1187,C4-6 OLEFIN/STYRENE COPOLYMER,,
1188,RETINYL PALMITATE/CARROT POLYPEPTIDE,,
1189,MAMUSHI OIL,,
1190,PENTAERYTHRITYL TETRAMYRISTATE,18641-59-3,
1191,MARSDENIA CUNDURANGO ROOT EXTRACT,84787-66-6,
1192,ISOPROPYLIDENEDIPHENYL BISOXYHYDROXYPROPYL ACRYLATE,55818-57-0,
1193,CELLOBIOSE OCTANONANOATE,172585-66-9,
1194,POLYHYDROXYBUTYRATE,29435-48-1 ; 26744-04-7,
1195,GANODERMA JAPONICUM MYCELIUM FERMENT EXTRACT FILTRATE,,
1196,DRACOCEPHALUM MOLDAVICA FLOWER/LEAF/STEM EXTRACT,,
1197,AVENA SATIVA FLOWER/LEAF/STEM JUICE,84012-26-0,
1198,COCOYL PENTAPEPTIDE-41,,
1199,CORCHORUS CAPSULARIS EXTRACT,,
1200,SR-CLOSTRIDIUM BOTULINUM POLYPEPTIDE-1,,
1201,VITEX ROTUNDIFOLIA SEED EXTRACT,,
1202,ISOPROPYLIDENEDIPHENYL BISOXYHYDROXYPROPYL METHACRYLATE,1565-94-2,
1203,HYDROXYAPATITE,1306-06-5,
1204,SEDUM ROSEA ROOT EXTRACT,92457-37-9,
1205,CYPRIPEDIUM PUBESCENS EXTRACT,84775-54-2,
1206,PEI-1500,9002-98-6,
1207,PELARGONIUM SIDOIDES ADVENTITIOUS ROOT EXTRACT,,
1208,LANSIUM DOMESTICUM PERICARP EXTRACT,,
1209,THEOBROMA CACAO FRUIT POWDER,84649-99-0,
1210,C16-17 ISOALCOHOLS,93762-74-4 / 97592-76-2,
1211,ISOHEXYL NEOPENTANOATE,131141-70-3,
1212,PANAX GINSENG MERISTEM CELL,,
1213,CLAY MINERALS,,
1214,ADENOSINE CYCLIC PHOSPHATE,60-92-4,
1215,ELAIDOYL TRIPEPTIDE-37,,
1216,SYNECHOCOCCUS ELONGATUS LYSATE FILTRATE,,
1217,RESVERATRYL GLUCOSIDE,,
1218,VIBURNUM PRUNIFOLIUM EXTRACT,84929-54-4,
1219,GLYCERYL ACETATE,26446-35-5,
1220,OLIGOPEPTIDE-56 AMIDO PEG-240 METHYL ETHER,,
1221,MOTHER OF PEARL EXTRACT,,
1222,CAMELLIA JAPONICA SEED OIL,223748-13-8,
1223,NELUMBO NUCIFERA STEM EXTRACT,85085-51-4,
1224,ALCOHOL DENAT.,,
1225,TILIA PLATYPHYLLOS FLOWER,91770-16-0,
1226,CETEARETH-7 STEARATE,,
1227,DIMETHICONE/VINYL DIMETHICONE CROSSPOLYMER,243137-53-3,
1228,10-HYDROXYSTEARIC ACID,638-26-6,
1229,EUTERPE OLERACEA SEED POWDER,879496-95-4 ; 906351-38-0,
1230,LEVAN/FRUCTOSE/GLUCOSE/SUCROSE,,
1231,MELISSA OFFICINALIS LEAF WATER,,
1232,FERROUS ASPARTATE,75802-64-1,
1233,LACTOBACILLUS/SCHIZOSACCHAROMYCES/CAMELLIA SINENSIS LEAF EXTRACT FERMENT FILTRATE,,
1234,NIGERO OLIGOSACCHARIDES,,
1235,BIOTINOYL HISTIDYL D-TRYPTOPHANYL DIPEPTIDE-29 D-PHENYLALANYL LYSINAMIDE TRIFLUOROACETATE,1894171-15-3,
1236,ANETHUM GRAVEOLENS LEAF POWDER,90028-03-8,
1237,ADANSONIA DIGITATA SEED OIL POLYGLYCERYL-6 ESTERS,,
1238,PHASEOLUS RADIATUS SPROUT EXTRACT,,
1239,QUERCUS AEGILOPS CUPULE EXTRACT,,
1240,PHYTANTRIOL,74563-64-7,
1241,DECYL JOJOBATE,,
1242,CLADONIA RANGIFERINA EXTRACT,92346-91-3,
1243,RH-POLYPEPTIDE-79,,
1244,SACCHAROMYCES/CUCUMIS MELO FRUIT/FRAGARIA CHILOENSIS FRUIT/VITIS VINIFERA FRUIT/AKEBIA QUINATA FRUIT/PYRUS MALUS FRUIT/FICUS CARICA FRUIT/MUSA PARADISIACA FRUIT/SUCROSE FERMENT FILTRATE,,
1245,C20-40 ALKYL CRYLENE,,
1246,HEXYL METHICONE,56746-86-2,
1247,ADENOSINE PHOSPHATE,61-19-8,
1248,SH-OLIGOPEPTIDE-1 SR-OCEAN POUT OLIGOPEPTIDE-1 DIPEPTIDE-39,,
1249,BRIAREUM EXCAVATUM EXTRACT,,
1250,LACHANCEA/HYDROLYZED RICE FERMENT FILTRATE,,
1251,MUSA SAPIENTUM PULP EXTRACT,,
1252,BALIOSPERMUM MONTANUM ROOT POWDER,,
1253,ZIZIPHUS JOAZEIRO BARK EXTRACT,,
1254,HYDROGENATED BUTYLENE/ETHYLENE/STYRENE COPOLYMER,,
1255,CROSCARMELLOSE,9000-11-7,
1256,CALENDULA OFFICINALIS FLOWER/LEAF/STEM JUICE,84776-23-8,
1257,PSICOSE,23140-52-5,
1258,DIHYDROPHYTOSTERYL OCTYLDECANOATE,,
1259,CAMELLIA JAPONICA SEED POWDER,,
1260,MATRINE,519-02-8,
1261,POLYGLYCERYL-10 PENTALAURATE,,
1262,HYDROLYZED PHYLLOSTACHYS HETEROCYCLA/CHARCOAL/PAPAIN/BOYSENBERRY FRUIT FERMENT FILTRATE,,
1263,LEUCONOSTOC/SORBUS AUCUPARIA FRUIT FERMENT FILTRATE,,
1264,MYRISTOYL PENTAPEPTIDE-10,,
1265,PEG-7 GLYCERYL LAURATE,59070-56-3,
1266,CETYL CAPRYLATE,29710-31-4,
1267,FORSYTHIA VIRIDISSIMA FRUIT/(ANGELICA ACUTILOBA/ACTAEA DAHURICA/GLYCYRRHIZA GLABRA/PAEONIA LACTIFLORA/PLATYCODON GRANDIFLORUS/PUERARIA MONTANA) ROOT EXTRACT,,
1268,HUMULUS JAPONICUS FLOWER/LEAF/STEM EXTRACT,,
1269,OLIGOPEPTIDE-107 SH-POLYPEPTIDE-7,,
1270,SACCHAROMYCES/MAGNESIUM FERMENT HYDROLYSATE,,
1271,TETRAPEPTIDE-44 NICOTINATE,,
1272,ULMUS DAVIDIANA ROOT EXTRACT,,
1273,RUBUS CHAMAEMORUS SEED OIL,,
1274,COIX LACRYMA-JOBI MA-YUEN SEED EXTRACT,,
1275,ONYCHIUM JAPONICUM EXTRACT,,
1276,OLIGOPEPTIDE-114 ACETATE,,
1277,TARAKTOGENOS KURZII SEED OIL,8001-74-9,
1278,GLYCERYL BEHENATE,30233-64-8 / 6916-74-1,
1279,ISOPROPYL HYDROXYCETYL ETHER,,
1280,MARIS AQUA,,
1281,CICHORIUM INTYBUS LEAF EXTRACT,68650-43-1,
1282,CURCUMA LONGA LEAF POWDER,84775-52-0,
1283,ADIPIC ACID/DIGLYCOL CROSSPOLYMER,26760-54-3,
1284,SCLEROTIUM GUM,39464-87-4,
1285,PHASEOLUS RADIATUS MERISTEM CELL CULTURE EXTRACT,,
1286,MALVA SYLVESTRIS SEED,84082-57-5,
1287,INDOLEACETYL GLUTAMIC ACID,57105-48-3,
1288,LEONTOPODIUM ALPINUM FLOWER/LEAF WATER,,
1289,WASABIA JAPONICA ROOT POWDER,,
1290,PERFLUORONONYLETHYL CARBOXYDECYL PEG-8 DIMETHICONE,,
1291,GRACILARIA VERMICULOPHYLLA EXTRACT,,
1292,ARGANIA SPINOSA SPROUT CELL EXTRACT,,
1293,LAMIUM ALBUM FLOWER EXTRACT,84012-23-7,
1294,CARUM PETROSELINUM EXTRACT,84012-33-9,
1295,CITRUS TAMURANA PEEL EXTRACT,,
1296,LINDERA UMBELLATA LEAF OIL,,
1297,LIMNANTHES ALBA SEED OIL,153065-40-8,
1298,CHALK,13397-25-6,
1299,SANTALUM ALBUM SEED EXTRACT,84787-70-2,
1300,STYRENE/ACRYLATES/AMMONIUM METHACRYLATE COPOLYMER,,
1301,AGLAIA ODORATA FLOWER OIL,,
1302,AZURITE,1319-45-5,
1303,POLYACRYLATE-33,1204525-16-5,
1304,POLY C10-30 ALKYL ACRYLATE,,
1305,SD ALCOHOL 37,,
1306,POLYPERFLUOROETHOXYMETHOXY DIFLUOROETHYL PEG DIISOSTEARATE,,
1307,ACIDOPHILUS/GRAPE FERMENT,,
1308,APRICOT KERNEL OIL POLYGLYCERYL-4 ESTERS,,
1309,OENOTHERA BIENNIS SEED EXTRACT,90028-66-3,
1310,SACCHAROMYCES/BORAGO OFFICINALIS SEED OIL/GLYCERIN FERMENT FILTRATE,,
1311,HUMAN URINE DERIVED STEM CELL CONDITIONED MEDIA,,
1312,CITRUS MEDICA SARCODACTYLIS FRUIT EXTRACT,,
1313,CETEARETH-6 OLIVATE,226708-41-4,
1314,MANILKARA MULTINERVIS LEAF EXTRACT,,
1315,POLLEN,,
1316,HYDROLYZED LIMONIUM LATIFOLIUM,,
1317,(LEPIDIUM MEYENII/SARCODON ASPRATUS) ROOT WATER,,
1318,PHTHALIC ACID DENATURED WITH EPOXY RESIN ALKYD RESIN,,
1319,HIBISCUS CANNABINUS STEM POWDER,,
1320,PORPHYRIDIUM POLYSACCHARIDE HYDROXYPROPYLTRIMONIUM CHLORIDE,,
1321,C12-14 SEC-PARETH-50,84133-50-6,
1322,BIS-HEMA POLY(1‚4-BUTANEDIOL)-9/IPDI COPOLYMER,,
1323,GRINDELIA ROBUSTA EXTRACT,84696-17-3,
1324,CERASUS YOUKOU LEAF EXTRACT,,
1325,PASSIFLORA COCCINEA CALLUS EXTRACT,,
1326,LACTOBACILLUS/PEAR JUICE FERMENT FILTRATE,,
1327,ASPERGILLUS/LACTOBACILLUS/LEUCONOSTOC/PEDIOCOCCUS/SACCHAROMYCES/ZYGOSACCHAROMYCES/HORDEUM VULGARE SEED/SOYBEAN SEED/RICE SEED/PHASEOLUS ANGULARIS SEED/CANAVALIA GLADIATA SEED/COIX LACHRYMA-JOBI MA-YUEN SEED/ECHINOCHLOA UTILIS SEED/SETARIA ITALICA SEED/MILLET SEED/VITIS LABRUSCA FRUIT/APPLE FRUIT/CITRUS UNSHIU FRUIT/VITIS COIGNETIAE FRUIT/MUSA SAPIENTUM FRUIT/PEACH FRUIT/PRUNUS MUME FRUIT/PYRUS PYRIFOLIA FRUIT/FIG FRUIT/WATERMELON FRUIT/CUCURBITA MAXIMA FRUIT/DIOSPYROS KAKI FRUIT/PAPAYA FRUIT/APRICOT FRUIT/FORTUNELLA CRASSIFOLIA FRUIT/CHAENOMELES SINENSIS FRUIT/RUBUS IDAEUS FRUIT/CASTANEA CRENATA FRUIT/ERIOBOTRYA JAPONICA FRUIT/LYCIUM CHINENSE FRUIT/ZIZYPHUS JUJUBA FRUIT/CITRUS JUNOS FRUIT/MOMORDICA GROSVENORII FRUIT/PANAX GINSENG FRUIT/CABBAGE LEAF/STEM/PERILLA OCYMOIDES LEAF/MORUS BOMBYCIS LEAF/HOUTTUYNIA CORDATA/ARTEMISIA PRINCEPS/HEMEROCALLIS FULVA KWANSO FLOWER/IPOMOEA BATATAS ROOT/HELIANTHUS TUBEROSUS TUBER/CARROT ROOT/RADISH ROOT/NELUMBO NUCIFERA RHIZOME/ONION BULB/TURNIP ROOT/ARCTIUM LAPPA ROOT/LILIUM AURATUM BULB/COLOCASIA ESCULENTA TUBER/DIOSCOREA JAPONICA RHIZOME/SAGITTARIA TRIFOLIA EDULIS TUBER/GLYCYRRHIZA GLABRA ROOT/RHODOGLOSSUM PULCHERUM LEAF/LAMINARIA JAPONICA LEAF/UNDARIA PINNATIFIDA LEAF/NEMACYSTUS DECIPIENS/JUGLANS SIEBOLDIANA SEED/GINKGO BILOBA SEED/ACTINIDIA POLYGAMA FRUIT/SESAME SEED/HERICIUM ERINACEUM FRUITING BODY/GRIFOLA FRONDOSA FRUITING BODY/LENTINUS EDODES FRUITING BODY FERMENT EXTRACT,,
1328,SODIUM POLYGLUTAMATE CROSSPOLYMER,,
1329,CITRUS HYSTRIX LEAF EXTRACT,91771-50-5,
1330,HYDROGENATED BISABOLOL,,
1331,HIPPOPHAE RHAMNOIDES LEAF POWDER,90106-68-6,
1332,TILIA PLATYPHYLLOS BARK EXTRACT,9170-16-0,
1333,CLERODENDRON TRICHOTOMUM STEM EXTRACT,,
1334,HEDYCHIUM CORONARIUM FLOWER EXTRACT,1174756-93-4,
1335,ROSA DAMASCENA LEAF CELL EXTRACT,90106-38-0,
1336,SASA KURILENSIS LEAF/STEM EXTRACT,,
1337,COCAMIDE MEA,68140-00-1,
1338,ZANTEDESCHIA AETHIOPICA FLOWER EXTRACT,,
1339,ACETYLATED GLYCERYL STEARATE/PALMITATE,,
1340,BIS-METHOXY PEG-13 PEG-438/PPG-110 SMDI COPOLYMER,,
1341,TRITICUM VULGARE FLOUR LIPIDS,84012-44-2,
1342,EARTHWORM CONDITIONED SOIL EXTRACT,,
1343,OLIGOPEPTIDE-81,,
1344,BIS-HYDROGEN DIMETHICONE,,
1345,GLYCEROPHOSPHOINOSITOL CHOLINE,425642-32-6,
1346,ARABINOSE,10323-20-3,
1347,PYRUS PYRIFOLIA FRUIT EXTRACT,,
1348,HYALURONATE RH-OLIGOPEPTIDE-1,,
1349,POLYGLYCERYL-20 LAURYL ETHER,66058-15-9,
1350,DISODIUM SOYAMPHODIACETATE,,
1351,FRAXINUS CHINENSIS BARK EXTRACT,8001-73-8,
1352,TARAXACUM MONGOLICUM ROOT EXTRACT,,
1353,CAMELLIA SINENSIS SEED POWDER,,
1354,METHYLSILANOL PCA,105883-41-8,
1355,SILVER SALICYLATE,19025-97-9,
1356,LACTOBACILLUS EXTRACT FILTRATE,,
1357,S-CENTIPEDE OLIGOPEPTIDE-1 AMIDE,,
1358,TARAXACUM PLATYCARPUM EXTRACT,,
1359,PYCNANTHUS ANGOLENSIS NUT OIL,,
1360,SH-POLYPEPTIDE-33,,
1361,SILICA METHACRYLOYLOXYPROPYL SILYLATE,100402-78-6,
1362,OLIGOPEPTIDE-131,,
1363,PEI-35,9002-98-6,
1364,OCTYLDODECYL MEADOWFOAMATE,226994-08-7,
1365,NEOHESPERIDIN,13241-33-3,
1366,FAGRAEA BERTEROANA FLOWER EXTRACT,,
1367,SACCHAROMYCES/CYNOMORIUM COCCINEUM FERMENT FILTRATE,,
1368,TRIISOSTEARYL CITRATE,113431-54-2,
1369,BUTYL AVOCADATE,,
1370,ECHINACEA PURPUREA FLOWER/LEAF/STEM WATER,90028-20-9,
1371,HEXANEDIOL BEESWAX,,
1372,CASTANOPSIS CUSPIDATA BARK EXTRACT,,
1373,CAFFEOYL TETRAPEPTIDE-19 CAFFEAMIDE,,
1374,VACCINIUM OLDHAMII FRUIT EXTRACT,,
1375,WHEAT GERM OIL PEG-8 ESTERS,,
1376,CYSTINE BIS-PG-PROPYL SILANETRIOL,,
1377,KEFIRAN,,
1378,COCOA BUTTER POLYGLYCERYL-6 ESTERS,,
1379,ALUMINUM/MAGNESIUM AZELATE HYDROXIDE,,
1380,PAECILOMYCES JAPONICA/PANAX GINSENG ROOT FERMENT FILTRATE,,
1381,POLYGLYCERYL-10 TETRAOLEATE,34424-98-1,
1382,SODIUM ACRYLATE/ACRYLONITROGENS COPOLYMER,,
1383,ROSA GALLICA FLOWER EXTRACT,84604-13-7,
1384,CYCLOPIA SUBTERNATA FLOWER/LEAF/STEM EXTRACT,,
1385,HYDROLYZED PSORALEA CORYLIFOLIA EXTRACT,,
1386,EQUISETUM ARVENSE/GALIUM APARINE/VANILLA PLANIFOLIA FRUIT EXTRACT,,
1387,OCTADECENE/MA COPOLYMER ESTERS,,
1388,DENDROBIUM PHALAENOPSIS FLOWER EXTRACT,,
1389,GLYCINE SOJA HULL,,
1390,CONVALLARIA MAJALIS EXTRACT,84082-46-2,
1391,MATTHIOLA LONGIPETALA SEED OIL,,
1392,SACCHAROMYCES/NIACINAMIDE FERMENT LYSATE FILTRATE,,
1393,3‚4-DIHYDROXYBENZOIC ACID,99-50-3,
1394,SH-DS PHOSPHOROTHIOATE RNA-2 CHOLESTEROL,,
1395,STREPTOMYCES GOUGEROTII FERMENT EXTRACT,,
1396,HEDERA HELIX LEAF/STEM EXTRACT,84082-54-2,
1397,CITRUS TAMURANA FLOWER EXTRACT,,
1398,OPUNTIA STREPTACANTHA LEAF EXTRACT,,
1399,DISTEARETH-75 IPDI,53533-75-8,
1400,CERASUS YOUKOU FLOWER EXTRACT,,
1401,GLYCERIN/MA/ROSIN ACID COPOLYMER,,
1402,HYDROXYETHYL ETHYLCELLULOSE,9004-58-4,
1403,TRITICUM VULGARE STRAW WATER,,
1404,MACHILUS THUNBERGII BRANCH EXTRACT,,
1405,BACILLUS/COMAMONAS/LYSINIBACILLUS/NONFAT DRY MILK/HYDROLYZED SEA BREAM SCALES FERMENT FILTRATE,,
1406,SODIUM CAPROOYL HYALURONATE,,
1407,SOLANUM CENTRALE FRUIT EXTRACT,,
1408,CYCLOHEXYLIDENEDIPHENYLMETHANE,30125-24-7,
1409,NELUMBIUM SPECIOSUM FLOWER OIL,85085-51-4,
1410,SODIUM PVM/MA/DECADIENE CROSSPOLYMER,,
1411,PUMICE,1332-09-8,
1412,ANNONA MURICATA BARK EXTRACT,,
1413,VACCINIUM MACROCARPON SEED OIL,91770-88-6,
1414,POLYVINYL ALCOHOL,9002-89-5 / 25213-24-5,
1415,ACANTHOPANAX SESSILIFLORUS BARK/HONEYSUCKLE FLOWER/(ARCTIUM LAPPA/VITEX TRIFOLIA FRUIT)/(ASTRAGALUS MEMBRANACEUS/RADISH ROOT)/CINNAMOMUM CASSIA/HORDEUM VULGARE EXTRACT,,
1416,NUPHAR LUTEUM LEAF EXTRACT,90064-33-8,
1417,CISTANCHE TUBULOSA STEM EXTRACT,,
1418,CAPSICUM ANNUUM CALLUS CULTURE EXTRACT,84625-29-6,
1419,ISOSTEARYL BEHENATE,125804-16-2,
1420,GYMNEMA SYLVESTRE CELL CULTURE EXTRACT,90045-47-9,
1421,OLIGOPEPTIDE-138,,
1422,SD ALCOHOL 38-D,,
1423,LACTOBACILLUS/ILEX PARAGUARIENSIS LEAF FERMENT FILTRATE,,
1424,RHIZOPUS/HIBISCUS SABDARIFFA FLOWER FERMENT FILTRATE,,
1425,HYDROXYLAURYL/HYDROXYMYRISTYL BETAINE,,
1426,CHLORELLA EMERSONII EXTRACT,223749-78-8,
1427,DENDROBIUM CANDIDUM STEM EXTRACT,,
1428,CORNUS WALTERI EXTRACT,,
1429,FUSCOPORIA OBLIQUA SCLEROTIUM EXTRACT,,
1430,HYDROLYZED COMMELINA COMMUNIS FLOWER/LEAF/STEM EXTRACT,,
1431,CASSIA SENNA LEAF EXTRACT,92202-21-6,
1432,SILKWORM RH-POLYPEPTIDE-69,,
1433,LIGUSTRUM OBTUSIFOLIUM BRANCH/LEAF EXTRACT,,
1434,PRUNUS ARMENIACA BUD EXTRACT,68650-44-2,
1435,COCCOLOBA UVIFERA FRUIT EXTRACT,,
1436,PEG-3 GLYCERYL COCOATE,,
1437,ETHYLHEXYL NEOPENTANOATE,16387-18-1,
1438,CASTANEA SATIVA BUD EXTRACT,84695-99-8,
1439,PICHIA PASTORIS FERMENT FILTRATE,,
1440,MEVALONOYL PENTAPEPTIDE-37,,
1441,ISODODECYL/PERFLUORONONYLETHYL DIMER DILINOLEATE/CITRATE,,
1442,PPG-6-LAURETH-3,,
1443,PASSIFLORA INCARNATA FRUIT EXTRACT,72968-47-9,
1444,LACTOBACILLUS/PHORMIUM TENAX FERMENT FILTRATE,,
1445,OLEAMIDE DEA,93-83-4,
1446,CORYDALIS TURTSCHANINOVII ROOT EXTRACT,,
1447,PRUNUS LANNESIANA FLOWER POWDER,,
1448,ANGELICA ARCHANGELICA ROOT WATER,84775-41-7,
1449,SEQUOIADENDRON GIGANTEUM BUD EXTRACT,,
1450,LUPINUS ALBUS OIL UNSAPONIFIABLES,224557-92-0 / 84082-55-3,
1451,SAFFLOWER SEED OIL PEG-8 ESTERS,,
1452,DIMORPHANDRA MOLLIS POD EXTRACT,,
1453,HAVARDIA MEXICANA BARK EXTRACT,,
1454,QUERCUS SEMECARPIFOLIA BARK EXTRACT,,
1455,CETYL ETHYLHEXANOATE,59130-69-7,
1456,TETRAPEPTIDE-52,,
1457,GRIFOLA FRONDOSA/ILEX PARAGUARIENSIS LEAF EXTRACT FERMENT FILTRATE,,
1458,EDGEWORTHIA CHRYSANTHA BARK EXTRACT,,
1459,POLYGLYCERIN-4,56491-53-3,
1460,GENTIANA LUTEA RHIZOME/ROOT EXTRACT,72968-42-4,
1461,SODIUM OLIVATE,61789-88-6,
1462,CANANGA ODORATA FLOWER WATER,83863-30-3,
1463,ASPERGILLUS/CAMELLIA JAPONICA SEED FERMENT EXTRACT FILTRATE,,
1464,COCOS NUCIFERA FLOWER EXTRACT,8001-31-8,
1465,C14-18 ALKYL ETHYLHEXANOATE,,
1466,NELUMBO NUCIFERA ROOT POWDER,85085-51-4,
1467,OROXYLUM INDICUM ROOT POWDER,,
1468,ZINC GLYCYRRHETINATE,,
1469,TOCOPHERYL RETINOATE,40516-49-2,
1470,PEG-15 GLYCERYL TRIISOSTEARATE,,
1471,CAMELLIA JAPONICA LEAF/SEED WATER,,
1472,HORSERADISH PEROXIDASE,9003-99-0,
1473,GLYCERYL ISOSTEARATE/MYRISTATE,126539-55-7,
1474,PRUNUS SERRULATA FLOWER EXTRACT,,
1475,PROPYLENE GLYCOL CITRATE,85252-24-0,
1476,OENOTHERA BIENNIS LEAF EXTRACT,90028-66-3,
1477,SH-POLYPEPTIDE-80,,
1478,PROPYLENE GLYCOL SOYATE,67784-79-6,
1479,HEXAPEPTIDE-57,,
1480,CHRYSANTHEMUM ZAWADSKII FLOWER EXTRACT,,
1481,ASPERGILLUS/ANGELICA TENUISSIMA ROOT FERMENT EXTRACT,,
1482,TETRAPEPTIDE-21,,
1483,DISTYLIUM RACEMOSUM EXTRACT,,
1484,HYDROLYZED CALENDULA OFFICINALIS FLOWER EXTRACT,84776-23-8,
1485,DI-C12-15 ALKYL ADIPATE,,
1486,POLYOXYMETHYLENE CYANOGUANIDINE UREA,27968-41-8,
1487,TRIMETHYLOLPROPANE TRICAPRYLATE/TRICAPRATE,11138-60-6,
1488,GLYCERYL ADIPATE,26699-71-8,
1489,AJUGA TURKESTANICA FLOWER EXTRACT,,
1490,MALVA VERTICILLATA SEED OIL,,
1491,DISODIUM AZELATE,17265-13-3 / 27825-99-6 / 132499-85-5,
1492,CHITOSAN SALICYLATE,84563-67-7,
1493,ISOCETYL ALCOHOL,36311-34-9,
1494,METHIONYL SH-OLIGOPEPTIDE-75 SH-POLYPEPTIDE-8,,
1495,COBETIA MARINA FERMENT FILTRATE EXTRACT,,
1496,PEG-3 TRIMETHYLOLPROPANE TRIISOSTEARATE,,
1497,OZONIZED SUNFLOWER SEED OIL,8001-21-6,
1498,GLYCINE SOJA SEED POWDER,,
1499,LAURYL ETHYLHEXANOATE,56078-38-7,
1500,GANODERMA SINENSE EXTRACT,,
1501,COFFEA ARABICA/ROBUSTA CHAFF EXTRACT,,
1502,SODIUM ACRYLIC ACID/MA COPOLYMER,52255-49-9,
1503,POTASSIUM LAUROYL/OLIVOYL (ALANINE/ARGININE/ASPARAGINE/ASPARTIC ACID/GLUTAMIC ACID/LYCINE/ISOLEUCINE/LEUCINE/LYSINE/METHIONINE/PHENYLALANINE/PROLINE/SERINE/THREONINE/TRYPTOPHAN/TYROSINE/VALINE),,
1504,TRIDECYL TRIMELLITATE,94109-09-8,
1505,HYDROGENATED DIMER DILINOLEYL/DIMETHYLCARBONATE COPOLYMER,,
1506,HYDROLYZED OVUM SHELL MEMBRANE,227025-35-6,
1507,AMARANTHUS MANGOSTANUS EXTRACT,,
1508,THORIUM DIOXIDE,1314-20-1,
1509,CELLULASE,9037-40-5 / 9012-54-8,
1510,GANODERMA LUCIDUM/HOVENIA DULCIS BRANCH/STEM EXTRACT FERMENT MYCELIUM EXTRACT,,
1511,PHOENIX DACTYLIFERA LEAF CELL EXTRACT,,
1512,HYDROLYZED CHLORELLA VULGARIS PROTEIN,,
1513,SILYBIN MALTOSIDE,196601-98-6,
1514,SODIUM CARBOXYDECYL PEG-8 DIMETHICONE,,
1515,CASTOR OIL BIS-HYDROXYPROPYL DIMETHICONE ESTERS,,
1516,POLYETHYLENE/ISOPROPYL MALEATE/MA COPOLYOL,224580-87-4,
1517,MONOSTROMA OBSCURUM EXTRACT,,
1518,PHYLLOSTACHYS PUBESCENS SHOOT BARK EXTRACT,,
1519,NICTOFLORIN,17650-84-9,
1520,HYDROLYZED (CITRUS AURANTIUM AMARA /FORSYTHIA VIRIDISSIMA/GARDENIA FLORIDA) FRUIT/MENTHA ARVENSIS LEAF/(ANGELICA ACUTILOBA/COPTIS JAPONICA/GLYCYRRHIZA GLABRA /PAEONIA LACTIFLORA/PLATYCODON GRANDIFLORUS/REHMANNIA GLUTINOSA/SCUTELLARIA BAICALENSIS ROOT) EXTRACT,,
1521,PULSATILLA KOREANA ROOT EXTRACT,,
1522,PLANTAGO LANCEOLATA JUICE,85085-64-9,
1523,BUTTER,8029-34-3,
1524,LAURIC/MYRISTIC/PALMITIC/STEARIC GLYCERIDES,,
1525,PRUNUS AVIUM WOOD EXTRACT,85566-22-9,
1526,SACCHAROMYCES/DAY LILY FLOWER/HONEY FERMENT FILTRATE,,
1527,PRUNUS PERSICA BUD EXTRACT,84012-34-0,
1528,OENOTHERA LINDHEIMERI FLOWER EXTRACT,,
1529,TRICETYL PHOSPHATE,68814-13-1,
1530,CRATAEGUS CUNEATA FRUIT POWDER,223748-91-2,
1531,CINNAMIDO BENZYLPIPERIDINYL ETHOXYPROPYLBENZAMIDE,,
1532,FILIPENDULA FORMOSA EXTRACT,,
1533,PEG-5 TRIMYRISTYL CITRATE,,
1534,LEUCOSIDEA SERICEA LEAF EXTRACT,,
1535,LAMINARIA SACCHARINA EXTRACT,90046-14-3,
1536,ISOAMYL OLIVATE,,
1537,DISODIUM RICINOLEAMIDO MEA-SULFOSUCCINATE,65277-54-5 / 67893-42-9 / 60224-42-2 / 40754-60-7,
1538,LACTOBACILLUS/CAULERPA LENTILLIFERA FERMENT EXTRACT FILTRATE,,
1539,ROSA DAVURICA LEAF EXTRACT,,
1540,SUPEROXIDE DISMUTASE,9054-89-1,
1541,CITRUS PARADISI FRUIT EXTRACT,8016-20-4,
1542,TETRADECYLOCTADECANOIC ACID,,
1543,SORBUS TORMINALIS FRUIT EXTRACT,,
1544,HORDEUM VULGARE STEM WATER,85251-64-5,
1545,FERULOYL OLIGOPEPTIDE-33,,
1546,DIMETHICONE PEG-8 BENZOATE,,
1547,LEONURUS ARTEMISIA POWDER,,
1548,LEDEBOURIELLA SESELOIDES/LOTUS CORNICULATUS SEED EXTRACT,,
1549,ISOPROPYLPHTHALIMIDE,304-17-6,
1550,BERBERIS VULGARIS STEM EXTRACT,,
1551,N-CYCLOHEXANOYL DOPAMINE,42600-76-0,
1552,CETRARIA ISLANDICA THALLUS EXTRACT,,
1553,MYRISTOYL GLYCINE/HISTIDINE/LYSINE POLYPEPTIDE,,
1554,SASA KURILENSIS WATER,,
1555,POLYGLYCERYL-20 DOCOSABEHENATE/ISOSTEARATE,,
1556,GERANYLGERANYLISOPROPANOL,,
1557,C10-40 ISOALKYL ACID OCTYLDODECANOL ESTERS,,
1558,TINOSPORA TUBERCULATA POWDER,90131-61-6,
1559,PHORMIUM TENAX LEAF,,
1560,DIHEXYLDECYL ADIPATE,,
1561,TRISTEARDIMONIUMACETYL CASTOR OIL CHLORIDE,118664-60-1,
1562,HYDROGENATED TRIDODECENE,151006-62-1,
1563,OXIDIZED ALPINIA ZERUMBET STEM FERMENT FILTRATE,,
1564,JUNIPERUS CHINENSIS LEAF EXTRACT,91722-60-0,
1565,CNIDIUM OFFICINALE ROOT EXTRACT,168456-52-8,
1566,ALUMINUM BEHENATE,18990-72-2,
1567,CRINUM ASIATICUM SEED EXTRACT,93333-92-7,
1568,TRANSGENIC SILKWORM RH-POLYPEPTIDE-47,,
1569,ASPERGILLUS/RICE/RICE BRAN FERMENT FILTRATE,,
1570,BIOSACCHARIDE GUM-5,,
1571,LIRIOPE MUSCARI ROOT EXTRACT,,
1572,PERFLUORONONYLETHYL CARBOXYDECYL PEG-10 DIMETHICONE,,
1573,TRIISODECYL TRIMELLITATE,36631-30-8,
1574,WATERMELON SEED OIL PEG-8 ESTERS,,
1575,OXYRIA DIGYNA EXTRACT,,
1576,ERIOBOTRYA JAPONICA FRUIT/LEAF EXTRACT,91770-19-3,
1577,ASTRAGALUS MEMBRANACEUS LEAF EXTRACT,,
1578,ZYMOMONAS FERMENT EXTRACT,,
1579,STEREOSPERMUM SUAVEOLENS ROOT EXTRACT,92202-27-2,
1580,PORTULACA MOLOKINIENSIS CALLUS EXTRACT,,
1581,DECAPEPTIDE-43,,
1582,ZEA MAYS STALK EXTRACT,,
1583,CORYLUS ROSTRATA LEAF EXTRACT,,
1584,LUPINUS ALBUS SEED OIL,225234-07-1,
1585,OLEOYL TETRAPEPTIDE-31,,
1586,HYDROGENATED GRAPEFRUIT SEED OIL,,
1587,POTASSIUM JOJOBATE,,
1588,TRILINOLEIN,537-40-6,
1589,SILYBUM MARIANUM CALLUS EXTRACT,84604-20-6,
1590,TRANSGENIC SILKWORM RH-POLYPEPTIDE-69,,
1591,PENTHORUM CHINENSE SEED EXTRACT,,
1592,CETYL C12-15-PARETH-9 CARBOXYLATE,119481-73-1,
1593,PHENYL DIMETHICONE,9005-12-3,
1594,VERBASCUM THAPSUS,90064-13-4,
1595,R-CLOSTRIDIUM HISTOLYTICUM COLLAGENASE G,,
1596,GLYCERETH-7,31694-55-0,
1597,HYDROGENATED JOJOBA WAX,92457-12-0 / 61789-91-1,
1598,POLYSILICONE-11,63394-02-5,
1599,LONICERA CAERULEA FRUIT JUICE,,
1600,CITRUS TAMURANA FRUIT EXTRACT,,
1601,ANABAENA FLOSAQUAE/APHANIZOMENON FLOSAQUAE/COELOSPHAERIUM KUETZINGIANUM/MICROCYSTIS AERUGINOSA/OSCILLATORIA PRINCEPS EXTRACT,,
1602,PEG-20 HYDROGENATED CASTOR OIL ISOSTEARATE,,
1603,GLYCINE SOJA SEED WATER,,
1604,PEG/PPG-9/2 DIMETHYL ETHER,61419-46-3,
1605,CRATAEGUS CUNEATA FRUIT EXTRACT,223748-91-2,
1606,PEG-180/LAURETH-50/TMMG COPOLYMER,,
1607,SODIUM ASCORBYL/CHOLESTERYL PHOSPHATE,185018-43-3,
1608,SEMIAQUILEGIA ADOXOIDES ROOT EXTRACT,223748-74-1,
1609,OPUNTIA FICUS-INDICA LEAF CELL EXTRACT,,
1610,DIPROPYL ADIPATE,106-19-4,
1611,DIHYDROXYPROPYL PG-GLUCOSIDE,,
1612,DIOSCOREA OPPOSITIFOLIA ROOT EXTRACT,,
1613,SACCHAROMYCES/CYPERUS ROTUNDUS ROOT/MAGNOLIA OBOVATA BARK/PAEONIA SUFFRUTICOSA ROOT/PEACH KERNEL FERMENT EXTRACT FILTRATE,,
1614,LACTOBACILLUS/EEL SKIN/BUTYLENE GLYCOL FERMENT FILTRATE,,
1615,POLYACRYLATE-45,1897432-34-6,
1616,FUCOSE,2438-80-4,
1617,PYRENARIA MICROCARPA LEAF EXTRACT,,
1618,MYRIOPHYLLUM VERTICILLATUM EXTRACT,,
1619,HEXYLDECYLOCTADECANOL,,
1620,SILOXANETRIOL PHYTATE,190454-04-7,
1621,STEARALKONIUM HECTORITE,71011-26-2 / 94891-33-5 / 12691-60-0,
1622,BIS-C10-28 ALKYL DIMETHICONE,,
1623,ACETAMINOPHEN,103-90-2,
1624,KLUYVEROMYCES/LACTOBACILLUS/MACHILUS THUNBERGII BARK OIL FERMENT FILTRATE,,
1625,GNAPHALIUM LEONTOPODIUM FLOWER EXTRACT,223749-06-2,
1626,RUBUS FRUTICOSUS SEED,84787-69-9,
1627,ACROCOMIA ACULEATA SEED BUTTER,,
1628,SODIUM ETHYLHEXYLGLYCERYL ASCORBATE,,
1629,PEG-3 GLYCERYL TRIOLEATE,68958-64-5,
1630,IRIS PALLIDA LEAF CELL EXTRACT,90045-90-2,
1631,MANGIFERA INDICA SEED GLYCERIDES,,
1632,AMINOETHYLPHOSPHINIC ACID,74333-44-1,
1633,PHORMIDIUM FERMENT,,
1634,STEARYL/LAURYL METHACRYLATE CROSSPOLYMER,,
1635,HYDROGENATED DIMER DILINOLEIC ACID,,
1636,LACTOBACILLUS/SACCHAROMYCES/USNEA LONGISSIMA FERMENT FILTRATE,,
1637,SH-POLYPEPTIDE-72,,
1638,PEG/PPG-16/8 DIMETHICONE,,
1639,ISOTRIDECYL SALICYLATE,1863871-63-9,
1640,ZINC LAURATE,2452-01-9,
1641,MELISSA OFFICINALIS FLOWER/LEAF/STEM JUICE,84082-61-1,
1642,HEXYLOXODECANAMIDE MEA PHOSPHATE,934175-85-6,
1643,PALMITOYL TETRAPEPTIDE-7,,
1644,PALM KERNEL ALCOHOL,92201-17-7,
1645,PAEONIA LACTIFLORA CALLUS CULTURE EXTRACT,,
1646,TRIPEPTIDE-47,,
1647,AVOCADO OIL POLYGLYCERYL-6 ESTERS,,
1648,DISTEAROYL GLYCERYL ASCORBATE,,
1649,LEPIDIUM SATIVUM SPROUT EXTRACT,90063-43-7,
1650,HEXANEDIOL DISTEARATE,26730-92-7,
1651,PAEONIA LACTIFLORA LEAF CELL EXTRACT,,
1652,DECYL HDI/PEG-180 CROSSPOLYMER,,
1653,SACCHAROMYCES/HONEY FERMENT FILTRATE,,
1654,SACCHAROMYCES/PODOPHYLLUM PELTATUM FERMENT FILTRATE,,
1655,TRICHOLOMA MATSUTAKE FERMENT FILTRATE,,
1656,PSALLIOTA CAMPESTRIS EXTRACT,84929-56-6,
1657,LEONTOPODIUM ALPINUM FLOWER/LEAF/STEM EXTRACT,391900-47-3,
1658,BACILLUS/MONASCUS/ZIZYPHUS JUJUBA FRUIT/SOYBEAN FERMENT FILTRATE,,
1659,CETYL 2-GLYCERYL ASCORBATE,,
1660,HYDROLYZED SHEA SEEDCAKE EXTRACT,,
1661,CERATONEIS CLOSTERIUM EXTRACT,,
1662,DIPENTAERYTHRITYL PENTAISONONANOATE,,
1663,HEXAPEPTIDE-36,,
1664,PROPYLENE GLYCOL DICAPRYLATE/DICAPRATE,68583-51-7 / 58748-27-9 / 68988-72-7,
1665,AZELAOYL DIPEPTIDE-27,,
1666,ROSA DAMASCENA CALLUS EXTRACT,,
1667,DISODIUM URIDINE PHOSPHATE,3387-36-8,
1668,CYMBIDIUM LANCIFOLIUM EXTRACT,,
1669,PYRUS MALUS JUICE,85251-63-4,
1670,BIS-ISOSTEAROYL CASTOR OIL/DIMER DILINOLEATE COPOLYMER,,
1671,COMMIPHORA CONFUSA RESIN OIL,,
1672,SESAME OIL/SUCCINIC ACID/TRIRICINOLEIN COPOLYMER,,
1673,ANTHEMIS NOBILIS FLOWER POWDER,84649-86-5,
1674,MYRISTAMIDE DEA,7545-23-5,
1675,ASPERGILLUS/APRICOT KERNEL/ARTEMISIA ANNUA/AQUILARIA AGALLOCHA STEM/ELETTARIA CARDAMOMUM SEED/CORDYCEPS SINENSIS/HERICIUM ERINACEUM/POLYPORUS UMBELLATUS/WHEAT FLOUR/XANTHIUM STRUMARIUM FRUIT FERMENT EXTRACT FILTRATE,,
1676,GLUCOSAMINE SALICYLATE,,
1677,HYDROLYZED HONEY,,
1678,KADSURA COCCINEA ROOT EXTRACT,,
1679,NICOTIANA BENTHAMIANA SH-POLYPEDTIDE-7,,
1680,RETINOYL PENTAPEPTIDE-4,,
1681,CHRYSANTHEMUM BALSAMITA LEAF EXTRACT,85251-67-8,
1682,MYRETH-3 MYRISTATE,59686-68-9,
1683,CITRINE EXTRACT,,
1684,GLEDITSIA AUSTRALIS FRUIT EXTRACT,,
1685,STEARYL CEROTATE/CARNAUBATE,,
1686,BACILLUS/CAMELLIA JAPONICA SEED FERMENT OIL,,
1687,TETRAHYDROFURFURYL METHACRYLATE,2455-24-5,
1688,PEG/PPG-2000/200 COPOLYMER,9003-11-6,
1689,THYMUS LINEARIS LEAF/(ANGELICA GLAUCA/BERGENIA CILIATA) ROOT/PRINSEPIA UTILIS SEED EXTRACT,,
1690,CARPINUS TURCZANINOWII EXTRACT,,
1691,GARDENIA JASMINOIDES FRUIT WATER,,
1692,ALLOIMPERATORIN,642-05-7,
1693,CETYL PPG-2 ISODECETH-7 CARBOXYLATE,,
1694,PYRUS PYRIFOLIA PEEL EXTRACT,,
1695,ETHYLHEXYL RICINOLEATE,1801869-72-6,
1696,HYDROLYZED TOMATO SKIN,,
1697,LACTOBACILLUS/LEUCONOSTOC/ACETOBACTER/KLUYVEROMYCES/SACCHAROMYCES MILK FERMENT FILTRATE,,
1698,POLYGLYCERYL-3/LAURYL POLYDIMETHYLSILOXYETHYL DIMETHICONE CROSSPOLYMER,,
1699,ROMNEYA COULTERI FLOWER EXTRACT,,
1700,CERA MICROCRISTALLINA,63231-60-7 64742-42-3,
1701,COCAMIDE MIPA,68333-82-4,
1702,HELICHRYSUM ANGUSTIFOLIUM CERA,90045-56-0,
1703,XYLOSE,58-86-6,
1704,SACCHAROMYCES/HIPPOPHAE RHAMNOIDES FRUIT FERMENT FILTRATE,,
1705,DEFATTED VIBURNUM OPULUS FLOWER,,
1706,LEUCONOSTOC/SACCHAROMYCES/OCTOPUS MANTLE FERMENT EXTRACT FILTRATE,,
1707,ETHOXYDIGLYCOL OLEATE,,
1708,HYDROXYSTEARIC/LINOLENIC/LINOLEIC POLYGLYCERIDES,,
1709,LONICERA JAPONICA FLOWER EXTRACT,223749-79-9,
1710,MACADAMIA SEED OIL POLYGLYCERYL-6 ESTERS,,
1711,TOUNIN EKISU,,
1712,OLIGOPEPTIDE-42,,
1713,ACACIA SENEGAL FLOWER/STEM EXTRACT,97659-43-3,
1714,CLEMATIS TERNIFLORA FLOWER EXTRACT,,
1715,SCHISANDRA CHINENSIS FRUIT POWDER,223748-53-6,
1716,CARYOCAR BRASILIENSE FRUIT/LEAF EXTRACT,394238-03-0,
1717,PRUNUS VIRGINIANA BARK EXTRACT,90105-95-6,
1718,GRAPE SEED OIL PEG-8 ESTERS,,
1719,SACCHAROMYCES/APPLE/SUCROSE FERMENT FILTRATE,,
1720,CYPERUS ROTUNDUS ROOT POWDER,85085-54-7,
1721,BIS-(GLYCERYL/LAURYL) GLYCERYL LAURYL DIMETHICONE,1202686-00-7,
1722,PHASEOLUS ANGULARIS SEED POWDER,246536-72-1,
1723,FORMAMIDOPROPYL BETAINE,120128-90-7,
1724,OCTAPEPTIDE-22 R-THERMUS THERMOPHILUS PUTATIVE ESTERASE HEXAPEPTIDE-40,,
1725,SH-PENTAPEPTIDE-38,,
1726,BIS-HYDROXYPROPYL DIMETHICONE/SMDI COPOLYMER,,
1727,POLYSTICHUM RETROSO-PALACEUM EXTRACT,,
1728,SODIUM HEPARIN,9041-08-1,
1729,ACRYLATES/C5-8 ALKYL ACRYLATE COPOLYMER,,
1730,PRUNUS SPECIOSA LEAF EXTRACT,,
1731,SACCHAROMYCES/POTATO EXTRACT FERMENT FILTRATE,,
1732,LACTOBACILLUS/SACCHAROMYCES/ACHYRANTHIS RADIX ROOT/ANGELICA GIGANTIS ROOT/CUSCUTA JAPONICA SEED/CYNANCHUM WILFORDII ROOT/LYCIUM CHINENSE FRUIT/PANAX GINSENG ROOT/PORIA COCOS FRUITING BODY FERMENT FILTRATE,,
1733,SINAPIS ARVENSIS FLOWER EXTRACT,84929-24-8,
1734,PEG-90/POLYEPSILON CAPROLACTONE,,
1735,TUSSILAGO FARFARA FLOWER/LEAF EXTRACT,84625-50-3,
1736,ALANINAMIDO ORNITHINE,,
1737,SYNTHETIC CANDELILLA WAX,,
1738,PALMITOYL TRIPEPTIDE-56,,
1739,SECALE CEREALE PHYTOPLACENTA CULTURE EXTRACT FILTRATE,,
1740,MUCIDOSPHAERIUM PULCHELLUM EXTRACT,,
1741,LACTOBACILLUS/ASPALATHUS LINEARIS LEAF FERMENT EXTRACT,,
1742,MAGNESIUM ACETYLMETHIONATE,71463-44-0 / 105883-49-6,
1743,TRIPEPTIDE-51,,
1744,BACILLUS/HIPPOPHAE RHAMNOIDES FRUIT FERMENT EXTRACT,,
1745,DUCK FAT,,
1746,RIBOSE,50-69-1,
1747,CAFFEOYL OLIGOPEPTIDE-77,,
1748,DIACETYLRESVERATRYL THIOCTATE,1082892-39-4,
1749,DISODIUM ACETYL GLUCOSAMINE PHOSPHATE,102029-88-9,
1750,CASSIA NOMAME LEAF/STEM POWDER,,
1751,CYCLOHEXYLGLYCERIN,10305-41-6,
1752,HEXYLDIOXODECYL METHYL TYROSINATE,943454-45-3,
1753,PANTOEA/RICE BRAN FERMENT EXTRACT FILTRATE,,
1754,PIPERIDINEPROPIONIC ACID,26371-07-3,
1755,LACTOBACILLUS/LEUCONOSTOC/POLYSORBATE 80/PORTULACA OLERACEA EXTRACT FERMENT LYSATE FILTRATE,,
1756,ERIOBOTRYA JAPONICA LEAF PROTOPLASTS,91770-19-3,
1757,CARAPA GUAIANENSIS OIL PEG-8 ESTERS,,
1758,N-CAFFEOYL SEROTONIN,,
1759,LACTOBACILLUS/HONEYSUCKLE FLOWER EXTRACT FERMENT FILTRATE,,
1760,MATTEUCCIA STRUTHIOPTERIS EXTRACT,,
1761,SODIUM BOROHYDRIDE,16940-66-2,
1762,PALM KERNEL WAX,,
1763,ORBIGNYA OLEIFERA SEED OIL,91078-92-1,
1764,BIS-SH-PENTAPEPTIDE-5 PORPHYRA 334,,
1765,LUPINUS LUTEUS SEED EXTRACT,,
1766,SCHIZOPHYLUM COMMUNE EXTRACT,,
1767,METHYLGLUCAMINE HCL,35564-86-4,
1768,BIS-HYDROXYPROPYLTRISILOXYL IPDI/PEG-14 COPOLYMER,,
1769,STEARYL ERUCATE,86601-84-5,
1770,NYMPHAEA COERULEA FLOWER EXTRACT,,
1771,PHENOXYETHYL PCA,835913-41-2,
1772,ACHYRANTHES BIDENTATA ROOT/CHAENOMELES SINENSIS FRUIT/COMMIPHORA MYRRHA RESIN/PORIA COCOS/TARAXACUM PLATYCARPUM LEAF/ROOT EXTRACT,,
1773,FOENICULUM VULGARE CALLUS CULTURE EXTRACT,,
1774,CAPRYL ESCHERICHIA COLI/CORN KERNEL EXTRACT/GLUCOSE FERMENT FILTRATE,,
1775,AUREOBASIDIUM PULLULANS/RICE BRAN FERMENT,,
1776,MORUS ALBA BARK/(PORTULACA OLERACEA LEAF/STEM)/ANGELICA DAHURICA ROOT/APRICOT SEED/CHESTNUT SHELL EXTRACT,,
1777,OXOTHIAZOLIDINECARBOXYLIC ACID,19771-63-2,
1778,CITRUS AURANTIUM DULCIS FLOWER OIL,8028-48-6,
1779,ACETYLNEURAMINIC ACID,131-48-6,
1780,SH-TETRAPEPTIDE-39,,
1781,PANAX GINSENG MERISTEM CELL EXTRACT,,
1782,NEOPENTYL GLYCOL DIHEPTANOATE,68855-18-5,
1783,CLEMATIS VITALBA LEAF EXTRACT,84929-63-5,
1784,BUTYLCARBAMOETHYL METHACRYLATE,,
1785,CHIMYL ALCOHOL,506-03-6 / 6145-69-3,
1786,PTYCHOPETALUM OLACOIDES LEAF EXTRACT,84929-46-4,
1787,PLANTAGO MAJOR SEED EXTRACT,84929-43-1,
1788,MOONSTONE EXTRACT,,
1789,PENTACLETHRA MACROLOBA SEED OIL /BEHENIC ACID/AMINOPROPANEDIOL AMIDES/ESTERS,,
1790,PALMITAMIDE,629-54-9,
1791,SODIUM DACRYOPINAX SPATHULARIA/GLUCOSE FERMENT EXTRACT,,
1792,CLAUSENA LANSIUM LEAF EXTRACT,,
1793,HYDROLYZED PANAX GINSENG MERISTEM CELL EXTRACT,,
1794,PUERARIA THUNBERGIANA FLOWER OIL,,
1795,POLY(C6-14 OLEFIN),246538-69-2,
1796,PASSIFLORA CINCINATTA SEED OIL,,
1797,ENDOMYCES/BITTER CHERRY JUICE FERMENT FILTRATE,,
1798,HYDROGENATED ETHYLHEXYL COCO-OLEATE ESTOLIDES,,
1799,SANSHOU EKISU,,
1800,TETRAPEPTIDE-4,,
1801,SACCHAROMYCES/PROPOLIS FERMENT EXTRACT,,
1802,MALVA OFFICINALIS FLOWER EXTRACT,,
1803,LAURAMIDE,1120-16-7,
1804,OLIGOPEPTIDE-134,,
1805,CAPRYLOYL HEPTAPEPTIDE-12,,
1806,C30-45 ALKYL DIMETHICONE/POLYCYCLOHEXENE OXIDE CROSSPOLYMER,330809-27-3 / 389082-70-6,
1807,LYTHRUM SALICARIA FLOWER/LEAF/STEM EXTRACT,,
1808,STEAROXYMETHICONE/DIMETHICONE COPOLYMER,,
1809,SR-JELLYFISH POLYPEPTIDE-1 SH-OLIGOPEPTIDE-1,,
1810,HYDROLYZED ADANSONIA DIGITATA EXTRACT,91745-12-9,
1811,PEG-20 STEARATE,9004-99-3,
1812,PENTAERYTHRITYL CYCLOHEXANE DICARBOXYLATE,,
1813,ALYSICARPUS VAGINALIS EXTRACT,,
1814,HYDROLYZED RICE FERMENT LEES,,
1815,COFFEE SEED OIL PEG-8 ESTERS,,
1816,CARBOXYETHYL AMINOBUTYRIC ACID,4386-03-2,
1817,DMAPA ACRYLATES/ACRYLIC ACID/ACRYLONITROGENS COPOLYMER,,
1818,CAMELLIA JAPONICA LEAF CELL EXTRACT,,
1819,MACARANGA TANARIUS LEAF EXTRACT,,
1820,PHYTOSTERYL HYDROXYSTEARATE,,
1821,CETETH-4 STEARATE,,
1822,CITRINE,,
1823,DITRIMETHYLOLPROPANE ISOSTEARATE/SEBACATE,,
1824,PROPANEDIOL DICAPRYLATE,1020852-63-4,
1825,RETINOYL OLIGOPEPTIDE-86,,
1826,LAMIUM ALBUM FLOWER WATER,84012-23-7,
1827,SH-POLYPEPTIDE-40,,
1828,PIMPINELLA ANISUM FRUIT WATER,84775-42-8,
1829,LANETH-20,61791-20-6,
1830,PANAX GINSENG CALLUS EXTRACT,,
1831,PENTAERYTHRITYL TETRAISOSTEARATE,62125-22-8,
1832,CYAMOPSIS TETRAGONOLOBA GUM,9000-30-0,
1833,HYDROLYZED MANIHOT ESCULENTA TUBER EXTRACT,,
1834,POLYURETHANE-42,1184186-26-2,
1835,VERATRYL ALCOHOL,93-03-8,
1836,SABATIA ANGULARIS EXTRACT,,
1837,PINUS BANKSIANA BARK EXTRACT,,
1838,MALPIGHIA GLABRA FRUIT JUICE,223747-63-5,
1839,SODIUM BEHENOYL/COCOYL (ALANINE/ARGININE/ASPARAGINE/ASPARTIC ACID/GLUTAMIC ACID/GLYCINE/ISOLEUCINE/LEUCINE/LYSINE/METHIONINE/PHENYLALANINE/PROLINE/SERINE/THREONINE/TRYPTOPHAN/TYROSINE/VALINE),,
1840,PAPAVER RHOEAS SEED,,
1841,CASTOR ISOSTEARATE BEESWAX SUCCINATE,,
1842,BRASSICA OLERACEA ITALICA LEAF/ROOT EXTRACT,,
1843,PHYSALIS PRUINOSA FRUIT EXTRACT,,
1844,BIS-SH-DECAPEPTIDE-9 PORPHYRA 334,,
1845,CORCHORUS OLITORIUS LEAF/STEM EXTRACT,,
1846,ALPINIA ZERUMBET SEED POWDER,,
1847,BETULA ALBA LEAF EXTRACT,84012-15-7,
1848,POLYBETA-ALANINE,68440-02-8,
1849,PENTAERYTHRITYL TETRAETHYLHEXANOATE/TETRAMETHOXYCINNAMATE,,
1850,SOLANUM LYCOPERSICUM FRUIT/LEAF/STEM EXTRACT,90131-63-8,
1851,MYRISTOYL PENTAPEPTIDE-7,,
1852,BERGENIN,477-90-7,
1853,GALANTHUS NIVALIS SEED EXTRACT,91722-13-3,
1854,TETRAHYDRODEMETHOXYDIFERULOYLMETHANE,149579-07-7,
1855,ABALONE SHELL POWDER,,
1856,TRIFLUOROPROPYL DIMETHICONE/PEG-10 CROSSPOLYMER,,
1857,HYDROGENATED SUNFLOWER SEED OIL GLYCERYL ESTERS,,
1858,THEOBROMA GRANDIFLORUM SEED BUTTER,394236-97-6,
1859,CANAVALIA ENSIFORMIS LEAF EXTRACT,93164-98-8,
1860,COLLOIDAL OATMEAL,,
1861,DIAMMONIUM LAURYL SULFOSUCCINATE,37451-77-7,
1862,SCHIZOTHRIX CALCICOLA EXTRACT,,
1863,FRAXINUS ORNUS SEED EXTRACT,84929-21-5,
1864,VICTORIA AMAZONICA LEAF EXTRACT,,
1865,SOYBEAN OIL/FERULATE ESTERS,,
1866,C20-24 ALKYL DIMETHICONE,200074-76-6,
1867,OLIGOPEPTIDE-132,,
1868,CISTUS INCANUS FLOWER/LEAF/STEM EXTRACT,93165-04-9,
1869,POLYGLYCERYL-4 COCOATE,,
1870,PRUNUS CERASUS LEAF CELL EXTRACT,89997-53-5,
1871,CENTAUREA NIGRA EXTRACT,,
1872,OCTYLDODECYL STEARATE,22766-82-1,
1873,ACETYL HEXAPEPTIDE-20,,
1874,DIMETHYLACRYLAMIDE/ACRYLIC ACID/POLYSTYRENE ETHYL METHACRYLATE COPOLYMER,,
1875,GLUCOSE PENTAACETATE,604-68-2 / 3891-59-6,
1876,C20-40 ISOPARAFFIN,246538-81-8,
1877,TABEBUIA IMPETIGINOSA BARK EXTRACT,223748-85-4,
1878,PEG-5 HYDROGENATED CASTOR OIL ISOSTEARATE,,
1879,POLYGLYCERYL-10 HEXAOLEATE,9007-48-1,
1880,TETRACARBOXYMETHYL NARINGENINCHALCONE,1395088-14-8,
1881,POLYPODIUM VULGARE ROOT EXTRACT,84929-44-2,
1882,PPG-3 MYRISTYL ETHER NEOHEPTANOATE,325726-83-8,
1883,ORYZA SATIVA LEAF/STEM EXTRACT,68553-81-1,
1884,SCHINUS MOLLE SEED EXTRACT,94334-31-3,
1885,BENZYL URSOLATE,,
1886,OCTYLDODECYL BEESWAX,,
1887,CANARIUM INDICUM SEED OIL,,
1888,C26-28 ALKYLDIMETHYLSILYL POLYPROPYLSILSESQUIOXANE,,
1889,SORBETH-5,,
1890,ASPERGILLUS/LACTOBACILLUS/SACCHAROMYCES/(SOYBEAN/OENOTHERA GLAZIOVIANA/RADISH/BROCCOLI/CAULIFLOWER/RICE/HORDEUM VULGARE/COIX LACRYMA-JOBI/ACHILLEA MILLEFOLIUM/SESAME/SAGE/THYME/HYPERICUM PERFORATUM/TRIFOLIUM PRATENSE/MEDICAGO SATIVA/TRIGONELLA FOENUM-GRAECUM) SPROUT FERMENT FILTRATE EXTRACT,,
1891,DECYLENE GLYCOL,1119-86-4,
1892,DIOCTADECANYL DITETRADECYLOCTADECANOATE,,
1893,CRYPTOMERIA JAPONICA BRANCH/LEAF EXTRACT,91771-60-7,
1894,TORULASPORA DELBRUECKII FERMENT,,
1895,PHOSPHATIDYLINOSITOL,,
1896,HYDROGENATED STYRENE/METHYL STYRENE/INDENE COPOLYMER,,
1897,OCTAPEPTIDE-32,,
1898,PINUS PINASTER BARK POWDER,,
1899,CENTELLA ASIATICA MERISTEM CELL CULTURE,84696-21-9,
1900,ORYZA SATIVA BRAN STEROL,68553-81-1,
1901,ETHYLHEXYL BENZOATE,5444-75-7,
1902,SACCHAROMYCES/APPLE FRUIT/MELON FRUIT/SUCROSE FERMENT FILTRATE,,
1903,BACILLUS FERMENT FILTRATE,,
1904,PEG-400,25322-68-3,
1905,BIS-HYDROXYETHYL ACRYLATE POLY(1‚4-BUTANEDIOL)-9/IPDI COPOLYMER,,
1906,MILT EXTRACT,,
1907,POLYACRYLATE CROSSPOLYMER-9,,
1908,CALOPHYLLUM TACAMAHACA SEED OIL,223748-12-7,
1909,CAPRYL DIMETHICONE,,
1910,PEG-114 POLYLACTIC ACID,,
1911,GINKGO BILOBA LEAF/LINUM USITATISSIMUM SEED EXTRACT,,
1912,KLOECKAERA/SACCHAROMYCES/LEUCONOSTOC/GRAPE FERMENT,,
1913,VETIVERIA ZIZANOIDES ROOT POWDER,84238-29-9,
1914,BACILLUS/MONASCUS/BORAGO OFFICINALIS SEED/SOYBEAN FERMENT FILTRATE,,
1915,GLYCYRRHETINIC ACID,471-53-4,
1916,DRABA ALPINA CALLUS CULTURE EXTRACT,,
1917,CRYPTOMERIA JAPONICA LEAF EXTRACT,91771-60-7,
1918,SENNA GARRETTIANA LEAF EXTRACT,,
1919,DI-HEMA TRIMETHYLHEXYL DICARBAMATE,41137-60-4 / 72869-86-4,
1920,HAZELNUT SEED OIL POLYGLYCERYL-6 ESTERS,,
1921,ECHINACEA PURPUREA LEAF/ROOT EXTRACT,90028-20-9,
1922,HUMAN NEONATAL FIBROBLAST/KERATINOCYTE CONDITIONED MEDIA,,
1923,PHTHALIC ANHYDRIDE/ADIPIC ACID/CASTOR OIL/NEOPENTYL GLYCOL/PEG-3/TRIMETHYLOLPROPANE COPOLYMER,,
1924,METHOXY PEG-100/POLYEPSILON CAPROLACTONE,,
1925,CHAMOMILLA RECUTITA FLOWER/JASMINUM OFFICINALE FLOWER EXTRACT,,
1926,ACETYL HEPTAPEPTIDE-19 AMIDE,,
1927,TRICHOSANTHES KIRILOWII ROOT EXTRACT,,
1928,SODIUM CARBOXYMETHYL EUGLENA GRACILIS EXTRACT,,
1929,EUGENIA STIPITATA FRUIT EXTRACT,,
1930,CITRUS NOBILIS FRUIT EXTRACT,84929-38-4,
1931,HYDROLYZED GARCINIA MANGOSTANA FRUIT EXTRACT,90045-25-3,
1932,UNDECYLCRYLENE DIMETHICONE,948847-35-6,
1933,RETINYL FORMYL ASPARTAMATE,442662-22-8,
1934,LACTOBACILLUS/MANGOSTEEN PERICARP FERMENT FILTRATE,,
1935,BEHENYL ERUCATE,18312-32-8,
1936,BACILLUS/PENTACLETHRA MACROLOBA SEED OIL FERMENT EXTRACT FILTRATE,,
1937,ENDOMYCES/PRUNUS ARMENIACA FERMENT FILTRATE,,
1938,AURANTIOCHYTRIUM LIMACINUM OIL,,
1939,METHYL MYRISTATE,124-10-7,
1940,PYRUS MALUS PECTIN EXTRACT,85251-63-4,
1941,HELIANTHUS ANNUUS SEED FLOUR,8001-21-6,
1942,LAPSANA COMMUNIS FLOWER/LEAF/STEM EXTRACT,90046-18-7,
1943,RETINOYL TETRAPEPTIDE-43 AMIDE,,
1944,FAGUS SYLVATICA FLOWER EXTRACT,85251-65-6,
1945,PPG-3 BENZYL ETHER MYRISTATE,642443-86-5,
1946,CHONDRACANTHUS TEEDEI POWDER,,
1947,GLYCERYL BETAINE/POLYACRYLIC ACID ESTERS,,
1948,POLYESTER-32,,
1949,VACCINIUM MYRTILLUS FRUIT/LEAF EXTRACT,84082-34-8,
1950,BAMBUSA VULGARIS STEM POWDER,91771-33-4,
1951,DIBUTYLOCTYL IPDI,187951-29-7,
1952,MORINGA PTERYGOSPERMA OIL,93165-54-9,
1953,AZULENE,275-51-4,
1954,LEONTOPODIUM ALPINUM MERISTEM CELL CULTURE,,
1955,HYDROLYZED ROYAL JELLY EXTRACT,,
1956,ARGININE COCOATE,,
1957,LIGUSTRUM LUCIDUM STEM EXTRACT,223749-57-3,
1958,ETHYLHEXYL METHOXYCRYLENE,947753-66-4,
1959,ACETYL TRIFLUOROMETHYLPHENYL VALYLGLYCINE,379685-96-8,
1960,OCTYLDODECYL NEOPENTANOATE,,
1961,PEG-8 DIMETHICONE/POLYSORBATE 20 CROSSPOLYMER,,
1962,PHRAGMITES KARKA EXTRACT,,
1963,ETHYL DIMETHYLAMINOBENZOATE,,
1964,ENDOMYCES/SODIUM HYALURONATE FERMENT FILTRATE,,
1965,MONASCUS/BRASSICA NAPUS SEED OIL FERMENT,,
1966,TETRAPEPTIDE-63,,
1967,SARGASSUM FILIPENDULA EXTRACT,223751-78-8,
1968,PHYTOSTERYL CANOLATE,,
1969,DICRATERIA ROTUNDA OIL,,
1970,HYDROLYZED MILT EXTRACT,,
1971,OLIGOPEPTIDE-107 RH-POLYPEPTIDE-1,,
1972,SODIUM HYALURONATE,9067-32-7,
1973,LILIUM TIGRINUM ROOT EXTRACT,90063-51-7,
1974,PLANTAGO ASIATICA LEAF/STEM EXTRACT,,
1975,MACADAMIA TERNIFOLIA SEED EXTRACT,129811-19-4 / 128497-20-1,
1976,FARFUGIUM JAPONICUM LEAF/STALK EXTRACT,,
1977,C12-20 ISOPARAFFIN,222400-21-7,
1978,ASPERGILLUS/HYDROLYZED PRUNUS MUME SEED FERMENT EXTRACT,,
1979,HOYA CARNOSA LEAF/STEM EXTRACT,,
1980,DIHYDROCHOLESTERYL OLEATE,2078-50-4,
1981,HYDROXYPROPYL ETHYLENEDIAMINE CARBOMER,,
1982,BIS-METHOXYPROPYLAMIDO ISODOCOSANE,,
1983,KIDACHI ALOE YOUJYUU,,
1984,CASTANEA SATIVA SHELL EXTRACT,84695-99-8,
1985,TARAXACUM PLATYCARPUM CALLUS CULTURE EXTRACT,,
1986,OLIGOPEPTIDE-105,,
1987,SOLANUM STRAMONIIFOLIUM FRUIT EXTRACT,,
1988,STILLINGIA SYLVATICA ROOT,90131-35-4,
1989,BAMBUSA TEXTILIS STEM EXTRACT,,
1990,LAURAMIDE/MYRISTAMIDE DEA,97926-10-8,
1991,HYDROLYZED PLEUROTUS NEBRODENSIS MYCELIUM EXTRACT,,
1992,ACRYLATES CROSSPOLYMER-4,,
1993,POLYVINYL BUTYRAL,63148-65-2,
1994,CITRUS AURANTIUM AMARA PEEL,68916-04-1 / 72968-50-4,
1995,LACTOBACILLUS/PHOENIX DACTYLIFERA FRUIT FERMENT FILTRATE,,
1996,OCTYLDODECYL HYDROXYSTEARATE,74659-70-4,
1997,HYDROXYPROPYL DIMETHICONE BEHENATE,,
1998,OLIGOPEPTIDE-147,,
1999,MIRABILIS JALAPA FLOWER/LEAF/STEM EXTRACT,91722-88-2,
2000,PIPTADENIA COLUBRINA PEEL EXTRACT,,
2001,GANODERMA SICHUANENSE EXTRACT,,
2002,PHOSPHATIDIC ACID,,
2003,SILKWORM CHRYSALIS OIL,91079-16-2,
2004,OXIDIZED MICROCRYSTALLINE WAX,,
2005,VACCINIUM VIRGATUM FRUIT JUICE,,
2006,VEGETABLE GLYCERIDES PHOSPHATE,,
2007,DIGLYCOL/ISOPHTHALATES/SIP COPOLYMER,240818-59-1,
2008,OENOCARPUS BACABA FRUIT OIL,,
2009,SACCHAROMYCES/CORNUS OFFICINALIS FRUIT/ANGELICA ACUTILOBA ROOT/DEER ANTLER/THYME FERMENT FILTRATE,,
2010,OPUNTIA VULGARIS LEAF EXTRACT,,
2011,PPG-4 JOJOBA ALCOHOL,,
2012,OCTYLDODECYL OLIVATE,223706-58-9,
2013,RH-POLYPEPTIDE-33,,
2014,MESEMBRYANTHEMUM CRYSTALLINUM CALLUS EXTRACT,,
2015,LAURYL OLEATE,36078-10-1,
2016,ADIPIC ACID/FUMARIC ACID/PHTHALIC ACID/TRICYCLODECANE DIMETHANOL COPOLYMER,,
2017,THEOBROMA GRANDIFLORUM SEED BUTTER EXTRACT,906348-18-3,
2018,SOLANUM LYCOPERSICUM CALLUS CULTURE CONDITIONED MEDIA,,
2019,STARCH/ACRYLATES/ACRYLAMIDE COPOLYMER,,
2020,GLYCERYL BEHENATE/EICOSADIOATE,,
2021,PLECTRANTHUS TOMENTOSA EXTRACT,,
2022,DIDECYLTETRADECYL IPDI,185458-78-0,
2023,HIBISCUS ROSA-SINENSIS FLOWER POWDER,,
2024,URSOLOYL PENTAPEPTIDE-4,,
2025,CHRYSANTHEMUM SIBIRICUM EXTRACT,,
2026,MAGNOLIA BIONDII FLOWER EXTRACT,85085-47-8,
2027,DIMETHYLIMIDAZOLIDINONE RICE STARCH,223239-90-5,
2028,C9-12 ISOPARAFFIN,,
2029,SPONDIAS TUBEROSA FRUIT EXTRACT,,
2030,CIMICIFUGA DAHURICA ROOT/FORSYTHIA VIRDISSIMA FRUIT/GLYCYRRHIZA GLABRA ROOT/PAEONIA LACTIFLORA ROOT/PLATYCODON GRANDIFLORUM ROOT/PUERARIA LOBATA ROOT EXTRACT,,
2031,DIMETHYLMETHOXY CHROMANYL PALMITATE,,
2032,POLYGLYCERYL-10 HYDROXYSTEARATE/STEARATE/EICOSADIOATE,,
2033,TRIFOLIUM REPENS SPROUT EXTRACT,,
2034,SACCHAROMYCES/OPAL FERMENT LYSATE FILTRATE,,
2035,CITRUS IYO PEEL WATER,,
2036,ACETYL ORNITHINE,,
2037,GALLOYL TRIPEPTIDE-48,,
2038,ACONITUM KOREANUM EXTRACT,,
2039,PORTULACA OLERACEA JUICE,,
2040,RETINOXYTRIMETHYLSILANE,16729-19-4,
2041,PRUNUS DOMESTICA FLOWER EXTRACT,90082-87-4,
2042,LACTOBACILLUS/CUDRANIA TRICUSPIDATA BARK EXTRACT FERMENT FILTRATE,,
2043,BIS-PEG/PPG-18/6 DIMETHICONE,,
2044,AMNIOTIC FLUID,,
2045,BOEHMERIA SIEBOLDIANA EXTRACT,,
2046,CARDIOSPERMUM HALICACABUM FLOWER/LEAF/VINE EXTRACT,89958-27-0,
2047,ACETYL S-FEA'S VIPER PENTAPEPTIDE-1 AMIDE,,
2048,HELIANTHUS ANNUUS SEED BUTTER,,
2049,MELICOPE HAYESII LEAF EXTRACT,,
2050,SINE ADIPE LAC,,
2051,BUTYL GLYCOLATE,7397-62-8,
2052,ACTINIDIA CHINENSIS SEED OIL,299184-71-7,
2053,ACETYL GLUCOSAMINE,10036-64-3,
2054,TRIMETHYLSILYL PULLULAN,,
2055,ETHANOLAMINE GLYCEROPHOSPHATE,35907-34-7,
2056,PINUS PENTAPHYLLA SEED OIL,,
2057,DIHYDROXYPHENYL BENZIMIDAZOLE CARBOXYLIC ACID,174533-99-4,
2058,LEUCONOSTOC/LEDEBOURIELLA DIVARICATA ROOT/ANGELICA DAHURICA ROOT/ANGELICA TENUISSIMA ROOT/MAGNOLIA LILIFLORA BUD/ASARUM SIEBOLDI ROOT/PAEONIA SUFFRUTICOSA ROOT/CNIDIUM OFFICINALE ROOT/ANGELICA GIGAS ROOT/AUCKLANDIA LAPPA ROOT/ACHYRANTHES JAPONICA ROOT/EUCOMMIA ULMOIDES BARK/ANGELICA PUBESCENS ROOT/ ACONITUM KOREANUM ROOT FERMENT,,
2059,CYATHUSAL B,,
2060,SHEEP SKIN LYSATE,,
2061,DIHEXYL ISOEICOSANEDIOATE,1917308-70-3,
2062,HEPTAPEPTIDE-8,,
2063,LACTUCA SCARIOLA SATIVA LEAF EXTRACT,84776-66-9 / 90046-10-9,
2064,DI-C12-13 ALKYL MALATE,,
2065,EUPATORIUM LINDLEYANUM EXTRACT,,
2066,RED JUNGLEFOWL BLASTODERM PLURIPOTENT CELL CULTURE CONDITIONED MEDIA,,
2067,NYMPHAEA COERULEA FLOWER WATER,,
2068,RESVERATROL,501-36-0,
2069,CETETH-7 STEARATE,,
2070,ACETYL CARNITINE HCL,5080-50-2,
2071,SH-PENTAPEPTIDE-5 TRIPEPTIDE-35,,
2072,DIMETHICONOL BEESWAX,227200-35-3,
2073,PENTAERYTHRITYL DIOLEATE,25151-96-6,
2074,VERNICIA FORDII LEAF/STEM EXTRACT,,
2075,PAEONOL,552-41-0,
2076,NIACINAMIDE MANDELATE,,
2077,ASPERGILLUS/MILLET SEED/RICE HULL FERMENT FILTRATE,,
2078,PRUNUS YEDOENSIS LEAF EXTRACT,,
2079,GLIADIN,9007-90-3,
2080,SR-CHICKEN POLYPEPTIDE-1,,
2081,DIMETHICONOL STEARATE,130169-63-0,
2082,SODIUM ACRYLATES/BEHENETH-25 METHACRYLATE CROSSPOLYMER,,
2083,CARYA ILLINOENSIS SEED EXTRACT,129893-27-2,
2084,PICHIA/RESVERATROL FERMENT EXTRACT,,
2085,POLYACRYLATE-43,,
2086,BIS-ISOSTEARYL 1‚4-BUTANEDIOL/HDI/HYDROGENATED DIMER DILINOLEYL ALCOHOL COPOLYMER,,
2087,ISOPROPYLCYCLOHEXYL TOLYLCARBAMATE,1236357-39-3,
2088,BUTYLGLUCOSIDES HYDROXYPROPYLTRIMONIUM CHLORIDE,,
2089,POTASSIUM OLIVOYL PCA,,
2090,SH-OLIGOPEPTIDE-82 AMIDE,,
2091,GLYCOL/NEOPENTYL GLYCOL/PHTHALIC ANHYDRIDE COPOLYMER BENZOATE,1294504-41-8,
2092,TRIPEPTIDE-10 CITRULLINE,,
2093,PEG-3 GLYCERYL TRIISOSTEARATE,,
2094,SMILAX UTILIS ROOT EXTRACT,84961-59-1,
2095,DEPOLYMERIZED PRASINOCOCCUS CAPSULATUS EXOPOLYSACCHARIDES,,
2096,YUCCA GLAUCA ROOT EXTRACT,223749-02-8 / 90147-57-2,
2097,MINOXIDIL SUCCINOYL DECAPEPTIDE-18,,
2098,HYDROXYPROPYL DIMETHICONE STEARATE,,
2099,SUNFLOWER SEED OIL GLYCERIDE,91723-14-7,
2100,BLACK SEA ROD OIL,,
2101,MYRISTYL SULTAINE,14933-09-6,
2102,SAPINDUS MUKOROSSI FRUIT EXTRACT,,
2103,ROSA RUGOSA LEAF EXTRACT,92347-25-6,
2104,FICUS NIPPONICA BRANCH/LEAF EXTRACT,,
2105,ANGELICA SINENSIS LEAF/ARCTIUM LAPPA ROOT/JASMINUM OFFICINALE FLOWER EXTRACT,,
2106,C16-36 ALKYL STEARATE,223239-95-0,
2107,HYDROGENATED KUKUI NUT OIL,,
2108,DODECANEDIOIC ACID/CETEARYL ALCOHOL/GLYCOL COPOLYMER,,
2109,CYSTEINE/OLIGOMERIC PROANTHOCYANIDIN,,
2110,TRIPEPTIDE-48,,
2111,SOLANUM LYCOPERSICUM FRUIT LIPIDS,90131-63-8,
2112,PANTOTHENOYL DIPEPTIDE-13,,
2113,SEAL OIL,,
2114,RAPHANUS SATIVUS SEED OIL,84775-94-0,
2115,DIETHYLHEXYL SEBACATE,122-62-3,
2116,HYDROLYZED CRANBERRY FRUIT/LEAF EXTRACT,90131-85-4,
2117,VERONICA OFFICINALIS LEAF EXTRACT,85117-19-7,
2118,ROSA RUGOSA STEM EXTRACT,92347-25-6,
2119,LITHOSPERMUM ERYTHRORHIZON ROOT OIL,223749-76-6,
2120,LAPPULA SQUARROSA SEED OIL,,
2121,ELEOCHARIS DULCIS TUBER EXTRACT,,
2122,STYRAX JAPONICUS BRANCH/FRUIT/LEAF EXTRACT,,
2123,DECENE,872-05-9,
2124,BUTYLENE/ETHYLENE/PROPYLENE COPOLYMER,,
2125,EMPETRUM NIGRUM LEAF EXTRACT,,
2126,CUCURBITA PEPO,89998-03-8,
2127,BETULA ALBA BUD EXTRACT,84012-15-7,
2128,FERROUS LACTATE,5905-52-2,
2129,PYRROSIA HASTATA EXTRACT,,
2130,LACTOBACILLUS LAC/CALCIUM/PHOSPHOROUS/MAGNESIUM/ZINC FERMENT,,
2131,PEG/PPG-36/41 DIMETHYL ETHER,,
2132,YOKUININ EKISU,,
2133,SACCHAROMYCES/OPHIOPOGON JAPONICUS ROOT/PANAX GINSENG ROOT/PORIA COCOS/REHMANNIA GLUTINOSA ROOT FERMENT FILTRATE,,
2134,PHALAENOPSIS SOGO YUKIDIAN PETAL EXTRACT,,
2135,ESCHSCHOLZIA CALIFORNICA LEAF EXTRACT,,
2136,ISOBUTYLPHENOXY EPOXY RESIN,67924-34-9,
2137,POLYGLYCERYL-3 PALMITATE,143710-24-1,
2138,SERICA EXTRACT,,
2139,CARBOXYMETHYL CAPROOYL CHITOSAN,,
2140,ARTEMISIA CARUIFOLIA EXTRACT,,
2141,VINCA MAJOR EXTRACT,90132-01-7,
2142,GHATTI GUM,9000-28-6,
2143,C20-40 ALKYL STEARATE,,
2144,SH-POLYPEPTIDE-50 SH-POLYPEPTIDE-56,,
2145,PAECILOMYCES JAPONICA MYCELIUM/POLYGONUM MULTIFLORUM ROOT FERMENT EXTRACT FILTRATE,,
2146,CANARIUM LUZONICUM LEAF EXTRACT,,
2147,SODIUM GLYCINATE,6000-44-8,
2148,TROLOXOYL OLIGOPEPTIDE-33,,
2149,ETHYLHEXYL TRIAZONE,88122-99-0,
2150,VACCINIUM MYRTILLUS FRUIT EXTRACT,84082-34-8,
2151,SOLUM FULLONUM,8031-18-3,
2152,C9-13 FLUOROALCOHOL,,
2153,ALOE FEROX LEAF JUICE,84649-82-1,
2154,RHINACANTHUS NASUTUS ROOT POWDER,,
2155,DOCOSAHEXAENOIC ACID,25167-62-8 / 32839-18-2,
2156,PEG/PPG-50/40 DIMETHYL ETHER,,
2157,SACCHAROMYCES/PEPPERMINT LEAF FERMENT FILTRATE,,
2158,DIOCTYLDODECYL STEAROYL GLUTAMATE,,
2159,CEREUS GRANDIFLORUS FLOWER EXTRACT,8007-78-1,
2160,ISOPRENE/MA/METHOXY PEG-40 COPOLYMER,,
2161,ARONIA ARBUTIFOLIA FRUIT EXTRACT,,
2162,HELICHRYSUM GYMNOCEPHALUM FLOWER/LEAF/STEM EXTRACT,,
2163,POLYGLYCERYL-3 DIHYDROXYSTEARATE,,
2164,POLYGLYCERYL-10 DIPALMITATE,,
2165,LAVANDULA ANGUSTIFOLIA FLOWER/LEAF/STEM OIL,,
2166,LACTOBACILLUS/COLLAGEN FERMENT FILTRATE,,
2167,SH-POLYPEPTIDE-75,,
2168,HYDROLYZED SODIUM DNA,,
2169,CITRULLUS LANATUS SEED EXTRACT,90244-99-8,
2170,LACTOBACILLUS/SACCHAROMYCES/COPTIDIS RHIZOME FERMENT FILTRATE,,
2171,CHRYSIN,480-40-0,
2172,ETHYL GALLATE,831-61-8,
2173,SORBITYL SILANEDIOL,221346-75-4,
2174,TROPAEOLUM MAJUS FLOWER/LEAF EXTRACT,84625-49-0,
2175,HYDROXYPROPYLCELLULOSE STEARYL CARBAMATE,196885-14-0,
2176,BIS-C16-18 ALKYL GLYCERYL UNDECYL DIMETHICONE,,
2177,PANAX GINSENG SPROUT EXTRACT,,
2178,JOJOBA OIL GLYCERETH-8 ESTERS,,
2179,PYRUS MALUS OIL,85251-63-4,
2180,CASTOR OIL POLYGLYCERYL-6 ESTERS,,
2181,OLIGOPEPTIDE-72,,
2182,ANONA RETICULATA JUICE,,
2183,HORDENINE,539-15-1,
2184,LESPEDEZA CUNEATA CALLUS EXTRACT,,
2185,UNDECYLENOYL PHENYLALANINE,175357-18-3,
2186,BUTYL ACRYLATE/C6-14 PERFLUOROALKYLETHYL ACRYLATE/MERCAPTOPROPYL DIMETHICONE COPOLYMER,,
2187,APRICOT KERNEL OIL PROPYLENE GLYCOL ESTERS,,
2188,TEA-ACRYLATES/ETHYLHEXYL ACRYLATE COPOLYMER,,
2189,SD ALCOHOL 23-A,,
2190,JUNCUS DECIPIENS STEM EXTRACT,,
2191,HEPTAPEPTIDE-36,,
2192,SYNECHOCOCCUS/MANGANESE FERMENT,,
2193,RHUS SUCCEDANEA FRUIT WAX,8001-39-6,
2194,DIMETHYL GLUTARATE,1119-40-0,
2195,PHLOMIS KORAIENSIS ROOT EXTRACT,,
2196,PANTOEA VAGANS/APPLE JUICE/PRUNUS MUME FRUIT FERMENT EXTRACT FILTRATE,,
2197,SCHINUS TEREBINTHIFOLIA SEED EXTRACT,,
2198,PRUNUS ZIPPELIANA BARK/TWIG EXTRACT,,
2199,PANTETHEINE SULFONATE,,
2200,T-BUTYLBENZAMIDO METHYLHYDROXYLBENZAMIDE,,
2201,PHELLINUS LINTEUS/ABALONE FERMENT FILTRATE,,
2202,HYLOCEREUS UNDATUS FRUIT JUICE,,
2203,SAMBUCUS SIEBOLDIANA LEAF/STEM EXTRACT,,
2204,FILIPENDULA GLABERRIMA EXTRACT,,
2205,PLEUROTUS CYSTIDIOSUS FERMENT FILTRATE,,
2206,ETHYL CARBAZIDO HYALURONATE SH-OLIGOPEPTIDE-1 SH-POLYPEPTIDE-94 DIPEPTIDE-35 SH-POLYPEPTIDE-94 SH-POLYPEPTIDE-95,,
2207,CAPSICUM FRUTESCENS FRUIT POWDER,85940-30-3,
2208,VANILLA PLANIFOLIA FRUIT EXTRACT,8024-06-4 / 84650-63-5,
2209,PPG-5 LANOLIN WAX GLYCERIDE,,
2210,TREHALOSE,99-20-7,
2211,1‚2-BUTANEDIOL,584-03-2,
2212,PALMITOYL PENTAPEPTIDE-5,,
2213,SODIUM PALMITATE,408-35-5,
2214,GRIFOLA FRONDOSA /LICORICE ROOT EXTRACT FERMENT FILTRATE,,
2215,GLYCOL OLEATE,4500-01-0,
2216,PUERARIA LOBATA SYMBIOSOME EXTRACT,223748-08-1,
2217,SACCHAROMYCES/CAPSICUM ANNUUM FRUIT FERMENT FILTRATE,,
2218,ANGELICA ACUTILOBA FLOWER EXTRACT,,
2219,SOPHORA JAPONICA CALLUS CULTURE EXTRACT,90131-19-4,
2220,PALMITOYL ALANINE,56255-31-3,
2221,LACTOBACILLUS/DENDROPANAX MORBIFERUS LEAF/STEM EXTRACT FERMENT FILTRATE,,
2222,HYDROGENATED LYSOPHOSPHATIDYLCHOLINE,,
2223,DIPENTAERYTHRITYL TETRABEHENATE/POLYHYDROXYSTEARATE,,
2224,KIWI FRUIT EXTRACT BETA-GLUCAN,,
2225,PEI-2500,9002-98-6,
2226,PROPYLENE GLYCOL MYRISTYL ETHER ACETATE,135326-54-4,
2227,SD ALCOHOL 23-H,,
2228,CINNAMOMUM LOUREIROI BARK EXTRACT,97659-68-2,
2229,METHYL OLEATE/PALMITATE/LINOLEATE/STEARATE,67762-38-3,
2230,CONVOLVULUS ARVENSIS FLOWER/LEAF/STEM EXTRACT,89997-90-0,
2231,TRIMETHOXYBENZYLIDENE PENTANEDIONE,945558-97-4,
2232,BACILLUS/FLAVOBACTERIUM MULTIVORUM/EXTRACT/SODIUM CARBONATE FERMENT FILTRATE,,
2233,SH-PENTAPEPTIDE-1,,
2234,PALMITOYL INULIN,195395-22-3,
2235,CHITOSAN CAPRYLAMIDE HYDROXYPROPYLTRIMONIUM CHLORIDE,,
2236,SEDUM ACRE EXTRACT,90106-69-7,
2237,INOSITOL HEXANIACINATE HEXAASCORBATE,,
2238,ANNONA CHERIMOLA FRUIT EXTRACT,,
2239,SILICA DIMETHYL SILYLATE,68611-44-9,
2240,PEG/PPG-5/20 TOCOPHERYL ETHER,,
2241,TANTALUM ETHOXIDE/ISOPROPOXIDE,,
2242,TRIPHENYL TRIMETHICONE,,
2243,PITHECELLOBIUM TENUE WOOD POWDER,,
2244,ACRYLIC ACID/VP CROSSPOLYMER,527685-31-0,
2245,SCLEROCARYA BIRREA FRUIT EXTRACT,,
2246,COPTIS CHINENSIS RHIZOME/PHELLODENDRON CHINENSE BARK/SCUTELLARIA BAICALENSIS ROOT/GARDENIA JASMINOIDES FRUIT EXTRACT,,
2247,SODIUM BETA-SITOSTERYL SULFATE,,
2248,LAETIPORUS SULPHUREUS MYCELIUM/SALVIA PLEBEIA EXTRACT FERMENT FILTRATE,,
2249,ISOPROPYL TITANIUM TRIISOSTEARATE/TRIETHOXYCAPRYLYLSILANE CROSSPOLYMER,,
2250,POLYBUTYLENE GLYCOL-10,,
2251,ISOPROPYL TITANIUM TRIISOSTEARATE,61417-49-0,
2252,COCOYL PENTAPEPTIDE-12,,
2253,HIBISCUS SABDARIFFA FLOWER WATER,,
2254,HELIANTHUS ANNUUS FLOWER EXTRACT,84776-03-4,
2255,PIPERLONGUMININE,5950-12-9,
2256,OLIGOPEPTIDE-158,,
2257,RICE RH-POLYPEPTIDE-45,,
2258,TRICAPRYLYL CITRATE,,
2259,D-HEPTAPEPTIDE-1,,
2260,VINYL DIMETHICONE,53529-60-5,
2261,LEVAN,9013-95-0,
2262,BUTYLENE GLYCOL BEHENATE,,
2263,VITIS VINIFERA CALLUS EXTRACT,,
2264,ECHINOPS GIGANTEUS ROOT EXTRACT,,
2265,TRIPEPTIDE-49 OLIGOPEPTIDE-91 DIPEPTIDE-19 SH-POLYPEPTIDE-1,,
2266,POLYQUATERNIUM-8,,
2267,CELASTRUS PANICULATUS LEAF/FLOWER/SEED EXTRACT,,
2268,NUPHAR LUTEUM ROOT EXTRACT,90064-33-8,
2269,PHOSPHATIDYLCHOLINE,8002-43-5,
2270,SODIUM METHYLTAURATE,4316-74-9,
2271,METHYLBUTYLPHENYL PENTYLBENZOATE,69777-64-6,
2272,PALMITOYL HEPTAPEPTIDE-27,,
2273,HYDROLYZED TYPHA ANGUSTIFOLIA POLLEN/ROOT EXTRACT,,
2274,BACILLUS/ROYAL JELLY/GREEN TEA/SOYBEAN FERMENT FILTRATE,,
2275,RHODODENDRON ANTHOPOGON LEAF POWDER,,
2276,ROSMARINUS OFFICINALIS LEAF OIL,84604-14-8 / 8000-25-7,
2277,PODOCARPUS NERIIFOLIUS LEAF EXTRACT,,
2278,POLYSILICONE-20,,
2279,VISNAGA VERA FRUIT/STEM EXTRACT,84695-96-5,
2280,ALGAEOYL PHYTOSPHINGOSINE,,
2281,ATTAPULGITE,12174-11-7 / 1337-76-4,
2282,SH-OLIGOPEPTIDE-79,,
2283,CAMELLIA JAPONICA FLOWER POWDER,,
2284,INDIGOFERA TINCTORIA LEAF POWDER,84775-63-3,
2285,GALAXAURA RUGOSA/SARGASSUM PACIFICUM/TURBINARIA ORNATA EXTRACT,,
2286,ACETYL BETA-ALANYL TRIPEPTIDE-50,,
2287,NICOTINOYL DIPEPTIDE-23,,
2288,NYMPHAEA COERULEA FLOWER OIL,,
2289,OCTYLDODECYL NEODECANOATE,,
2290,OLDENLANDIA DIFFUSA ROOT EXTRACT,,
2291,PYRUS CYDONIA FRUIT EXTRACT,90106-03-9,
2292,USNEA BARBATA CALLUS EXTRACT,,
2293,SORBETH-2 HEXACAPRYLATE/CAPRATE,,
2294,PRUNUS MUME FRUIT VINEGAR,,
2295,LANETH-50,61791-20-6,
2296,POLYCYCLOPENTADIENE,68132-00-3 / 25568-84-7,
2297,CLEMATIS CHINENSIS ROOT EXTRACT,,
2298,HYDROLYZED CALF LIGAMENTS/LIVER/SKIN,,
2299,SILICONE QUATERNIUM-21,,
2300,PEG-30 GLYCERYL TRIISOSTEARATE,,
2301,DILINOLEIC ACID,6144-28-1 / 26085-09-6,
2302,FRAXINUS RHYNCHOPHYLLA LEAF EXTRACT,,
2303,CITRUS AURANTIUM SINENSIS FIBER,97766-30-8,
2304,PUMICE EXTRACT,,
2305,SODIUM CHOLESTERYL SULFATE,2864-50-8,
2306,PANICUM MILIACEUM SEED OIL,90082-36-3,
2307,PPG-2 COCAMIDE,,
2308,SODIUM STYRENE/MA COPOLYMER,52500-92-2,
2309,RUBUS FRUTICOSUS/IDAEUS EXTRACT,,
2310,CYMBOPOGON CITRATUS LEAF,89998-14-1,
2311,BOCOA PROUACENSIS EXTRACT,,
2312,SACCHAROMYCES/ACHYRANTHES BIDENTATA ROOT/ANGELICA GIGAS ROOT/ANGELICA PUBESCENS ROOT/ANGELICA TENUISSIMA ROOT/ASARUM SIEBOLDI ROOT/CNIDIUM OFFICINALE ROOT/EUCOMMIA ULMOIDES BARK/LEDEBOURIELLA DIVARICATA ROOT/MAGNOLIA LILIFLORA BUD/PAEONIA SUFFRUTICOSA ROOT FERMENT FILTRATE,,
2313,ANGELICA DAHURICA LEAF EXTRACT,,
2314,SH-TETRAPEPTIDE-38 TRIFLUOROACETATE,,
2315,HONEY/PANAX GINSENG ROOT/PROPOLIS/ROYAL JELLY/SCUTELLARIA BAICALENSIS ROOT EXTRACT,,
2316,CAFFEOYL PENTAPEPTIDE-27,,
2317,COPAIFERA OFFICINALIS RESIN OIL,,
2318,PEG-3 BUTYLENE GLYCOL LAURATE,,
2319,HONEY/(PANAX GINSENG/REHMANNIA GLUTINOSA) ROOT/PORIA COCOS EXTRACT,,
2320,DITRIMETHYLOLPROPANE TETRAISOSTEARATE,,
2321,DISILOXANE,107-46-0,
2322,MELISSA OFFICINALIS FLOWER/LEAF/STEM WATER,84082-61-1,
2323,MECONOPSIS HORRIDULA FLOWER EXTRACT,,
2324,ASPERGILLUS/LACTOBACILLUS/SACCHAROMYCES/RICE BRAN FERMENT EXTRACT FERMENT FILTRATE,,
2325,MYRISTOYL TRIPEPTIDE-1,,
2326,HYLOCEREUS UNDATUS FRUIT EXTRACT,,
2327,PRUNUS PERSICA WOOD EXTRACT,84012-34-0,
2328,PPG-20 METHYL GLUCOSE ETHER ACETATE,,
2329,ASTRAGALUS MEMBRANACEUS SEED EXTRACT,,
2330,ARTHROBACTER/HYALURONIC ACID FERMENT FILTRATE,,
2331,PULSATILLA CHINENSIS ROOT EXTRACT,,
2332,ANGELICA KEISKEI ROOT EXTRACT,,
2333,LACTOBACILLUS/LEAF/PANAX GINSENG SPROUT FERMENT EXTRACT FILTRATE,,
2334,SH-POLYPEPTIDE-64,,
2335,GLYCERIN/PHTHALIC ACID COPOLYMER,,
2336,PAULLINIA CUPANA SEED WATER,,
2337,PALMITOYL HEPTAPEPTIDE-5,,
2338,HEMEROCALLIS FULVA FLOWER EXTRACT,,
2339,CALAMINE,8011-96-9,
2340,PEG-4 TRIMETHYLOLPROPANE TRIACRYLATE,28961-43-5,
2341,PHOENIX CANARIENSIS LEAF EXTRACT,,
2342,ASTROCARYUM VULGARE SEED BUTTER,2187449-53-0,
2343,GLYCERYL DIBEHENATE/HYDROGENATED ROSINATE,,
2344,GNAPHALIUM LEONTOPODIUM FLOWER/LEAF/STEM WATER,223749-06-2,
2345,PPG-10 JOJOBA ACID,,
2346,HYDROXYSTEARIC/LINOLENIC/OLEIC POLYGLYCERIDES,,
2347,MARE MILK LIPIDS,,
2348,THIOMORPHOLINONE,20196-21-8,
2349,PENTAPEPTIDE-47,,
2350,EMBELIA RIBES FRUIT EXTRACT,93165-23-2,
2351,PALM OIL POLYGLYCERYL-4 ESTERS,,
2352,SIDA CORDIFOLIA ROOT EXTRACT,92457-39-1,
2353,GALLOYL SH-NONAPEPTIDE-3,,
2354,SH-OLIGOPEPTIDE-83,,
2355,EUGENIA REINWARDTIANA FRUIT EXTRACT,,
2356,DISODIUM NADH,606-68-8,
2357,ISATIS TINCTORIA ROOT EXTRACT,,
2358,DICTYOPHORA INDUSIATA FRUITING BODY EXTRACT,,
2359,SPERGULARIA RUBRA EXTRACT,84776-02-3,
2360,COMMIPHORA GILEADENSIS OIL,,
2361,TECOMA CURIALIS BARK EXTRACT,,
2362,BIXA ORELLANA PULP EXTRACT,89957-43-7,
2363,THEOBROMINE,83-67-0,
2364,ISOSTEARYL ISOSTEARATE,41669-30-1,
2365,CETYLOXYPROPYL GLYCERYL METHOXYPROPYL MYRISTAMIDE,185740-18-5,
2366,OXIDIZED HAZELNUT SEED OIL,,
2367,CUCURBITA PEPO POWDER,89998-03-8,
2368,MELAMINE/RESORCINOL/ACRYLOYLDIMETHYLTAURATE/PEG-6 METHACRYLATE CROSSPOLYMER,,
2369,HYDROGENATED PASSIFLORA EDULIS SEED OIL,,
2370,PINUS THUNBERGII CONE EXTRACT,,
2371,HYDROGENATED CALOPHYLLUM INOPHYLLUM SEED OIL,,
2372,METHYLENEDIOXYPHENYL PHENYLBUTANEDIONE,,
2373,COPPER ACETYL TYROSINATE METHYLSILANOL,131044-77-4,
2374,ARTEMISIA JAPONICA EXTRACT,,
2375,METHACRYLIC ACID,79-41-4,
2376,ETHYL METHICONE,,
2377,THEOBROMA GRANDIFLORUM SEED BUTTER POLYGLYCERYL-6 ESTERS,,
2378,PALMITOYL SH-PENTAPEPTIDE-4,,
2379,OLIGOPEPTIDE-91 RH-OLIGOPEPTIDE-1,,
2380,CYCLODEXTRIN LAURATE,,
2381,PEG-60 GLYCERYL TRIOLEATE,68958-64-5,
2382,SACCHAROMYCES/PANAX GINSENG SPROUT FERMENT EXTRACT FILTRATE,,
2383,CITROBACTER/SOY PROTEIN FERMENT,,
2384,SODIUM MANNURONATE METHYLSILANOL,23732-95-8,
2385,ALPINIA CALCARATA RHIZOME/ROOT EXTRACT,90132-03-9,
2386,N-CAPROYL TYRAMINE,1184818-23-2,
2387,SORBITOL/SEBACIC ACID COPOLYMER BEHENATE,,
2388,BUPLEURUM FALCATUM ROOT EXTRACT,89958-12-3,
2389,TALC,14807-96-6,
2390,LAUROYL GLUTAMIC ACID,3397-65-7,
2391,ASTERISCUS GRAVEOLENS FLOWER/FRUIT/LEAF/STEM EXTRACT,,
2392,PALMITOYL DIPEPTIDE-10,,
2393,TETRAGONIA TETRAGONOIDES EXTRACT,91723-03-4,
2394,HEPTADECADIENYL FURAN,148675-93-8,
2395,MANGANESE ACETYLMETHIONATE,105883-50-9,
2396,PPG-5 TOCOPHERYL ETHER,,
2397,SOLANUM LYCOPERSICUM MERISTEM CELL,90131-63-8,
2398,CARDIOSPERMUM HALICACABUM SEED EXTRACT,89958-27-0,
2399,HYDROLYZED FORSYTHIA VIRIDISSIMA FRUIT/(CIMICIFUGA DAHURICA/GLYCYRRHIZA GLABRA /PAEONIA LACTIFLORA/PLATYCODON GRANDIFLORUS/PUERARIA LOBATA) ROOT EXTRACT,,
2400,PEG-240/HDI COPOLYMER BIS-DECYLTETRADECETH-20 ETHER,,
2401,GLYCOL DIPALMATE/RAPESEEDATE/SOYATE,,
2402,PERFLUOROHEPTANE,335-57-9,
2403,PEG-40,25322-68-3,
2404,PHYTIN,3615-82-5,
2405,POLYGLYCERYL-6 XIMENIA AMERICANA SEEDATE,,
2406,SH-NONAPEPTIDE-4,,
2407,ZYMOMONAS FERMENT FILTRATE,,
2408,HEPTAPEPTIDE-39,,
2409,PALMITOYL TRIPEPTIDE-52 AMIDE,,
2410,BOSWELLIA SACRA GUM/RESIN EXTRACT,,
2411,MORINDA CITRIFOLIA SEED POWDER,,
2412,IPDI/PEG-15 COCAMINE/GLYCERETH-7/POLYGLYCERYL-3 COPOLYMER,373387-50-9,
2413,CAPRAE FAT,,
2414,ECHIUM LYCOPSIS FRUIT OIL,,
2415,POLYGLYCERYL-20 DOCOSABEHENATE/LAURATE,,
2416,ARACHIS HYPOGAEA SEEDCOAT EXTRACT,8002-03-7,
2417,LAVANDULA STOECHAS FLOWER/STEM EXTRACT,90063-38-0,
2418,POLYGLYCERYL-10 APRICOT KERNELATE,,
2419,SACCHAROMYCES/OLEA EUROPAEA FRUIT OIL/GLYCERIN FERMENT FILTRATE,,
2420,TRICHOLOMA MATSUTAKE POWDER,,
2421,ALLANTOIN POLYGALACTURONIC ACID,29659-38-9,
2422,FRAGARIA ANANASSA CALLUS EXTRACT,1175540-74-5,
2423,LILIUM SPECIOSUM RUBRUM BULB EXTRACT,,
2424,POLYGLYCERIN-10,9041-07-0,
2425,ACACIA ARABICA BARK POWDER,93164-88-6,
2426,DIISOBUTYL SODIUM SULFOSUCCINATE,127-39-9,
2427,PELARGONIUM GRAVEOLENS FLOWER EXTRACT,90082-51-2,
2428,SACCHARINA LATISSIMA EXTRACT,,
2429,BACILLUS FERMENT FILTRATE EXTRACT,,
2430,GYMNEMA SYLVESTRE LEAF POWDER,,
2431,SILKWORM RH-POLYPEPTIDE-47,,
2432,MYRISTYL 3-GLYCERYL ASCORBATE,,
2433,NARDOSTACHYS JATAMANSI RHIZOME/ROOT EXTRACT,90064-28-1,
2434,HYDROXYPROPYLCELLULOSE,9004-64-2,
2435,PROPYLHEPTYL CAPRYLATE,868839-23-0,
2436,HEPTAPEPTIDE-9,,
2437,HEXYLENE GLYCOL/NEOPENTYL GLYCOL/ADIPIC ACID/SMDI/DMPA COPOLYMER,,
2438,CASEARIA SYLVESTRIS LEAF EXTRACT,223748-16-1,
2439,TETRAPEPTIDE-65,,
2440,NEOPENTYL GLYCOL DILAURATE,10525-39-0,
2441,MEDICAGO SATIVA SYMBIOSOME EXTRACT,84082-36-0,
2442,SALIX ALBA BARK POWDER,,
2443,SANTALUM ALBUM,84787-70-2,
2444,GLYCERYL STEARATE DIMER DILINOLEATE COPOLYMER,,
2445,ALBIZIA JULIBRISSIN BARK EXTRACT,,
2446,BUTYLOCTYL OLEATE,134112-37-1,
2447,HEDYCHIUM CORONARIUM FLOWER/LEAF/STEM EXTRACT,94334-08-4,
2448,VANILLA PLANIFOLIA LEAF CELL EXTRACT,8024-06-4 / 84650-63-5,
2449,ACRYLATES/METHOXY PEG-90 METHACRYLATE CROSSPOLYMER,957645-61-3,
2450,DECAPEPTIDE-40,,
2451,BARLEY SH-POLYPEPTIDE-3,,
2452,GLYCERYL DIBEHENATE,94201-62-4,
2453,CUSCUTA AUSTRALIS SEED EXTRACT,,
2454,RAOULIA AUSTRALIS CALLUS EXTRACT,,
2455,RUBUS OCCIDENTALIS SEED OIL,68915-99-1,
2456,HYDROLYZED ASPERGILLUS/RICE FERMENT FILTRATE,,
2457,ETHYLENEDIAMINE/STEARYL DIMER TALLATE COPOLYMER,,
2458,OAK ROOT EXTRACT,,
2459,EMU OIL,158570-96-8,
2460,HYDROLYZED WHEAT PROTEIN/DIMETHICONE PEG-7 PHOSPHATE COPOLYMER,,
2461,FIBRONECTIN,86088-83-7,
2462,RIBES RUBRUM FRUIT WATER,,
2463,SORBETH-2 HEXAISOSTEARATE,,
2464,HEPTAPEPTIDE-28,,
2465,DISODIUM C12-14 SEC-PARETH-12 SULFOSUCCINATE,,
2466,ABIES ALBA LEAF WAX,90028-76-5,
2467,SUCCINOYL ATELOCOLLAGEN,,
2468,SARGASSUM PACIFICUM THALLUS EXTRACT,,
2469,LAURDIMONIUM HYDROXYPROPYL RICE STARCH,,
2470,HYDROLYZED FORSYTHIA VIRIDISSIMA FRUIT/(ACTAEA DAHURICA/GLYCYRRHIZA GLABRA /PAEONIA LACTIFLORA/PLATYCODON GRANDIFLORUS/PUERARIA MONTANA) ROOT EXTRACT,,
2471,PUERARIA LOBATA STEM EXTRACT,,
2472,MENTHA VIRIDIS LEAF OIL,84696-51-5 / 8008-79-5,
2473,BUDDLEJA DAVIDII EXTRACT,94465-67-5,
2474,SODIUM BEHENOYL/COCOYL (ARGININE/GLUTAMIC ACID/ISOLEUCINE/LEUCINE/LYSINE/PHENYLALANINE/PROLINE/THREONINE/VALINE),,
2475,BIS-ACRYLOYL POLOXAMER 407,,
2476,OXIDIZED STARCH HYDROXYPROPYLTRIMONIUM CHLORIDE,,
2477,DIMETHICONE PEG-3 LAURATE,,
2478,CITRUS AURANTIUM DULCIS SEED OIL,8028-48-6 / 84012-28-2,
2479,ILEX GUAYUSA LEAF EXTRACT,,
2480,LACTOBACILLUS/CHESTNUT CUPULE FERMENT EXTRACT FILTRATE,,
2481,SYZYGIUM NERVOSUM FRUIT EXTRACT,,
2482,SYZYGIUM AUSTRALE FRUIT EXTRACT,,
2483,ALTHAEA OFFICINALIS ROOT/ANTHEMIS NOBILIS FLOWER/FOENICULUM VULGARE FRUIT/HOUTTUYNIA CORDATA/LAVANDULA ANGUSTIFOLIA FLOWER/OCIMUM BASILICUM FLOWER/ROSMARINUS OFFICINALIS LEAF EXTRACT,,
2484,PULLULAN,9057-02-7,
2485,METHYL PERFLUOROISOBUTYL ETHER,163702-08-7,
2486,ISOSTEARYL AVOCADATE,90990-06-0,
2487,METHOXY PEG-40,9004-74-4,
2488,OLIGOPEPTIDE-113,,
2489,ACRYLIC ACID/STEARYL METHACRYLATE/DIMETHICONE METHACRYLATE COPOLYMER,,
2490,SESQUI-C12-16 ALKANES,,
2491,LAURYL ISOSTEARATE,93803-85-1,
2492,DECAPEPTIDE-46,,
2493,ACETYLATED LARD GLYCERIDE,68990-55-6,
2494,ANTLER VELVET,,
2495,HYDROLYZED MANGO JUICE EXTRACT,90063-86-8,
2496,MELIA AZADIRACHTA LEAF,90063-92-6,
2497,ALPINIA ZERUMBET SEED WATER,,
2498,BOBGUNNIA MADAGASCARIENSIS WOOD EXTRACT,,
2499,DIRETINYL ETHER,442662-30-8,
2500,MELALEUCA VIRIDIFLORA LEAF OIL,132940-73-9,
2501,PHALAENOPSIS PULCHERRIMA LEAF CELL EXTRACT,,
2502,POLYSIPHONIA BRODIEI EXTRACT,,
2503,ASTRAGALUS MEMBRANACEUS CALLUS EXTRACT,,
2504,ACIDOPHILUS/GRAPE FERMENT FILTRATE,,
2505,CHOLESTERYL DICHLOROBENZOATE,32832-01-2,
2506,GLYCERYL HYDROGENATED ROSINATE,65997-13-9,
2507,SOY STEROL ACETATE,,
2508,OCTYLDODECYL SAFFLOWERATE,,
2509,RHIZOPUS/RICE FERMENT EXTRACT FILTRATE,,
2510,TRIPEPTIDE-56,,
2511,VOLCANIC SOIL EXTRACT,,
2512,SUCROSE BENZOATE/SUCROSE ACETATE ISOBUTYRATE/BUTYL BENZYL PHTHALATE COPOLYMER,,
2513,DISTEARYL PHTHALIC ACID AMIDE,,
2514,CALCIUM BEHENATE,3578-72-1,
2515,IMIDAZOLYLPHENYLETHYL NAPHTHYLSULFONYL ASPARAGINE,1190428-65-9,
2516,PENTAPEPTIDE-51,,
2517,ALANGIUM SALVIIFOLIUM BARK POWDER,,
2518,SESAMUM INDICUM SEED BUTTER,8008-74-0,
2519,CETYL ALCOHOL,36653-82-4,
2520,CREAM,,
2521,RICE FERMENT LEES,,
2522,METHIONYL R-CLOSTRIDIUM BOTULINUM POLYPEPTIDE-1 HEXAPEPTIDE-40,,
2523,ORCHID LEAF/ROOT/STEM EXTRACT,,
2524,PORIA COCOS POWDER,168456-53-9,
2525,POLYQUATERNIUM-61,,
2526,ROSA CENTIFOLIA FLOWER CERA,84604-12-6,
2527,PPG-5 PENTAERYTHRITYL ETHER,,
2528,KIWI SEED OIL/PALM OIL AMINOPROPANEDIOL ESTERS,,
2529,STEWARTIA KOREANA LEAF EXTRACT,,
2530,CYANOTIS ARACHNOIDEA ROOT EXTRACT,,
2531,(CODONOPSIS TANGSHEN/DIOSCOREA JAPONICA) ROOT/ATRACTYLODES JAPONICA RHIZOME/PORIA COCOS/(DOLICHOS LABLAB/COIX LACRYMA-JOBI MA-YUEN/EURYALE FEROX/NELUMBO NUCIFERA) SEED EXTRACT,,
2532,POLYETHYLHEXYL ACRYLATE,,
2533,GALLOYL SH-PENTAPEPTIDE-5,,
2534,BIS-TMP DIMETHICONE,179240-12-1,
2535,OCTYLDODECYL/PPG-3 MYRISTYL ETHER DIMER DILINOLEATE,,
2536,SACCHAROMYCES/CAMELLIA JAPONICA SEED OIL/GLYCERIN FERMENT FILTRATE,,
2537,CASUARINA STRICTA LEAF EXTRACT,,
2538,FRAGARIA ANANASSA FRUIT POWDER,,
2539,CHRYSALIDOCARPUS LUTESCENS LEAF EXTRACT,,
2540,SODIUM COCOYL/STEAROYL (ALANINE/ARGININE/ASPARAGINE/ASPARTIC ACID/GLUTAMIC ACID/GLUTAMINE/GLYCINE/HISTIDINE/ISOLEUCINE/LEUCINE/LYSINE/PHENYLALANINE/PROLINE/SERINE/THREONINE/TYROSINE/VALINE),,
2541,DISODIUM SALICYLPHOSPHATE,,
2542,GALACTOARABINAN,9036-66-2,
2543,ISOPROPYLIDENEDIPHENYL BISOXYHYDROXYPROPYL METHACRYLATE/TMDI COPOLYMER,,
2544,TURQUOISE POWDER,,
2545,C40-60 ALCOHOLS,222400-19-3,
2546,SODIUM CARBOXYMETHYL BETA-GLUCAN,9050-93-5,
2547,PALAU WHITE CLAY,,
2548,C18-28 ALKYL ACETATE,222722-13-6,
2549,CANNABIS SATIVA SEEDCAKE,,
2550,BETULA PENDULA WOOD POWDER,85940-29-0,
2551,LACTOBACILLUS/MILK/MANGANESE/ZINC FERMENT LYSATE,,
2552,BAMBUSA ARUNDINACEA SAP EXTRACT,91771-32-3,
2553,TRIPEPTIDE-44,,
2554,RAFFINOSE OLEATE,96352-58-8,
2555,FAGUS CRENATA BARK,97765-59-8,
2556,AZADIRACHTA INDICA BARK/SEED EXTRACT,84696-25-3,
2557,FRAGARIA CHILOENSIS FRUIT JUICE,95193-64-9,
2558,FOENICULUM VULGARE FRUIT EXTRACT,84625-39-8 / 85085-33-2,
2559,GLUCOHEPTONIC ACID,23351-51-1,
2560,GLYCOL DIPALMATE/PALM KERNELATE/OLIVATE/MACADAMIATE,,
2561,ERIGERON ANNUUS LEAF EXTRACT,,
2562,POLYSIPHONIA LANOSA EXTRACT,,
2563,HEXAPEPTIDE-33,,
2564,SACCHAROMYCES/POTASSIUM FERMENT,,
2565,CHAENOMELES JAPONICA SEED EXTRACT,223749-62-0,
2566,GMELINA ARBOREA ROOT EXTRACT,92201-79-1,
2567,CITRUS TANKAN FRUIT EXTRACT,,
2568,POLYAMINO SUGAR CONDENSATE,120022-92-6,
2569,HIBISCUS ESCULENTUS SEED EXTRACT,91723-07-8,
2570,INULA BRITANNICA FLOWER/LEAF/STEM EXTRACT,,
2571,ASPERULA ODORATA FLOWER/LEAF EXTRACT,90028-83-4,
2572,CHRYSANTHELLUM INDICUM FLOWER WATER,,
2573,SODIUM GLYCERETH-1 POLYPHOSPHATE,,
2574,PINEAPPLE FRUIT EXTRACT BETA-GLUCAN,,
2575,SWERTIA JAPONICA POWDER,94167-11-0,
2576,CASSIA GUM,,
2577,ACETYL ARGININE,210545-23-6,
2578,CITRUS SUDACHI FRUIT EXTRACT,,
2579,RHODOCHROSITE EXTRACT,598-62-9 / 14476-12-1,
2580,HYDROLYZED GLYCYRRHIZINATE,222400-67-1,
2581,MIPA-BORATE,68003-13-4,
2582,OUBAKU EKISU,,
2583,MOLYBDENUM ASPARTATE,,
2584,ROSA CENTIFOLIA FLOWER WAX,,
2585,PLATYCODIN D,58479-68-8,
2586,HUMAN TOOTH PULP STEM CELL CONDITIONED MEDIA,,
2587,SACCHAROMYCES/HYDROLYZED RICE BRAN FERMENT EXTRACT FILTRATE,,
2588,COSMOS SULPHUREUS FLOWER/LEAF/STEM EXTRACT,91722-52-0,
2589,ORYZA SATIVA BRAN/GERM EXTRACT,,
2590,BETULA PLATYPHYLLA JAPONICA LEAF EXTRACT,223748-09-2,
2591,PROPYLENE GLYCOL DICAPRATE,56519-72-3 / 53824-77-4,
2592,SACCHAROMYCES/RICE FERMENT FILTRATE,,
2593,C12-16 ALKOXY HYDROXYPROPYL ETHYL HYDROXYETHYLCELLULOSE,,
2594,DIMETHICONE ETHOXY GLUCOSIDE,,
2595,ARALIA ELATA LEAF EXTRACT,,
2596,SORBUS ALNIFOLIA LEAF/STEM EXTRACT,,
2597,STEARYL HEPTANOATE,66009-41-4,
2598,BACILLUS/SEA CUCUMBER FERMENT EXTRACT FILTRATE,,
2599,BACILLUS/LACTOBACILLUS/RHODOPSEUDOMONAS/SACCHAROMYCES/ROOT/SESAME SEED/LEAF/LAVANDULA ANGUSTIFOLIA FLOWER/GLYCYRRHIZA URALENSIS EXTRACT FERMENT FILTRATE,,
2600,GANODERMA AMBOINENSE EXTRACT,,
2601,DIMETHOXY DI-P-CRESOL,13990-86-8,
2602,CINNAMOMUM JAPONICUM BARK EXTRACT,,
2603,TETRAPEPTIDE-7,,
2604,PCA ETHYL COCOYL ARGINATE,95370-65-3,
2605,PEG/PPG-18/6 DIMETHICONE,,
2606,GLYCERYL/ERYTHORBYL LAURATES,,
2607,PASSIFLORA GARCKEI MERISTEM CELL CULTURE,,
2608,HYDROLYZED WHEAT GERM EXTRACT,,
2609,RH-POLYPEPTIDE-58,,
2610,OLIGOPEPTIDE-154,,
2611,PALM KERNEL GLYCERIDES,,
2612,METHYL GLUCETH-20 BENZOATE,,
2613,NICOTIANA BENTHAMIANA HEXAPEPTIDE-40 SH-POLYPEPTIDE-5,182212-66-4,
2614,POLYSILICONE-22,,
2615,RETINYL ACETATE,127-47-9,
2616,METHYL BEHENATE,929-77-1,
2617,VACCINIUM MICROCARPUM FRUIT JUICE,,
2618,GLYCERYL DIISOSTEARATE,68958-48-5,
2619,POLYPENTENE,9078-70-0,
2620,SD ALCOHOL 38-B,,
2621,CAFFEOYL SH-HEPTAPEPTIDE-13,,
2622,PENTAPEPTIDE-49,,
2623,STREPTOMYCES AVERMITILIS/SOYBEAN EXTRACT FERMENT FILTRATE,,
2624,PHENETHYL DISILOXANE,,
2625,BENTONITE,1302-78-9,
2626,CHITOSAN PCA,117522-93-7,
2627,LACTOBACILLUS/SUGAR CANE/CAMELLIA SINENSIS LEAF FERMENT FILTRATE EXTRACT,,
2628,CITRUS AURANTIUM DULCIS PEEL CERA,8028-48-6,
2629,ISOPROPYL ISOSTEARATE,31478-84-9 / 68171-33-5,
2630,PRUNUS PERSICA KERNEL EXTRACT,84012-34-0,
2631,SORGHUM BICOLOR STALK JUICE,,
2632,GYMNEMA SYLVESTRE STEM EXTRACT,90045-47-9,
2633,SODIUM SILVER THIOCTOYL HYALURONATE,,
2634,COLEUS FORSKOHLII CALLUS EXTRACT,,
2635,PPG-17/IPDI/DMPA COPOLYMER,,
2636,ETHYLHEXYL ADIPATE/PALMITATE/STEARATE,,
2637,DEFATTED HYDRANGEA MACROPHYLLA FLOWER,,
2638,MARRUBIUM VULGARE MERISTEM CELL CULTURE,,
2639,SODIUM STYRENE/ACRYLATES/DIVINYLBENZENE COPOLYMER,,
2640,POLYACRYLAMIDOMETHYL BENZYLIDENE CAMPHOR,113783-61-2,
2641,HYDROXYLATED MILK GLYCERIDES,144635-07-4,
2642,CITRUS UNSHIU FRUIT/SUCROSE FERMENT FILTRATE,,
2643,SPONGE,,
2644,XIMENIA AMERICANA SEED OIL PEG-8 ESTERS,,
2645,LINSEED OIL PEG-8 ESTERS,,
2646,ISOPROPYL PCA,85136-11-4,
2647,ASPERGILLUS/SACCHAROMYCES/RICE FERMENT FILTRATE,,
2648,STAPHYLOCOCCUS EPIDERMIDIS FERMENT FILTRATE,,
2649,ACHYROCLINE SATUREIOIDES FLOWER OIL,92346-81-1,
2650,LIPASE,9001-62-1,
2651,MAACKIA AMURENSIS STEM EXTRACT,,
2652,PEG-10 LANOLIN,61790-81-6,
2653,CLINTONIA BOREALIS ROOT EXTRACT,,
2654,BIFIDOBACTERIUM/LACTOBACILLUS/STREPTOCOCCUS/PANAX NOTOGINSENG RHIZOME/ROOT EXTRACT FERMENT FILTRATE,,
2655,HEPTAPEPTIDE-37,,
2656,PENTYL RHAMNOSIDE,494844-53-0,
2657,FRAGARIA ANANASSA/NILGERRENSIS FRUIT EXTRACT,,
2658,SH-POLYPEPTIDE-56,,
2659,PENTAPEPTIDE-34,,
2660,DIETHYLHEXYL ISOEICOSANEDIOATE,,
2661,CARBOMER,9007-20-9 / 9003-01-4 / 76050-42-5 / 9062-04-8 / 9007-16-3 / 9007-17-4,
2662,TASMANNIA LANCEOLATA FRUIT EXTRACT,,
2663,SYMPHYTUM OFFICINALE ROOT CELL EXTRACT,84696-05-9,
2664,MONASCUS/TURMERIC ROOT/RICE BRAN FERMENT EXTRACT FILTRATE,,
2665,PPG-2-CETETH-20,9087-53-0 / 37311-01-6,
2666,SOLANUM LYCOPERSICUM FRUIT JUICE,90131-63-8,
2667,CIRSIUM FLOWER/LEAF/STEM EXTRACT,,
2668,ETHYL POLYSILICATE,11099-06-2,
2669,PALM OIL PEG-8 ESTERS,,
2670,PENTAERYTHRITOL,115-77-5,
2671,FULVIC ACID,479-66-3,
2672,PERFLUORONONYLETHYL PEG-8 PHENYLISOPROPYL DIMETHCONE,,
2673,SH-OLIGOPEPTIDE-73 AMIDE ACETATE,,
2674,OATAMIDE MEA,,
2675,MANGIFERIN,4773-96-0,
2676,TRICHILIA EMETICA SEED OIL PEG-8 ESTERS,,
2677,LUFFA CYLINDRICA ROOT EXTRACT,,
2678,PANAX GINSENG CALLUS CULTURE CONDITIONED MEDIA,,
2679,ZANTHOXYLUM BUNGEANUM BARK/FRUIT/FLOWER/STALK EXTRACT,,
2680,SOLANUM INDICUM ROOT EXTRACT,,
2681,LABISIA PUMILA LEAF/ROOT EXTRACT,,
2682,HYDROGENATED PEACH KERNEL OIL,,
2683,LACTOBACILLUS/LEUCONOSTOC/ORANGE FRUIT EXTRACT FERMENT FILTRATE,,
2684,HECTORITE,12173-47-6,
2685,DI-C12-13 ALKYL TARTRATE,94095-06-4,
2686,ACINETOBACTER FERMENT,,
2687,LACTOBACILLUS/HYDROLYZED [HONEY/SUGAR CANE/(ARALIA ELATA/EQUISETUM ARVENSE/OENOTHERA TETRAPTERA/GYNOSTEMMA PENTAPHYLLUM/SAMBUCUS NIGRA/ANGELICA FURCIJUGA/CAMELLIA SINENSIS/THEA SINENSIS/SASA VEITCHII/HOUTTUYNIA CORDATA/ERIOBOTRYA JAPONICA/LYCIUM CHINENSE/DIOSPYROS KAKI/ARTEMISIA PRINCEPS) LEAF/GANODERMA LUCIDUM FRUITING BODY/COIX LACRYMA-JOBI MA-YUEN SEED] FERMENT EXTRACT FILTRATE,,
2688,TROPOLONE,533-75-5,
2689,POLYQUATERNIUM-2,63451-27-4,
2690,STEAROXYTRIMETHYLSILANE,18748-98-6,
2691,ACRYLATES/STEARETH-50 ACRYLATE COPOLYMER,,
2692,ACETYL SH-PENTAPEPTIDE-1,,
2693,OLIVE OIL AMINOPROPANEDIOL ESTERS,,
2694,MELIA AZADIRACHTA SEED OIL,8002-65-1 / 90063-92-6,
2695,METHYLENEDIOXYPHENYLSUCCINOYL NONAPEPTIDE-18,,
2696,POLYISOPRENE,9003-31-0,
2697,BIXA ORELLANA SEED OIL,89957-43-7,
2698,GERMINATED PANAX GINSENG SEED EXTRACT,,
2699,GOSSYPIUM HERBACEUM FLOWER WATER,,
2700,HYDROLYZED CHENOPODIUM QUINOA SEED,,
2701,PEG-150/DECYL ALCOHOL/SMDI COPOLYMER,,
2702,MALUS BACCATA CALLUS CULTURE EXTRACT,,
2703,LARIX EUROPAEA WOOD EXTRACT,91722-66-6,
2704,CITRUS TACHIBANA/RETICULATA PEEL POWDER,,
2705,PEG-3 GLYCERYL ISOSTEARATE,,
2706,CETYL PALMITATE,540-10-3,
2707,T-BUTYLBENZAMIDO HYDROXYLBENZAMIDE,,
2708,DISODIUM COCAMIDO MIPA PEG-4 SULFOSUCCINATE,,
2709,PENTAERYTHRITYL TETRAPELARGONATE,14450-05-6,
2710,DAPHNE ODORA CALLUS EXTRACT,,
2711,ECKLONIA KUROME POWDER,,
2712,CHAMAECYPARIS LAWSONIANA WOOD OIL,91745-96-9 / 264201-23-2,
2713,RETINYL DIMETHYLGLYCYLPROLINATE,,
2714,ANIGOZANTHOS FLAVIDUS EXTRACT,223749-17-5,
2715,ERIODICTYON CALIFORNICUM FLOWER/LEAF/STEM EXTRACT,68990-14-7,
2716,TRITICUM VULGARE STARCH,9005-25-8,
2717,DIMETHOXYDIPHENYLSILANE/TRIETHOXYCAPRYLYLSILANE CROSSPOLYMER,,
2718,AMMONIUM VA/CROTONIC ACID COPOLYMER,,
2719,BAMBUSA VULGARIS CALLUS CULTURE CONDITIONED MEDIA EXTRACT,,
2720,CORN OIL PEG-6 ESTERS,61789-25-1,
2721,BACILLUS/SPIRODELA POLYRHIZA EXTRACT/VOLCANIC ASH EXTRACT FERMENT FILTRATE,,
2722,CAPRYLOYL TETRAPEPTIDE-60 NORLEUCYL TYROSYL D-METHIONINE,,
2723,LEONTOPODIUM ALPINUM FLOWER/LEAF EXTRACT,391900-47-3,
2724,HYDROXYPROPYL METHACRYLATE,27813-02-1,
2725,THREITOL,2418-52-2 / 7493-90-5,
2726,NICOTINOYL DIPEPTIDE-26,,
2727,SESQUIETHOXYTRIETHANOLAMINE,,
2728,OLEYL PALMITAMIDE,16260-09-6,
2729,C11-14 ISOPARAFFIN,,
2730,CAFFEINE CARBOXYLIC ACID,652-37-9,
2731,SYMBIODINIUM MICROADRIATICUM FERMENT LYSATE,,
2732,STEARETH-100/PEG-136/HDI COPOLYMER,103777-69-1,
2733,ISODECYL MYRISTATE,51473-24-6 / 17670-91-6,
2734,CARTHAMUS TINCTORIUS FLOWER JUICE,,
2735,MIRABILIS JALAPA FLOWER EXTRACT,91722-88-2,
2736,MONASCUS/CORNUS OFFICINALIS FRUIT/RICE BRAN FERMENT FILTRATE,,
2737,PLANTAGO LANCEOLATA MERISTEM CELL,,
2738,SOIL MINERALS/SYRINGA VULGARIS LEAF CELL CULTURE EXTRACT,,
2739,HYDROLYZED BEESWAX,223705-74-6,
2740,PEG-50 GLYCERYL TRIISOSTEARATE,,
2741,CIRCAEA CORDATA EXTRACT,,
2742,PEG-8 DIMETHICONE/DIMER DILINOLEIC ACID COPOLYMER,,
2743,MALUS DOMESTICA CALLUS EXTRACT,,
2744,ACACIA FARNESIANA STEM BARK EXTRACT,89958-31-6,
2745,3-LAURYL/TRIDECYLGLYCERYL ASCORBATE,,
2746,PALMITOYL HEXAPEPTIDE-14,,
2747,POLYGONUM PUNCTATUM EXTRACT,90083-00-4,
2748,BATYL STEARATE,13232-26-3,
2749,FISH VITREOUS HUMOR EXTRACT,,
2750,CORALLINA OFFICINALIS THALLUS EXTRACT,89997-92-2,
2751,PPG-30 STEARETH-4,9038-43-1,
2752,CITRUS AURANTIUM AMARA FLOWER OIL,68916-04-1 / 72968-50-4,
2753,MOMORDICA COCHINCHINENSIS SEED ARIL OIL,,
2754,LACTOBACILLUS/WINE EXTRACT FERMENT FILTRATE,,
2755,HYDROXYISOLEUCINE,55399-93-4,
2756,POLYDIMETHYLSILOXYETHYL DIMETHICONE/METHICONE COPOLYMER,,
2757,ACETOBACTER/SACCHAROMYCES/APPLE FRUIT EXTRACT/LEMON FRUIT EXTRACT/WINE FERMENT FILTRATE,,
2758,METHYLBUTYLPHENYL HEPTYLBIPHENYLCARBOXYLATE,69777-71-5,
2759,IPOMOEA PURPUREA EXTRACT,,
2760,SH-OLIGOPEPTIDE-73,,
2761,CITRUS UNSHIU FRUIT OIL,98106-71-9,
2762,BAMBUSA VULGARIS FLOWER EXTRACT,,
2763,PVP MONTMORILLONITE,,
2764,PPG-8 SORBITOL CASTOR OIL,,
2765,HEPTAPEPTIDE-37 DIMER,,
2766,ROSA FLORIBUNDA CALLUS EXTRACT,,
2767,ARDISIA JAPONICA BRANCH/LEAF EXTRACT,,
2768,DIETHYL SUCCINATE,123-25-1,
2769,CETRIMONIUM LAURETH-12 SUCCINATE,,
2770,ZINGIBER OFFICINALE ROOT JUICE,84696-15-1,
2771,PLUKENETIA VOLUBILIS SEEDCAKE,,
2772,MAESA JAPONICA EXTRACT,,
2773,PYRUS COMMUNIS SEED EXTRACT,90082-43-2,
2774,METHYLSILANOL HYDROXYPROLINE ASPARTATE,,
2775,RH-POLYPEPTIDE-87,,
2776,LACTOBACILLUS/SACCHAROMYCES/(BLUEBERRY/RASPBERRY/STRAWBERRY/CRANBERRY/EUTERPE OLERACEA) FRUIT/THYME/ROSEMARY/VACCINIUM MYRTILLUS/ROSA CANINA/CYMBOPOGON SCHOENANTHUS/ERIOCEPHALUS PUNCTULATUS FERMENT,,
2777,ALUMINUM HYDROXIDE OXIDE,11139-78-9,
2778,HIBISCUS SYRIACUS BARK EXTRACT,223749-10-8,
2779,SAPONARIA PUMILA CALLUS CULTURE EXTRACT,,
2780,RUBUS LACINIATUS SEED OIL,,
2781,NEPENTHES MIRABILIS PITCHER EXTRACT,,
2782,ARTEMISIA GLACIALIS EXTRACT,89957-61-9,
2783,SHAKUYAKU EKISU,,
2784,ASIATIC ACID,464-92-6,
2785,EUGENIA CUMINI FRUIT EXTRACT,,
2786,CAPE ALOE EKISU,,
2787,SH-POLYPEPTIDE-46,,
2788,FUSIDIUM COCCINEUM FERMENT FILTRATE,,
2789,CITRUS SPHAEROCARPA FRUIT JUICE,,
2790,TAMBOURISSA TRICHOPHYLLA LEAF EXTRACT,342806-97-7,
2791,ACRYLATES/METHOXY PEG-23 METHACRYLATE/PERFLUOROOCTYL ETHYL ACRYLATE COPOLYMER,,
2792,BIS-ETHYLHYDROXYCYCLOHEXYL METHACRYLATE DIMETHICONE/BUTYL ACRYLATE CROSSPOLYMER,,
2793,RUMEX WALLICHII EXTRACT,,
2794,MANGANESE GLYCINATE,14281-77-7,
2795,LESPEDEZA CYRTOBOTRYA EXTRACT,,
2796,ARTEMISIA MONTANA FLOWER OIL,,
2797,SAPONARIA OFFICINALIS ROOT EXTRACT,84775-97-3,
2798,CHRYSANTHEMUM PARTHENIUM EXTRACT,89997-65-9,
2799,PLEUROTUS SAJOR-CAJU FERMENT FILTRATE,,
2800,STEPHANIA TETRANDRA ROOT EXTRACT,223748-82-1,
2801,DOLICHOS BIFLORUS CALLUS EXTRACT,,
2802,TOCOPHERYL DIMETHYLGLYCINATE HCI,,
2803,FORSYTHIA VIRIDISSIMA FRUIT EXTRACT,,
2804,POLYQUATERNIUM-5,26006-22-4,
2805,CANAVALIA GLADIATA SEED EXTRACT,,
2806,PORTULACA MOLOKINIENSIS EXTRACT,2133412-02-7,
2807,DAVILLA RUGOSA LEAF EXTRACT,,
2808,FERRIC TETRACARBOXYPHTHALOCYANINE,,
2809,OXYQUINOLINE SULFATE,134-31-6,
2810,PPG-5 LANOLATE,,
2811,ACER NIKOENSE BARK EXTRACT,,
2812,TRIPEPTIDE-57,,
2813,KLUYVEROMYCES/SACCHAROMYCES/OLIVE LEAF EXTRACT FERMENT,,
2814,ACETYL GLUTAMINE,2490-97-3,
2815,BIFIDA FERMENT FILTRATE,,
2816,QUILLAJA SAPONARIA BARK EXTRACT,68990-67-0,
2817,ACRYLATES/AMINOACRYLATES/C10-30 ALKYL PEG-20 ITACONATE COPOLYMER,,
2818,METHIONYL SH-POLYPEPTIDE-101,,
2819,MALLOTUS PHILIPPENSIS BARK EXTRACT,,
2820,SESQUIOCTYLDODECYL LAUROYL GLUTAMATE,,
2821,CAMELLIA JAPONICA FLOWER WATER,223748-13-8,
2822,PALMITOYL TETRAPEPTIDE-10,,
2823,SH-PENTAPEPTIDE-8,,
2824,OCTACOSANYL GLYCOL ISOSTEARATE,,
2825,RIBES NIGRUM BUD CERA,68606-81-5,
2826,MELALEUCA ALTERNIFOLIA FLOWER/LEAF/STEM EXTRACT,85085-48-9,
2827,PANAX GINSENG MERISTEM CELL CULTURE,,
2828,RUBY EXTRACT,,
2829,PEG-7,25322-68-3,
2830,VACCINIUM VITIS-IDAEA SEED OIL,90131-85-4,
2831,PEG-8 CETYL DIMETHICONE,,
2832,DISODIUM ISOSTEARYL SULFOSUCCINATE,,
2833,MICROCITRUS AUSTRALIS FRUIT EXTRACT,,
2834,POLYACRYLATE-42,,
2835,LEMON EKISU,,
2836,GLYCERYL HEPTANOATE,26402-24-4,
2837,ARGILLA EXTRACT,,
2838,JUNIPERUS COMMUNIS SEED WATER,,
2839,TRIPEPTIDE-7 SH-DECAPEPTIDE-9,,
2840,PIMPINELLA BRACHYCARPA LEAF EXTRACT,,
2841,BACILLUS/POLYGONUM TINCTORIUM LEAF FERMENT EXTRACT FILTRATE,,
2842,BACILLUS/CORCHORUS OLITORIUS LEAF FERMENT FILTRATE,,
2843,SODIUM ALLANTOIN PCA,,
2844,TRICHOSANTHES KIRILOWII FRUIT POWDER,,
2845,FABIANA IMBRICATA OIL,90028-69-6,
2846,PALMITOYL TRIPEPTIDE-4,,
2847,POLYGONATUM MULTIFLORUM RHIZOME/ROOT EXTRACT,93165-64-1,
2848,CAPROYL TYROSINE,,
2849,METHYL DIMETHYLMETHYLENECYCLOHEXANE CARBOXYLATE,81752-87-6,
2850,CARBOXYMETHYL CHITOSAN,83512-85-0,
2851,ZYGOSACCHAROMYCES/APPLE FRUIT/PAPAYA FRUIT/PINEAPPLE FRUIT/ACEROLA FRUIT/AVERRHOA CARAMBOLA FRUIT/MUSA ACUMINATA FRUIT/CARROT ROOT/RADISH ROOT/TOMATO FRUIT/CUCUMBER FRUIT/SPINACH LEAF/PERILLA FRUTESCENS LEAF/ALOE ARBORESCENS LEAF/LAMINARIA DIGITATA FERMENT EXTRACT FILTRATE,,
2852,METHYL AMINOMETHYLCYCLOHEXANE CARBOXAMIDE HCL,,
2853,BIOTINOYL TETRAPEPTIDE-51,,
2854,HYDROLYZED SWIFTLET NEST EXTRACT,,
2855,CREPIDIASTRUM LANCEOLATUM LEAF EXTRACT,,
2856,JOJOBA ESTERS,,
2857,GLYCYRRHIZA INFLATA ROOT EXTRACT,,
2858,DIPOTASSIUM AZELATE,52457-54-2,
2859,SAPINDUS MUKOROSSI FRUIT OIL,,
2860,PANAX NOTOGINSENG ROOT POWDER,94279-78-4,
2861,CITRUS/UNSHIU/AURANTIUM/RETICULATA PEEL OIL,,
2862,ROSA HYBRID FLOWER WATER,93062-88-5,
2863,SH-POLYPEPTIDE-35,,
2864,SYRINGA VULGARIS LEAF CELL EXTRACT,,
2865,POTASSIUM BUTYL ESTER OF PVM/MA COPOLYMER,,
2866,SALICIN,138-52-3,
2867,CRYPTOMERIA JAPONICA BARK FERMENT EXTRACT,,
2868,ARISAEMA AMURENSE EXTRACT,,
2869,POLYACRYLATE CROSSPOLYMER-11,,
2870,TETRADESMUS OBLIQUUS EXTRACT,,
2871,SIMARUBA AMARA EXTRACT,85187-06-0,
2872,PHYSALIS PERUVIANA CALYX EXTRACT,1620202-03-0,
2873,METHYLCELLULOSE,9004-67-5,
2874,BISABOLOL,515-69-5 / 23089-26-1,
2875,SH-POLYPEPTIDE-26,,
2876,BEHENYL PCA,37673-38-4,
2877,PYRIDINEDICARBOXYLIC ACID,100-26-5 / 28605-84-7,
2878,PALMITAMIDE DEA,7545-24-6,
2879,FERROUS GLUCOHEPTONATE,34459-32-0,
2880,MACADAMIA SEED OIL POLYGLYCERYL-6 ESTERS BEHENATE,,
2881,ARISTOTELIA CHILENSIS FRUIT EXTRACT,,
2882,BIFIDA POLYSACCHARIDE,,
2883,PYRUS MALUS CALLUS POWDER,,
2884,CALLIBLEPHARIS JUBATA EXTRACT,,
2885,BOMBYX LIPIDA,226994-42-9,
2886,HYACINTHUS ORIENTALIS EXTRACT,94333-75-2,
2887,OLIGOPEPTIDE-73,,
2888,OLIGOPEPTIDE-45,,
2889,PIPERONYLIC ACID,94-53-1,
2890,HEDERA HELIX LEAF WATER,84082-54-2,
2891,GALLOYL TRIPEPTIDE-47,,
2892,BACILLUS/MONASCUS/ABELMOSCHUS ESCULENTUS SPROUT/RICE BRAN FERMENT FILTRATE,,
2893,DISODIUM C12-14 SEC-PARETH-9 SULFOSUCCINATE,,
2894,VACCINIUM ULIGINOSUM BERRY EXTRACT,85480-50-8,
2895,DODECYLHEXADECYL PALMITATE,94200-66-5,
2896,CITRUS UNSHIU/AURANTIUM PEEL OIL,,
2897,PENTAERYTHRITYL TETRAACRYLATE,1245638-61-2 ; 4986-89-4,
2898,POLYGLYCERYL-3 CAPRATE/CAPRYLATE/SUCCINATE,1798313-25-3,
2899,TULIPA DARWIN FLOWER EXTRACT,,
2900,COPAL,9000-14-0,
2901,ILEX AQUIFOLIUM LEAF POWDER,90045-83-3,
2902,ASPERGILLUS/CAMELLIA SINENSIS LEAF FERMENT EXTRACT FILTRATE,,
2903,PEG-15 BUTANEDIOL,,
2904,SODIUM DERMATAN SULFATE,,
2905,HYDROXYCAPRIC ACID,5393-81-7,
2906,HYDRANGEA SERRATA LEAF EXTRACT,,
2907,ISODECYL ETHYLHEXANOATE,34962-91-9,
2908,MATRICARIA DISCOIDEA FLOWER/LEAF/STEM EXTRACT,,
2909,VACCINIUM ANGUSTIFOLIUM FRUIT EXTRACT,,
2910,ISOPENTYL TRIMETHOXYCINNAMATE TRISILOXANE,,
2911,PHYTOSPHINGOSINE PCA,,
2912,SILANETRIOL LYSINATE,190270-74-7,
2913,VANILLA PLANIFOLIA FLOWER EXTRACT,8024-06-4,
2914,CHOLESTERYL ISOSTEARYL CARBONATE,127512-93-0,
2915,OCTAPEPTIDE-27 AMIDE,,
2916,DISODIUM C12-14 SEC-PARETH-7 SULFOSUCCINATE,,
2917,CANAVALIA GLADIATA POD EXTRACT,,
2918,ANTHYLLIS VULNERARIA EXTRACT,89957-45-9,
2919,RESVERATROL TRIPENTYL ETHER,,
2920,HYDROXYPROPYLTRIMONIUM OXIDIZED POTATO STARCH,221897-48-9,
2921,ASPERGILLUS/LACTOBACILLUS/SACCHAROMYCES/ONION/CELERY/CABBAGE/GINGER/GARLIC/POTATO/BRASSICA OLERACEA ACEPHALA/ALOE BARBADENSIS/LAMINARIA JAPONICA/UNDARIA PINNATIFIDA/IPOMOEA BATATAS/OENANTHE JAVANICA/NELUMBO NUCIFERA/ALLIUM TUBEROSUM/ALLIUM FISTULOSUM/DIOSCOREA BATATAS/ACTINIDIA ARGUTA/COLOCASIA ESCULENTA/ARCTIUM LAPPA/LENTINULA EDODES/ROOT/FRUIT FERMENT FILTRATE EXTRACT,,
2922,TRANSGLUTAMINASE,300711-04-0,
2923,LACTOBACILLUS/CAMELLIA SINENSIS LEAF/CLOVER FLOWER/COCOA FLOWER FERMENT FILTRATE,,
2924,CHICKEN EMBRYONIC FIBROBLAST CONDITIONED MEDIA,,
2925,SETARIA ITALICA SEED EXTRACT,,
2926,PIPER MARGINATUM LEAF EXTRACT,,
2927,METHOXYBENZOYL METHYLSULFONYL OXOPIPERIDINYL PIPERAZINECARBOXAMIDE,1071809-28-3,
2928,CUCUMIS MELO CANTALUPENSIS FRUIT EXTRACT,90063-94-8,
2929,SR-SILKWORM POLYPEPTIDE-2,,
2930,PPG-15 ISOSTEARATE,221354-75-2,
2931,SH-OLIGOPEPTIDE-13,,
2932,SCIADOPITYS VERTICILLATA ROOT EXTRACT,,
2933,PAPAVER SOMNIFERUM SEED OIL,84650-40-8,
2934,BIS-ADAMANTANYL PEG-2300 DICARBOXAMIDE,,
2935,AMYLOSE,9005-82-7,
2936,YOUNGIA SONCHIFOLIA CALLUS CULTURE CONDITIONED MEDIA,,
2937,PHENYL METHICONE,31230-04-3 / 63148-58-3,
2938,TRITICUM VULGARE GERM OIL,68917-73-7 / 84012-44-2,
2939,DISTEARDIMONIUM HECTORITE,97280-96-1,
2940,ENDONUCLEASE V,,
2941,TRIHEPTYLUNDECANOIN,105214-66-2,
2942,SINAPIC ACID,530-59-6,
2943,CRITHMUM MARITIMUM CALLUS CULTURE FILTRATE EXTRACT,,
2944,PHYLLOSTACHYS HETEROCYCLA FERMENT FILTRATE,,
2945,C10-16 PARETH-1,,
2946,LANETH-40,61791-20-6,
2947,DRACAENA CAMBODIANA LEAF EXTRACT,,
2948,GELIDIUM SESQUIPEDALE EXTRACT,,
2949,AZELAMIDE MEA,242132-61-2,
2950,SACCHAROMYCES/XYLINUM/BLACK TEA FERMENT,,
2951,ASPERGILLUS/SACCHAROMYCES/IPOMOEA BATATAS ROOT FERMENT LEES,,
2952,PINUS PINASTER SEEDCAKE POWDER,,
2953,LACTOBACILLUS/DATA FRUIT FERMENT FILTRATE,,
2954,PPG-17 DIOLEATE,26571-49-3,
2955,SPARASSIS CRISPA FERMENT FILTRATE,,
2956,ACETOBACTER/SACCHAROMYCES/RASPBERRY FRUIT EXTRACT/PUNICA GRANATUM FRUIT EXTRACT/WINE FERMENT FILTRATE,,
2957,STEARYLVINYL ETHER/MA COPOLYMER,28214-64-4,
2958,CANANGA ODORATA FLOWER POWDER,83863-30-3,
2959,SESAMIDE DEA,124046-35-1,
2960,RH-POLYPEPTIDE-62,,
2961,STEARETH-60 CETYL ETHER,,
2962,RUBUS CHINGII FRUIT EXTRACT,223748-34-3,
2963,SACCHAROMYCES LYSATE EXTRACT FILTRATE,,
2964,TRISTEARYL CITRATE,7775-50-0,
2965,PAEONIA OFFICINALIS ROOT EXTRACT,84929-40-8,
2966,PALMITOYL SH-TRIPEPTIDE-5 NORISOLEUCYL SH-NONAPEPTIDE-1,,
2967,TROPAEOLUM MAJUS FLOWER EXTRACT,84625-49-0,
2968,RICE FERMENT FILTRATE/PERSICARIA TINCTORIA LEAF FERMENT FILTRATE,,
2969,DECAPEPTIDE-45,,
2970,DISODIUM ISOSTEARYL ASCORBYL PHOSPHATE,,
2971,VACCINIUM VITIS-IDAEA FRUIT WATER,90131-85-4,
2972,LEONURUS SIBIRICUS SEED EXTRACT,,
2973,CHLAMYDOMONAS HEDLEYI EXTRACT,,
2974,CHLORELLA VULGARIS CALLUS CULTURE EXTRACT,,
2975,KLUYVEROMYCES/LACTOBACILLUS/LACTOCOCCUS/LEUCONOSTOC/SACCHAROMYCES/HYDROLYZED WHEAT GLUTEN FERMENT FILTRATE,,
2976,MAACKIASIN,103147-87-1,
2977,GALLYL GLUCOSIDE,,
2978,CITRUS KERAJI FRUIT WATER,,
2979,CISSUS HYPOGLAUCA FRUIT EXTRACT,,
2980,PEG-30 HYDROGENATED CASTOR OIL TRIISOSTEARATE,,
2981,SODIUM THIOOCTOYL/FORMOYL HYALURONATE,,
2982,COLOPHOSPERMUM MOPANE LEAF EXTRACT,,
2983,MYRICITRIN,17912-87-7,
2984,FRITILLARIA USSURIENSIS BULB EXTRACT,,
2985,TETRAPEPTIDE-55,,
2986,CAPRYLIC/CAPRIC/PALMITIC/STEARIC TRIGLYCERIDE,,
2987,ULVA RAMULOSA CALLUS CULTURE EXTRACT,,
2988,CALCIUM SILICATE,1344-95-2,
2989,DIMETHYLAMINOBENZAMIDOPROPYL/METHYL POLYSILSESQUIOXANE,,
2990,PTYCHOPETALUM OLACOIDES BARK/STEM EXTRACT,84929-46-4,
2991,TAZAROTENE,118292-40-3,
2992,SR-SEA RAVEN POLYPEPTIDE-1,,
2993,BLETILLA STRIATA CALLUS EXTRACT,,
2994,GLYCOFUROL,9004-76-6 / 31692-85-0,
2995,ADEPS BOVIS,61789-97-7,
2996,KLUYVEROMYCES/LACTOBACILLUS/CNIDIUM OFFICINALE ROOT OIL FERMENT FILTRATE,,
2997,CHAMOMILLA RECUTITA LEAF EXTRACT,84082-60-0,
2998,ACRYLATES/STEARETH-30 METHACRYLATE COPOLYMER,75760-37-1,
2999,MALLOTUS JAPONICUS SEED OIL,,
3000,ALPHA-GLUCAN,,
3001,RUBUS IDAEUS SACHALINENSIS FRUIT JUICE,,
3002,PPG-3 GLYCERYL ETHER TRIACRYLATE,52408-84-1,
3003,DEXTRAN,9004-54-0,
3004,PEG-40 GLYCERYL TRIOLEATE,68958-64-5,
3005,PAEONIA ALBIFLORA ROOT POWDER,,
3006,HYDRANGEA PANICULATA FLOWER/FRUIT EXTRACT,,
3007,TRIHEXYLDECYL CITRATE,,
3008,HYDROXYTRYPTOPHAN,56-69-9,
3009,MEDICAGO SATIVA SEED POWDER,84082-36-0,
3010,HEMEROCALLIS SEMPERVIRENS LEAF/STEM EXTRACT,,
3011,SYMPHYTUM OFFICINALE RHIZOME/ROOT EXTRACT,84696-05-9,
3012,CUCURBITACIN B,6199-67-3,
3013,IRAKUSA NE EKISU,,
3014,TETRAMETHYL HEXAPHENYL TETRASILOXANE,38421-40-8,
3015,DIETHYLHEXYL FUMARATE,141-02-6 / 128111-61-5,
3016,TRIDECYL ALCOHOL,112-70-9,
3017,SYNTHETIC THYMUS HYDROLYSATE,,
3018,TALLAMIDE DEA,68155-20-4,
3019,LACTOBACILLUS/EVENING PRIMROSE SEED FERMENT FILTRATE,,
3020,SODIUM POLYACRYLOYLDIMETHYL TAURATE,,
3021,CAMPHOR BENZALKONIUM METHOSULFATE,52793-97-2,
3022,POLYETHYLENE,9002-88-4,
3023,LEUCANTHEMUM VULGARE CALLUS POWDER,,
3024,EVENING PRIMROSE OIL DECYL ESTERS,,
3025,ACHILLEA MILLEFOLIUM FLOWER/ALTHAEA OFFICINALIS ROOT/CHAMOMILLA RECUTITA FLOWER/HYPERICUM PERFORATUM FLOWER/SALVIA OFFICINALIS LEAF/TUSSILAGO FARFARA LEAF EXTRACT,,
3026,OLIVE OIL PEG/PPG-3/1 ESTERS,,
3027,MYRISTOYL TETRAPEPTIDE-12,,
3028,POLYGLYCERYL-10 HEPTAHYDROXYSTEARATE,,
3029,VIGNA ACONITIFOLIA SEED EXTRACT,,
3030,RENEALMIA GUIANENSIS LEAF EXTRACT,,
3031,SH-POLYPEPTIDE-18,,
3032,AKEBIA QUINATA FLOWER EXTRACT,,
3033,POLYGLYCERYL-6 OCTACAPRYLATE,,
3034,UNDECETH-8,,
3035,BIS-PABA PORPHYRA 334,,
3036,NOPALEA COCHENILLIFERA FRUIT EXTRACT,,
3037,TETRABAENA SOCIALIS EXTRACT,,
3038,POLYGONATUM OFFICINALE RHIZOME/ROOT EXTRACT,90082-98-7,
3039,HYDROGENATED POLY(C6-14 OLEFIN),,
3040,MENTHA ARVENSIS LEAF/STEM OIL,90063-97-1,
3041,CANDELILLA CERA HYDROCARBONS,,
3042,ROSA RUGOSA BUD POWDER,92347-25-6,
3043,THERMUS THERMOPHILLUS FERMENT,,
3044,ZIZANIA LATIFOLIA STEM EXTRACT,,
3045,BUTYL OLEATE,142-77-8,
3046,CYTISUS SCOPARIUS FLOWER WAX,,
3047,TAIWANOFUNGUS CAMPHORATUS FERMENT EXTRACT,,
3048,VACCINIUM MYRTILLUS FRUIT WATER,84082-34-8,
3049,GLYCERYL ETHYLHEXANOATE/STEARATE/ADIPATE,,
3050,ARTEMISIA MONTANA LEAF EXTRACT,,
3051,ZANTHOXYLUM COREANUM BRANCH/LEAF EXTRACT,102242-62-6,
3052,SODIUM RIBOFLAVIN PHOSPHATE,130-40-5,
3053,BOSWELLIA SERRATA LEAF CELL EXTRACT,97952-72-2,
3054,RICINOLEIC ACID/ADIPIC ACID/AEEA COPOLYMER,221278-30-4,
3055,CYAMOPSIS TETRAGONOLOBA SYMBIOSOME EXTRACT,9000-30-0,
3056,SAPINDUS MUKOROSSI FRUIT FERMENT EXTRACT,,
3057,SANTALUM SPICATUM SHELL POWDER,,
3058,ARTEMISIA DRACUNCULUS SEED/ANTHEMIS NOBILIS SEED/HYPERICUM ANDROSAEMUM SEED EXTRACT,,
3059,FICUS MICROCARPA LEAF EXTRACT,,
3060,ALOE BARBADENSIS SPROUT,,
3061,PEG-9 POLYDIMETHYLSILOXYETHYL DIMETHICONE,,
3062,LACTOBACILLUS/SACCHAROMYCES SILKWORM EXTRACT FERMENT FILTRATE,,
3063,ARGAN OIL AMINOPROPANEDIOL ESTERS,,
3064,CERCIS CHINENSIS FLOWER/LEAF/STEM EXTRACT,,
3065,DIOCTYLDODECYL STEAROYL DIMER DILINOLEATE,,
3066,C12-15 PARETH-3 BENZOATE,,
3067,ORANGE ROUGHY OIL,,
3068,PEG-5 TRISTEARYL CITRATE,,
3069,HYDROLYZED ROYAL JELLY PROTEIN,,
3070,DIMETHICONE PEG/PPG-20/23 BENZOATE,,
3071,GALACTOSYL SALICYLATE,1261353-24-5,
3072,SORBUS COMMIXTA BRANCH EXTRACT,,
3073,DIMETHICONOL BORAGEATE,226994-45-2,
3074,BRASSICA NAPUS FLOWER EXTRACT,,
3075,SACCHAROMYCES/CHROMIUM FERMENT EXTRACT FILTRATE,,
3076,THALASSIOSIRA PSEUDONANA EXTRACT,,
3077,SUCROSE POLYPALMATE,,
3078,METROSIDEROS EXCELSA BARK/LEAF EXTRACT,,
3079,AMMOPHILA ARENARIA ROOT EXTRACT,,
3080,SACCHAROMYCES/RICE FERMENT LIPIDS,,
3081,VITEX NEGUNDO LEAF CELL EXTRACT,92347-33-6,
3082,QUATERNIUM-18 HECTORITE,71011-27-3,
3083,HYDROLYZED SAFFLOWER FLOWER EXTRACT,,
3084,PENTAPEPTIDE-61,,
3085,COCOYL TETRAPEPTIDE-4,,
3086,COPTIS CHINENSIS ROOT/STALK POWDER,,
3087,HEPTAPEPTIDE-17,,
3088,MALTODEXTRIN/VP COPOLYMER,1323833-56-2,
3089,LIRIODENDRON TULIPIFERA LEAF WAX,91722-42-8,
3090,METHACRYLIC ACID/PEG-6 METHACRYLATE/PEG-6 DIMETHACRYLATE CROSSPOLYMER.,,
3091,FAGUS SYLVATICA BARK EXTRACT,85251-65-6,
3092,ETHYLENE/SODIUM ACRYLATE COPOLYMER,25750-82-7 / 25749-98-8,
3093,PITTOSPORUM TOBIRA BRANCH/LEAF EXTRACT,,
3094,ORYZA SATIVA GERM EXTRACT,90106-37-9,
3095,GELLAN GUM,71010-52-1,
3096,PEG-6 GLYCERYL TRISTEARATE,41080-66-4,
3097,ABIETIC ACID,514-10-3,
3098,NUPHAR JAPONICUM ROOT EXTRACT,,
3099,SANGUISORBA MINOR EXTRACT,,
3100,SODIUM SOYATE,61790-25-8,
3101,POLYGONATUM ODORATUM ROOT EXTRACT,,
3102,PANAX GINSENG LEAF/STEM POWDER,,
3103,3-BUTYLGLYCERYL ASCORBATE,,
3104,ARTEMISIA FUKUDO EXTRACT,,
3105,RUBY POWDER,12174-49-1,
3106,PALMITOYL CARNITINE,1935-18-8 / 2364-67-2,
3107,LACTIS FAEX,68876-77-7,
3108,SODIUM MYRISTOYL METHYL BETA-ALANINE,,
3109,ROBINIA PSEUDOACACIA FLOWER/LEAF/STEM EXTRACT,89957-93-7,
3110,PRIMULA DENTICULATA LEAF EXTRACT,92129-21-0,
3111,EICOSATRIENOIC ACID,1783-84-2,
3112,CHAMOMILLA RECUTITA/ROSMARINUS OFFICINALIS/SALVIA OFFICINALIS/THYMUS VULGARIS EXTRACT,,
3113,SH-OLIGOPEPTIDE-75 SH-OLIGOPEPTIDE-1,,
3114,ANTHYLLIS VULNERARIA FLOWER EXTRACT,89957-45-9,
3115,SPONDIAS PURPUREA FRUIT EXTRACT,,
3116,LACTOSE,63-42-3,
3117,TRANSGENIC SILKWORM RH-OLIGOPEPTIDE-2,,
3118,METHIONYL HEXAPEPTIDE-40 SH-DECAPEPTIDE-1 TRIPEPTIDE-44 RH-POLYPEPTIDE-60,,
3119,RHODODENDRON FERRUGINEUM FLOWER EXTRACT,90106-21-1,
3120,SH-PENTAPEPTIDE-7,,
3121,MIMOSA PUDICA CALLUS,,
3122,ETHYL LACTYL RETINOATE,74534-80-8,
3123,ACETYL CARNITINE,14992-62-2,
3124,POLYGONUM MULTIFLORUM CALLUS EXTRACT,,
3125,SAPINDUS EMARGINATUS FRUIT EXTRACT,,
3126,ROSA FLORIBUNDA FLOWER EXTRACT,,
3127,DILAURYL MALEATE/C20 OLEFIN COPOLYMER,,
3128,ISODECYL ISONONANOATE,59231-35-5 / 41395-89-5,
3129,RH-POLYPEPTIDE-47,,
3130,C26-54 ALKYL TETRADECYL DIMETHICONE,,
3131,DISTYLIUM RACEMOSUM BRANCH/LEAF EXTRACT,,
3132,PHELLINUS LINTEUS/RICE FERMENT EXTRACT,,
3133,DEOXYRIBONUCLEASE,9003-98-9,
3134,DIMETHOXYTOLYL PROPYLRESORCINOL,869743-37-3,
3135,CROCUS SATIVUS LEAF CELL CULTURE EXTRACT,84604-17-1,
3136,ROSMARINUS OFFICINALIS LEAF/STEM OIL,84604-14-8,
3137,DENDROBIUM NOBILE STEM EXTRACT,,
3138,COMMIPHORA GILEADENSIS BUD EXTRACT,,
3139,PRUNUS AVIUM FLOWER WATER,85566-22-9,
3140,SH-POLYPEPTIDE-86,,
3141,CHITOSAN SUCCINAMIDE,,
3142,MYRISTOYL PENTAPEPTIDE-4,,
3143,TRISEBACIN,,
3144,HALOCIDIN SUBUNIT A AMIDE/HALOCIDIN SUBUNIT B AMIDE,,
3145,GENTIANELLA AMARELLA FLOWER EXTRACT,,
3146,LARIX LEPTOLEPIS BARK EXTRACT,,
3147,ACANTHOPANAX SENTICOSUS ROOT EXTRACT,84696-12-8,
3148,BARLERIA PRIONITIS POWDER,,
3149,COPPER PYRIDOXAL 5-PHOSPHATE,,
3150,PISUM SATIVUM PHYTOPLACENTA EXTRACT,,
3151,ALLIUM CEPA SKIN EXTRACT,,
3152,ROSA HYBRID FLOWER EXTRACT,93062-88-5,
3153,SOLANUM DULCAMARA STEM EXTRACT,84696-50-4,
3154,ROSA DAVURICA BUD EXTRACT,,
3155,VICTORIA AMAZONICA EXTRACT,,
3156,ANANAS ERECTIFOLIUS LEAF JUICE,,
3157,ERYTHRINA VARIEGATA FLOWER EXTRACT,,
3158,PROTEA REPENS FLOWER NECTAR,,
3159,HYDROGENATED CRANBERRY SEED OIL,,
3160,EUTERPE OLERACEA PALM HEART EXTRACT,,
3161,MAGNOLIA SIEBOLDII ROOT EXTRACT,,
3162,DIMETHYLACRYLAMIDE/ETHYLTRIMONIUM CHLORIDE METHACRYLATE COPOLYMER,,
3163,NARDOSTACHYS JATAMANSI ROOT OIL,90064-28-1,
3164,THEOBROMA CACAO LEAF CELL EXTRACT,84649-99-0,
3165,ORIGANUM VULGARE FLOWER/LEAF/STEM EXTRACT,84012-24-8,
3166,SARGACHROMANOL C,,
3167,POLYGLYCERYL-35 LAURYL ETHER,,
3168,LAURUS NOBILIS FRUIT OIL,8007-48-5,
3169,LACTOBACILLUS/LEUCONOSTOC/POLYSORBATE 80/SCHISANDRA CHINENSIS FRUIT EXTRACT FERMENT LYSATE FILTRATE,,
3170,OLIVINE EXTRACT,,
3171,PHALAENOPSIS APHRODITE CALLUS EXTRACT,,
3172,TILIROSIDE,20316-62-5,
3173,ADIPIC ACID/DILINOLEIC ACID/HEXYLENE GLYCOL COPOLYMER,,
3174,BENZYLIDENE CAMPHOR SULFONIC ACID,56039-58-8,
3175,TRIETHYLENE GLYCOL ROSINATE,,
3176,COCO-CAPRYLATE,,
3177,RH-POLYPEPTIDE-88,,
3178,CASTOR ISOSTEARATE SUCCINATE,,
3179,SUCROSE,57-50-1,
3180,PRUNELLA VULGARIS LEAF EXTRACT,90105-92-3,
3181,BIS(TRIOCTYLDODECYL CITRYL) DILINOLEATE,220716-32-5,
3182,C14-18 GLYCOL,223239-96-1,
3183,HYDROLYZED GAULTHERIA FRAGRANTISSIMA/PROCUMBENS/PUNCTATA EXTRACT,,
3184,ALGINIC ACID,9005-32-7,
3185,ARTEMISIA MONGOLIA LEAF EXTRACT,,
3186,POLYACRYLATE-40,172201-25-1,
3187,PEG-6 ALMOND GLYCERIDES,226993-90-4,
3188,PHYLLOSTACHYS NIGRA JUICE,,
3189,ARTEMISIA CAPILLARIS FLOWER EXTRACT,223747-93-1,
3190,TILIA PLATYPHYLLOS EXTRACT,91770-16-0,
3191,DECURSINOL,23458-02-8,
3192,GLYCINE SOJA SEEDCAKE EXTRACT,84776-91-0,
3193,ACANTHOSICYOS HORRIDUS SEED OIL,,
3194,10-HYDROXYDECENOIC ACID,765-01-5,
3195,HEPTYL UNDECYLENATE,68141-27-5,
3196,TETRAPEPTIDE-48,,
3197,ALPINIA OFFICINARUM ROOT WATER,90320-42-6,
3198,ETHYLHEXYL ETHYLHEXANOATE,7425-14-1,
3199,POLYACRYLATE-38,,
3200,DIHYDROQUERCETIN DITHIOLANEPENTYL ETHER,,
3201,MYRISTOYL SUCCINOYL ATELOCOLLAGEN,,
3202,R-(SH-POLYPEPTIDE-2 DECAPEPTIDE-40),,
3203,ALPINIA FORMOSANA SEED POWDER,,
3204,ACETYL OCTAPEPTIDE-3,,
3205,ANGELICA TENUISSIMA ROOT EXTRACT,,
3206,LEDEBOURIELLA DIVARICATA ROOT EXTRACT,,
3207,C12-14 SEC-PARETH-9,84133-50-6,
3208,SH-NONAPEPTIDE-5,,
3209,CARBOXYMETHYL LEVAN,,
3210,CARPOBROTUS EDULIS WATER,,
3211,CURCUMA ZEDOARIA ROOT WATER,84961-49-9,
3212,ASPERGILLUS/SACCHAROMYCES/BARLEY LEES FERMENT FILTRATE,,
3213,HUMAN FIBROBLAST INDUCED PLURIPOTENT CELL EXTRACT,,
3214,CAFFEOYL SH-DECAPEPTIDE-9,,
3215,SARCOCAPNOS CRASSIFOLIA CALLUS LYSATE,,
3216,RANSOU EKISU,,
3217,MYRISTOYL OCTAPEPTIDE-1,,
3218,DIMETHICONE PROPYLETHYLENEDIAMINE BEHENATE,132207-30-8,
3219,RHEUM RHABARBARUM STALK JUICE,97435-16-0,
3220,UNDECYLENOYL INULIN,224580-84-1,
3221,TETRAMETHYL TETRAPHENYL TRISILOXANE,3982-82-9,
3222,CORNUS STOLONIFERA LEAF/STEM EXTRACT,,
3223,HEPTAPEPTIDE-39 DIMER,,
3224,COD LIVER/MINK/TALLOW TRIGLYCERIDE,,
3225,ADIPIC ACID/PPG-10 COPOLYMER,,
3226,PAULLINIA CUPANA SEED POWDER,84929-28-2,
3227,MYRISTOYL TETRAPEPTIDE-41,,
3228,CONVALLARIA MAJALIS BULB/ROOT EXTRACT,84082-46-2,
3229,HYDROLYZED CORN STARCH OCTENYLSUCCINATE,,
3230,GLYCERETH-8 HYDROXYSTEARATE,,
3231,LAVANDULA HYBRIDA EXTRACT,91722-69-9,
3232,ASPERGILLUS/SACCHAROMYCES/APPLE FRUIT/MELON FRUIT/BANANA FRUIT/GRAPE/SUCROSE FERMENT FILTRATE,,
3233,CITRUS AUSTRALASICA FRUIT EXTRACT,1174331-57-7,
3234,DIMETHYL PHTHALATE,131-11-3,
3235,POLYDIPENTENE,9003-73-0,
3236,TRITICUM MONOCOCCUM SEED EXTRACT,,
3237,C4-18 ALKYL METHACRYLATE/METHACRYLOYLOXYETHYL PHOSPHORYLCHOLINE COPOLYMER,,
3238,HESPERETIN,520-33-2,
3239,BIS-PEG/PPG-20/5 PEG/PPG-20/5 DIMETHICONE,,
3240,POLYPODIUM DECUMANUM EXTRACT,,
3241,ACRYLIC ACID/PHOSPHORYLCHOLINE GLYCOL ACRYLATE CROSSPOLYMER,,
3242,SR-MOUSE POLYPEPTIDE-1,,
3243,GENTIANA PROSTRATA EXTRACT,97676-22-7,
3244,HYDROXYPROPYL DIMETHICONYLPROPYL ACRYLATES COPOLYMER,,
3245,PANAX GINSENG ROOT/LIRIOPE MUSCARI EXTRACT,,
3246,LACTOBACILLUS/LEUCONOSTOC/ARTEMISIA ANNUA EXTRACT/POLYSORBATE 80 FERMENT LYSATE FILTRATE,,
3247,SALVIA SCLAREA FLOWER/LEAF/STEM CERA,84775-83-7,
3248,PAULLINIA CUPANA FRUIT EXTRACT,84929-28-2,
3249,SILENE ARMERIA/COLORATA/UNIFLORA/VELUTINA/VULGARIS EXTRACT,,
3250,EARTHWORM CONDITIONED SOIL,,
3251,PALMITOYL TRIPEPTIDE-5 AMIDOPROPYL ASCORBYL PHOSPHATE HCL,,
3252,PHYLLOSTACHYS RETICULATA EXTRACT,,
3253,ASPERGILLUS/LACTOBACILLUS/LEUCONOSTOC/PEDIOCOCCUS/SACCHAROMYCES/ZYGOSACCHAROMYCES/CITRUS UNSHIU FRUIT/CITRUS JAPONICA FRUIT/CITRUS JUNOS FRUIT/APPLE FRUIT/BANANA FRUIT/PAPAYA FRUIT/PYRUS PYRIFOLIA FRUIT/DIOSPYROS KAKI FRUIT/WATERMELON FRUIT/PEACH FRUIT/PRUNUS MUME FRUIT/FIG FRUIT/CHAENOMELES SINENSIS FRUIT/ERIOBOTRYA JAPONICA FRUIT/APRICOT FRUIT/ZIZYPHUS JUJUBA FRUIT/CUCURBITA MAXIMA FRUIT/CASTANEA CRENATA FRUIT/VITIS COIGNETIAE FRUIT/LYCIUM CHINENSE FRUIT/RASPBERRY FRUIT/MOMORDICA GROSVENORII FRUIT/SOYBEAN SEED/PHASEOLUS ANGULARIS SEED/CANAVALIA ENSIFORMIS SEED/RICE SEED/HORDEUM VULGARE SEED/COIX LACRYMA-JOBI MA-YUEN SEED/ ECHINOCHLOA CRUS-GALLI SEED/SETARIA ITALICA SEED/MILLET SEED/HEMEROCALLIS FULVA FLOWER/CABBAGE LEAF/STEM/MORUS BOMBYCIS LEAF/PERILLA FRUTESCENS LEAF/IPOMOEA BATATAS ROOT/COLOCASIA ANTIQUORUM TUBER/DIOSCOREA BATATAS RHIZOME/IRIDEA LAMINARIOIDES/LAMINARIA JAPONICA/NEMACYSTUS DECIPIENS/UNDARIA PINNATIFIDA/RADISH ROOT/TURNIP ROOT/CARROT ROOT/ARCTIUM LAPPA ROOT/NELUMBO NUCIFERA RHIZOME/ONION BULB/LILIUM AURATUM BULB/LICORICE ROOT/SAGITTARIA TRIFOLIA ROOT/SESAME SEED/GINKGO BILOBA SEED/JUGLANS SUBCORDIFORMIS FRUIT/PANAX GINSENG SEED/ACTINIDIA POLYGAMA FRUIT/HYDNUM ERINACEUM FRUITING BODY/GRIFOLA FRONDOSA FRUITING BODY/LENTINUS EDODES FRUITING BODY/ARTEMISIA PRINCEPS/HOUTTUYNIA CORDATA/VITIS LABRUSCA FRUIT/HELIANTHUS TUBEROSUS TUBER FERMENT EXTRACT,,
3254,NELUMBO NUCIFERA SEED OIL,85085-51-4,
3255,PYRUS SORBUS BUD EXTRACT,90131-20-7,
3256,TETRADECYLOCTADECANOL,32582-32-4,
3257,PPG-6 CASTORATE,,
3258,DISODIUM ISODECYL SULFOSUCCINATE,37294-49-8 / 55184-70-8,
3259,PEG/PPG-70/30 TOCOPHERYL ETHER,,
3260,DIISONONYL ISOEICOSANEDIOATE,1917308-68-9,
3261,HIBISCUS MILITARIS FLOWER EXTRACT,,
3262,PETASITES JAPONICUS LEAF/STEM EXTRACT,91845-41-9,
3263,RHAPHIOLEPIS UMBELLATA BARK EXTRACT,,
3264,SILICA CETYL SILYLATE,199876-45-4,
3265,DIMETHYLAMINOETHANOL TARTRATE,29870-28-8; 5988-51-2,
3266,LAURDIMONIUMHYDROXYPROPYL DECYLGLUCOSIDES CHLORIDE,,
3267,LACTOBACILLUS/WATER HYACINTH FERMENT,,
3268,MONASCUS/ARGANIA SPINOSA SEEDCAKE FERMENT OIL,,
3269,CHOLESTERYL SUCCINATE,1510-21-0,
3270,BIS-COUMARAMIDO PROPANE,,
3271,ETHYL PHENYLALANINAMIDO POLYGAMMA-GLUTAMIC ACID,,
3272,POLYGONUM FILIFORME FLOWER/LEAF/STEM EXTRACT,,
3273,EUCHEUMA SERRA/GRATELOUPIA SPARSA/SACCHARINA ANGUSTATA/ULVA LINZA/UNDARIA PINNATIFIDA EXTRACT,,
3274,PPG-50 OLEYL ETHER,52581-71-2,
3275,DIISOOCTYL SEBACATE,10340-41-7,
3276,DIETHYLENE GLYCOL/PROPYLENE GLYCOL/DIPROPYLENE GLYCOL DIBENZOATE,,
3277,SYAGRUS CORONATA SEED OIL,,
3278,ACHILLEA MILLEFOLIUM FLOWER/CHAMOMILLA RECUTITA FLOWER/FOENICULUM VULGARE FRUIT/HUMULUS LUPULUS FLOWER/MELISSA OFFICINALIS LEAF/VISCUM ALBUM FRUIT EXTRACT,,
3279,POLYQUATERNIUM-89,1015445-89-2,
3280,BRASSICA CAMPESTRIS SPROUT EXTRACT,90989-79-0,
3281,CAPRYLYL CAPRYLATE/CAPRATE,,
3282,HYDROLYZED LYCOPERSICON ESCULENTUM FRUIT EXTRACT,,
3283,RIBES NIGRUM FRUIT WATER,,
3284,CHAMOMILLA VULGARIS FLOWER,,
3285,PEG-30 HYDROGENATED CASTOR OIL ISOSTEARATE,,
3286,HYDROLYZED SOY STARCH,68412-29-3,
3287,SANGUINARIA CANADENSIS RHIZOME/ROOT EXTRACT,84929-48-6,
3288,HYDROXYETHYL/METHOXYETHYL ACRYLATE COPOLYMER,,
3289,TSUGA CANADENSIS OIL,,
3290,C12-14 SEC-PARETH-30,84133-50-6,
3291,ERAGROSTIS TEF SEED EXTRACT,,
3292,DIOCTYLDECYL IPDI,185529-25-3,
3293,PALMITOYL HYDROLYZED COLLAGEN,,
3294,POTASSIUM NAPHTHYL METHYLHYDROXYDIOXOBENZOTHIAZINOLATE METHANONE,1242052-14-7,
3295,LACTOBACILLUS/SACCHAROMYCES/PANAX GINSENG ROOT FERMENT EXTRACT,,
3296,LACTOBACILLUS/DENDROPANAX MORBIFERUS SAP FERMENT FILTRATE,,
3297,PETASITES JAPONICUS ROOT EXTRACT,91845-41-9,
3298,LACTOBACILLUS/PHASEOLUS RADIATUS SEED FERMENT FILTRATE,,
3299,FUSANUS SPICATUS KERNEL OIL,1542150-96-8,
3300,GLYCOLIDE,502-97-6,
3301,NIACINAMIDE ASCORBATE,1987-71-9,
3302,TIN OXIDE,18282-10-5,
3303,MYRISTOYL HEXAPEPTIDE-23,,
3304,YUCCA BREVIFOLIA ROOT EXTRACT,91722-59-7,
3305,BUTYL MYRISTATE,110-36-1,
3306,IRIS VERSICOLOR EXTRACT,90045-93-5,
3307,CEROTYL DIMETHICONE,,
3308,HEDYSARUM ALHAGI LEAF/STEM EXTRACT,,
3309,METHOXY PEG-16,9004-74-4,
3310,ETHYL TRISILOXANE,17861-60-8,
3311,LAETIPORUS SULPHUREUS MYCELIUM EXTRACT,,
3312,CYPERUS ARTICULATUS ROOT,,
3313,BOTRYCHIUM VIRGINIANUM EXTRACT,,
3314,PEG-5 HYDROGENATED CASTOR OIL TRIISOSTEARATE,,
3315,DIPOTASSIUM BRYONOLYL SUCCINATE,,
3316,PALM KERNELAMIDE DEA,73807-15-5,
3317,ACETYL HEXAPEPTIDE-24 AMIDE,616204-22-9,
3318,RH-POLYPEPTIDE-69,,
3319,HEMOGLOBIN,9008-02-0,
3320,PHYTOSTERYL/BEHENYL/OCTYLDODECYL LAUROYL GLUTAMATE,,
3321,MYRISTYL ALCOHOL,112-72-1,
3322,PANAX GINSENG ROOT/PORIA COCOS/OPHIOPOGON JAPONICUS ROOT/CORNUS OFFICINALIS FRUIT/REHMANNIA CHINENSIS ROOT/DIOSCOREA BATATAS ROOT/GLYCYRRHIZA GLABRA ROOT EXTRACT,,
3323,HYDNOCARPUS ANTHELMINTHICUS SEED EXTRACT,,
3324,C20-30 GLYCOL ISOSTEARATE,251320-13-5,
3325,MYRISTYL TRISILOXANE,286938-65-6,
3326,C12-15 ALKYL BENZOATE,68411-27-8,
3327,SODIUM LANETH SULFATE,68919-23-3,
3328,(LINDERA STRYCHNIFOLIA/PAEONIA ALBIFLORA) ROOT/COMMIPHORA MYRRHA RESIN/SWERTIA JAPONICA/UNCARIA GAMBIR EXTRACT,,
3329,ACETYLATED CETYL HYDROXYPROLINATE,221378-54-7,
3330,SODIUM FERULATE,24276-84-4,
3331,JUGLANS REGIA SHELL EXTRACT,84012-43-1,
3332,BIOTINOYL HEXAPEPTIDE-2 AMIDE,,
3333,GEPHYROCAPSA OCEANICA EXTRACT,,
3334,VITIS COIGNETIAE CALLUS CULTURE CONDITIONED MEDIA,,
3335,CALCIUM ALGINATE,9005-35-0,
3336,BIFIDA/SOYBEAN EXTRACT FERMENT,,
3337,CITRUS AURANTIUM AMARA PEEL EXTRACT,68916-04-1 / 72968-50-4,
3338,METHOXY PEG-10,9004-74-4,
3339,LACTOBACILLUS/ALGAE EXTRACT FERMENT,,
3340,TRIS-OLEOYLTROMETHAMINE ETHANE SULFONIC ACID,,
3341,PEG-10 POLYDIMETHYLSILOXYETHYL DIMETHICONE/BIS-VINYL DIMETHICONE CROSSPOLYMER,,
3342,R-(METHIONYL SH-POLYPEPTIDE-8 DECAPEPTIDE-40),,
3343,STEARYL METHICONE,,
3344,PROLYL HISTAMINE HCL,179308-53-3,
3345,SPIRAEA ULMARIA ROOT EXTRACT,84775-57-5,
3346,ACEFYLLINE METHYLSILANOL MANNURONATE,,
3347,ELK ANTLER MESENCHYMAL CELL LYSATE,,
3348,COPPER AMINOACETYLAMINOIMIDAZOLYL PROPANOATE,,
3349,POLYGLYCERYL-3 TRIISOSTEARATE,66082-43-7,
3350,HYDROLYZED (CITRUS AURANTIUM AMARA /FORSYTHIA VIRIDISSIMA/GARDENIA JASMINOIDES) FRUIT/MENTHA ARVENSIS LEAF/(ANGELICA ACUTILOBA/COPTIS JAPONICA/ GLYCYRRHIZA GLABRA /PAEONIA LACTIFLORA/PLATYCODON GRANDIFLORUS/REHMANNIA GLUTINOSA/SCUTELLARIA BAICALENSIS) ROOT EXTRACT,,
3351,RETINYL TALLATE,,
3352,TRITICUM VULGARE FLOUR EXTRACT,84012-44-2,
3353,PEG-10 TRIS-PHENYLETHYL PHENOL,,
3354,GARCINIA SUBELLIPTICA LEAF EXTRACT,,
3355,HYDROLYZED ASPARAGOPSIS ARMATA EXTRACT,,
3356,POLYGONUM FAGOPYRUM LEAF EXTRACT,89958-09-8,
3357,CHRYSEOBACTERIUM SP. MK-8 FERMENT FILTRATE,,
3358,CITRUS TUMIDA PEEL EXTRACT,,
3359,COTA TINCTORIA FLOWER/LEAF/STEM EXTRACT,,
3360,BUTYL 2-GLYCERYL ASCORBATE,,
3361,OZONIZED OPUNTIA FICUS INDICA CALLUS CULTURE EXTRACT,,
3362,HYDROLYZED ALOE BARBADENSIS LEAF EXTRACT,,
3363,PRUNUS DOMESTICA SEED OIL,90082-87-4,
3364,LAUROYL/OLIVOYL (ARGININE/GLUTAMIC ACID/ISOLEUCINE/LEUCINE/LYSINE/PHENYLALANINE/PROLINE/THREONINE/VALINE),,
3365,ANGELICA ACUTILOBA ROOT WATER,164288-49-7,
3366,C23-43 ACID PENTAERYTHRITOL TETRAESTER,95465-86-4,
3367,PALMITOYL PENTAPEPTIDE-4,,
3368,COLEUS FORSKOHLII ROOT OIL,,
3369,TRIGONELLA FOENUM-GRAECUM SPROUT JUICE,,
3370,OURICURY CERA,68917-70-4,
3371,LOTUS MARITIMUS FLOWER/LEAF/STEM EXTRACT,,
3372,DIPENTAERYTHRITYL HEXABEHENATE/BENZOATE/ETHYLHEXANOATE,,
3373,PROPYLENE GLYCOL CETETH-3 PROPIONATE,,
3374,R-(SH-POLYPEPTIDE-92 SH-POLYPEPTIDE-102),,
3375,RH-POLYPEPTIDE-51,,
3376,CUCUMIS SATIVUS OIL,70955-25-8 / 89998-01-6,
3377,DISTYLIUM RACEMOSUM TWIG EXTRACT,,
3378,ISODECYL NEOPENTANOATE,60209-82-7,
3379,CETYL KOMBO BUTTERATE,,
3380,PYRIDOXINE SALICYLATE,,
3381,KIDACHI ALOE EKISU,,
3382,ACETYL GALACTOSAMINE,1811-31-0,
3383,DILINOLEIC ACID/BUTANEDIOL COPOLYMER,,
3384,SCHIZOPHYLLUM COMMUNE/CITRUS UNSHIU PEEL EXTRACT FERMENT FILTRATE,,
3385,DISODIUM PHENYL DIBENZIMIDAZOLE TETRASULFONATE,180898-37-7,
3386,GLYCINE MAX FIBER,,
3387,KJELLMANIELLA CRASSIFOLIA POWDER,,
3388,SESAME OIL POLYGLYCERYL-6 ESTERS,,
3389,PHYLLOSTACHYS BAMBUSOIDES JUICE,,
3390,PUMPKIN FRUIT EXTRACT BETA-GLUCAN,,
3391,ARGILLA,12199-37-0,
3392,NYMPHAEA COERULEA LEAF CELL EXTRACT,,
3393,CETEARYL PHOSPHATE,90506-73-3,
3394,POLYURETHANE-73,,
3395,DEFINED CELL CULTURE MEDIA 16,,
3396,POLYURETHANE-45,,
3397,ROSA ALBA CALLUS EXTRACT,,
3398,EMILIANIA HUXLEYI EXTRACT,,
3399,TRIPEPTIDE-41,,
3400,CHENOPODIUM QUINOA SEED EXTRACT,,
3401,ASTRAGALUS SINICUS SEED EXTRACT,,
3402,SARGACHROMANOL D,,
3403,VERBASCUM DENSIFLORUM FLOWER/STEM EXTRACT,,
3404,OCTAPEPTIDE-12 SH-POLYPEPTIDE-56 TRIPEPTIDE-44 SH-POLYPEPTIDE-1,,
3405,BIS-HYDROXYETHOXYPROPYL DIMETHICONE/IPDI/SORBITAN STEARATE COPOLYMER,668988-06-5,
3406,C24-30 OLEFIN,,
3407,OZONIZED JOJOBA OIL,,
3408,YUCCA SCHIDIGERA ROOT EXTRACT,90147-57-2 -Generic- / 223749-05-1,
3409,OXOTHIAZOLIDINE,2682-49-7,
3410,PENTYLCYCLOPROPYLMETHYLENE CYCLOPROPYLOCTANOIC ACID,,
3411,C18-70 ISOPARAFFIN,246538-80-7,
3412,LEATHER CORAL EXTRACT,,
3413,ASPERGILLUS/ANGELICA TENUISSIMA ROOT EXTRACT FERMENT FILTRATE,,
3414,POLYUREA CROSSPOLYMER-2,1403495-60-2,
3415,PALMAMIDE MEA,,
3416,EXCOECARIA FORMOSANA LEAF EXTRACT,,
3417,PISTACIA VERA SEED OIL,90082-81-8,
3418,CALOCEDRUS DECURRENS LEAF/STEM EXTRACT,,
3419,ASPALATHUS LINEARIS LEAF EXTRACT,,
3420,DEER MILK EXTRACT,,
3421,PANICUM MILIACEUM SPROUT EXTRACT,90082-36-3,
3422,DISODIUM CARBOXYETHYL SILICONATE,18191-40-7,
3423,SACCHAROMYCES/ZYGOSACCHAROMYCES/GARLIC BULB/(HERICUM ERINACEUM/AURICULARIA AURICULA-JUDAE/GRIFOLA FRONDOSA) FRUITING BODY/PERILLA OCYMOIDES LEAF/DIOSCOREA JAPONICA RHIZOME/(ARCTIUM LAPPA/BEET/GINGER/IPOMOEA BATATAS) ROOT/(PHASEOLUS ANGULARIS/SESAME/SOYBEAN) SEED/CLADOSIPHON OKAMURANUS/LAMINARIA JAPONICA/UNDARIA PINNATIFIDA FERMENT FILTRATE,,
3424,BACILLUS/VIGNA ANGULARIS SEED FERMENT FILTRATE,,
3425,SODIUM DEXTRAN SULFATE,9011-18-1,
3426,BIOTA ORIENTALIS LEAF EXTRACT,,
3427,TETRADECYLEICOSANOL,119691-49-5,
3428,SH-POLYPEPTIDE-17,,
3429,EUCHEUMA SPINOSUM EXTRACT,9062-07-1,
3430,LACTOBACILLUS/CHONDRUS OCELLATUS FERMENT FILTRATE,,
3431,HEPTAPEPTIDE-36 DIMER,,
3432,DESMODIUM ADSCENDENS FLOWER/LEAF/STEM EXTRACT,,
3433,WITHANIA SOMNIFERA FLOWER EXTRACT,90147-43-6,
3434,UNCARIA TOMENTOSA BARK POWDER,,
3435,LACTOBACILLUS/LEDUM PALUSTRE/ARTEMISIA CAPILLARIS/HOUTTUYNIA CORDATA/SAURURUS CHINENSIS LEAF EXTRACT FERMENT FILTRATE,,
3436,PHASEOLUS TRILOBUS SEED EXTRACT,,
3437,STEPHANIA CEPHALANTHA ROOT EXTRACT,,
3438,ARUNDO DONAX STEM EXTRACT,,
3439,PEG-12 DIMETHICONE CROSSPOLYMER,,
3440,NYMPHAEA CAERULEA SEED EXTRACT,,
3441,PASSIFLORA QUADRANGULARIS FRUIT EXTRACT,,
3442,SH-OLIGOPEPTIDE-7,,
3443,URTICA DIOICA LEAF/TUSSILAGO FARFARA LEAF/EQUISETUM ARVENSE STEM/ROSMARINUS OFFICINALIS LEAF/SALVIA OFFICINALIS LEAF/ACHILLEA MILLEFOLIUM FLOWER/MENYANTHES TRIFOLIATA LEAF/BETULA ALBA LEAF EXTRACT,,
3444,DIGLYCERIN,"59113-36-9, 25618-55-7",
3445,PERILLA FRUTESCENS CALLUS CULTURE EXTRACT,90082-61-4,
3446,CETYL DODECENYLSUCCINATE,,
3447,SUNSTONE POWDER,,
3448,BUTYLENE GLYCOL DICAPRYLATE/DICAPRATE,,
3449,PPG-4 TRIDECETH-6,65150-81-4,
3450,HYDROLYZED PEPPER FRUIT EXTRACT,,
3451,POLYGLYCERYL-10 DECAOLEATE,11094-60-3,
3452,TETRAPEPTIDE-53,,
3453,LAPIS LAZULI EXTRACT,,
3454,BIS-HEXACOSYL DIMETHICONE,,
3455,SACCHAROMYCES/APPLE FRUIT/SWEET CHERRY FRUIT/SUCROSE FERMENT FILTRATE,,
3456,CITRUS AURANTIFOLIA FLOWER/GALIUM APARINE EXTRACT,,
3457,PENTAERYTHRITYL STEARATE/CAPRATE/CAPRYLATE/ADIPATE,,
3458,MAURITIA FLEXUOSA FRUIT OIL,394239-67-9; 906350-92-3,
3459,SACCHAROMYCES/ARGANIA SPINOSA KERNEL OIL FERMENT FILTRATE,,
3460,MALVA SYLVESTRIS FLOWER/LEAF/STEM EXTRACT,84082-57-5,
3461,BIS(TRIPEPTIDE-1) COPPER ACETATE,130120-57-9,
3462,ISOPROPYL SHEA BUTTERATE,,
3463,OLIGOPEPTIDE-128,,
3464,TETRAMETHYLCHROMANOL GLUCOSIDE,,
3465,ROSA CANINA FRUIT OIL,84696-47-9 / 84603-93-0,
3466,KALANCHOE DAIGREMONTIANA LEAF EXTRACT,,
3467,HYDROLYZED PLATANUS OCCIDENTALIS EXTRACT,90082-83-0,
3468,CAMELLIA JAPONICA SEED EXTRACT,223748-13-8,
3469,BUTYLDIMONIUMHYDROXYPROPYL BUTYLGLUCOSIDES CHLORIDE,,
3470,HYDROLYZED OPUNTIA FICUS-INDICA FLOWER EXTRACT,90082-21-6,
3471,HYDROLYZED WHEAT PROTEIN/DIMETHICONE PEG-7 ACETATE,,
3472,BEHENYL/ISOSTEARYL BEESWAX,235433-32-6,
3473,VOANDZEIA SUBTERRANEA SEED EXTRACT,,
3474,ACRYLATES/ETHYLHEXYL ACRYLATE/HEMA COPOLYMER,64771-95-5,
3475,PAECILOMYCES JAPONICA/DEER ANTLER FERMENT EXTRACT FILTRATE,,
3476,COCAMIDE,61789-19-3,
3477,BACILLUS/ZIZANIA LATIFOLIA LEAF FERMENT EXTRACT,,
3478,S-MUSSEL POLYPEPTIDE-1,,
3479,GLYCERYL HYDROGENATED SOYATE,61789-08-0,
3480,SACCHAROMYCES/GLYCYRRHIZA GLABRA/GLYCYRRHIZA URALENSIS LEAF/STEM FERMENT EXTRACT,,
3481,NEOPENTYL GLYCOL DIETHYLHEXANOATE,28510-23-8,
3482,COBALT TITANIUM OXIDE,12017-38-8,
3483,CANANGA ODORATA LEAF CELL EXTRACT,,
3484,PHELLINUS LINTEUS/MORUS BOMBYCIS WOOD POWDER FERMENT EXTRACT,,
3485,CHRYSANTHEMUM PARTHENIUM FLOWER EXTRACT,89997-65-9,
3486,DICAPRYL SODIUM SULFOSUCCINATE,23524-64-3,
3487,ACETYLSALICYLOYL PENTAPEPTIDE-33,,
3488,PALMITOYL LYSYL S-SNAIL OLIGOPEPTIDE-1 AMIDE ACETATE,,
3489,POA ANNUA EXTRACT,,
3490,SH-POLYPEPTIDE-93,,
3491,ROSA LUCIAE BRANCH/FLOWER/LEAF EXTRACT,,
3492,SR-HORSE OLIGOPEPTIDE-1,,
3493,CALCIUM POLYGAMMA-GLUTAMATE,648426-24-8,
3494,PEG-9 COCOGLYCERIDES,67762-35-0,
3495,PRUNUS DAVIDIANA FLOWER EXTRACT,,
3496,PCA,98-79-3,
3497,POLYGLYCERYL-3 STEARATE/ISOSTEARATE/DIMER DILINOLEATE COPOLYMER,,
3498,TUBER MAGNATUM EXTRACT,,
3499,PYRUS MALUS FLOWER EXTRACT,85251-63-4,
3500,PRIMULA VERIS EXTRACT,84787-68-8,
3501,BABASSU OIL POLYGLYCERYL-6 ESTERS,,
3502,ADAMANTANYL METHYLHYDROXYLTEREPHTHALAMIDE,,
3503,THIAMINE DIPHOSPHATE,154-87-0,
3504,DIOSPYROS EBENUM BARK EXTRACT,97281-43-1,
3505,PEG-10 DIMETHICONE/VINYL DIMETHICONE CROSSPOLYMER,,
3506,DIMETHYLDIBENZYLIDENE SORBITOL,135861-56-2,
3507,HYDROXYUNDECANOIC ACID,6336-28-3,
3508,PIMPINELLA GUSTAVOHEGIANA EXTRACT,,
3509,PANAX GINSENG SEED POWDER,84650-12-4,
3510,SUCROSE ACETATE/STEARATE,,
3511,PEI-45,9002-98-6,
3512,SACCHAROMYCES/MALUS PUMILA FRUIT FERMENT FILTRATE,,
3513,HIBISCUS MUTABILIS FLOWER EXTRACT,,
3514,TRIBEHENIN PEG-20 ESTERS,,
3515,HEPTAPEPTIDE-41,,
3516,APRICOT KERNEL OIL PEG-8 ESTERS,,
3517,LACTOBACILLUS/ROSA CENTIFOLIA FLOWER FERMENT FILTRATE,,
3518,RHYOLITE EXTRACT,,
3519,ALSIDIUM HELMINTHOCORTON EXTRACT,,
3520,HYDROXYETHYL PALMITYL OXYHYDROXYPROPYL PALMITAMIDE,110483-07-3,
3521,SHEEP DERMAL CELLS LYSATE,,
3522,AMINOBUTYROYL TRIPEPTIDE-1,,
3523,PHALAENOPSIS CHARM SUN BIG RED ROBE FLOWER EXTRACT,,
3524,ACHYRANTHES FAURIEI ROOT EXTRACT,,
3525,OLIGOPEPTIDE-86,,
3526,NELUMBO NUCIFERA FLOWER CERA,85085-51-4,
3527,1‚2,106-69-4,
3528,URTICA DIOICA JUICE,,
3529,PASTINACA SATIVA ROOT EXTRACT,90082-39-6,
3530,PEG-11 COCOA BUTTER GLYCERIDES,,
3531,LACTOBACILLUS/ARTEMISIA ABSINTHIUM LEAF EXTRACT FERMENT FILTRATE,,
3532,TRIMETHYLSILOXYSILYL PROPYLCARBAMOYL HYDROLYZED VA/DIACETOXYBUTENE COPOLYMER,2030116-17-5,
3533,METHYLAMIDO CELLULOSE GUM,,
3534,MAGNOLIA BIONDII BARK EXTRACT,85085-47-8,
3535,PAEONIA SUFFRUTICOSA FLOWER EXTRACT,,
3536,DIHYDROGENATED TALLOW BENZYLMONIUM HECTORITE,97952-68-6,
3537,TRITICUM SPELTA SEED WATER,,
3538,POLYGLYCERYL-10 MONO/DIOLEATE,,
3539,C32-36 ISOALKYL STEARATE,68201-22-9,
3540,GLYCYRRHIZA GLABRA RHIZOME/ROOT EXTRACT,84775-66-6,
3541,ACRYLATES/ISOBORNYL ACRYLATE COPOLYMER,,
3542,PPG-10 CETYL ETHER,9035-85-2,
3543,ISOAMYL CAPRYLATE CAPRATE,,
3544,DINONYL PHENOL,1323-65-5,
3545,MELALEUCA SYMPHYOCARPA FLOWER/LEAF EXTRACT,,
3546,OLIGOPEPTIDE-102,,
3547,DAMNACANTHUS MAJOR ADVENTITIOUS ROOT EXTRACT,,
3548,SPONDIAS MOMBIN FRUIT EXTRACT,,
3549,LACTIS PROTEINUM EXTRACT,,
3550,HYDROXY METHYLPHENYLPYRIDINONE,49744-73-2,
3551,TRIGONELLA FOENUM SYMBIOSOME EXTRACT,84625-40-1,
3552,AMMONIUM ACRYLOYLDIMETHYLTAURATE/VP COPOLYMER,,
3553,AGAR,9002-18-0,
3554,HYDROGENATED TALLOW ALCOHOL,,
3555,DIVINYLDIMETHICONE/DIMETHICONE CROSSPOLYMER,,
3556,PPG-30 OLEYL ETHER,52581-71-2,
3557,LAURUS NOBILIS FRUIT EXTRACT,,
3558,HUMAN ADIPOSE STROMAL CELL EXOSOMES,,
3559,EPILOBIUM PARVIFLORUM LEAF/STEM EXTRACT,,
3560,HYDROGENATED JOJOBA ALCOHOL,196316-32-2,
3561,TRANSGENIC TOBACCO RH-OLIGOPEPTIDE-1,,
3562,EPIMEDIUM GRANDIFLORUM FLOWER/LEAF/STEM EXTRACT,,
3563,ALLANTOIN ASCORBATE,57448-83-6,
3564,VERONICA BECCABUNGA EXTRACT,90131-94-5,
3565,DENDROBIUM LODDIGESII LEAF/STEM EXTRACT,,
3566,CHOLESTERYL HEXYL DICARBAMATE PULLULAN,,
3567,CORDYCEPS MILITARIS MYCELIUM EXTRACT,,
3568,DAMNACANTHUS MAJOR BRANCH/LEAF EXTRACT,,
3569,METHOXY PEG-17/DODECYL GLYCOL COPOLYMER,88507-00-0,
3570,ISOCETYL ISODECANOATE,129588-05-2,
3571,CYTOCHROME C,9007-43-6,
3572,POTASSIUM LAUROYL PCA,,
3573,STEARYL ACETATE,822-23-1,
3574,PEG-40 HYDROGENATED CASTOR OIL TRIISOSTEARATE,,
3575,SALIX ALBA FLOWER EXTRACT,84082-82-6,
3576,HEMA ACETOACETATE,21282-97-3,
3577,PEG-10 HYDROGENATED CASTOR OIL TRIISOSTEARATE,,
3578,QUATERNIUM-90 SEPIOLITE,,
3579,RAVENALA MADAGASCARIENSIS STEM EXTRACT,,
3580,RHODODENDRON WEYRICHII EXTRACT,,
3581,LACTOBACILLUS/APPLE JUICE FERMENT FILTRATE,,
3582,CAREX KOBOMUGI EXTRACT,,
3583,SCHINOPSIS QUEBRACHO-COLORADO WOOD EXTRACT,,
3584,THUJOPSIS DOLABRATA BRANCH EXTRACT,91722-39-3,
3585,ACETYLATED LANOLIN RICINOLEATE,226995-78-4,
3586,PORPHYRIDIUM CRUENTUM EXTRACT,223751-77-7,
3587,ASPERGILLUS/SACCHAROMYCES/GLYCYRRHIZA URALENSIS ROOT EXTRACT FERMENT FILTRATE,,
3588,BETA-SITOSTERYL COPOLYMER,1013637-82-5,
3589,BELAMCANDA CHINENSIS ROOT EXTRACT,223748-07-1,
3590,CERCIDIUM FLORIDUM BARK EXTRACT,,
3591,BIS-PEG/PPG-16/16 PEG/PPG-16/16 DIMETHICONE,,
3592,TULIPA GESNERIANA CALLUS CULTURE EXTRACT,,
3593,COLOCASIA ANTIQUORUM ROOT EXTRACT,,
3594,CEREUS JAMACARU FRUIT JUICE,,
3595,CAYAPONIA TAYUYA ROOT EXTRACT,,
3596,LYSOPHOSPHATIDYLETHANOLAMINE,,
3597,HEXADECYL METHICONE,,
3598,R- ESCHERICHIA COLI THIOREDOXIN-1 HEPTAPEPTIDE-20 HEXAPEPTIDE-40 OLIGOPEPTIDE-113 SH-POLYPEPTIDE-70,,
3599,POLYGONUM FALCATUM RHIZOME/ROOT EXTRACT,,
3600,IRIS VERSICOLOR ROOT EXTRACT,90045-93-5,
3601,BUTYL ACRYLATE/ISOPROPYLACRYLAMIDE/PEG-18 DIMETHACRYLATE CROSSPOLYMER,,
3602,GORGONIA EXTRACT,244058-54-6,
3603,PEG-190 DISTEARATE,9005-08-7,
3604,TRIFOLIUM PRATENSE FLOWER/LEAF/STEM JUICE,85085-25-2,
3605,AMINOPHYLLINE,,
3606,SAPINDUS MUKOROSSI SEED OIL,,
3607,CALCIUM GLUCONATE,299-28-5,
3608,HYDROGENATED APRICOT KERNEL OIL,,
3609,MELALEUCA LEUCADENDRON VIRIDIFLORA FLOWER/LEAF EXTRACT,132940-73-9,
3610,SAUSSUREA INVOLUCRATA CALLUS EXTRACT,,
3611,ELETTARIA CARDAMOMUM SEED POWDER,85940-32-5,
3612,SALIX FRAGILIS BARK EXTRACT,84604-22-8,
3613,SUCROSE POLYBEHENATE,56449-50-4; 93571-82-5,
3614,PERFLUOROMETHYLCYCLOPENTANE,1805-22-7,
3615,RICE BRAN/GERM TRITERPENOIDS,,
3616,CURCUMINYL GLUTAROYL HEXAPEPTIDE-24 AMIDE,,
3617,LONGIFOLENE,475-20-7,
3618,SPINACIA OLERACEA LEAF POWDER,90131-25-2,
3619,ACETYLATED HYDROGENATED CASTOR OIL,92113-20-7,
3620,PLEUROCHRYSIS CARTERAE EXTRACT,,
3621,NIACINAMIDE MALATE,,
3622,LITCHI CHINENSIS FRUIT EXTRACT,91722-81-5,
3623,HYDROGENATED DIDECENE,68649-11-6,
3624,PEG-8 PROPYLHEPTYL ETHER,,
3625,OLIGOPEPTIDE-135,,
3626,CANAVALIA GLADIATA FRUIT EXTRACT,,
3627,TAMARINDUS INDICA FRUIT/SEED EXTRACT,84961-62-6,
3628,LACTOBACILLUS/LAC SOLIDS/SOYBEAN OIL FERMENT,,
3629,FERULOYL SOY GLYCERIDES,,
3630,VITIS VINIFERA/LABRUSCA STEM EXTRACT,,
3631,TABEBUIA AVELLANEDAE BARK POWDER,,
3632,PPG-15 STEARYL ETHER BENZOATE,,
3633,RETYNIL FORMYL ASPARTAMATE,442662-22-8,
3634,PHASEOLUS LUNATUS SEED EXTRACT,,
3635,LAMIUM ALBUM LEAF EXTRACT,84012-23-7,
3636,CHIMYL STEARATE,109210-83-5,
3637,PIPERYLENE/BUTENE/PENTENE/PENTADIENE COPOLYMER,221215-60-7,
3638,ORBIGNYA PHALERATA SEED POWDER,,
3639,ASTROCARYUM MURUMURU FRUIT EXTRACT,,
3640,RYOKU-CHA EKISU,,
3641,HYDROLYZED BEE LARVA/PUPA EXTRACT,,
3642,DICETYL ADIPATE,26720-21-8,
3643,CONIOGRAMME JAPONICA EXTRACT,,
3644,SCIRPUS TABERNAEMONTANI EXTRACT,,
3645,THYMUS VULGARIS LEAF WATER,84929-51-1,
3646,CARAGANA SINICA ROOT EXTRACT,,
3647,TRANEXAMIC ACID,1197-18-8,
3648,CHITIN GLYCOLATE,,
3649,ENTADA PHASEOLOIDES BARK/SEED EXTRACT,,
3650,NEOPENTYL GLYCOL DICAPRYLATE/DIPELARGONATE/DICAPRATE,,
3651,HYDROLYZED ARTEMISIA VULGARIS LEAF,,
3652,N-HYDROXYSUCCINIMIDE,6066-82-6,
3653,PYRROSIA LINGUA EXTRACT,,
3654,DAPHNIPHYLLUM MACROPODUM EXTRACT,,
3655,POTASSIUM HYDROXYCITRATE,232281-44-6,
3656,SORBETH-222 HEXA(AMINOETHYL ETHER),,
3657,PEG-9 TRIMETHYLOLPROPANE TRIACRYLATE,28961-43-5,
3658,SH-POLYPEPTIDE-32,,
3659,POLYGLYCERYL-8 DECABEHENATE/CAPRATE,,
3660,PEG-10 DIMETHICONE CROSSPOLYMER,,
3661,CITRUS AURANTIUM AMARA FLOWER CERA,68916-04-1 / 72968-50-4,
3662,AUREOBASIDIUM PULLULANS/DIMOCARPUS LONGAN FRUIT EXTRACT FERMENT FILTRATE,,
3663,PANGIUM EDULE KERNEL OIL,,
3664,RUTA GRAVEOLENS LEAF/ROOT/STEM EXTRACT,84929-47-5,
3665,HYDROLYZED LUPINUS ALBUS FLOWER EXTRACT,,
3666,PROMICROMONOSPORA FERMENT FILTRATE,,
3667,SODIUM LAURATE/LINOLEATE/OLEATE/PALMITATE,,
3668,CHRYSANTHEMUM BOREALE FLOWER OIL,,
3669,CETYL HYDROXYETHYLCELLULOSE,80455-45-4,
3670,APIOS AMERICANA ROOT EXTRACT,,
3671,CETYL MYRISTOLEATE,,
3672,ISOPROPYL PPG-2 ISODECETH-7 CARBOXYLATE,,
3673,MAACKIA AMURENSIS BRANCH EXTRACT,,
3674,C20-40 ALCOHOLS,222400-16-0,
3675,DISODIUM C12-14 SEC-PARETH-5 SULFOSUCCINATE,,
3676,HYDROLYZED SWIFTLET NEST,,
3677,POPULUS TREMULOIDES BARK EXTRACT,90083-05-9,
3678,HEXYLDECYL OLEATE,94278-07-6,
3679,MYRISTOYL TRIPEPTIDE-4,,
3680,LACTOBACILLUS/LACTOCOCCUS/SACCHAROMYCES/SOYMILK FERMENT,,
3681,GOLD THIOETHYLAMINO HYALURONIC ACID,,
3682,HYDROLYZED RICE BRAN EXTRACT,,
3683,CHAENOMELES SINENSIS CALLUS CULTURE EXTRACT,,
3684,HEXYLOXODECANAMIDE MEA,884905-11-7,
3685,ARTEMISIA PRINCEPS LEAF OIL,,
3686,ZANTHOXYLUM PIPERITUM FRUIT EXTRACT,97404-53-0,
3687,CUCUMIS SATIVUS CALLUS EXTRACT,,
3688,THAMNOLIA VERMICULARIS LEAF EXTRACT,,
3689,TRIETHYLENE GLYCOL HYDROGENATED ROSINATE,68648-53-3,
3690,BIFIDA/NONFAT MILK FERMENT LYSATE FILTRATE,,
3691,HYDROGENATED ETHYLHEXYL OLIVATE,,
3692,PEG-180/OCTOXYNOL-40/TMMG COPOLYMER,,
3693,MENTHA CANADENSIS LEAF/STEM OIL,,
3694,QUATERNIUM-90 BENTONITE,226226-22-8,
3695,DIMETHOXYBENZYL ALCOHOL,93-03-8,
3696,HOKKAIDO AKAN CLAY,,
3697,NONAPEPTIDE-29 AMIDO CARBOXYMETHYL HYDROXYLIMINOMETHYLBENZAMIDO SH-DSRNA-1,,
3698,DIMETHICONE PEG-8 ISOSTEARATE,133448-16-5,
3699,CENTELLA ASIATICA ADVENTITIOUS ROOT EXTRACT,,
3700,OLIGOPEPTIDE-75,,
3701,ASPERGILLUS/SACCHAROMYCES/BARLEY SEED FERMENT EXTRACT,,
3702,DIETHYLHEXYL BUTAMIDO TRIAZONE,154702-15-5,
3703,BOTRYTIS FERMENT EXTRACT FILTRATE,,
3704,TRIPEPTIDE-58,,
3705,TRIMETHYLOLPROPANE TRICOCOATE,85566-29-6,
3706,LACTOBACILLUS/NONFAT MILK FERMENT POWDER,,
3707,TAXUS CUSPIDATA LEAF EXTRACT,,
3708,ETHYLENE DIOLEAMIDE,110-31-6,
3709,AMMONIUM FERRIC PENTETATE,19529-40-9,
3710,ACHYROCLINE SATUREIOIDES FLOWER EXTRACT,92346-81-1,
3711,LAUROYL SH-TETRAPEPTIDE-1,,
3712,BACILLUS/RICE LEES FERMENT FILTRATE,,
3713,RUBUS GLAUCUS SEED OIL,,
3714,LACTOBACILLUS/CORN/SEA CUCUMBER FERMENT EXTRACT,,
3715,CYSTOSEIRA BACCATA EXTRACT,,
3716,PEG-444 PENTAERYTHRITYL TETRA(GLUTAROYLSUCCINIMIDE),,
3717,METHYLTHIOHEXYL ISOTHIOCYANATE,4430-39-1,
3718,ACRYLATES/ETHYLHEXYL ACRYLATE/STYRENE COPOLYMER,,
3719,ORIGANUM VULGARE LEAF/ROSA CENTIFOLIA FLOWER EXTRACT,,
3720,SACCHAROMYCES/STEVIA REBAUDIANA LEAF/STEM FERMENT EXTRACT,,
3721,ARGANIA SPINOSA CALLUS CULTURE EXTRACT,,
3722,SH-OLIGOPEPTIDE-1 ALANYL SR-SPIDER OLIGOPEPTIDE-1,,
3723,CARNAUBA ACID WAX,442682-58-8,
3724,CHOLESTEROL,57-88-5,
3725,RUBUS MOLUCCANUS FRUIT EXTRACT,,
3726,T-BUTYLPHENYL GLYCERYL ETHER,53379-99-0,
3727,PENTAERYTHRITYL TETRASTEARATE,115-83-3,
3728,LACTOBACILLUS/ARUNDINARIA GIGANTEA LEAF FERMENT FILTRATE,,
3729,CAFFEOYL TRIPEPTIDE-34,,
3730,CHELIDONINE,476-32-4,
3731,PAECILOMYCES JAPONICA/CARAGANA SINICA ROOT FERMENT EXTRACT FILTRATE,,
3732,POTASSIUM COCOYL RICE AMINO ACIDS,,
3733,LAURYL POLYDIMETHYLSILOXYETHYL DIMETHICONE/BIS-VINYLDIMETHICONE CROSSPOLYMER,,
3734,RHODODENDROL,69617-84-1,
3735,ASCORBYL METHOXYCINNAMATE,1198294-97-1,
3736,XYLITYL SESQUICAPRYLATE,181632-90-6,
3737,METROSIDEROS EXCELSA FLOWER/LEAF EXTRACT,,
3738,RAPHANUS SATIVUS/TRIGONELLA FOENUM-GRAECUM/BRASSICA OLERACEA ITALICA SPROUT JUICE,,
3739,TRIFLUOROMETHYLBIPYRIDYL BROMOBENZIMIDAZOLE,,
3740,TETRASODIUM TETRACARBOXYMETHYL NARINGENINCHALCONE,,
3741,POLYGLYCERYL-10 HEXACAPRYLATE/CAPRATE,,
3742,ISOCETYL PALMITATE,127770-27-8,
3743,SH-OLIGOPEPTIDE-1 SR-EGYPTIAN SCORPION OLIGOPEPTIDE-1,,
3744,HUMAN FIBROBLAST INDUCED PLURIPOTENT CELL CULTURE CONDITIONED MEDIA,,
3745,OLIGOPEPTIDE-89,,
3746,RHODODENDRON YEDOENSE FLOWER EXTRACT,,
3747,LYCIUM CHINENSE FRUIT JUICE,,
3748,PALMITOYL DIPEPTIDE-5 DIAMINOBUTYROYL HYDROXYTHREONINE,,
3749,DIBEHENYL FUMARATE,,
3750,URSOLOYL TRIPEPTIDE-35,,
3751,BACILLUS/MONASCUS/MALLOTUS JAPONICUS LEAF/SOYBEAN FERMENT FILTRATE,,
3752,GRIFOLA FRONDOSA /(PANAX GINSENG/REHMANNIA GLUTINOSA/GLYCYRRHIZA URALENSIS/ANGELICA GIGAS/OPHIOPOGON JAPONICUS/ATRACTYLODES MACROCEPHALA/ASTRAGALUS MEMBRANACEUS) ROOT/RICE SEED/CITRUS UNSHIU PEEL/CARTHAMUS TINCTORIUS FLOWER FERMENT FILTRATE EXTRACT,,
3753,PEG-5 GLYCERYL TRIISOSTEARATE,86846-21-1,
3754,ODONTIODA LAVENDER LACE FLOWER EXTRACT,,
3755,HYDROLYZED GOAT MILK EXTRACT,,
3756,DRACOCEPHALUM MOLDAVICA SEED OIL,,
3757,GLEDITSIA AUSTRALIS THORN EXTRACT,,
3758,CURCUMA LONGA CALLUS EXTRACT,84775-52-0,
3759,1-(3‚4-DIMETHOXYPHENYL)-4‚4-DIMETHYL-1‚3-PENTANEDIONE,,
3760,ACETYL HEXAPEPTIDE-49,,
3761,PRUNUS PERSICA FRUIT EXTRACT,84012-34-0,
3762,ACACIA FARNESIANA GUM,9001-01-5,
3763,DECYL GLUCOSIDE,54549-25-6; 58846-77-8; 141464-42-8; 68515-73-1,
3764,C18-29 ALKANE,64742-55-8,
3765,CELLULOSE ACETATE PROPIONATE CARBOXYLATE,125139-16-4,
3766,ETHYLHEXYL ISONONANOATE,71566-49-9,
3767,THUJA PLICATA WOOD WATER,94334-32-4,
3768,TABEBUIA IMPETIGINOSA LEAF EXTRACT,223748-85-4,
3769,SH-PENTAPEPTIDE-19,,
3770,CYMBIDIUM KANRAN EXTRACT,,
3771,AILANTHUS ALTISSIMA BARK EXTRACT,90131-67-2,
3772,WISTERIA BRACHYBOTRYS LEAF EXTRACT,,
3773,METHYLHEPTYL ISOSTEARATE,209802-43-7,
3774,BERTHOLLETIA EXCELSA FLOWER EXTRACT,,
3775,DIISOBUTYL ADIPATE,141-04-8,
3776,BETA VULGARIS ROOT JUICE,89957-89-1,
3777,CURCUMA AROMATICA ROOT OIL,94349-73-2,
3778,DELTAMETHRIN,52918-63-5,
3779,METHYL STEARATE,112-61-8,
3780,PPG-68-PEG-10 TRIMETHYLOLPROPANE,,
3781,PLUKENETIA VOLUBILIS SEEDCAKE EXTRACT,,
3782,MONOGLYCERIDES LACTATE,,
3783,ASTILBE CHINENSIS ROOT EXTRACT,,
3784,THREONINAMIDO ORNITHINE,,
3785,BEE VENOM,,
3786,PPG-8-CETETH-2,9087-53-0 / 37311-01-6,
3787,CATALPA OVATA FRUIT EXTRACT,,
3788,SH-POLYPEPTIDE-50,,
3789,JASMINUM GRANDIFLORUM FLOWER CERA,84776-64-7,
3790,MYRISTOYL PENTAPEPTIDE-8,,
3791,ARCTIUM MAJUS ROOT WATER,84649-87-6,
3792,BLACK CURRANT SEED OIL/OLIVE OIL/AMINOPROPANEDIOL ESTERS,,
3793,XEROCHRYSUM BRACTEATUM FLOWER/LEAF/STEM,,
3794,ETHYLHEXYL BEHENATE,,
3795,BEHENYL/OCTYLDODECYL PROPANEDIOL CITRATE CROSSPOLYMER,,
3796,OVOTRANSFERRIN,1391-06-6,
3797,INGA BOURGONI BARK EXTRACT,,
3798,TRIPEPTIDE-49 OLIGOPEPTIDE-91 DIPEPTIDE-19 SH-POLYPEPTIDE-3,,
3799,FRAXINUS EXCELSIOR WOOD EXTRACT,84625-28-5,
3800,ISOBUTYLMETHACRYLATE/BIS-HYDROXYPROPYL DIMETHICONE ACRYLATE COPOLYMER,,
3801,AJUGA TURKESTANICA EXTRACT,,
3802,POTASSIUM GLYCYRRHIZINATE,68039-19-0,
3803,PEANUT GLYCERIDES,91744-77-3,
3804,STREPTOCOCCUS THERMOPHILUS/CYCLOPIA INTERMEDIA LEAF/STEM EXTRACT/LACTOSE/WHOLE DRY MILK FERMENT,,
3805,POLYQUATERNIUM-36,,
3806,C10-40 HYDROXYALKYL ACID CHOLESTEROL ESTERS,,
3807,SAPONARIA OFFICINALIS ROOT POWDER,84775-97-3,
3808,PPG-5-LAURETH-5,68439-51-0,
3809,PARINARI CURATELLIFOLIA OIL POLYGLYCERYL-6 ESTERS,,
3810,PHALLUS INDUSIATUS MYCELIUM/POLYGONUM MULTIFLORUM ROOT EXTRACT FERMENT FILTRATE,,
3811,URIC ACID,69-93-2,
3812,LUFFA CYLINDRICA SEED OIL,,
3813,BIFIDOBACTERIUM,,
3814,CELLULOSE,9004-34-6,
3815,COPPER HEPTAPEPTIDE-14 PANTOTHENATE,,
3816,MAGNESIUM/ALUMINUM/HYDROXIDE/CARBONATE,11097-59-9,
3817,DUNALIELLA SALINA/HAEMATOCOCCUS PLUVIALIS EXTRACT,,
3818,HEXYL ISOSTEARATE,94247-25-3,
3819,REHMANNIA GLUTINOSA ROOT EXTRACT,,
3820,HELICHRYSUM ITALICUM FLOWER WATER,90045-56-0,
3821,HYDROLYZED PANAX GINSENG MERISTEM CELL,,
3822,ETHYLHEXYL ISOPALMITATE,93843-32-4,
3823,LINARIA CYMBALARIA FLOWER/LEAF/STEM EXTRACT,,
3824,POLYGONATUM OFFICINALE RHIZOME/ROOT POWDER,,
3825,COLLOIDAL GOLD/CAMELLIA SINENSIS LEAF POWDER,,
3826,PEG-4 GLYCERYL DISTEARATE,,
3827,ASPERGILLUS/RICE FERMENT FILTRATE,,
3828,DISODIUM BIS-DIOLEOYL GLYCEROPHOSPHOGLYCERIN,,
3829,VERBENA OFFICINALIS WATER,,
3830,LAMINARIA OCHOTENSIS EXTRACT,,
3831,RICINOLEAMIDE MIPA,40986-29-6,
3832,POLYGLYCERYL-2 TETRABEHENATE/MACADAMIATE/SEBACATE,,
3833,VA/CROTONIC ACID/PEG-20M COPOLYMER,208707-53-3,
3834,ISOSTEARYL NEOPENTANOATE,58958-60-4,
3835,ACRYLATES/METHACRYLOYLOXYETHYL PHOSPHATE COPOLYMER,,
3836,DAUCUS CAROTA SATIVA ROOT CELL CULTURE LYSATE,,
3837,DIPTERYX ODORATA SEED OIL,,
3838,ISOSTEARYL ETHYLHEXANOATE,69247-83-2,
3839,ASPARAGUS LUCIDUS ROOT EXTRACT,,
3840,ISOBUTYL STEARATE,646-13-9,
3841,CITRUS TACHIBANA/RETICULATA FRUIT JUICE,,
3842,LITHIUM STEARATE,4485-12-5,
3843,SHEA BUTTER GLYCERIDE,,
3844,DIHYDROXYMETHYLSILYLPROPOXY HYDROXYPROPYL HYDROLYZED CASEIN,,
3845,PIPER METHYSTICUM RHIZOME/ROOT EXTRACT,84696-40-2,
3846,SOYBEAN OIL PEG-36 ESTERS,,
3847,VERONICA OFFICINALIS FLOWER/LEAF/STEM EXTRACT,85117-19-7,
3848,BETULA ALBA LEAF,84012-15-7,
3849,DILAURETH-7 CITRATE,,
3850,PRUNUS AMYGDALUS DULCIS FLOWER EXTRACT,90320-37-9,
3851,MYRISTOYL DIPEPTIDE-13,,
3852,CETETH-5 STEARATE,,
3853,PAEONIA LACTIFLORA PHYTOPLACENTA EXTRACT,,
3854,SR-ESCHERICHIA COLI POLYPEPTIDE-1 TRIPEPTIDE-64 SR-SILKWORM POLYPEPTIDE-1 SH-POLYPEPTIDE-50 OLIGOPEPTIDE-144 HEXAPEPTIDE-40,,
3855,ALLYL METHACRYLATE/GLYCOL DIMETHACRYATE CROSSPOLYMER,779327-42-3,
3856,PPG-28 CETYL ETHER,9035-85-2,
3857,PERSEA GRATISSIMA CERA,227200-57-9 / 8024-32-6,
3858,HYDROLYZED GRACILARIOPSIS CHIANGII EXTRACT,,
3859,IPDI/DI-C12-13 ALKYL TARTRATE/BIS-HYDROXYETHOXYPROPYL DIMETHICONE COPOLYMER,,
3860,VIBURNUM LANTANA BUD EXTRACT,90131-97-8,
3861,SH-DECAPEPTIDE-1 SH-POLYPEPTIDE-11,,
3862,ACRYLONITRILE/METHYL METHACRYLATE CROSSPOLYMER,,
3863,AVENA SATIVA PROTEIN EXTRACT,134134-87-5 / 84012-26-0,
3864,HYDROGENATED TALLOWAMIDE DEA,68440-32-4,
3865,BUTYROYL TRIHEXYL CITRATE,82469-79-2,
3866,HYDROXYPROPYL BISISOSTEARAMIDE MEA,,
3867,BUTYROSPERMUM PARKII BUTTER,"194043-92-0, 91080-23-8",
3868,TRIPEPTIDE-65,,
3869,SH-OLIGOPEPTIDE-8,,
3870,SUCROSE TETRASTEARATE TRIACETATE,52439-69-7,
3871,METHYLSILANOL GLYCYRRHIZINATE,,
3872,TRIPELARGONIN,126-53-4,
3873,LENTINUS EDODES MYCELIUM EXTRACT,,
3874,RIBES NIGRUM CALLUS POWDER,,
3875,C8-12 ACID TRIGLYCERIDE,,
3876,ACRYLATES/C12-22 ALKYL METHACRYLATE COPOLYMER,,
3877,PEG-25 PABA,116242-27-4,
3878,PICHIA/SAFFLOWER FLOWER FERMENT FILTRATE,,
3879,BIS-COUMARAMIDOBUTANE,,
3880,ISHIGE FOLIACEA EXTRACT,,
3881,POLYGLYCERYL-6 DIPALMITATE,,
3882,BOEHMERIA PANNOSA BRANCH/LEAF EXTRACT,,
3883,SODIUM ASCORBYL GLUCOSIDE,,
3884,AMARYLLIS BELLADONNA FLOWER/LEAF/STEM EXTRACT,,
3885,POLYGLYCERYL-6 PENTARICINOLEATE,,
3886,MIPA-MYRISTATE,,
3887,BUTYL METHOXYDIBENZOYLMETHANE,70356-09-1,
3888,KLUYVEROMYCES/LACTOBACILLUS/ACANTHOPANAX KOREANUM BARK/STEM OIL FERMENT FILTRATE,,
3889,DIPROPYLENE GLYCOL SALICYLATE,68683-31-8 / 55940-73-3 / 7491-14-7,
3890,PYLAIELLA LITTORALIS EXTRACT,,
3891,CALOPHYLLUM TACAMAHACA SEED EXTRACT,,
3892,BACILLUS/MORUS ALBA LEAF/SOYBEAN SEED FERMENT FILTRATE,,
3893,AESCULUS HIPPOCASTANUM BARK EXTRACT,8053-39-2,
3894,PEG-444 PENTAERYTHRITYL TETRA(AMIDOGLUTAROYL SUCCINIMIDO ETHYL ETHER),,
3895,THEOBROMA GRANDIFLORUM FRUIT EXTRACT,394236-97-6,
3896,CAPROYL DIPEPTIDE-21 AMIDE,1321521-87-2,
3897,POLYGLYCERYL-2 TETRAPELARGONATE,,
3898,POLYDIETHYLSILOXANE,63148-61-8,
3899,HYDROGENATED EGG OIL,,
3900,DISODIUM C12-14 PARETH-2 SULFOSUCCINATE,,
3901,SPIRAEA PRUNIFOLIA BRANCH/LEAF EXTRACT,,
3902,BOLBOSTEMMA PANICULATUM STEM EXTRACT,,
3903,PLUKENETIA VOLUBILIS SEED EXTRACT,,
3904,HORDEUM VULGARE LEAF JUICE,85251-64-5,
3905,ASPERGILLUS/SOYBEAN/WHEAT GERM/CAMELLIA SINENSIS LEAF/JOB'S TEARS SEED/RICE GERM/SESAME SEED FERMENT EXTRACT,,
3906,TRIMETHYLOLPROPANE TRILAURATE,25268-73-9,
3907,ASPERGILLUS/SACCHAROMYCES/IPOMOEA BATATAS ROOT FERMENT LEES EXTRACT,,
3908,SILVER BOROSILICATE,,
3909,OLEYL LINOLEATE,17673-59-5,
3910,HYDROXYLAURIC ACID,2984-55-6,
3911,OLIGOPEPTIDE-122,,
3912,COIX LACRYMA-JOBI MA-YUEN SEED OIL,,
3913,CITRUS AURANTIUM TACHIBANA PEEL EXTRACT,,
3914,PICHIA/OSAJIN FERMENT EXTRACT,,
3915,VACCINIUM MYRTILLUS LEAF CELL EXTRACT,84082-34-8,
3916,METHOXYDIGLYCOL METHACRYLATE,45103-58-0,
3917,CYCAS REVOLUTA LEAF POWDER,,
3918,GLYCINE SOJA GERM EXTRACT,84776-91-0,
3919,CYATHEA MEDULLARIS LEAF EXTRACT,,
3920,CARPINUS BETULUS FLOWER EXTRACT,91745-92-5,
3921,ARGAN OIL PEG-8 ESTERS,,
3922,ANGELICA GLAUCA ROOT EXTRACT,,
3923,OLETH-2 BENZOATE,241470-61-1,
3924,PFAFFIA GLOMERATA ROOT JUICE,,
3925,LEONURUS SIBIRICUS LEAF EXTRACT,,
3926,LACTOBACILLUS/RHODOPSEUDOMONAS/SACCHAROMYCES/MOLASSES/LAVENDER/THYMUS SERPYLLUM/CYMBOPOGON CITRATUS/PEPPERMINT/MELISSA OFFICINALIS/CHAMOMILLA RECUTITA FLOWER/BERGAMOT LEAF/SPEARMINT/ROSEMARY FERMENT FILTRATE,,
3927,CHONDRUS ELATUS EXTRACT,,
3928,OLEYL ERUCATE,17673-56-2,
3929,BUTYLENE GLYCOL COCOATE,,
3930,COLOCASIA ESCULENTA ROOT EXTRACT,,
3931,OLEYL LACTATE,42175-36-0,
3932,NARCISSUS PSEUDONARCISSUS FLOWER EXTRACT,,
3933,AVOCADO OIL PEG-8 ESTERS,,
3934,SOLANUM MELONGENA ROOT EXTRACT,84012-19-1,
3935,GLYCERYL COCOATE/CITRATE/LACTATE,,
3936,PROPYLENE GLYCOL LAURATE,27194-74-7 / 142-55-2 / 37321-62-3 / 199282-83-2,
3937,TRILACTIN,537-32-6,
3938,PRUNUS CERASUS FRUIT WATER,,
3939,MYRISTOYL PENTAPEPTIDE-9,,
3940,POLY(DIMER ALMOND OIL),,
3941,PALMITOYL MARE MILK,,
3942,ACETYL CYSTEINE,616-91-1,
3943,DIMER DILINOLEYL DIMER DILINOLEATE/IPDI COPOLYMER,,
3944,HEXAPEPTIDE-67 PALMITATE,,
3945,COLEUS BARBATUS ROOT EXTRACT,223748-52-5,
3946,AEGOPODIUM PODAGRARIA EXTRACT,90320-19-7,
3947,PSORALEA CORYLIFOLIA SEED POWDER,,
3948,POLY(BENZOTRIAZOLYLHYDROXYPHENETHYL METHACRYLATE),96478-13-6,
3949,HYDROXYPROPYL TRIMONIUM CORN/WHEAT/SOY AMINO ACIDS,,
3950,TRISODIUM TETRAMETHYLHEXADECENYLCYSTEINE BIS-CARBOXYMETHYL FORMYLAMINE,2040473-30-9,
3951,SOLANUM VIRGINIANUM EXTRACT,,
3952,SOLIDAGO ODORA EXTRACT,91770-11-5,
3953,THAUMATOCOCCUS DANIELLI FRUIT EXTRACT,90131-57-0,
3954,BIS-(C12-14 ALKYL PPG-2) HEXAMETHYLENEDIUREA,,
3955,ACETOBACTER/SACCHAROMYCES/RICE KERNEL FERMENT,,
3956,JASMINUM OFFICINALE FLOWER POWDER,90045-94-6,
3957,DECURSIN,5928-25-6,
3958,GLYCERYL MYRISTATE,27214-38-6 / 589-68-4,
3959,MESYLOXYBENZYL ISOBUTYLBENZENESULFONAMIDE,853758-16-4,
3960,COCOYL ARGININAMIDE,,
3961,HYDROLYZED COIX LACRYMA-JOBI MA-YUEN SEED,,
3962,OENOCARPUS BATAUA SEED OIL,,
3963,PYRUS MALUS SEED EXTRACT,85251-63-4,
3964,CALCIUM PHOSPHATE,7758-23-8 / 10103-46-5,
3965,COENOCHLORIS SIGNIENSIS EXTRACT,,
3966,COFFEA CANEPHORA SEED EXTRACT,97593-13-0,
3967,ENTEROCOCCUS FAECIUM/RHEUM PALMATUM ROOT EXTRACT FERMENT FILTRATE,,
3968,ACETYLATED HYDROGENATED LARD GLYCERIDE,93572-31-7,
3969,ACRYLATES/PEG-4 DIMETHACRYLATE CROSSPOLYMER,50657-38-0,
3970,SH-POLYPEPTIDE-94,,
3971,ISODECYL CITRATE,90605-17-7,
3972,MELICOPE ELLERYANA LEAF EXTRACT,,
3973,POLYGLYCERYL-10 ISOSTEARATE,133738-23-5,
3974,ISODONIS JAPONICUS LEAF/STALK EXTRACT,246536-68-5,
3975,IRIS GERMANICA ROOT,85085-39-8,
3976,CLEMATIS APIIFOLIA EXTRACT,,
3977,FAEX,68876-77-7,
3978,MADECASSOSIDE,34540-22-2,
3979,ASPERGILLUS/RICE BRAN FERMENT EXTRACT,,
3980,ALCHEMILLA VULGARIS LEAF EXTRACT,84695-94-3,
3981,SILKWORM SH-OLIGOPEPTIDE-1,,
3982,MENTHA VIRIDIS LEAF JUICE,84696-51-5,
3983,CAMELLIA SINENSIS LEAF OIL,68916-73-4,
3984,SODIUM HYDROXYPROPYL STARCH PHOSPHATE,221355-22-2,
3985,VIBURNUM OPULUS BARK EXTRACT,90131-98-9,
3986,PPG-6 TRIDECETH-8,,
3987,BRASSICA NAPUS SPROUT EXTRACT,89958-03-2,
3988,LACTAMIDE DEA,,
3989,SUCCINOYL SERUM ALBUMIN,,
3990,TRIPEPTIDE-54,,
3991,SH-OLIGOPEPTIDE-1 SR-SEA RAVEN POLYPEPTIDE-1,,
3992,COREOPSIS BASALIS EXTRACT,,
3993,POLYGLYCERYL-4 DILAURATE,,
3994,MURRAYA EXOTICA WOOD POWDER,,
3995,ILLITE EXTRACT,,
3996,SOPHORA JAPONICA FLOWER EXTRACT,90131-19-4,
3997,HYDROLYZED VIOLA TRICOLOR EXTRACT,84012-42-0,
3998,TRICYCLODECANEDIMETHANOL DIACRYLATE,42594-17-2,
3999,LACTIS LIPIDA,,
4000,TRIISOCETYL CITRATE,93385-14-9,
4001,CALCIUM TITANATE,12049-50-2,
4002,SODIUM LEVULINATE,19856-23-6,
4003,FRAXINUS EXCELSIOR BARK EXTRACT,84625-28-5,
4004,OLIGOPEPTIDE-99 AMIDE,,
4005,TITHONIA DIVERSIFOLIA FLOWER EXTRACT,,
4006,PEG-3 TRIMETHYLOLPROPANE TRIACRYLATE,28961-43-5,
4007,RICE SH-POLYPEPTIDE-9,,
4008,PRUNUS PERSICA FLOWER POWDER,84012-34-0,
4009,ACETYL OCTAPEPTIDE-29 AMIDE,,
4010,SH-OLIGOPEPTIDE-83 AMIDE,,
4011,TETRAPEPTIDE-63 ACETATE,,
4012,FUCUS VESICULOSUS,,
4013,TETRAPEPTIDE-62,,
4014,SH-POLYPEPTIDE-39,,
4015,PELARGONIUM SIDOIDES CALLUS EXTRACT,,
4016,ERIGERON ANNUUS FLOWER EXTRACT,,
4017,PEONIFLORIN,23180-57-6,
4018,HOUTTUYNIA CORDATA FLOWER/LEAF/STEM WATER,164288-50-0,
4019,SMILAX CHINA BARK EXTRACT,90131-09-2,
4020,PEG-160M,25322-68-3,
4021,TOCOPHERYLOXYPROPYL TRISILOXANE,,
4022,POLYGONATUM MULTIFLORUM RHIZOME EXTRACT,,
4023,PHYLLOSTACHYS EDULIS LEAF/SHOOT EXTRACT,,
4024,DIPEPTIDE-28 NICOTINATE,,
4025,PISTACIA LENTISCUS LEAF CERA,90082-82-9,
4026,RASPBERRY SEED OIL/TOCOPHERYL SUCCINATE AMINOPROPANEDIOL ESTERS,,
4027,SODIUM CARBOXYMETHYL DEXTRAN,39422-83-8,
4028,SYMPHORICARPOS ALBUS LEAF EXTRACT,,
4029,ALPINIA INTERMEDIA SEED WATER,,
4030,HEPTYLUNDECYL HYDROXYSTEARATE,,
4031,ANTHEMIS NOBILIS FLOWER WATER,84649-86-5,
4032,OSMANTHUS FRAGRANS LEAF EXTRACT,,
4033,DIMER DILINOLEYL BIS-LAUROYLGLUTAMATE/LAUROYLSARCOSINATE,,
4034,TETRACARBOXYMETHYL HEXANOYL DIPEPTIDE-12,,
4035,CRINUM ASIATICUM ROOT EXTRACT,93333-92-7,
4036,METHYL HYDROXYETHYLCELLULOSE,9032-42-2,
4037,SUCROSE BENZOATE/SUCROSE ACETATE ISOBUTYRATE COPOLYMER,,
4038,IRVINGIA GABONENSIS KERNEL BUTTER,192230-28-7,
4039,CLITORIA TERNATEA FRUIT EXTRACT,,
4040,C5-6 OLEFIN/C8-10 NAPHTHA OLEFIN COPOLYMER,,
4041,AMINOPROPYL CALCIUM POLYSILSESQUIOXANE CHLORIDE,,
4042,PARAXANTHINE,611-59-6,
4043,TINOSPORA CORDIFOLIA STEM POWDER,90131-61-6,
4044,ULMUS CAMPESTRIS BARK EXTRACT,,
4045,USTILAGO ESCULENTA/ZIZANIA LATIFOLIA STEM FERMENT EXTRACT,,
4046,OLIGOPEPTIDE-87,,
4047,AMMONIUM CHLORIDE,12125-02-9,
4048,SAGERETIA THEEZANS BRANCH/LEAF EXTRACT,,
4049,NELUMBO NUCIFERA LEAF/OROSTACHYS JAPONICA EXTRACT,,
4050,HAZELNUT SEED OIL PEG-8 ESTERS,,
4051,PRUNELLA VULGARIS,90105-92-3,
4052,SUCCINOYL HYDROLYZED CONCHIOLIN PROTEIN,,
4053,CAPSAICINYL SUCCINOYL TRIPEPTIDE-35,,
4054,ENTEROCOCCUS FAECIUM/SAURURUS CHINENSIS EXTRACT FERMENT FILTRATE,,
4055,ASCORBYL ISOSTEARATE,,
4056,SH-HEPTAPEPTIDE-13,,
4057,LACTOBACILLUS/ALOE BARBADENSIS LEAF/LIQUIDAMBAR STYRACIFLUA FERMENT FILTRATE,,
4058,ARBUTUS UNEDO LEAF CELL EXTRACT,,
4059,CIMICIFUGA SIMPLEX ROOT EXTRACT,,
4060,COBAMAMIDE,13870-90-1,
4061,LARIX DECIDUA FLOWER EXTRACT,90046-19-8,
4062,SACCHAROMYCES/LINSEED OIL FERMENT FILTRATE,,
4063,HIMANTHALIA ELONGATA POWDER,223751-70-0,
4064,ACACIA SEYAL GUM EXTRACT,,
4065,LACTOBACILLUS/SPIRULINA FERMENT FILTRATE,,
4066,SECALE CEREALE PHYTOPLACENTA EXTRACT,90106-48-2,
4067,CASSIA ANGUSTIFOLIA LEAF,85187-05-9,
4068,COMMIPHORA MUKUL RESIN POWDER,93165-11-8,
4069,LACTOBACILLUS/ROYAL JELLY FERMENT FILTRATE,,
4070,CAPROOYL TETRAPEPTIDE-3 AMIDE,,
4071,DIISOSTEAROYL TRIMETHYLOLPROPANE SILOXY SILICATE,,
4072,SODIUM PALM KERNELATE,61789-89-7,
4073,FIBROIN/PEG-16/SODIUM ACRYLATE COPOLYMER,,
4074,SOPHORA JAPONICA FRUIT EXTRACT,90131-19-4,
4075,DIETHYL PALMITOYL ASPARTATE,3397-14-6,
4076,TRIETHYLENE GLYCOL DIBENZOATE,51747-38-7,
4077,TRIFLUOROACETYL TRIPEPTIDE-2,,
4078,SODIUM MA/VINYL ALCOHOL COPOLYMER,139871-83-3,
4079,TRICHOLOMA MAGNIVELARE EXTRACT,,
4080,DECAPEPTIDE-41,,
4081,BIOTIN/FOLIC ACID/CYANOCOBALAMIN/NIACINAMIDE/PANTOTHENIC ACID/PYRIDOXINE/RIBOFLAVIN/THIAMINE/YEAST POLYPEPTIDES,,
4082,SHARK LIVER OIL,68990-63-6,
4083,GLYCERYL ABIETATE,1337-89-9,
4084,KOCHIA SCOPARIA FRUIT EXTRACT,,
4085,ASPERGILLUS/CENTELLA ASIATICA LEAF/STEM EXTRACT/SWIFTLET NEST EXTRACT FERMENT FILTRATE,,
4086,ETHYLENE/ETHYLIDENE NORBORNENE/PROPYLENE COPOLYMER,,
4087,SODIUM STEARATE,822-16-2,
4088,ACRYLATES/C26-28 OLEFIN COPOLYMER,940912-27-6,
4089,PEG-8 GLYCERYL TRILAURATE,,
4090,ORYZA SATIVA LEES EXTRACT,68553-81-1,
4091,AGRIMONIA EUPATORIA LEAF EXTRACT,84775-40-6,
4092,HEXYL KETOGLUTARATE ESTERS,,
4093,POLY(C30-45 OLEFIN),,
4094,NIGELLA DAMASCENA COTYLEDON EXTRACT,90064-31-6,
4095,HYDROLYZED PROANTHOCYANIDIN,,
4096,PHYLLOSTACHYS PUBESCENS SAP,,
4097,GLYCERYL STEARATE SUCCINATE,102036-75-9,
4098,OLIGOPEPTIDE-143,,
4099,C40-60 ALKYL STEARATE,223239-93-8,
4100,EUGLENA/OLEIC ACID FERMENT,,
4101,C18-22 ALKYL PEG-25 METHACRYLATE/DIETHYLAMINOETHYL METHACRYLATE COPOLYMER,,
4102,POTASSIUM COCOYL BARLEY AMINO ACIDS,,
4103,CURCUMA LONGA CALLUS CULTURE CONDITIONED MEDIA,,
4104,PANDANUS ODORATISSIMUS BRACT EXTRACT,,
4105,RETINOYL PULLULAN,,
4106,AMMONIUM POLYACRYLOYLDIMETHYL TAURATE,62152-14-1,
4107,TENACIBACULUM JEJUENSE/OAT BRAN EXTRACT/VOLCANIC ASH EXTRACT FERMENT FILTRATE,,
4108,GLEDITSIA JAPONICA FRUIT EXTRACT,,
4109,POPULUS NIGRA FLOWER EXTRACT,84650-39-5,
4110,(GRIFOLA FRONDOSA/ INONOTUS OBLIQUUS / SCHIZOPHYLLUM COMMUNE/ TRICHOLOMA MATSUTAKE) MYCELIUM /LETHARIELLA CLADONIOIDES FERMENT EXTRACT FILTRATE,,
4111,HELIANTHUS ANNUUS SEED CERA,68937-99-5,
4112,CORDYCEPS MILITARIS/PRUNUS MUME FRUIT/SUCROSE FERMENT FILTRATE,,
4113,PRUNUS AMYGDALUS DULCIS BUD EXTRACT,90320-37-9,
4114,SH-POLYPEPTIDE-101,,
4115,CASSIA ITALICA LEAF POWDER,85085-71-8,
4116,CHAMOMILLA RECUTITA FLOWER/LEAF/STEM EXTRACT,84082-60-0,
4117,HUMAN OOCYTE LYSATE,,
4118,LACTOBACILLUS FERMENT LYSATE FILTRATE,,
4119,POLYSILICONE-31,1620834-82-3,
4120,C26-54 OLEFIN,,
4121,MAGNESIUM CARBOXYMETHYL BETA-GLUCAN,1409932-89-3,
4122,HYDROGENATED SOY POLYGLYCERIDES/SOYAMIDE DEA,,
4123,ANGOROSIDE C,115909-22-3,
4124,BIS-STEAROXYETHYL DIMETHICONE,,
4125,HEXYLDECYL HEXYLDECANOATE,,
4126,TETRAPEPTIDE-15,,
4127,OLEOYLOXYPHENOXY PROPIONIC ACID,,
4128,PEG-30 GLYCERYL TRIOLEATE,68958-64-5,
4129,TITANIUM DIOXIDE,13463-67-7,
4130,BARLEY SPROUT/SUCROSE FERMENT,,
4131,C21-28 ALKANE,64742-55-8,
4132,HYDROLYZED CAMELLIA SINENSIS LEAF,,
4133,BRACHIARIA MUTICA POWDER,,
4134,PEG-60 HYDROGENATED CASTOR OIL TRIISOSTEARATE,,
4135,ALPINIA URAIENSIS LEAF WATER,,
4136,METHOXY PEG-13 ETHYL POLYSILSESQUIOXANE,,
4137,SODIUM ACRYLATE/SODIUM ACRYLOYLDIMETHYL TAURATE/ACRYLAMIDE COPOLYMER,,
4138,CARTHAMUS TINCTORIUS FLOWER/VITIS VINIFERA FRUIT/(CAMELIA SINENSIS/DIOSPYROS KAKI) LEAF/POLYGONUM CUSPIDATUM ROOT/CASTANEA CRENATA SHELL/COFFEA ARABICA SEED WATER,,
4139,PLINIA CAULIFLORA FRUIT EXTRACT,,
4140,CALCIUM STARCH OCTENYLSUCCINATE,,
4141,METHOXYPROPYLGLUCONAMIDE,126094-21-1,
4142,PETASITES JAPONICUS LEAF EXTRACT,91845-41-9,
4143,HYDROLYZED PASSIFLORA ALATA FRUIT,,
4144,ETHYLHEXYL STEAROYL POLYHYDROXYSTEARATE,1423155-00-3,
4145,SORGHUM BICOLOR LEAF/STEM EXTRACT,,
4146,PYROCYSTIS NOCTILUCA EXTRACT,,
4147,SODIUM PHENYLACETYL ISOGLUTAMINE,128932-51-4,
4148,DIHYDROCHOLESTERYL OCTYLDECANOATE,,
4149,MONASCUS/LETTUCE ROOT/SOYBEAN FERMENT FILTRATE,,
4150,SR-CAT POLYPEPTIDE-1,,
4151,LACTOBACILLUS/GLYCERIN/HYDROLYZED SOY PROTEIN/CATHARANTHUS ROSEUS SEED/YEAST EXTRACT FERMENT,,
4152,ROSA CANINA FRUIT/FLOWER EXTRACT,,
4153,POLOXAMER 338/PPG-51/SMDI COPOLYMER,,
4154,PORTULACA GRANDIFLORA EXTRACT,,
4155,UREA,57-13-6,
4156,NEOPENTYL GLYCOL DIPELARGONATE,15834-05-6,
4157,PLUMBAGO ZEYLANICA FLOWER EXTRACT,92202-07-8,
4158,PEG-7 COCOGLYCERIDES,,
4159,TRIDECYL COCOATE,,
4160,APIUM GRAVEOLENS CALLUS EXTRACT,,
4161,CYCLODEXTRIN HYDROXYPROPYLTRIMONIUM CHLORIDE,,
4162,IODIZED GARLIC,,
4163,HYGROPHILA RINGENS SEED,,
4164,ABRUS FRUTICULOSUS ROOT EXTRACT,,
4165,NEPHELIUM LONGANA SEED EXTRACT,,
4166,HALOBACTERIUM FERMENT LYSATE EXTRACT,,
4167,PSIDIUM GUAJAVA FRUIT EXTRACT,91770-12-6,
4168,PENTAERYTHRITYL ISOSTEARATE/CAPRATE/CAPRYLATE/ADIPATE,,
4169,PROPANEDIOL DICAPRYLATE/CAPRATE,,
4170,COCONUT OIL MIPA AMIDES,68333-82-4,
4171,HYDROLYZED CARROT EXTRACT,,
4172,HYDROGENATED LARD GLYCERIDE,91744-55-7 / 8040-05-9,
4173,HYDROLYZED CAMELLIA SINENSIS SEED EXTRACT,,
4174,RUBUS IDAEUS CALLUS POWDER,,
4175,AMMONIUM LACTATE,515-98-0,
4176,ACETYL CYCLOHEXAPEPTIDE-34,,
4177,ALOE MACULATA LEAF EXTRACT,,
4178,WHEAT GERMAMIDE DEA,124046-39-5,
4179,HYDROGENATED MILK LIPIDS,,
4180,PERSEA GRATISSIMA STEROLS,8024-32-6,
4181,MACLURA AURANTIACA WOOD EXTRACT,,
4182,ALUMINUM MYRISTATE,4040-50-0,
4183,TETRAMETHYL PYRAZOLYLPYRIMIDINE HCL,471264-17-2,
4184,TARAXACUM OFFICINALE JUICE,68990-74-9,
4185,PHELLINUS LINTEUS/INONOTUS OBLIQUUS EXTRACT FERMENT WATER,,
4186,SILANETRIOL MELANINATE,,
4187,PALMITOYL TRIPEPTIDE-7 HCL,,
4188,BLETILLA STRIATA ROOT EXTRACT,,
4189,ELAEIS GUINEENSIS FRUIT EXTRACT,8023-79-8,
4190,ISOSTEARYL LACTATE,42131-28-2,
4191,ACETYL HEXAPEPTIDE-30,,
4192,OXALIS ACETOSELLA EXTRACT,,
4193,KYOUNIN YU,,
4194,LATHYRUS JAPONICUS EXTRACT,,
4195,TRIISOSTEAROYL POLYGLYCERYL-3 DIMER DILINOLEATE,,
4196,PEG-20 HYDROGENATED CASTOR OIL TRIISOSTEARATE,188734-82-9,
4197,PIMPINELLA SAXIFRAGA FLOWER/LEAF/STEM EXTRACT,85085-62-7,
4198,ACETYL HEXAPEPTIDE-24,,
4199,HYDROGENATED DIDODECENE,151006-61-0,
4200,DONKEY MILK,,
4201,MYRISTYL SALICYLATE,19666-17-2,
4202,VIOLA YEDOENSIS EXTRACT,223748-87-6,
4203,SODIUM PIPERAZINOETHYL LINOLEATE ETHYLSULFONATE,457064-49-2,
4204,RHODODENDRON YEDOENSE BRANCH/LEAF EXTRACT,,
4205,POTASSIUM FRUCTOBORATE,,
4206,BACILLUS/ROSEMARY LEAF/SOYBEAN FERMENT EXTRACT FILTRATE,,
4207,CETYL DIMETHICONE PEG-7 ACETATE,,
4208,POLYGLYCERYL-6 SCLEROCARYA BIRREA SEEDATE,,
4209,THEOPHYLLINE,58-55-9,
4210,POLYQUATERNIUM-37,26161-33-1,
4211,ISOCETYL LINOLEOYL STEARATE,,
4212,CELLULOSE ACETATE PROPIONATE,9004-39-1,
4213,DECAPEPTIDE-39,,
4214,FORSYTHIA KOREANA FLOWER EXTRACT,,
4215,ISOPROPYL TALLOWATE,92456-96-7,
4216,CALCIUM POTASSIUM CARBOMER,,
4217,DIBUTYL ADIPATE,105-99-7,
4218,SALICYLOYL DECAPEPTIDE-10,,
4219,SOPHORA JAPONICA BRANCH EXTRACT,,
4220,BUTEA SUPERBA EXTRACT,,
4221,STYRENE/STEARYL METHACRYLATE CROSSPOLYMER,91838-84-5,
4222,BEHENYL ALCOHOL,661-19-8,
4223,POTASSIUM NICOTINOYL ALANYL GLUTAMINE,,
4224,SODIUM STEAROXY PG-HYDROXYETHYLCELLULOSE SULFONATE,,
4225,MELISSA OFFICINALIS SEED OIL,84082-61-1 / 8014-71-9,
4226,C12-13 PARETH-1,,
4227,MONOGLYCERIDES SUCCINATE,,
4228,HYDROLYZED CUCUMBER FRUIT,89998-01-6,
4229,PUERARIA MIRIFICA ROOT EXTRACT,,
4230,ACER SACCHARUM SAP EXTRACT,,
4231,BIS-ADAMANTYL PEG-800 DICARBOXAMIDE,,
4232,BIS-ETHYLHYDROXYCYCLOHEXYL METHACRYLATE DIMETHICONE,,
4233,SODIUM BUTYROYL/FORMOYL HYALURONATE,100201-66-0,
4234,POLYETHYLACRYLATE,9003-32-1,
4235,DIOSCOREA OPPOSITIFOLIA ROOT,,
4236,HALIMEDA BIKINIENSIS CALLUS CULTURE EXTRACT,,
4237,POLYGLYCERYL-6 BEHENATE,,
4238,ACHILLEA MILLEFOLIUM FLOWER/LEAF/STEM JUICE,84082-83-7,
4239,MARSDENIA CUNDURANGO BARK EXTRACT,84787-66-6,
4240,TRICYCLODECANEMETHYL NEOPENTANOATE,1550167-35-5,
4241,POLYDIMETHYLSILOXY PEG/PPG-24/19 BUTYL ETHER SILSESQUIOXANE,68554-65-4,
4242,RHUS JAVANICA FRUIT EXTRACT,,
4243,PPG-69,25322-69-4,
4244,HYDROLYZED FUCUS VESICULOSUS EXTRACT,84696-13-9 / 100085-36-7,
4245,ETHOXYDIGLYCOL BEHENATE,,
4246,CAMELLIA JAPONICA SEEDCOAT POWDER,,
4247,PEG-30 GLYCERYL SOYATE,,
4248,RHEUM RHAPONTICUM ROOT EXTRACT,90106-29-9,
4249,ACETYL ZINGERONE,30881-23-3,
4250,PIPER BETLE LEAF POWDER,,
4251,SORBETH-2 HEXALAURATE,,
4252,POLYDIALLYL PHTHALATE,25053-15-0,
4253,OLEOSTEARINE,91723-27-2,
4254,HYDROLYZED MYTILUS EDULIS BYSSUS,94465-78-8,
4255,BERGENIA CRASSIFOLIA ROOT EXTRACT,,
4256,AMINOBUTYROYL HEXAPEPTIDE-8 AMIDE,,
4257,ODONTELLA AURITA OIL,,
4258,DRACAENA SANDERIANA LEAF/STEM EXTRACT,,
4259,HYDROGENATED FARNESENE/C10-16 OLEFIN COPOLYMER,1481694-12-5,
4260,SODIUM ACETYL CYSTEINATE,19542-74-6,
4261,BACILLUS/SARGASSUM MUTICUM FERMENT EXTRACT FILTRATE,,
4262,CROTON GLABELLUS BARK EXTRACT,84836-99-7,
4263,HYDROLYZED JOJOBA SEED EXTRACT,,
4264,HAMAMELIS VIRGINIANA BARK/LEAF/TWIG EXTRACT,84696-19-5,
4265,BIS-HEMA POLY(1‚4-BUTANEDIOL)-14/IPDI COPOLYMER,,
4266,SUCROSE PENTAHYDROXYSTEARATE,,
4267,NEOLENTINUS LEPIDEUS/STACHYS RIEDERI ROOT EXTRACT FERMENT FILTRATE,,
4268,NEMATODE RH-POLYPEPTIDE-47,,
4269,GLYCERETH-6 TRIOLEATE,,
4270,HALOMONAS ELONGATA FERMENT FILTRATE,,
4271,C11-15 PARETH-3 STEARATE,68891-25-8,
4272,METHYLMETHIONINE,4727-40-6,
4273,AZELOYL DIETHYL SALICYLATE,207972-39-2,
4274,HARPAGOSIDE,19210-12-9,
4275,HEXAPEPTIDE-51,,
4276,DIETHYL ADIPATE,141-28-6,
4277,ISOPROPYL HYDROXYSTEARATE,,
4278,BETA-SITOSTERYL ACETATE,915-05-9,
4279,TRIETHYLAMINE,121-44-8,
4280,SPHINGOMONAS FERMENT EXTRACT,,
4281,LAURUS NOBILIS LEAF WATER,94603-73-6,
4282,PALMITOYL OCTAPEPTIDE-24,,
4283,PHASEOLUS ACONITIFOLIUS SEED EXTRACT,,
4284,ERYNGIUM MARITIMUM CALLUS CULTURE FILTRATE,,
4285,LOLIUM PERENNE FLOWER EXTRACT,,
4286,ALCHEMILLA ALPINA EXTRACT,90320-27-7,
4287,SACCHAROMYCES/ALLIUM SATIVUM BULB FERMENT FILTRATE,,
4288,AESCULUS HIPPOCASTANUM FRUIT POWDER,8053-39-2,
4289,ZIZIPHUS JUJUBA SEED EXTRACT,,
4290,AZELAOYL BIS-DIPEPTIDE-10,,
4291,ALEURITIC ACID,6949-98-0,
4292,CELLULOSE ACETATE PHTHALATE,,
4293,OCTAPEPTIDE-29 TRIFLUOROACETATE,,
4294,ADENOPHORA STRICTA ROOT EXTRACT,,
4295,LACTOBACILLUS/SACCHAROMYCES/GLUCOSE/CABBAGE LEAF/LETTUCE LEAF/GARLIC LEAF/PERILLA FRUTESCENS LEAF/BRASSICA RAPA CHINENSIS/BRASSICA RAPA PERUVIRIDIS/CARROT ROOT/GINGER ROOT/CUCUMBER FRUIT/MELON FRUIT/WATERMELON FRUIT/CAPSICUM ANNUUM FRUIT/CITRUS HASSAKU FRUIT/CITRUS JUNOS FRUIT/LEMON FRUIT/CAULIFLOWER/PEACH FRUIT/CITRUS SALICINA FRUIT/SWEET CHERRY FRUIT/FIG FRUIT/LENTINUS EDODES/ASPARAGUS STEM/ BRASSICA RAPA PEKINENSIS LEAF/CHRYSANTHEMUM CORONARIUM/CRYPTOTAENIA JAPONICA/BRUSSELS SPROUTS/CELERY/RAPHANUS SATIVUS/TURNIP ROOT/ RADISH/TOMATO FRUIT/PINEAPPLE FRUIT/HIBISCUS ESCULENTUS FRUIT/CITRUS UNSHIU FRUIT/TANGERINE FRUIT/CITRUS NATSUDAIDAI FRUIT/BROCCOLI FLOWER/APPLE FRUIT/PEAR FRUIT/GRAPE FRUIT/ERIOBOTRYA JAPONICA FRUIT/HYPSIZIGUS MARMOREUS/FLAMMULINA VELUTIPES/STRAWBERRY FRUIT/UNDARIA PINNATIFIDA/LAMINARIA JAPONICA FERMENT FILTRATE,,
4296,LUFFA CYLINDRICA LEAF EXTRACT,,
4297,BACILLUS/MONASCUS/PERILLA OCYMOIDES SPROUT/RICE BRAN FERMENT FILTRATE,,
4298,OXYMETHYLENE/MELAMINE COPOLYMER,9003-08-1,
4299,SACCHAROMYCES/HEXAPEPTIDE-11 FERMENT FILTRATE EXTRACT,,
4300,METHYL EPOXIDIZED SOYATE,68082-35-9,
4301,MORAY EEL OIL,,
4302,COUMAROYL SH-PENTAPEPTIDE-5,,
4303,HYDROGENATED PALM GLYCERIDES CITRATE,91744-68-2,
4304,DIISODECYL ADIPATE,27178-16-1,
4305,PENTAERYTHRITYL TETRABEHENATE,61682-73-3,
4306,PALM OIL POLYGLYCERYL-3 ESTERS,,
4307,TEA-HYDROIODIDE,7601-53-8,
4308,STEARYL/OCTYLDODECYL CITRATE CROSSPOLYMER,,
4309,HYDROGENATED POLY(C6-20 OLEFIN),69430-35-9,
4310,ASPERGILLUS/WALNUT SEED/PEACH SEED/APRICOT SEED/PRUNUS MUME SEED FERMENT FILTRATE,,
4311,TETRAPEPTIDE-38,,
4312,ANTI-COLLAGENASE-1 MOUSE MONOCLONAL ANTIBODY,,
4313,FABIANA IMBRICATA LEAF/STEM EXTRACT,90028-69-6,
4314,PUERARIA THUNBERGIANA ROOT EXTRACT,,
4315,NIACINAMIDE LACTATE,,
4316,EUPATORIUM AYAPANA EXTRACT,,
4317,DIOSCOREA JAPONICA ROOT EXTRACT,,
4318,APIUM GRAVEOLENS STEM EXTRACT,89997-35-3,
4319,POLYGLYCERYL-6 STEARATE,95461-65-7,
4320,CINNAMOMUM CAMPHORA LINALOOLIFERA LEAF OIL,,
4321,SODIUM ACRYLATES/VINYL ISODECANOATE CROSSPOLYMER,,
4322,CYATHEA CUMINGII LEAF EXTRACT,,
4323,ACETYL SH-TETRAPEPTIDE-1,,
4324,CASTOR OIL BENZOATE,225927-34-4,
4325,PALMITOYL DECAPEPTIDE-21,,
4326,ACRYLIC ACID/ISOPROPYLACRYLAMIDE/MIBK ACRYLAMIDE CROSSPOLYMER,,
4327,PHTHALIC ANHYDRIDE/GLYCERIN/GLYCIDYL DECANOATE COPOLYMER,,
4328,ACETYL TETRAPEPTIDE-40,,
4329,MILK,8049-98-7,
4330,POTASSIUM LINOLEATE,3414-89-9,
4331,TANGERITIN,481-53-8,
4332,PAEONIA LACTIFLORA BARK/SAP EXTRACT,,
4333,CITRUS LIMON (LEMON)/FUCUS SERRATUS EXTRACT,,
4334,TRICHILIA EMETICA SEED BUTTER,,
4335,S-METHANOCALDOCOCCUS JANNASCHII HEPTAPEPTIDE-1,,
4336,KLUYVEROMYCES/LACTOBACILLUS/LACTOCOCCUS/LEUCONOSTOC/SACCHAROMYCES MILK FERMENT FILTRATE,,
4337,MAGNESIUM LANOLATE,85005-40-9,
4338,GERAEA CANESCENS FLOWER EXTRACT,,
4339,DIETHYLHEXYLCYCLOHEXANE,84753-08-2 / 100182-46-5,
4340,SACCHAROMYCES/GRAPE FRUIT/SEED/STALK FERMENT EXTRACT,,
4341,SODIUM BUTYROYL HYALURONATE,942471-70-7,
4342,VITIS COIGNETIAE SAP,,
4343,OLIGOPEPTIDE-127 RH-OLIGOPEPTIDE-4,,
4344,DODECENYL STEARYLSUCCINAMIDE,,
4345,CENTIPEDA CUNNINGHAMII EXTRACT,,
4346,ACETYL HISTIDINE,2407-02-1 / 39145-52-3,
4347,OCTYLDODECYL OLEATE,22801-45-2,
4348,EQUISETUM HYEMALE LEAF/STEM EXTRACT,,
4349,TRIOLEYL CITRATE,175831-77-3,
4350,HYDROLYZED ANNONA CHERIMOLA FRUIT EXTRACT,98653-82-8,
4351,COCOYL METHYL BETA-ALANINE,143476-08-8,
4352,COCO-CAPRYLATE/CAPRATE,,
4353,PEG-10 GLYCERYL TRIISOSTEARATE,,
4354,TRISODIUM RESVERATROL TRIPHOSPHATE,783306-37-6,
4355,DODONAEA MICROZYGA LEAF/STEM EXTRACT,,
4356,OCTAPEPTIDE-20 AMIDE,,
4357,MILKAMIDOPROPYL BETAINE,188550-53-0,
4358,CETYL C12-15 PARETH-8 CARBOXYLATE,,
4359,POLYGLYCERYL-10 HEPTACAPRYLATE,,
4360,ACRYLAMIDE/SODIUM ACRYLATE COPOLYMER,25085-02-3,
4361,DIETHYLHEXYL MALEATE,142-16-5,
4362,CAPRYLIC/CAPRIC/CAMELLIA SINENSIS LEAF EXTRACT ESTERS,,
4363,CALENDULA OFFICINALIS CALLUS EXTRACT,84776-23-8,
4364,PENTAERYTHRITYL TETRAUNDECYLENATE,101927-77-9,
4365,SACCHAROMYCES/MARIS SAL FERMENT,,
4366,OLIGOPEPTIDE-63,,
4367,ZINC ROSINATE,9010-69-9,
4368,DIPENTAERYTHRITYL PENTAISOSTEARATE,,
4369,HYDROGENATED PISTACIA VERA SEED OIL,68334-28-1,
4370,VITIS VINIFERA FRUIT WATER,85594-37-2 / 84929-27-1,
4371,SODIUM ACRYLOYLDIMETHYLTAURATE CROSSPOLYMER,,
4372,SUNFLOWER OIL DECYL ESTERS,,
4373,CENTELLA ASIATICA LEAF CELL CULTURE EXTRACT,84696-21-9,
4374,SD ALCOHOL 36,,
4375,TRISODIUM CHLORIN E6,72984-36-2,
4376,MACHILUS JAPONICA BRANCH/LEAF EXTRACT,,
4377,ISODECETH-2 COCOATE,,
4378,QUERCUS ACUTA BRANCH/LEAF EXTRACT,,
4379,BUDDLEJA DAVIDII LEAF CELL CULTURE EXTRACT,94465-67-5,
4380,ANGELICA KOREANA ROOT EXTRACT,,
4381,LAURETH-2 BENZOATE,,
4382,FRITILLARIA VERTICILLATA BULB EXTRACT,,
4383,METHYL UNDECYLENOYL DIPEPTIDE-16,,
4384,ACACIA DEALBATA LEAF EXTRACT,165800-52-2,
4385,POTASSIUM MAGNESIUM ASPARTATE,67528-13-6,
4386,DIETHYLHEXYL IPDI,185568-15-4,
4387,BIS-PEG-1 DIMETHICONE/PPG-26/IPDI COPOLYMER,,
4388,GERANIUM THUNBERGII FLOWER/LEAF/STEM EXTRACT,,
4389,TRITICUM-SECALE CEREALE SEED EXTRACT,,
4390,PALMITOYL TETRAPEPTIDE-50,,
4391,LAVANDULA ANGUSTIFOLIA FLOWER/LEAF/STEM WATER,,
4392,NONAPEPTIDE-27 AMIDE,,
4393,GLYCINE MAX SPROUT EXTRACT,,
4394,CARAPA PROCERA SEED OIL,1053241-46-5,
4395,RICE RH-OLIGOPEPTIDE-2,,
4396,CAPRYLOYLOXYPALMITOYL CAPRYLOYLOXYPALMITAMIDE MEA,1597432-40-0,
4397,OLIGOPEPTIDE-107 SH-OLIGOPEPTIDE-1,,
4398,GLYCERETH-26 CAPRYLATE,,
4399,GLUCURONIC ACID,576-37-4,
4400,MYRISTOYL TRIPEPTIDE-31,,
4401,CLAY,,
4402,CHOLESTERYL GLUCOSIDE,,
4403,SIDERITIS HYSSOPIFOLIA FLOWER/LEAF/STEM EXTRACT,,
4404,GLYCOL/BUTYLENE GLYCOL MONTANATE,,
4405,SH-POLYPEPTIDE-74,,
4406,CHLAMYDOCAPSA EXTRACT,,
4407,STEARYL ALCOHOL,112-92-5,
4408,POPULUS ALBA BARK EXTRACT,84604-05-7,
4409,GLYCERYL OLIVATE,,
4410,HUMAN BLOOD/FIBROBLAST INDUCED PLURIPOTENT CELL CULTURE CONDITIONED MEDIA,,
4411,CHOUJI YU,,
4412,VP/DIMETHYLAMINOETHYLMETHACRYLATE/POLYCARBAMYL POLYGLYCOL ESTER,,
4413,TRIDECYL NEOPENTANOATE,,
4414,LITHIUM OXIDIZED POLYETHYLENE,,
4415,VACCINIUM ANGUSTIFOLIUM FRUIT JUICE,,
4416,LACTOBACILLUS/SACCHAROMYCES/GLUCOSE/CABBAGE LEAF/LETTUCE LEAF/GARLIC LEAF/PERILLA FRUTESCENS LEAF/BRASSICA RAPA CHINENSIS/BRASSICA RAPA PERUVIRIDIS/CARROT ROOT/GINGER ROOT/CUCUMBER FRUIT/MELON FRUIT/WATERMELON FRUIT/CAPSICUM ANNUUM FRUIT/CITRUS HASSAKU FRUIT/CITRUS JUNOS FRUIT/LEMON FRUIT/CAULIFLOWER/PEACH FRUIT/CITRUS SALICINA FRUIT/SWEET CHERRY FRUIT/FIG FRUIT/LENTINUS EDODES/ASPARAGUS STEM/ BRASSICA RAPA PEKINENSIS LEAF/CHRYSANTHEMUM CORONARIUM/CRYPTOTAENIA JAPONICA/BRUSSELS SPROUTS/CELERY/RAPHANUS SATIVUS SPROUT/TURNIP ROOT/ RADISH/TOMATO FRUIT/PINEAPPLE FRUIT/HIBISCUS ESCULENTUS FRUIT/CITRUS UNSHIU FRUIT/TANGERINE FRUIT/CITRUS NATSUDAIDAI FRUIT/BROCCOLI FLOWER/APPLE FRUIT/PEAR FRUIT/GRAPE FRUIT/ERIOBOTRYA JAPONICA FRUIT/HYPSIZIGUS MARMOREUS/FLAMMULINA VELUTIPES/STRAWBERRY FRUIT/UNDARIA PINNATIFIDA/LAMINARIA JAPONICA FERMENT FILTRATE,,
4417,RICINODENDRON RAUTENENII SEED OIL,,
4418,HYDROGENATED MINK OIL,,
4419,CAFFEINE,58-08-2,
4420,BASSIA LATIFOLIA SEED BUTTER,,
4421,POTATO STARCH DODECENYLSUCCINATE,,
4422,T-BUTYLCHROMENAMIDO FLUOROBENZYL METHANESULFONAMIDE,,
4423,TRIISOTRIDECYL TRIMELLITATE,72361-35-4,
4424,BACILLUS/GLUTAMIC ACID FERMENT FILTRATE,,
4425,PEG-42 MUSHROOM GLYCERIDES,,
4426,CENTELLA ASIATICA MERISTEM CELL CULTURE EXTRACT,,
4427,LACTOBACILLUS/RHUS SEMIALATA GALL EXTRACT FERMENT,,
4428,HYDROLYZED ERUCA SATIVA LEAF,,
4429,HYDROLYZED FORSYTHIA VIRIDISSIMA FRUIT/(ANGELICA ACUTILOBA/CIMICIFUGA DAHURICA/GLYCYRRHIZA GLABRA (LICORICE)/PAEONIA LACTIFLORA/PLATYCODON GRANDIFLORUS/PUERARIA LOBATA) ROOT EXTRACT,,
4430,TRIMETHYLSILYLAMODIMETHICONE,,
4431,BIS-VINYLDIMETHICONE/PEG-10 DIMETHICONE CROSSPOLYMER,,
4432,C12-17 ALKANE,,
4433,QUERCUS GLAUCA BRANCH/LEAF EXTRACT,,
4434,NAUCLEA ORIENTALIS CALLUS EXTRACT,,
4435,ETHYLHEXYLOXYGLYCERYL PALMITATE,53890-13-4,
4436,PNA-7 CARBOXYETHYL FLUORENE,,
4437,HDI/DI-C12-14 ALKYL TARTRATE/HYDROGENATED DILINOLEYL ALCOHOL COPOLYMER,1268856-56-9,
4438,FUMARIA OFFICINALIS FLOWER/LEAF/STEM EXTRACT,84625-41-2,
4439,SORBARIA SORBIFOLIA BARK/LEAF EXTRACT,,
4440,GOSSYPIUM HERBACEUM,,
4441,ALBATRELLUS OVINUS EXTRACT,,
4442,JOJOBA OIL/CAPRYLIC/CAPRIC TRIGLYCERIDE ESTERS,,
4443,S-VIPER CYSTEINE-RICH VENOM PROTEIN,,
4444,SACCHAROMYCES/PANAX GINSENG FLOWER FERMENT EXTRACT,,
4445,POLYGLYCERYL-2 ISOSTEARATE/DIMER DILINOLEATE COPOLYMER,,
4446,NELUMBO NUCIFERA GERM/(BRASSICA NAPUS/RHYNCHOSIA NULUBILIS/HORDEUM VULGARE/PERILLA OCYMOIDES/POLYGONUM FAGOPYRUM/TRITICUM VULGARE) SPROUT EXTRACT,,
4447,ETHYL BUTYLACETYLAMINOPROPIONATE,52304-36-6,
4448,ISOSTEARYL PCA,,
4449,HYMENAEA COURBARIL POD EXTRACT,9000-14-0,
4450,DEFINED CELL CULTURE MEDIA 4,,
4451,HYDROXYCETYL HYDROXYETHYLSTEARAMIDE,,
4452,ZINGIBER OFFICINALE LEAF CELL EXTRACT,,
4453,YUCCA ALOIFOLIA LEAF/ROOT EXTRACT,223748-88-7 / 90147-57-2,
4454,URTICA URENS FLOWER/LEAF/STEM EXTRACT,90131-83-2,
4455,TRIMETHYLOLPROPANE TRIETHYLHEXANOATE,26086-33-9,
4456,OXALIS TRIANGULARIS EXTRACT,,
4457,CAULOPHYLLUM THALICTROIDES RHIZOME/ROOT,84929-23-7,
4458,ISOMERIZED SAFFLOWER ACID,121250-47-3,
4459,HYDROXYPINACOLONE RETINOATE,,
4460,STIGMASTERYL NONANOATE,20242-95-9,
4461,BOUGAINVILLEA GLABRA FLOWER EXTRACT,223749-28-8,
4462,AZADIRACHTA INDICA LEAF EXTRACT,,
4463,PALM OIL GLYCERETH-8 ESTERS,,
4464,GALLSTONE,,
4465,ISOBORNYL DIPROPYLENE GLYCOL ETHERS,958872-63-4,
4466,CHITOSAN GLUTATHIONAMIDE,,
4467,DEFINED CELL CULTURE MEDIA 2,,
4468,LITHOSPERMUM OFFICINALE ROOT EXTRACT,90063-58-4,
4469,DAUCUS CAROTA SATIVA SEED OIL,8015-88-1 / 84929-61-3,
4470,HYDROLYZED ULVA LACTUCA EXTRACT,97281-59-9,
4471,SCHINUS MOLLE LEAF EXTRACT,,
4472,TULIPALIN B,38965-80-9,
4473,EQUISETUM ARVENSE JUICE,71011-23-9,
4474,CORN GLYCERIDES,85536-08-9,
4475,CITRUS LIMON FLOWER EXTRACT,,
4476,TULIPA KAUFMANNIANA BULB EXTRACT,,
4477,DISODIUM CETEARYL SULFOSUCCINATE,91697-07-3,
4478,RETINOYL TRIPEPTIDE-35,,
4479,INULIN,9005-80-5,
4480,REHMANNIA ELATA ROOT EXTRACT,,
4481,BRASSICA OLERACEA ACEPHALA POWDER,,
4482,ORYZA SATIVA GERM CELL CULTURE EXTRACT,,
4483,GALLOYL TETRAPEPTIDE-19,,
4484,TETRAPEPTIDE-5,,
4485,HYDROXYPROPYL BISPALMITAMIDE MEA,,
4486,METHOXY PEG-200 BETULIN,,
4487,HALOMONAS ANTICARIENSIS FERMENT EXTRACT FILTRATE,,
4488,DIMETHICONE/LAURYL DIMETHICONE/BIS-VINYLDIMETHICONE CROSSPOLYMER,,
4489,LUFFA OPERCULATA EXTRACT,90063-68-6,
4490,GUAR HYDROXYPROPYLTRIMONIUM CHLORIDE,65497-29-2,
4491,PEA PALMITATE,,
4492,HYDROLYZED TORULASPORA DELBRUEKII EXTRACT,,
4493,SASA VEITCHII LEAF POWDER,,
4494,CITRUS AURANTIUM AMARA LEAF/TWIG EXTRACT,68916-04-1 / 72968-50-4,
4495,BACILLUS/CINNAMOMUM CASSIA BARK/MOMORDICA CHARANTIA/OPUNTIA HUMIFUSA FRUIT/ALOE VERA/ARTEMISIA VULGARIS/CAMELLIA SINENSIS/NELUMBO NUCIFERA LEAF/PUERARIA THUNBERGIANA ROOT FERMENT FILTRATE,,
4496,AMMONIUM GLYCYRRHIZATE,53956-04-0,
4497,OROSTACHYS JAPONICA/SAURURUS CHINENSIS EXTRACT,,
4498,DIBUTYLHEXYL IPDI,185568-16-5,
4499,CHLORANTHUS JAPONICUS EXTRACT,,
4500,POLYSILICONE-17,,
4501,GLUTATHIONE PALMITAMIDE,,
4502,ISOOCTANOYL TETRAPEPTIDE-25,,
4503,ACETOXYANDROSTENEDIONE,61630-32-8,
4504,PHYSALIS PUBESCENS FRUIT EXTRACT,,
4505,TETRAPEPTIDE-40,,
4506,CHONDRUS CRISPUS,,
4507,RUBUS IDAEUS/URSINUS FRUIT JUICE EXTRACT,,
4508,BUTYL ACRYLATE/LAURYL METHACRYLATE/METHACRYLOYLOXYPROPYL DIMETHICONE COPOLYMER,,
4509,TOUHI EKISU,,
4510,HYDROGENATED POLYBUTADIENE/GLYCOL/HDI COPOLYMER,,
4511,PALMITOYL OCTAPEPTIDE-27 AMIDE,,
4512,PHLORIDZIN,60-81-1,
4513,CITRUS DEPRESSA PEEL POWDER,,
4514,MONASCUS/BRASSICA NAPUS SEED OIL FERMENT EXTRACT,,
4515,ASPERGILLUS/SACCHARUM OFFICINARUM STEM EXTRACT FERMENT FILTRATE,,
4516,SHEEP ADIPOSE STROMAL CELL CONDITIONED MEDIA,,
4517,KOUSOU,,
4518,SR-SILKWORM POLYPEPTIDE-1,,
4519,ASCOPHYLLUM NODOSUM/FUCUS VESICULOSUS/LAMINARIA CLOUSTONI/LAMINARIA DIGITATA EXTRACT,,
4520,PALMITOYL MYRISTYL SERINATE,,
4521,SACCHAROMYCES/BARLEY SEED FERMENT EXTRACT,,
4522,SH-OLIGOPEPTIDE-11,,
4523,RAPESEED OIL PEG-20 ESTERS,,
4524,LACTOBACILLUS/PAECILOMYCES JAPONICA MYCELIUM/PANAX GINSENG ROOT FERMENT FILTRATE,,
4525,HELICHRYSUM ORIENTALE FLOWER,,
4526,POLYSORBATE 20 DICINNAMATE,,
4527,KOCHIA SCOPARIA FRUIT POWDER,,
4528,PEG/PPG-55/28 DIMETHYL ETHER,,
4529,LACTOBACILLUS/SACCHAROMYCES/PICHIA ANOMALA/CAMELLIA SINENSIS LEAF EXTRACT/ARTEMISIA PRINCEPS LEAF EXTRACT/HONEY FERMENT FILTRATE,,
4530,PEG-3 GLYCERYL TRISTEARATE,41080-66-4,
4531,SMILAX LANCEFOLIA ROOT/STALK POWDER,,
4532,ZINGIBER OFFICINALE ROOT POWDER,84696-15-1,
4533,OLIVE OIL POLYGLYCERYL-6 ESTERS,,
4534,PALMITOYL SH-TRIPEPTIDE-3 AMIDE,,
4535,HYDROLYZED TRITICUM SPELTA STARCH,,
4536,METHOXY PEG-226 ETHYLAMINO POLY(LEUCINE/BENZYL GLUTAMATE),,
4537,ENTEROMORPHA COMPRESSA POWDER,,
4538,POLYACRYLATE CROSSPOLYMER-6,,
4539,ASPERGILLUS/AMARANTHUS HYPOCHONDRIACUS SEED FERMENT FILTRATE,,
4540,ETHYLHEXYL MEADOWFOAMATE,,
4541,RH-RICE EXTRACT,,
4542,OCTYLDODECYL LACTATE,57568-20-4,
4543,DICETYL ETHER,4113-12-6,
4544,APRICOT KERNEL OIL POLYGLYCERYL-10 ESTERS,,
4545,FUSANUS SPICATUS WOOD EXTRACT,,
4546,PLUMERIA OBTUSA LEAF CELL EXTRACT,,
4547,SILVER HYDROXIDE,12673-77-7,
4548,HYDROXYDECYL UBIQUINOYL DIPALMITOYL GLYCERATE,,
4549,SCHINZIOPHYTON RAUTANENII KERNEL OIL POLYGLYCERYL-6 ESTERS,,
4550,ANNONA MURICATA SEEDCAKE POWDER,,
4551,CORN OIL GLYCERETH-8 ESTERS,,
4552,SASA VEITCHII LEAF EXTRACT,,
4553,MELOTHRIA HETEROPHYLLA ROOT EXTRACT,,
4554,POLYURETHANE-63,,
4555,LILIUM CANDIDUM BULB EXTRACT,84776-67-0,
4556,LUFFA CYLINDRICA FRUIT/LEAF/STEM EXTRACT,,
4557,LYCIUM BARBARUM SEED OIL,85085-46-7,
4558,PEG-175 DISTEARATE,9005-08-7,
4559,TRIGONELLA FOENUM-GRAECUM FRUIT EXTRACT,84625-40-1,
4560,DIOSCOREA OPPOSITA ROOT EXTRACT,,
4561,BIS-HYDROXYETHOXYPROPYL DIMETHICONE,,
4562,LYSINAMIDO ORNITHINE,,
4563,ATTALEA SPECIOSA MESOCARP EXTRACT,,
4564,TRIGLYCERETH-7 CITRATE,,
4565,SODIUM FORMYLHIPPURATE TRIFLUOROACETYLISOBUTYL DIPEPTIDE-42 AMIDE,144055-55-0,
4566,FICUS INDICA LEAF EXTRACT,90082-21-6,
4567,SASA VEITCHII,,
4568,PYRUS MALUS FRUIT EXTRACT,85251-63-4,
4569,TRIHYDROXYSTEARIN,139-44-6,
4570,CIPADESSA BACCIFERA FLOWER/LEAF/STEM EXTRACT,,
4571,BACILLUS,,
4572,ENDOMYCES/AESCULUS HIPPOCASTANUM FERMENT FILTRATE,,
4573,SACCHARIDE ISOMERATE,100843-69-4,
4574,CITRUS AURANTIUM DULCIS LEAF EXTRACT,,
4575,ASPERGILLUS/RICE GERM FERMENT EXTRACT FILTRATE,,
4576,DITRIMETHYLOLPROPANE TETRASTEARATE,,
4577,TRIDECYL SALICYLATE,19666-16-1,
4578,HYDROLYZED GELIDIUM ELEGANS/GRACILARIA VERMICULOPHYLLA/GRACILARIA GIGAS/PTEROCLADIELLA CAPILLACEA/AHNFELTIA PLICATA EXTRACT,,
4579,GLYCERYL LAURATE DIACETATE,30899-62-8,
4580,SODIUM TETRAHYDROJASMONATE,,
4581,OLEA EUROPAEA HUSK OIL,8001-25-0,
4582,DIGLYCERIN/DILINOLEIC ACID/HYDROXYSTEARIC ACID COPOLYMER,,
4583,HEXAPEPTIDE-48,,
4584,HYDROLYZED HAZELNUT PROTEIN,,
4585,ADENINE,73-24-5,
4586,EQUISETUM ARVENSE/(ARNICA MONTANA/CHAMOMILLA RECUTITA) FLOWER EXTRACT,,
4587,ABIES HOMOLEPIS LEAF EXTRACT,,
4588,ASPERGILLUS/LACTOBACILLUS/ASTRAGALUS MEMBRANACEUS ROOT EXTRACT FERMENT FILTRATE,,
4589,OLIGOPEPTIDE-52,,
4590,ETHYL TURTLATE,,
4591,PAULOWNIA TOMENTOSA WOOD EXTRACT,,
4592,BUTYL STEARATE,123-95-5,
4593,TRIMETHYL PENTAPHENYL TRISILOXANE,3390-61-2 / 28855-11-0,
4594,PRUNUS AMYGDALUS DULCIS OIL,8007-69-0 / 90320-37-9,
4595,STRONTIUM CHLORIDE,10476-85-4,
4596,SD ALCOHOL 27-B,,
4597,ROSA RUGOSA FRUIT EXTRACT,92347-25-6,
4598,SH-OLIGOPEPTIDE-6,61512-76-3,
4599,JUNIPERUS COMMUNIS FRUIT/ROSMARINUS OFFICINALIS/SALVIA OFFICINALIS EXTRACT,,
4600,PICRASMA EXCELSA WOOD EXTRACT,84961-54-6,
4601,OCTYLDODECYL MYRISTATE,22766-83-2,
4602,ALUMINUM HYDROXY BIS-METHYLENE BIS-DI-T-BUTYLPHENYL PHOSPHATE,151841-65-5,
4603,TRIFOLIUM PRATENSE SYMBIOSOME EXTRACT,85085-25-2,
4604,PENTAERYTHRITYL COCOATE,,
4605,SALMO OVUM EXTRACT,94944-92-0,
4606,LACTOBACILLUS/CAMELLIA SINENSIS CATECHINS/GELIDIUM CRINALE/LAMINARIA JAPONICA/MONOSTROMA NITIDUM/RESVERATROL FERMENT FITRATE,,
4607,METHYL DIETHANOLAMINE,105-59-9,
4608,SACCHAROMYCES FERMENT FILTRATE,,
4609,PEG/PPG-5/10 TOCOPHERYL ETHER,,
4610,COENZYME A,85-61-0,
4611,HYDROLYZED FORSYTHIA VIRIDISSIMA FRUIT/ROOT EXTRACT,,
4612,CYCLOHEXYL PHENYLCARBAMATE,3770-95-4,
4613,ACETYL METHIONINE,1115-47-5 / 65-82-7,
4614,BACILLUS/MONASCUS/KRILL/SOYBEAN FERMENT FILTRATE,,
4615,ORYZA SATIVA CALLUS CULTURE EXTRACT,,
4616,VERMICULITE,1318-00-9,
4617,HYDROLYZED CANDIDA SAITOANA EXTRACT,,
4618,SALACIA MADAGASCARIENSIS ROOT EXTRACT,,
4619,LAURIC/PALMITIC/OLEIC TRIGLYCERIDE,,
4620,DITHIODIETHYL BIS-LACTAMIDE,168961-93-1,
4621,ASCORBYL CARBONYL DIPEPTIDE-17,,
4622,HYDROLYZED CHONDRUS CRISPUS EXTRACT,244023-79-8,
4623,FICUS CARICA FRUIT/LEAF EXTRACT,90028-74-3,
4624,LACTOYL PHYTOSPHINGOSINE,173840-43-2,
4625,RAYON,68442-85-3 / 61788-77-0,
4626,CUCURBITA PEPO GIROMONTIINA FRUIT EXTRACT,,
4627,POLYGONUM TINCTORIUM LEAF/STEM EXTRACT,,
4628,SUNFLOWER SEED OIL POLYGLYCERYL-5 ESTERS,,
4629,PICRASMA QUASSIOIDES FRUIT EXTRACT,94167-08-5,
4630,PSOPHOCARPUS TETRAGONOLOBUS ROOT EXTRACT,,
4631,ROSA HYBRID OVARY EXTRACT,93062-88-5,
4632,CURCUMA ZEDOARIA ROOT POWDER,84961-49-9,
4633,ASTRAGALUS MEMBRANACEUS SPROUT EXTRACT,,
4634,HYDROGENATED TALLOW GLYCERIDE CITRATE,68990-59-0,
4635,OPUNTIA TUNA STEM EXTRACT,,
4636,PASSIFLORA EDULIS SEED OIL/PALM OIL/ AMINOPROPANEDIOL ESTERS ACETATE ETHYLDIMONIUM CHLORIDE,,
4637,HYDROLYZED BAMBUSA ARUNDINACEA EXTRACT,91771-32-3,
4638,BACILLUS/CITRUS UNSHIU PEEL EXTRACT FERMENT FILTRATE,,
4639,POLYQUATERNIUM-71,,
4640,LACTOBACILLUS/CORNUS OFFICINALIS FRUIT/ANGELICA ACUTILOBA ROOT/DEER ANTLER/THYME FERMENT FILTRATE,,
4641,R-CLOSTRIDIUM BOTULINUM POLYPEPTIDE-1,,
4642,TETRASELMIS CHUI EXTRACT,,
4643,ALARIA PRAELONGA EXTRACT,,
4644,BETA-ALANINE,107-95-9,
4645,CHROMULINA OCHROMONOIDES EXTRACT,,
4646,HYDROGENATED ADANSONIA DIGITATA SEED OIL,91745-12-9,
4647,BACILLUS/MONASCUS/PRUNUS TOMENTOSA FRUIT/SOYBEAN FERMENT FILTRATE,,
4648,MARANTA ARUNDINACEA ROOT POWDER,,
4649,PERICHLAENA RICHARDII FLOWER/LEAF EXTRACT,,
4650,HEXYL NICOTINATE,23597-82-2,
4651,ROSA GALLICA FLOWER POWDER,84604-13-7,
4652,AGAVE ATROVIRENS EXTRACT,,
4653,STEREOSPERMUM SUAVEOLENS ROOT POWDER,92202-27-2,
4654,POLYACRYLATE CROSSPOLYMER-5,,
4655,CAMELLIA SINENSIS LEAF/PANAX GINSENG ROOT EXTRACT,,
4656,HYDROLYZED ENTEROMORPHA COMPRESSA,,
4657,SOLANUM MELONGENA FRUIT JUICE,84012-19-1,
4658,DIMETHYLSILANOL HYALURONATE,135507-00-5,
4659,STREPTOCOCCUS ZOOEPIDEMICUS/WHEAT PEPTIDE FERMENT,,
4660,ETHYLHEXYL HYDROXYSTEARATE BENZOATE,199277-69-5,
4661,BEHENYL BENZOATE,103403-38-9,
4662,FRAXINUS EXCELSIOR BUD EXTRACT,,
4663,HYDROLYZED CYPERUS ROTUNDUS ROOT EXTRACT,,
4664,USNEA FILIPENDULA EXTRACT,,
4665,LAUROYL METHYL GLUCAMIDE,,
4666,PISUM SATIVUM SYMBIOSOME EXTRACT,90082-41-0,
4667,PALM OIL OLEYL ESTERS,,
4668,PINUS DENSIFLORA LEAF/SUGAR FERMENT FILTRATE,,
4669,HIBISCUS MAKINOI LEAF EXTRACT,,
4670,RADIUM ORE POWDER,,
4671,DECAPEPTIDE-17,,
4672,CHOLESTERYL ISOSTEARATE,83615-24-1,
4673,OXALIS HEDYSAROIDES FLOWER,,
4674,ERIOPHORUM SPISSUM FLOWER/STEM EXTRACT,,
4675,OXIDIZED ETHYLENE/PROPYLENE COPOLYMER,68891-61-2,
4676,BAILLONELLA TOXISPERMA SEED OIL,,
4677,LONICERA CAERULEA FRUIT WATER,,
4678,THIODIPROPIONIC ACID,111-17-1,
4679,CHRYSANTHEMUM BOREALE FLOWER EXTRACT,,
4680,MICROGLENA REGINAE,,
4681,QUILLAJA SAPONARIA ROOT EXTRACT,68990-67-0,
4682,C20-24 ALKYL METHICONE,200074-77-7,
4683,CITRUS IYO PEEL EXTRACT,,
4684,PUERARIA MIRIFICA ROOT POWDER,,
4685,ACRYLATES/BEHENETH-25 METHACRYLATE COPOLYMER,,
4686,PRUNUS PERSICA LEAF EXTRACT,84012-34-0,
4687,CITRUS DEPRESSA FRUIT WATER,,
4688,GRACILARIOPSIS CHORDA EXTRACT,,
4689,CANNABIS SATIVA SEED OIL GLYCERETH-8 ESTERS,,
4690,BRASSICA OLERACEA ITALICA SPROUT POWDER,223749-36-8,
4691,SHIKIMOYL NONAPEPTIDE-11,,
4692,VIOLA TRICOLOR FLOWER JUICE,84012-42-0,
4693,GERMINATED CARTHAMUS TINCTORIUS SEED/PLANTAGO ASIATICA SEED/NELUMBO NUCIFERA SEED/PSORALEA CORYLIFOLIA SEED/ALLIUM TUBEROSUM SEED/BRASSICA CAMPESTRIS SEED/ZIZYPHUS JUJUBA FRUIT/ASTRAGALUS MEMBRANACEUS ROOT/PLATYCODON GRANDIFLORUS ROOT/POLYGONUM MULTIFLORUM/ANGELICA GIGAS/VELVET/PORIA COCOS/LYCIUM CHINENSE FRUIT/PANAX GINSENG ROOT/EUCOMMIA ULMOIDES BARK/TRIBULUS TERRESTRIS FRUIT/POLYGALA TENUIFOLIA ROOT/DENDROBIUM NOBILE/ACHYRANTHES JAPONICA/EPIMEDIUM KOREANUM/REHMANNIA GLUTINOSA ROOT/CORNUS OFFICINALIS FRUIT/RUBUS COREANUS FRUIT/MORINDA CITRIFOLIA/ALPINIA OXYPHYLLA SEED EXTRACT,,
4694,SHARK FIN EXTRACT,,
4695,VITEX AGNUS-CASTUS FRUIT OIL,91722-47-3,
4696,TRIETHANOLAMINE SESQUISTEARATE,,
4697,C18-26 OLEFIN,,
4698,HEXAPEPTIDE-63 DIMER,,
4699,BUTYLOCTYL BENZOATE,188038-97-3,
4700,MAGNOLIA GRANDIFLORA LEAF EXTRACT,85085-47-8,
4701,CANADIAN COLLOIDAL CLAY,,
4702,SODIUM ASTROCARYUM MURUMURUATE,,
4703,THEOBROMA CACAO FLOWER EXTRACT,84649-99-0,
4704,HYDROGENATED PALM/PALM KERNEL OIL PEG-6 ESTERS,,
4705,ALGIN,9005-38-3 / 57606-04-9,
4706,POLYETHYLGLUTAMATE,,
4707,PPG-4 LAURETH-2,68439-51-0,
4708,PROPYLENE GLYCOL MYRISTATE,29059-24-3,
4709,PEUCEDANUM JAPONICUM LEAF/STEM EXTRACT,,
4710,VITIS VINIFERA STEM EXTRACT,,
4711,BIS-DIOCTADECYLAMIDE DIMER DILINOLEIC ACID/ETHYLENEDIAMINE COPOLYMER,,
4712,PEG-6 TRIMETHYLOLPROPANE TRIACRYLATE,28961-43-5,
4713,ROSA CANINA SEED EXTRACT,84696-47-9,
4714,NANNOCHLOROPSIS OCULATA EXTRACT,,
4715,DIMETHICONE/PEG-10/15 CROSSPOLYMER,,
4716,BACILLUS/FOLIC ACID FERMENT FILTRATE EXTRACT,,
4717,COLOPHONIUM,8050-09-7,
4718,GLYCEROPHOSPHOINOSITOL ARGININE,,
4719,TRILINOLENIN,14465-68-0,
4720,TRIFLUOROPROPYL DIMETHICONE/VINYL TRIFLUOROPROPYL DIMETHICONE/SILSESQUIOXANE CROSSPOLYMER,,
4721,TRITICUM VULGARE GERM EXTRACT,84012-44-2,
4722,ESCHSCHOLZIA CALIFORNICA FLOWER/LEAF/STEM EXTRACT,90028-46-9,
4723,HEPTACODIUM MICONIOIDES FLOWER EXTRACT,,
4724,PEG-4 PROLINE LINOLENATE,,
4725,BOERHAVIA REPENS EXTRACT,,
4726,DEFATTED OPUNTIA FICUS-INDICA FLOWER,,
4727,POLYGLYCERIN-40,25618-55-7,
4728,PROPYLENE GLYCOL BUTYL ETHER,5131-66-8,
4729,SODIUM AVOCADOATE,,
4730,CYMBIDIUM GRANDIFLORUM ROOT EXTRACT,,
4731,HYDROXYCINNAMIC ACID,7400-08-0,
4732,DIPENTAERYTHRITYL HEXAOCTANOATE/HEXABEHENATE,,
4733,HIBISCUS SYRIACUS CALLUS POWDER,,
4734,CAPRYLYL 2-GLYCERYL ASCORBATE,1359731-61-5,
4735,LAURYL PEG-10 TRIS(TRIMETHYLSILOXY)SILYLETHYL DIMETHICONE,,
4736,CLEMATIS VITALBA FLOWER EXTRACT,84929-63-5,
4737,HATOMUGI SHUSHI EKISU,,
4738,MESOPHYLLUM LICHENOIDES EXTRACT,,
4739,UNDECANOIC ACID DIMETHICONES,346441-75-6,
4740,HYDROGENATED ORANGE ROUGHY OIL,,
4741,OCTYLDODECYL CITRATE CROSSPOLYMER,,
4742,PEG-15/LAURYL POLYDIMETHYLSILOXYETHYL DIMETHICONE CROSSPOLYMER,,
4743,ANTENNARIA DIOICA CALLUS EXTRACT,,
4744,MICHELIA CHAMPACA FLOWER OIL,94333-99-0,
4745,MAGNESIUM PALMITATE,2601-98-1,
4746,VATERIA INDICA BARK EXTRACT,,
4747,CHOLESTERYL/OCTYLDODECYL LAUROYL GLUTAMATE,,
4748,PROPYLENE GLYCOL HEPTANOATE,,
4749,HYDROXYPROPYL METHYLCELLULOSE,9004-65-3,
4750,ACETYL TRIPEPTIDE-30 CITRULLINE,,
4751,HYDROLYZED CORIANDRUM SATIVUM FRUIT EXTRACT,84775-50-8,
4752,ARALIA ELATA CALLUS CONDITIONED MEDIA EXTRACT,,
4753,OLEAMIDE SERINOL,,
4754,BABASSU SEED OIL ETHYL ESTERS,,
4755,POLY LACTOBIONAMIDOMETHYLSTYRENE,,
4756,BACILLUS/MONASCUS/PUERARIA MIRIFICA ROOT/RICE BRAN FERMENT FILTRATE,,
4757,POLY(C4-12 OLEFIN),,
4758,SOLEIROLIA SOLEIROLII EXTRACT,,
4759,MALTOOLIGOSYL GLUCOSIDE,,
4760,PEG-50 HYDROGENATED CASTOR OIL LAURATE,,
4761,DIMYRISTOYL GLYCERYL ASCORBATE,,
4762,VACCINIUM VITIS-IDAEA FRUIT JUICE,90131-85-4,
4763,HYDROLYZED AVOCADO PROTEIN,,
4764,BAMBUSA VULGARIS SHOOT EXTRACT,91771-33-4,
4765,MYRCIARIA CAULIFLORA PULP,,
4766,STREPTOMYCES SUBRUTILUS/APRICOT FLOWER EXTRACT/LITHOSPERMUM OFFICINALE ROOT EXTRACT/MAGNOLIA OFFICINALIS FLOWER EXTRACT/SPIRODELA POLYRHIZA EXTRACT FERMENT FILTRATE,,
4767,POLYSTICHUM POLYBLEPHARUM EXTRACT,,
4768,VACCINIUM OXYCOCCOS FRUIT WATER,,
4769,HYACINTHUS ORIENTALIS LEAF EXTRACT,94333-75-2,
4770,AMPELOPSIS JAPONICA ROOT POWDER,,
4771,SORBUS AUCUPARIA FRUIT EXTRACT,84776-90-9,
4772,ASPERGILLUS/MOLASSES FERMENT FILTRATE,,
4773,TRIACONTENE/VP COPOLYMER,,
4774,GYMNANTHEMUM AMYGDALINUM LEAF EXTRACT,,
4775,RIBES NIGRUM,68606-81-5,
4776,ASPERGILLUS/ASTRAGALUS SINICUS SEED/RICE FERMENT FILTRATE,,
4777,POLYMETHYL/OCTYL/PHENYL/PROPYLSILSESQUIOXANE DIMETHICONE CROSSPOLYMER,,
4778,DECYL SUCCINATE,2530-33-8,
4779,LARIX KAEMPFERI ROOT BARK EXTRACT,,
4780,THIANTHOL,135-58-0,
4781,AVENA SATIVA (OAT) KERNEL EXTRACT,84012-26-0,
4782,SODIUM PIPERAZINOETHYL ACETATE ETHYLSULFONATE,,
4783,SODIUM TAURIDE ACRYLATES/ACRYLIC ACID/ACRYLONITROGENS COPOLYMER,,
4784,ALCHEMILLA VULGARIS FLOWER/LEAF/STEM EXTRACT,84695-94-3,
4785,LACTOCOCCUS/LEUCONOSTOC/LACTOBACILLUS/ZYGOSACCHAROMYCES/MILK FERMENT,,
4786,ROSA CANINA FLOWER POWDER,84696-47-9,
4787,DIOLEOYL PG-TRIMONIUM CHLORIDE,132172-61-3,
4788,NEOPENTYL GLYCOL DICAPRYLATE/DICAPRATE,70693-32-2,
4789,TOCOPHERYL SUCCINATE METHYLGLUCAMIDE,,
4790,HYDROXYETHYL IMIDAZOLIDINONE,3699-54-5,
4791,TRIMETHYLOLPROPANE TRIMETHACRYLATE,3290-92-4,
4792,OLIGOPEPTIDE-141 HEXAPEPTIDE-8 HEPTAPEPTIDE-32,,
4793,RUBUS OCCIDENTALIS FRUIT JUICE,68915-99-1,
4794,ACTINIDIA CHINENSIS FRUIT EXTRACT,92456-63-8,
4795,SACCHAROMYCES/LACTOBACILLUS/MANDARIN ORANGE PEEL/PHELLINUS LINTEUS/PINUS DENSIFLORA LEAF FERMENT FILTRATE,,
4796,XYLITOL,87-99-0,
4797,OLIGOPEPTIDE-121,,
4798,PEG-7/PPG-2 PENTAERYTHRITYL TETRAACRYLATE,1421341-42-5,
4799,ACETYL HEXAPEPTIDE-37,,
4800,HYDROLYZED LYCIUM BARBARUM FRUIT,,
4801,PIRACETAM,7491-74-9,
4802,RETINYL RETINOATE,15498-86-9,
4803,GLYCOL DITALLOWATE,,
4804,MENTHA AQUATICA FLOWER/LEAF/STEM EXTRACT,90063-96-0,
4805,LIQUIDAMBAR FORMOSANA FRUIT EXTRACT,,
4806,POLYVINYL ACETATE,9003-20-7,
4807,N-NICOTINOYL DOPAMINE,,
4808,PEI-275,9002-98-6,
4809,STENOLOMA CHUSANUM LEAF/STEM EXTRACT,,
4810,KINGINKA EKISU,,
4811,CEREUS HILDMANNIANUS EXTRACT,,
4812,QUERCUS ROBUR BUD EXTRACT,71011-28-4,
4813,CITRUS DEPRESSA FLOWER WATER,,
4814,OLIGOPEPTIDE-140,,
4815,HYDROGENATED ISOPROPYL JOJOBATE,,
4816,MORINDA OFFICINALIS ROOT EXTRACT,,
4817,STEARYL BENZOATE,10578-34-4,
4818,SH-POLYPEPTIDE-73,,
4819,HYDROLYZED CHLORELLA VULGARIS EXTRACT,,
4820,ACTAEA HERACLEIFOLIA ROOT EXTRACT,,
4821,TETRAHYDROFURFURYL RICINOLEATE,221363-34-4,
4822,CENTELLA ASIATICA LEAF WATER,84696-21-9,
4823,DIBENZYLIDENE SORBITOL,32647-67-9,
4824,AESCULUS TURBINATA BARK,,
4825,LACTOCOCCUS/NONFAT MILK FERMENT FILTRATE,,
4826,MYRCIARIA DUBIA FRUIT EXTRACT,,
4827,VIOLA ODORATA FLOWER/LEAF EXTRACT,90147-36-7,
4828,BETA-SITOSTERYL (OCTADECENE/MA) COPOLYMER,1013637-82-5,
4829,DIISOSTEARYL FUMARATE,112385-09-8 / 113431-53-1 / 680206-25-1,
4830,PYRUS COMMUNIS FRUIT CELL CULTURE EXTRACT,,
4831,OLIGOPEPTIDE-127 RH-POLYPEPTIDE-7,,
4832,OSBECKIA CHINENSIS EXTRACT,,
4833,PEG-4 GLYCERYL TRISTEARATE,41080-66-4,
4834,DISODIUM ISOSTEARAMIDO MEA-SULFOSUCCINATE,,
4835,TRIBUTYLCRESYLBUTANE,1843-03-4,
4836,HIBISCUS ROSA-SINENSIS FLOWER/LEAF EXTRACT,,
4837,LACTOBACILLUS/GRAPE JUICE FERMENT FILTRATE,,
4838,LACTOBACILLUS/BARK/LYCIUM CHINENSE FRUIT/APRICOT KERNEL/ARTEMISIA CAPILLARIS LEAF/ROOT/SOYBEAN SEED/HOUTTUYNIA CORDATA/MISTLETOE/PORIA COCOS FERMENT FILTRATE,,
4839,ACETYLATED HYDROGENATED LANOLIN,91053-41-7,
4840,PEG-15 PENTAERYTHRITYL TETRA(LAURETH-6 CARBOXYLATE),,
4841,URSOLOYL TRIPEPTIDE-1,,
4842,THYMUS LINEARIS LEAF EXTRACT,,
4843,PEI-1400,9002-98-6,
4844,ASCORBYL CARBOXYDECYL TRISILOXANE,,
4845,SOLANUM AVICULARE LEAF EXTRACT,1415551-72-2,
4846,DIACETYL BOLDINE,,
4847,CITRUS LIMON FRUIT POWDER,92346-89-9 / 84929-31-7,
4848,CRATAEGUS MONOGYNA FLOWER WATER,90045-52-6,
4849,SORBETH-7,,
4850,PNA-9 CARBOXYETHYL FLUORENE,,
4851,POLYSTYRENE/HYDROGENATED POLYISOPENTENE COPOLYMER,,
4852,ISOCETYL STEAROYL STEARATE,97338-28-8,
4853,EUPHORBIA LATHYRIS SEED EXTRACT,,
4854,PICRASMA QUASSIOIDES WOOD EXTRACT,,
4855,POLYGLYCERYL-3 PCA,,
4856,TIMONACIC,444-27-9 / 34592-47-7,
4857,POLYGONATUM SIBIRICUM ROOT/RHIZOME POWDER,,
4858,COCOGLUCOSIDES HYDROXYPROPYLTRIMONIUM CHLORIDE,,
4859,PHELLINUS LINTEUS/COLLAGEN FERMENT FILTRATE,,
4860,OZONIZED ARGAN OIL,,
4861,PEG/PPG-50/20 TOCOPHERYL ETHER,,
4862,SACCHAROMYCES/GRAPE FERMENT EXTRACT,,
4863,METHYLSILANOL SPIRULINATE,188012-54-6,
4864,OLIGOPEPTIDE-65,,
4865,SORBETH-40,53694-15-8,
4866,SEQUOIA SEMPERVIRENS STEM EXTRACT,,
4867,PRUNUS CERASUS FRUIT EXTRACT,89997-53-5,
4868,AKEBIA QUINATA STEM EXTRACT,,
4869,PANTOTHENIC ACID/YEAST POLYPEPTIDE,,
4870,SH-POLYPEPTIDE-48,,
4871,BUTYL METHACRYLATE,97-88-1,
4872,MOLYBDENUM CHLORIDE,11119-46-3,
4873,HYDROGENATED CASTOR OIL PEG-8 ESTERS,,
4874,BUTENYL AMINOLEVULINATE HCL,,
4875,GLYCERYL CITRATE CROSSPOLYMER,,
4876,COCONUT OIL POLYGLYCERYL-6 ESTERS,,
4877,POLYGLYCERYL-4 TRISTEARATE,99734-29-9,
4878,(LIQUIDAMBAR FORMOSANA/TRIBULUS TERRESTRIS) FRUIT/PAEONIA LACTIFLORA ROOT EXTRACT,,
4879,BRUCEA AMARISSIMA GALL EXTRACT,,
4880,DIVINYLDIMETHICONE/DIMETHICONE/SILSESQUIOXANE CROSSPOLYMER,,
4881,SH-NONAPEPTIDE-12,,
4882,LACTOBACILLUS/SACCHAROMYCES/RICE/SUCROSE FERMENT FILTRATE,,
4883,DIPROPYL CARBONATE,623-96-1,
4884,PRUNUS MUME FLOWER EXTRACT,,
4885,TORULASPORA DELBRUECKII EXTRACT,1291071-26-5,
4886,ADIPIC ACID/NEOPENTYL GLYCOL/TRIMELLITIC ANHYDRIDE COPOLYMER,28407-73-0,
4887,VITIS VINIFERA CALLUS POWDER,,
4888,HEXYLDODECYL/OCTYLDECYL HYDROXYSTEARATE,,
4889,SD ALCOHOL 23-F,,
4890,MYRISTYL MALATE PHOSPHONIC ACID,,
4891,PETASITES VULGARIS LEAF EXTRACT,,
4892,PANAX GINSENG ROOT/ROYAL JELLY EXTRACT,,
4893,ZANTHOXYLUM ZANTHOXYLOIDES BARK EXTRACT,102242-62-6,
4894,C15-35 ISOPARAFFIN/ISOALKYLCYCLOALKANES,,
4895,ALPINIA MUTICA ROOT EXTRACT,,
4896,BIS-PHENYLISOPROPYL PHENYLISOPROPYL DIMETHICONE/VINYL DIMETHICONE CROSSPOLYMER,,
4897,BETULIN,473-98-3,
4898,OZOKERITE,64742-33-2,
4899,EREMANTHUS ERYTHROPAPPUS BRANCH/LEAF OIL,,
4900,ASIMINA TRILOBA FRUIT EXTRACT,89957-75-5,
4901,SPIRAEOSIDE,20229-56-5,
4902,R-(METHIONYL SH-OLIGOPEPTIDE-85),,
4903,LAURYL POLYGLYCERYL-6 CETEARYL GLYCOL ETHER,,
4904,TULIPA HYBRID FLOWER EXTRACT,,
4905,CETEARYL BEHENATE,246159-35-3,
4906,PEG-11 CASTOR OIL,61791-12-6,
4907,ALPINIA SPECIOSA FLOWER WATER,,
4908,METHYL GLUCOSE SESQUICOCOATE,,
4909,KYOUNIN EKISU,,
4910,HYDROXYETHYL ETHYLENE DIPALMITAMIDE,,
4911,PEG/PPG-5/30 TOCOPHERYL ETHER,,
4912,ISOPROPYL NICOTINATE,553-60-6,
4913,HIERACIUM UMBELLATUM EXTRACT,90045-71-9,
4914,PERFLUOROHEXYLETHYL DIMETHYLBUTYL ETHER,210896-25-6,
4915,HYDROXYOCTACOSANYL HYDROXYSTEARATE,93840-71-2,
4916,HYDROLYZED EUGENIA EDULIS FRUIT,,
4917,PLATONIN,3571-88-8,
4918,SAMBUCUS NIGRA FLOWER JUICE,84603-58-7,
4919,POTASSIUM OXIDIZED MICROCRYSTALLINE WAX,,
4920,ALCANTAREA IMPERIALIS LEAF EXTRACT,,
4921,SALVIANOLIC ACID B,121521-90-2,
4922,HYDROLYZED ACTINIDIA ARGUTA LEAF EXTRACT,,
4923,TARCHONANTHUS CAMPHORATUS OIL,,
4924,HYDROLYZED MELON FRUIT,,
4925,LANETH-5,61791-20-6,
4926,LAMINARIA HYPERBOREA EXTRACT,90046-13-2,
4927,CETYL LACTATE,35274-05-6,
4928,CAFFEYL GLUCOSIDE,,
4929,CYMBOPOGON SCHOENANTHUS LEAF POWDER,89998-16-3,
4930,SARGACHROMANOL B,,
4931,CYANOBACTERIUM APONINUM FERMENT,,
4932,HYLOTELEPHIUM CAUTICOLUM CALLUS EXTRACT,,
4933,DIDODECYL BUTANETETRACARBOXYLATE,287975-63-7,
4934,HYDROXYETHYL SORBITOL,110204-68-7 / 110204-69-8 / 110204-70-1,
4935,PALMITOYL CAMELLIA SINENSIS EXTRACT,226994-28-1,
4936,COIX LACRYMA-JOBI MA-YUEN SHELL EXTRACT,,
4937,ACRYLATES/TDI/TRIMETHYLOLPROPANE COPOLYMER,,
4938,CHENOPODIUM QUINOA SEED OIL ETHYL ESTERS,,
4939,GLUCONOLACTONE,90-80-2,
4940,HYDROLYZED ULVA PERTUSA EXTRACT,,
4941,SORBETH-450 TRISTEARATE,,
4942,MYRISTICA FRAGRANS FRUIT POWDER,84082-68-8,
4943,PEG-180M,25322-68-3,
4944,LIGUSTRUM LUCIDUM SEED EXTRACT,223749-57-3,
4945,HALOPTERIS SCOPARIA EXTRACT,,
4946,GASTRODIA ELATA ROOT EXTRACT,,
4947,LYCIUM CHINENSE LEAF EXTRACT,,
4948,IPOMOEA BATATAS ROOT EXTRACT,223749-11-9,
4949,ASPARAGUS LUCIDUS EXTRACT,,
4950,ACINOS ALPINUS EXTRACT,,
4951,KAEMPFERIA PARVIFLORA RHIZOME WATER,,
4952,CITRULLUS LANATUS FRUIT JUICE,90244-99-8,
4953,AMARANTHUS SPINOSUS SEED OIL,,
4954,TETRAHYDROPYRANYLAMINO DIOXOTHIOMORPHOLINOMETHYL PHENYLINDOLE,1120332-55-9,
4955,BARLEY SH-OLIGOPEPTIDE-1,,
4956,DIMETHICONE/BIS-ISOBUTYL PPG-20 CROSSPOLYMER,,
4957,SODIUM FRUCTOBORATE,,
4958,PHENYLBENZIMIDAZOLE SULFONIC ACID,27503-81-7,
4959,CITRUS AURANTIFOLIA FRUIT OIL,,
4960,LACTIDE,95-96-5,
4961,SALICYLOYLHYDROXAMIC ACID,89-73-6,
4962,DEXTRIN,9004-53-9,
4963,COREOPSIS TINCTORIA FLOWER/LEAF/STEM EXTRACT,,
4964,MUSA PARADISIACA FRUIT EXTRACT,,
4965,PROPYLENE GLYCOL CAPRYLATE,31565-12-5 / 68332-79-6,
4966,POLYPROPYLSILSESQUIOXANE,36088-62-7,
4967,RICINOLEIC/CAPROIC/CAPRYLIC/CAPRIC TRIGLYCERIDE,,
4968,HYDROLYZED LINSEED EXTRACT,,
4969,ISOSTEARYL SEBACATE,478273-24-4,
4970,EUTREPTIELLA GYMNASTICA LYSATE,,
4971,SOYMILK,,
4972,POLYQUATERNIUM-19,110736-85-1,
4973,ASARUM HETEROTROPOIDES ROOT EXTRACT,,
4974,CORYLUS ROSTRATA SEED EXTRACT,,
4975,CYMBIDIUM ERYTHRAEUM FLOWER EXTRACT,,
4976,HORDEUM VULGARE ROOT EXTRACT,85251-64-5,
4977,CAPSICUM ANNUUM LEAF EXTRACT,84625-29-6,
4978,GLYCYRRHIZA GLABRA RHIZOME/ROOT,68916-91-6,
4979,SODIUM HYALURONATE CROSSPOLYMER,105524-32-1,
4980,TETRAPEPTIDE-38 HEXAPEPTIDE-40 DECAPEPTIDE-27 OLIGOPEPTIDE-91 DIPEPTIDE-19 SH-POLYPEPTIDE-80,,
4981,PENTAPEPTIDE-59,,
4982,SANICULA EUROPAEA FLOWER/LEAF/STEM EXTRACT,,
4983,SOLANUM TUBEROSUM PEEL EXTRACT,90083-08-2,
4984,BIS-DIMETHICONE,1283601-14-8,
4985,ANNONA ATEMOYA PEEL EXTRACT,,
4986,PIMENTA ACRIS LEAF WATER,91721-75-4,
4987,HYDROLYZED STRAWBERRY FRUIT,,
4988,STACHYS OFFICINALIS FLOWER/LEAF/STEM EXTRACT,90131-30-9,
4989,OLEIC/LINOLEIC/LINOLENIC POLYGLYCERIDES,,
4990,VITIS VINIFERA SEED POWDER,85594-37-2 / 84929-27-1,
4991,SACCHAROMYCES/CAMELLIA SINENSIS EXTRACT FERMENT FILTRATE,,
4992,SPONDIAS AMARA FRUIT EXTRACT,,
4993,PEG-30 HYDROGENATED CASTOR OIL LAURATE,,
4994,CETYL DIMETHICONE/BIS-VINYLDIMETHICONE CROSSPOLYMER,,
4995,BACILLUS/ROYAL JELLY/SOYBEAN FERMENT FILTRATE EXTRACT,,
4996,CAESALPINIA ECHINATA WOOD EXTRACT,89958-05-4,
4997,DAEDALEA DICKINSII/SODIUM HYAURONATE FERMENT FILTRATE,,
4998,TANACETUM ANNUUM FLOWER/LEAF/STEM OIL,,
4999,4-FURANYLETHYL RESORCINOL,1206193-05-6,
5000,CHAMAECYPARIS OBTUSA LEAF/ROOT EXTRACT,,
5001,MAGNESIUM BROMIDE,7789-48-2,
5002,ROYAL JELLY WATER,,
5003,GYNOSTEMMA PENTAPHYLLUM POWDER,,
5004,GANODERMA NEO-JAPONICUM FRUITING BODY EXTRACT,,
5005,SOLANUM LYCOCARPUM MERISTEM CELL CULTURE CONDITIONED MEDIA,90131-63-8,
5006,HORDEUM DISTICHON EXTRACT,94349-67-4,
5007,PEG-15 GLYCERYL TRISTEARATE,41080-66-4,
5008,ISOBAVACHALCONE,20784-50-3,
5009,ISOCETYL LAURATE,89527-28-6,
5010,SH-POLYPEPTIDE-103,,
5011,ULVA LACTUCA POWDER,97281-59-9,
5012,CAESALPINIA BENTHAMIANA ROOT EXTRACT,,
5013,THURFYL NICOTINATE,70-19-9,
5014,MYRICA ESCULENTA BARK EXTRACT,,
5015,ETHYL ISOSTEARATE,158760-40-8,
5016,ISODECYL STEARATE,31565-38-5,
5017,TREHALOSE ISOSTEARATE ESTERS,,
5018,CARTHAMUS TINCTORIUS FLOWER/VITIS VINIFERA FRUIT/LEAF/POLYGONUM CUSPIDATUM ROOT/CASTANEA CRENATA SHELL/COFFEA ARABICA SEED WATER,,
5019,SYMPHORICARPOS ALBUS FRUIT EXTRACT,,
5020,YUCCA VERA EXTRACT,90147-57-2,
5021,PEG/PPG-12/18 DIMETHICONE,,
5022,OENOTHERA BIENNIS LEAF CELL EXTRACT,90028-66-3,
5023,ASTER TATARICUS ROOT/RHIZOME EXTRACT,,
5024,SCLEROCARYA BIRREA SEED OIL POLYGLYCERYL-6 ESTERS,,
5025,2-O-ETHYL ASCORBIC ACID,112894-37-8,
5026,ACETYL TETRAPEPTIDE-9,,
5027,SILENE FIRMA BRANCH/FRUIT/LEAF EXTRACT,,
5028,BEESWAX POLYGLYCERYL-3 ESTERS,,
5029,HYDROGENATED JAPAN WAX,,
5030,SWIFTLET NEST EXTRACT,,
5031,SUCROSE TETRAHYDROXYSTEARATE,,
5032,PEG-5 TRICETYL CITRATE,,
5033,PEG-7 GLYCERYL SOYATE,,
5034,N-ADAMANTANOYL TYRAMINE,,
5035,ARTEMISIA GMELINII EXTRACT,,
5036,PEG-23 GLYCERYL DISTEARATE,,
5037,HYDROGENATED ETHYLHEXYL SESAMATE,,
5038,DIOCTADECANYL DIDECYLTETRADECANOATE,,
5039,SANGUISORBA OFFICINALIS ROOT/STALK POWDER,84787-71-3,
5040,4-AMINO-3-HYDROXYBUTYRIC ACID,924-49-2,
5041,GLYCYRRHETINYL STEARATE,4827-59-2,
5042,PYROCYSTIS NOCTILUCA LYSATE,,
5043,LACTOBACILLUS/SOYMILK FERMENT FILTRATE,,
5044,NEPHTHEA COLUMNARIS EXTRACT,,
5045,ISOCHRYSIS GALBANA EXTRACT,1190414-92-6,
5046,HYDROXYETHYL ACRYLATE/METHOXYETHYL ACRYLATE COPOLYMER,,
5047,ACRYLATES/PALMETH-25 ACRYLATE COPOLYMER,,
5048,PENTAPEPTIDE-41,,
5049,TYROSINASE,9002-10-2,
5050,DIPENTAERYTHRITYL HEXACAPRYLATE/HEXACAPRATE,68130-24-5,
5051,AMINOPROPYL DIHYDROGEN PHOSPHATE,1071-28-9,
5052,HYDROLYZED SPONGE EXTRACT,,
5053,POLYOXYMETHYLENE MELAMINE,9003-08-1,
5054,ALMOND OIL PEG-6 ESTERS,124046-50-0,
5055,ILEX LATIFOLIA LEAF EXTRACT,,
5056,SARGACHROMANOL E,,
5057,N-ETHYLTOSYLAMIDE/EPOXY RESIN,,
5058,RAVENALA MADAGASCARIENSIS ARIL EXTRACT,,
5059,HYDROLYZED CHESTNUT EXTRACT,,
5060,COCO/SHEA BUTTER GLYCERIDES,,
5061,ASPERGILLUS/GARLIC BULB/RICE BRAN/RICE VINEGAR FERMENT,,
5062,TRIS-TRIBUTOXYSILOXYMETHYLSILANE,,
5063,SASA PALMATA LEAF EXTRACT,,
5064,THIOBACILLUS BAREGENSIS EXOPOLYSACCHARIDES,,
5065,OENOTHERA BIENNIS ROOT EXTRACT,90028-66-3,
5066,BUTYLOCTANOL,3913-02-8,
5067,CITRUS AURANTIFOLIA LEAF EXTRACT,,
5068,TRITICUM VULGARE SEED EXTRACT,84012-44-2,
5069,MALTITOL,585-88-6,
5070,ASPERGILLUS/HYDROLYZED COLLAGEN FERMENT FILTRATE,,
5071,PERSEA GRATISSIMA OIL UNSAPONIFIABLES WATER,91770-40-0,
5072,PEG-3 PPG-20 SUCCINATE,,
5073,THYMIDINE,50-89-5,
5074,STRELITZIA NICOLAI SEED ARIL EXTRACT,,
5075,ALLETHRINS,584-79-2 -D-form- / 3972-20-1 -dl-alpha- / 28434-00-6 / 34624-48-1,
5076,ECKLONIA LAMINARIA EXTRACT,,
5077,MENTHA AQUATICA LEAF EXTRACT,90063-96-0,
5078,SACCHAROMYCES/ACHYRANTHES BIDENTATA ROOT/ANGELICA GIGAS ROOT/ANGELICA PUBESCENS ROOT/ANGELICA TENUISSIMA ROOT/CNIDIUM OFFICINALE ROOT/EUCOMMIA ULMOIDES BARK/LEDEBOURIELLA DIVARICATA ROOT/PAEONIA SUFFRUTICOSA ROOT FERMENT FILTRATE,,
5079,SORBUS ALNIFOLIA BRANCH/LEAF EXTRACT,,
5080,LACTOBACILLUS/PANAX GINSENG ROOT EXTRACT FERMENT FILTRATE,,
5081,LACTOBACILLUS/MILT FERMENT FILTRATE,,
5082,GLYCERYL OLEATE/ELAIDATE,,
5083,HYDROLYZED SCLEROTIUM GUM,,
5084,OLDENLANDIA DIFFUSA FRUIT EXTRACT,,
5085,STEARYL ETHYLHEXANOATE,59130-70-0,
5086,CERIPORIA LACERATA MYCELIUM,,
5087,POTASSIUM BROMIDE,7758-02-3,
5088,CORYLUS AVELLANA ETHYL ESTER,,
5089,STEARYLDIMONIUMHYDROXYPROPYL BUTYLGLUCOSIDES CHLORIDE,,
5090,CYCLODEXTRIN CROSSPOLYMER,,
5091,HYDROGENATED CASTOR OIL/SEBACIC ACID COPOLYMER CAPRATE/CAPRYLATE,,
5092,CITRUS AURANTIUM BERGAMIA PEEL WATER,89957-91-5,
5093,LIQUIDAMBAR ORIENTALIS RESIN EXTRACT,94891-27-7,
5094,NUTMEG KERNEL OIL/FLOWER WAX GLYCERIDES,,
5095,ROSA PENDULINA LEAF CELL EXTRACT,,
5096,SESAME SEED OIL PEG-8 ESTERS,,
5097,LAMINARIA DIABOLICA EXTRACT,,
5098,RHUS SUCCEDANEA FRUIT CERA,8001-39-6,
5099,PELARGONIUM GRAVEOLENS CALLUS CULTURE EXTRACT,90082-51-2,
5100,IBUPROFEN,15687-27-1,
5101,BAMBUSA VULGARIS LEAF/STEM EXTRACT,91771-33-4,
5102,TOCOPHERETH-10,,
5103,PPG-3 ISOSTEARYL METHYL ETHER,1429060-56-9,
5104,CAPRYLOYL/CAPROYL METHYL GLUCAMIDE,1591782-62-5,
5105,ANCHUSA ARVENSIS EXTRACT,,
5106,PPG-3 DIPIVALATE,,
5107,STRONTIUM CHLORIDE HEXAHYDRATE,10025-70-4,
5108,ACORUS GRAMINEUS RHIZOME EXTRACT,,
5109,TEPRENONE,6809-52-5,
5110,SH-POLYPEPTIDE-16,,
5111,DAUCUS CAROTA SATIVA ROOT POWDER,84929-61-3,
5112,HYDROLYZED THYMUS EXTRACT,91080-11-4,
5113,CERAMIUM KONDOI EXTRACT,,
5114,LACTOBACILLUS/ACEROLA CHERRY FERMENT,,
5115,DECAPEPTIDE-38,,
5116,SCHIZOPHYLLUM COMMUNE FERMENT FILTRATE,,
5117,SPHAGNUM SQUARROSUM EXTRACT,90131-22-9,
5118,ANOGEISSUS LEIOCARPA BARK EXTRACT,,
5119,TRIMETHYL PENTANOL HYDROXYETHYL ETHER,68959-25-1,
5120,PINUS STROBUS BARK EXTRACT,90082-77-2,
5121,N-NICOTINOYL TYRAMINE,,
5122,PENTADECYL ALCOHOL,629-76-5,
5123,BIOSACCHARIDE GUM-3,,
5124,PPG-70 TOCOPHERETH-100,,
5125,DIISOSTEARYL DIMER DILINOLEATE,103213-19-0,
5126,POLYGLYCERYL-3 SORBITYL GLYCYRRHETINATE,,
5127,PELARGONIUM CAPITATUM LEAF EXTRACT,90082-45-4,
5128,METHYLCYCLOHEXENYL ISOPROPYLTRISILOXANE,,
5129,LACTATE DEHYDROGENASE,9001-60-9,
5130,SODIUM HYALURONATE DIMETHYLSILANOL,108775-04-8,
5131,PARINARI CURATELLIFOLIA OIL PEG-8 ESTERS,,
5132,HYDROLYZED PALM SOPHOROLIPIDS,,
5133,OLIVE OIL PEG-6 ESTERS,103819-46-1,
5134,ACRYLIC ACID/ISOBORNYL METHACRYLATE/ISOBUTYL METHACRYLATE COPOLYMER,,
5135,NAPROXEN,22204-53-1,
5136,EVOLVULUS ALSINOIDES FLOWER/LEAF/STEM EXTRACT,,
5137,GIGARTINA STELLATA EXTRACT,223751-69-7,
5138,CENTELLA ASIATICA ROOT EXTRACT,84696-21-9,
5139,SPHINGOMONAS/PANAX GINSENG ROOT FERMENT FILTRATE,,
5140,DIPTERYX ODORATA SEED WATER,,
5141,LEPECHINIA CAULESCENS LEAF EXTRACT,,
5142,DIMETHICONOL/SILICA CROSSPOLYMER,,
5143,VIGNA ANGULARIS SEEDCOAT EXTRACT,,
5144,PRUNUS SERRULATA BARK EXTRACT,,
5145,AMMONIUM XYLENESULFONATE,26447-10-9,
5146,PRUNUS MUME FRUIT/CINNAMOMUM CAMPHORA LEAF/ROOT EXTRACT,,
5147,TRISODIUM ASCORBYL ISOPALMITATE PHOSPHATE,,
5148,POLYUREA CROSSPOLYMER-5,,
5149,OCIMUM BASILICUM HAIRY ROOT CULTURE EXTRACT,,
5150,ENTEROCOCCUS FAECIUM FERMENT FILTRATE,,
5151,THUJA ORIENTALIS BRANCH/LEAF POWDER,,
5152,ARAUCARIA BIDWILLII SEED EXTRACT,,
5153,GLYCERETH-7 GLYCOLATE,,
5154,SACCHAROMYCES/(ASPARAGUS COCHINCHINENSIS/LYCIUM CHINENSE/OPHIOPOGON JAPONICUS/PANAX GINSENG/REHMANNIA GLUTINOSA) ROOT/PORIA COCOS FERMENT FILTRATE,,
5155,LACTOBACILLUS/PROPIONIBACTERIUM/LACTOSE/LEMON FRUIT/DATE FRUIT/FIG FRUIT/WALNUT NUT/SOYBEAN/ONION BULB/SOYBEAN SPROUT/CELERY BULB/COCONUT FRUIT/ARTICHOKE BUDS/MILLET SEED/PEA POD FERMENT FILTRATE,,
5156,BACILLUS/RICE FERMENT LEES FERMENT FILTRATE,,
5157,TRISODIUM GLYCYRRHIZATE,71277-78-6,
5158,SUCROSE ACETATE ISOBUTYRATE,126-13-6,
5159,PASSIFLORA EDULIS CALLUS CULTURE CONDITIONED MEDIA,,
5160,ACTINIDIA CHINENSIS SEED EXTRACT,92456-63-8,
5161,GLYCERYL DIRETINOATE,,
5162,AUREOBASIDIUM PULLULANS/SUCROSE FERMENT FILTRATE EXTRACT,,
5163,HYDROLYZED PUMPKIN SEEDCAKE EXTRACT,,
5164,ATRACTYLIS LYRATA ROOT EXTRACT,,
5165,OLIGOPEPTIDE-119,,
5166,RASPBERRY SEED OIL PEG-8 ESTERS,,
5167,BIFIDA/ENTEROCOCCUS FAECIUM/LACTOBACILLUS/STREPTOCOCCUS THERMOPHILUS/SOYMILK/NONFAT MILK FERMENT CURD,,
5168,LACTOBACILLUS/LEUCONOSTOC/COCONUT FRUIT EXTRACT FERMENT FILTRATE,,
5169,ULMUS FULVA BARK EXTRACT,,
5170,METHYL HESPERIDIN,11013-97-1,
5171,QUERCUS GLAUCA WOOD VINEGAR,,
5172,SH-POLYPEPTIDE-111,,
5173,EGG SHELL MEMBRANE EXTRACT,,
5174,TRIMETHYLSILOXYSILICATE,,
5175,PSEUDOCHLORODESMIS AUSTRALIS CALLUS CULTURE EXTRACT,,
5176,ACETYL TETRAPEPTIDE-15,,
5177,ACANTHOPANAX SESSILIFLORUS BARK/ROOT/STEM EXTRACT,,
5178,PROPYL GRAPEVINE SHOOT EXTRACT OLIVATE,,
5179,CINNAMOMUM CAMPHORA BARK OIL,92201-50-8 / 8022-91-1 / 8008-51-3,
5180,POLYAMIDE-1,,
5181,AUREOBASIDIUM PULLULANS/OLIVE LEAF EXTRACT FERMENT FILTRATE,,
5182,CANDIDA BOMBICOLA/GLUCOSE/RAPESEED OIL FERMENT EXTRACT,,
5183,CETYL TALLOWATE,,
5184,SYRINGA VULGARIS FLOWER WATER,90063-50-6,
5185,ANGELICA PUBESCENS ROOT EXTRACT,,
5186,HYDROLYZED THEOBROMA CACAO SEED MEAL,84649-99-0,
5187,PENTAPEPTIDE-56,,
5188,ALEURITES FORDII BRANCH/FRUIT/LEAF EXTRACT,,
5189,SH-DECAPEPTIDE-1 SH-OLIGOPEPTIDE-2,,
5190,ERYTHRINA VARIEGATA LEAF EXTRACT,,
5191,OLIGOPEPTIDE-33,,
5192,MENTHANE CARBOXAMIDOETHYL ACETATE,39668-74-1 / 68489-14-5,
5193,BIS-DIHYDROXYCINNAMIDO PROPANE,,
5194,OLEA EUROPAEA BRANCH EXTRACT,,
5195,POLYGLYCERYL-10 TRIDECANOATE,217782-56-4,
5196,OENOTHERA TETRAPTERA LEAF EXTRACT,,
5197,OLEIC ACID,112-80-1,
5198,PENTAPEPTIDE-57,,
5199,MACROPIPER EXCELSUM LEAF POWDER,,
5200,LEONTOPODIUM ALPINUM FLOWER EXTRACT,391900-47-3,
5201,HIBISCUS SYRIACUS SEED EXTRACT,223749-10-8,
5202,TRIETHYLHEXYL CITRATE,7147-34-4,
5203,BEHENOXY PEG-10 DIMETHICONE,1136947-78-8,
5204,PPG-26/HDI COPOLYMER,,
5205,ACACIA VICTORIAE SEED OIL,1542151-07-4,
5206,PORPHYRIDIUM PURPUREUM EXTRACT,,
5207,OLEIC/STEARIC GLYCERIDES/DIMER DILINOLEATE CROSSPOLYMER,,
5208,LACTUCA VIROSA LEAF EXTRACT,85117-07-3,
5209,TETRACARBOXYMETHYL DIPEPTIDE-12,,
5210,ISOCETYL ISOSTEARATE,52006-45-8,
5211,GLYCOSAMINOGLYCANS,94945-04-7,
5212,SALICYLOYL PENTAPEPTIDE-33,,
5213,GRATELOUPIA ELLIPTICA EXTRACT,,
5214,METHYLSERINE,2480-26-4,
5215,TRIFOLIUM PRATENSE FLOWER/LEAF/STEM WATER,,
5216,CHIMAPHILA UMBELLATA LEAF EXTRACT,89997-56-8,
5217,SORBITAN PALMATE,,
5218,POPULUS TREMULA FLOWER EXTRACT,,
5219,HYDROGENATED COTTONSEED GLYCERIDE,61789-07-9,
5220,SOLANUM XANTHOCARPUM POWDER,93165-80-1,
5221,SUCROSE POLYLAURATE,,
5222,TRIMETHYLSILOXYSILICATE/DIMETHICONOL CROSSPOLYMER,,
5223,NONAPEPTIDE-38,,
5224,GRIFOLA FRONDOSA /(PANAX GINSENG/REHMANNIA GLUTINOSA/GLYCYRRHIZA URALENSIS/ANGELICA GIGAS/OPHIOPOGON JAPONICUS/ATRACTYLODES MACROCEPHALA/ASTRAGALUS MEMBRANACEUS) ROOT/ RICE SEED/CITRUS UNSHIU PEEL/CARTHAMUS TINCTORIUS SEED OIL FERMENT FILTRATE,,
5225,TRICHILIA EMETICA SEED OIL POLYGLYCERYL-6 ESTERS,,
5226,CARAPA GUAIANENSIS OIL POLYGLYCERYL-6 ESTERS,,
5227,DIETHYLAMINO HYDROXYBENZOYL HEXYL BENZOATE,302776-68-7,
5228,PELARGONIUM RENIFORME ROOT EXTRACT,91721-68-5,
5229,HYDROLYZED ASPERGILLUS/SACCHAROMYCES/RICE FERMENT LEES EXTRACT,,
5230,ISOPROPYL OLEATE,112-11-8,
5231,SACCHAROMYCES/AGAVE AMERICANA LEAF FERMENT FILTRATE,,
5232,CICHORIUM INTYBUS SEED OIL,,
5233,CITRUS UNSHIU FRUIT POWDER,98106-71-9,
5234,MALPIGHIA PUNICIFOLIA FRUIT,,
5235,ETHYL LINOLENATE,1191-41-9,
5236,DIBUTYLOCTYL SEBACATE,184706-97-6,
5237,TETRAPEPTIDE-58 DIMER,,
5238,COLLINSONIA CANADENSIS ROOT,,
5239,PYRUS COMMUNIS FLOWER WATER,90082-43-2,
5240,DIPHENYL DIMETHICONE/VINYL DIPHENYL DIMETHICONE/SILSESQUIOXANE CROSSPOLYMER,,
5241,MICROCOCCUS/PANAX GINSENG ROOT FERMENT FILTRATE,,
5242,VALPROOYL OLIGOPEPTIDE-33,,
5243,ALUMINUM HYDROXIDE,21645-51-2,
5244,METHYLSILANOL ELASTINATE,,
5245,CETEARYL STEARATE,93820-97-4,
5246,LACTOBACILLUS/HORSE FAT FERMENT FILTRATE,,
5247,BABASSU ACID,,
5248,HYDROLYZED THEOBROMA GRANDIFLORUM FRUIT,394236-97-6,
5249,SACCHAROMYCES/PRUNUS MUME EXTRACT FERMENT FILTRATE,,
5250,PINUS PINEA KERNEL EXTRACT,90082-76-1,
5251,SPIRULINA SUBSALSA EXTRACT,,
5252,BACILLUS/CORN SEED FERMENT FILTRATE,,
5253,MIRABILIS JALAPA SEED EXTRACT,91722-88-2,
5254,SH-POLYPEPTIDE-47,,
5255,INDOL ACETYL PHENYLALANINE,57105-50-7,
5256,PEG-20 METHYL GLUCOSE DISTEARATE,119831-19-5,
5257,HYDROLYZED AGAVE TEQUILANA STEM EXTRACT,,
5258,CITRUS SPHAEROCARPA PEEL WATER,,
5259,3-ETHYLHEXYLGLYCERYL ASCORBATE,,
5260,ZANTHOXYLUM AMERICANUM BARK EXTRACT,90105-89-8,
5261,LAGERSTROEMIA INDICA PHYTOPLACENTA EXTRACT,,
5262,ARCTIUM LAPPA SEED OIL,84012-13-5 / 129893-25-0,
5263,ASCORBYL TETRAISOPALMITATE,,
5264,CAPRAE BUTYRUM,225233-90-0,
5265,HUMAN AMNIOTIC FLUID INDUCED PLURIPOTENT CELL EXOSOMES,,
5266,SODIUM STYRENE/ACRYLATES COPOLYMER,9010-92-8,
5267,MENTHA CANADENSIS BRANCH/LEAF EXTRACT,,
5268,SUCROSE DISINAPATE,,
5269,LAURETH-2 ACETATE,,
5270,AMMONIUM ETHYLENE/MA COPOLYMER,9007-69-6,
5271,BAICALIN,21967-41-9 / 314041-17-3 -hydrate-,
5272,DIHYDROMYRICETIN,27200-12-0,
5273,CANNABIS SATIVA FLOWER/LEAF/STEM EXTRACT,,
5274,BUTENE/ISOBUTENE COPOLYMER,9044-17-1,
5275,SOUHAKUHI EKISU,,
5276,LACTOBACILLUS/STREPTOCOCCUS THERMOPHILUS/LEPIDIUM MEYENII HYPOCOTYL FERMENT FILTRATE,,
5277,C12-14 SEC-PARETH-8,84133-50-6,
5278,RUBUS CHAMAEMORUS FRUIT JUICE,,
5279,PENTAPEPTIDE-34 TRIFLUOROACETATE,,
5280,BACILLUS/ROSE FLOWER/SOYBEAN FERMENT FILTRATE,,
5281,DEFINED CELL CULTURE MEDIA 12,,
5282,R-THERMOTOGA MARITIMA POLYPEPTIDE-1,,
5283,MYRICYL ALCOHOL,593-50-0,
5284,PPG-10 TOCOPHERETH-30,,
5285,PEG-4,25322-68-3,
5286,CHOLESTERYL ACETATE,604-35-3,
5287,ELEOCHARIS DULCIS SEED EXTRACT,,
5288,MUSA PARADISIACA FRUIT JUICE,,
5289,HYDROLYZED LEPIDIUM MEYENII ROOT EXTRACT,,
5290,(PAEONIA LACTIFLORA BARK/SAP)/PHELLODENDRON AMURENSE BARK/MENTHA ARVENSIS LEAF/SCUTELLARIA BAICALENSIS ROOT EXTRACT,,
5291,HEXAPEPTIDE-62,,
5292,ECLIPTA PROSTRATA CERA,93165-22-1,
5293,FAGARA ZANTHOXYLOIDES FRUIT EXTRACT,,
5294,NANNOCHLOROPSIS OCEANICA POWDER,,
5295,ACETYL HEXAPEPTIDE-1,,
5296,HEPTYLUNDECANOL,5333-44-8,
5297,CONVALLARIA MAJALIS CALLUS CULTURE EXTRACT,,
5298,ARTEMISIA PRINCEPS LEAF/TRITICUM VULGARE BRAN EXTRACT,223747-95-3,
5299,HYDROGENATED ETHYLENE/PROPYLENE/STYRENE COPOLYMER,,
5300,ANTHURIUM ANDRAEANUM FLOWER EXTRACT,,
5301,LAURYL METHICONE,139614-44-1,
5302,MALVA ROTUNDIFOLIA FLOWER,90063-81-3,
5303,VALPROIC ACID,99-66-1,
5304,OCTACARBOXYMETHYL DIPEPTIDE-12 LYSINAMIDE,,
5305,RUMEX PSEUDONATRONATUS FLOWER/LEAF/STEM EXTRACT,,
5306,RICE SH-POLYPEPTIDE-1,,
5307,SPHAGNUM MAGELLANICUM EXTRACT,,
5308,R-SACCHAROMYCES POLYPEPTIDE-1,,
5309,GLUCONACETOBACTER XYLINUS FERMENT FILTRATE EXTRACT,,
5310,BOSWELLIA NEGLECTA RESIN OIL,,
5311,STEARAMIDE MEA,111-57-9,
5312,DRACOCEPHALUM HETEROPHYLLUM FLOWER/LEAF/STEM EXTRACT,,
5313,POLYQUATERNIUM-12,68877-50-9,
5314,SANTALUM AUSTROCALEDONICUM WOOD WATER,91845-48-6,
5315,PANAX NOTOGINSENG BARK EXTRACT,94279-78-4,
5316,PEG-240,25322-68-3,
5317,CAPSAICINYL SUCCINOYL TRIPEPTIDE-7,,
5318,CAESALPINIA SAPPAN BARK EXTRACT,89958-14-5,
5319,CANARIUM PIMELA LEAF EXTRACT,,
5320,PEG/PPG-450/50 TRIMETHYLOLPROPANE LAURYL ETHER,,
5321,SODIUM PHENYLBENZIMIDAZOLE SULFONATE,5997-53-5,
5322,MAGNOLIA SIEBOLDII CALLUS CULTURE EXTRACT,,
5323,CHRYSANTHEMUM PARTHENIUM FLOWER/LEAF/STEM JUICE,89997-65-9,
5324,SEC-BUTYLPHENYL ETHYL GLYCERYL DIETHER,,
5325,ACRYLATES/PERFLUOROHEXYLETHYL METHACRYLATE COPOLYMER,1557087-30-5,
5326,LACTOBACILLUS/PHELLINUS LINTEUS MYCELIUM/RICE FERMENT EXTRACT,,
5327,HYDROLYZED TAMARINDUS INDICA SEED EXTRACT,84961-62-6,
5328,DECAPEPTIDE-22,,
5329,BOUGAINVILLEA GLABRA LEAF CELL EXTRACT,,
5330,MYRETH-3 ETHYLHEXANOATE,125804-11-7,
5331,HYDROLYZED COCKSCOMB,,
5332,N-PALMITOYL LAURYLACETYLMETHYL AMINOPROPANEDIOL,,
5333,SOLANUM LYCOPERSICUM LEAF CELL CULTURE EXTRACT,90131-63-8,
5334,BOSWELLIA SACRA RESIN WATER,,
5335,CHAMOMILLA RECUTITA MERISTEM CELL CULTURE EXTRACT,,
5336,ACETYL HEPTAPEPTIDE-4,,
5337,NARCISSUS PSEUDO-NARCISSUS FLOWER EXTRACT,90064-27-0,
5338,EYSENHARDTIA POLYSTACHYA WOOD EXTRACT,,
5339,TRIOLEYL PHOSPHATE,3305-68-8,
5340,PERFLUORONONYLETHYL PEG-8 DIMETHICONE,,
5341,PODOCARPUS ELATUS FRUIT EXTRACT,,
5342,TEREPHTHALYLIDENE DICAMPHOR SULFONIC ACID,92761-26-7 / 90457-82-2,
5343,LINSEED OIL/PALM OIL AMINOPROPANEDIOL ESTERS,,
5344,CITRUS AURANTIUM DULCIS FRUIT EXTRACT,8028-48-6 / 84012-28-2,
5345,C12-22 ALKYL ACRYLATE/HYDROXYETHYLACRYLATE COPOLYMER,,
5346,C18-38 ALKYL C24-54 ACID ESTER,223706-22-7,
5347,4‚4'-ISOPROPYLIDENEDIPHENOL/EPICHLOROHYDRIN COPOLYMER,25068-38-6,
5348,POLYDIMETHYLAMINOETHYL METHACRYLATE,,
5349,TRIPEPTIDE-63,,
5350,KNIPHOFIA UVARIA SEED OIL,,
5351,ARGANIA SPINOSA LEAF EXTRACT,223747-87-3,
5352,PALMAMIDE DEA,,
5353,FAGUS SYLVATICA SHELL EXTRACT,85251-65-6,
5354,BUTYL DIMETHICONE ACRYLATE/CYCLOHEXYLMETHACRYLATE/ETHYLHEXYL ACRYLATE COPOLYMER,,
5355,HYDROLYZED TRITICUM MONOCOCCUM SEED EXTRACT,,
5356,HYDROLYZED WINTERGREEN EXTRACT,,
5357,BERGENIA CRASSIFOLIA LEAF EXTRACT,,
5358,BUTYLOCTYL CANDELILLATE,226994-03-2,
5359,MEL,8028-66-8,
5360,ASTROCARYUM VULGARE OIL PEG-8 ESTERS,,
5361,LYCIUM CHINENSE FLOWER EXTRACT,,
5362,STEARYL LACTATE,35230-14-9,
5363,PROTODIOSCIN,55056-80-9,
5364,SOLANUM MELONGENA FRUIT EXTRACT,84012-19-1,
5365,ESCULETIN,305-01-1,
5366,SH-POLYPEPTIDE-69,,
5367,LOTUS CORNICULATUS SEED EXTRACT,84696-24-2,
5368,GRIFOLIA FRONDOSA MYCELIUM FERMENT FILTRATE EXTRACT,,
5369,PHLORIDZINYL GLUCOSIDE,,
5370,CETYL RICINOLEATE BENZOATE,199277-63-9,
5371,SODIUM GUANOSINE CYCLIC MONOPHOSPHATE,40732-48-7,
5372,RUSSULA VIRESENS EXTRACT,,
5373,TOUGARASHI EKISU,,
5374,CITRUS LIMON BUD EXTRACT,,
5375,PERFLUORONONYLETHYL CARBOXYDECYL HEXACOSYL DIMETHICONE,,
5376,GENISTA TINCTORIA FLOWER/LEAF/STEM EXTRACT,90045-29-7,
5377,POLYBUTYLENE GLYCOL/PPG-9/1 COPOLYMER,,
5378,HYDROXYPHENYL PROPAMIDOBENZOIC ACID,697235-49-7,
5379,SACCHAROMYCES/SUNFLOWER SEED OIL FERMENT FILTRATE,,
5380,TRIDECYL STEAROYL STEARATE,125804-06-0,
5381,BOEHMERIA SPICATA EXTRACT,,
5382,POTENTILLA ERECTA ROOT EXTRACT,90083-09-3,
5383,SONCHUS OLERACEUS JUICE EXTRACT,96690-50-5,
5384,COLEUS FORSKOHLII ROOT EXTRACT,,
5385,HOMARINE HCL,,
5386,ACETYL OCTAPEPTIDE-17 AMIDE,,
5387,TRIOCTYLDODECYL BORATE,,
5388,CINCHONA PUBESCENS BARK EXTRACT,97435-02-4,
5389,ACETYL HEXAPEPTIDE-7,,
5390,C12-18 ALKYL GLUCOSIDE,,
5391,MENTHYL ETHYLCARBAMATE,637336-79-9,
5392,HORDEUM VULGARE CERA,85251-64-5,
5393,DIMETHICONE PEG-8 POLYACRYLATE,217958-64-0,
5394,CAPSICUM ANNUUM FRUIT JUICE,84625-29-6,
5395,PENTADOXYNOL-200,40160-92-7,
5396,SESAMIDE DIPA,,
5397,GLYCOL ROSINATE,,
5398,HYDROXYMETHOXYPHENYL DECANONE,27113-22-0,
5399,ISOPHTHALIC ACID/PENTAERYTHRITOL CROSSPOLYMER BENZOATE/ISOSTEARATE,909394-29-2,
5400,STEARAMIDE DEA-DISTEARATE,51325-39-4,
5401,MYRISTOYL PENTAPEPTIDE-11,,
5402,RICE SH-POLYPEPTIDE-9 DIMER,,
5403,OCTYLDODECYL STEAROYL STEARATE,90052-75-8,
5404,CHONDRACANTHUS TENELLUS/SACCHARINA ANGUSTATA/ULVA LINZA EXTRACT,,
5405,CRYPTOMERIA JAPONICA CALLUS CULTURE EXTRACT,,
5406,SACCHAROMYCES/BLACK STRAP POWDER/PLACENTAL EXTRACT FERMENT FILTRATE,,
5407,MORINDA CITRIFOLIA LEAF POWDER,94929-68-0,
5408,ALANGIUM SALVIIFOLIUM BARK EXTRACT,,
5409,HYDROGENATED PISTACHIO SEED OIL,68334-28-1,
5410,CHRYSOPHYLLUM CAINITO FRUIT EXTRACT,,
5411,POTASSIUM ACRYLATES/ETHYLHEXYL ACRYLATE COPOLYMER,,
5412,POLYGLYCERYL-4 OLEYL ETHER OLIVATE,,
5413,NYMPHAEA ALBA FLOWER EXTRACT,84696-27-5,
5414,PPG-20 CETYL ETHER,9035-85-2,
5415,BUTEA SUPERBA ROOT POWDER,,
5416,ACACIA FARNESIANA FLOWER CERA,89958-31-6,
5417,STEARYL STEARATE,2778-96-3,
5418,HIBISCUS ROSA-SINENSIS CALLUS EXTRACT,,
5419,HYDROGENATED SUNFLOWER SEED EXTRACT,,
5420,OPUNTIA TUNA FRUIT,,
5421,GLYCERYL CAPRYLATE/CAPRATE,,
5422,KAEMPFEROL,520-18-3,
5423,AMMONIUM ACRYLOYL DIMETHYLTAURATE/CARBOXYETHYL ACRYLATE CROSSPOLYMER,,
5424,CISTANCHE DESERTICOLA STEM EXTRACT,,
5425,REHMANNIA CHINENSIS ROOT EXTRACT,,
5426,LESPEDEZA CAPITATA FLOWER/LEAF/STEM EXTRACT,84837-05-8,
5427,PAEONIA SUFFRUTICOSA BRANCH/FLOWER/LEAF EXTRACT,223747-88-4,
5428,YEAST,68876-77-7,
5429,GLYCERETH-20 STEARATE,,
5430,MYRISTYL PROPIONATE,6221-95-0,
5431,LONICERA JAPONICA CALLUS EXTRACT,,
5432,CAPSAICIN,404-86-4,
5433,CAPRYLYL GLYCOL/GLYCERIN/POLYACRYLIC ACID COPOLYMER,,
5434,ALLIUM SATIVUM BULB OIL,8000-78-0,
5435,CHRYSANTHELLUM AMERICANUM EXTRACT,94166-95-7,
5436,PLATANUS OCCIDENTALIS BARK EXTRACT,90082-83-0,
5437,ASPERGILLUS/LACTOBACILLUS/APHANIZOMENON FLOS-AQUAE/RICE SEED EXTRACT FERMENT FILTRATE,,
5438,TETRAPEPTIDE-1,,
5439,FELDSPAR POWDER,12168-80-8,
5440,TURNERA DIFFUSA LEAF EXTRACT,84696-52-6,
5441,RHODIOLA SACRA ROOT EXTRACT,,
5442,PROPYLENE GLYCOL,57-55-6,
5443,SUCROSE BENZOATE/SUCROSE ACETATE ISOBUTYRATE/BUTYL BENZYL PHTHALATE/METHYL METHACRYLATE COPOLYMER,,
5444,MURRAYA KOENIGII STEM EXTRACT,,
5445,POLYDIMETHYLSILOXYETHYL DIMETHICONE/BIS-VINYLDIMETHICONE CROSSPOLYMER,,
5446,HYDROLYZED CALCIUM HYALURONATE,,
5447,SODIUM CYCLIC LYSOPHOSPHATIDIC ACID,,
5448,METHYLENEDIOXYPHENYLSUCCINOYL HEPTAPEPTIDE-16,,
5449,RHAMNOSE,3615-41-6 / 10030-85-0,
5450,ROSMARINUS OFFICINALIS PHYTOPLACENTA EXTRACT,,
5451,BUTYLENE GLYCOL,107-88-0,
5452,VERONICA AMERICANA FLOWER/LEAF/STEM EXTRACT,,
5453,DIMETHYL LAURAMIDE/MYRISTAMIDE,,
5454,LACTOBACILLUS/SACCHAROMYCES/RHODOPSEUDOMONAS/MOLASSES/CALCIUM CARBONATE/YEAST EXTRACT FERMENT FILTRATE,,
5455,PLEIOGYNIUM TIMORIENSE FRUIT EXTRACT,,
5456,ACETOACETOXYETHOXY METHACRYLATE,,
5457,HORDEUM VULGARE LEAF EXTRACT,85251-64-5,
5458,PORTULACA OLERACEA FLOWER/LEAF/STEM EXTRACT,90083-07-1,
5459,VERONICA OFFICINALIS EXTRACT,85117-19-7,
5460,OLIGOPEPTIDE-146,,
5461,VOACANGA AFRICANA SEED EXTRACT,91770-89-7,
5462,HEXAPEPTIDE-48 HCL,,
5463,OLIGOPEPTIDE-123 RH-POLYPEPTIDE-7,,
5464,TRIHYDROXYAURONE,25078-14-2,
5465,METHYL GLUCOSE ISOSTEARATE,,
5466,BUTYL ACETYL RICINOLEATE,140-04-5,
5467,SOYAMIDE DEA,68425-47-8,
5468,MALVA SYLVESTRIS LEAF EXTRACT,84082-57-5,
5469,HEXAPEPTIDE-49,,
5470,GLYCINE SOJA OIL UNSAPONIFIABLES,91770-67-1,
5471,METHYLTHIOPROPYLAMIDO ACETYL METHIONINE,1258540-06-5,
5472,ACETYL HEXAPEPTIDE-8 AMIDE,,
5473,MORUS AUSTRALIS LEAF POWDER,,
5474,LANETH-60,61791-20-6,
5475,DIMETHYL LAUROYL LYSINE,38079-57-1,
5476,RIBOFLAVIN TETRABUTYRATE,752-56-7,
5477,CETYL BABASSUATE,,
5478,DAEDALEA DICKINSII MYCELIUM EXTRACT FILTRATE,,
5479,UURON-CHA EKISU,84650-60-2 -generic-,
5480,ETHYLHEXYL METHOXYCINNAMATE,5466-77-3,
5481,BALANITES ROXBURGHII SEED OIL,,
5482,SODIUM HYALURONATE CROSSPOLYMER-3,,
5483,AERVA JAVANICA FLOWER/LEAF/STEM EXTRACT,,
5484,PERILLA OCYMOIDES SEED OIL,90082-61-4,
5485,PRUNUS YEDOENSIS BRANCH/LEAF EXTRACT,,
5486,CITRUS AURANTIFOLIA FLOWER/SAMBUCUS NIGRA FLOWER EXTRACT,,
5487,SAURURUS CHINENSIS LEAF/ROOT EXTRACT,,
5488,YUUKARI EKISU,,
5489,MACROCYSTIS PYRIFERA JUICE,,
5490,BUTYROYL PENTAPEPTIDE-24,,
5491,SCLEROCARYA BIRREA SEED OIL POLYGLYCERYL-10 ESTERS,,
5492,MYRISTOYL HEXAPEPTIDE-16,,
5493,TAMARIX CHINENSIS EXTRACT,,
5494,RAFFINOSE ISOSTEARATE,1032182-34-5,
5495,ACACIA SENEGAL GUM EXTRACT,90387-99-8,
5496,HYDROXYLATED LANOLIN,68424-66-8,
5497,STEARAMIDE DEA,93-82-3,
5498,FICUS CARICA BUD EXTRACT,90028-74-3,
5499,ETHYLHEXYL OLEATE,26399-02-0,
5500,POTENTILLA CHINENSIS PHYTOPLACENTA EXTRACT,,
5501,POTASSIUM BEHENOYL HYDROLYZED RICE PROTEIN,,
5502,SH-DECAPEPTIDE-9,,
5503,SUAEDA MARITIMA FLOWER/LEAF/STEM POWDER,,
5504,RAFFINOSE MYRISTATE,91433-10-2,
5505,PINELLIA TERNATA ROOT EXTRACT,90082-78-3,
5506,MYRISTYL PCA,37673-27-1,
5507,CORYDALIS OCHOTENSIS EXTRACT,,
5508,HYDROGENATED FARNESENE,3891-98-3,
5509,SHOREA ROBUSTA SEED BUTTER,225234-08-2,
5510,STIGMASTERYL CHLORIDE,33999-16-5,
5511,PRUNUS SPINOSA FRUIT EXTRACT,90105-94-5,
5512,ADANSONIA DIGITATA SEED EXTRACT,91745-12-9,
5513,LACTOBACILLUS/BAMBUSA ARUNDINACEA JUICE/SUCROSE FERMENT FILTRATE,,
5514,HYDROGENATED STYRENE/ISOPRENE COPOLYMER,68648-89-5,
5515,AGASTACHE RUGOSA CALLUS CULTURE,91770-93-3,
5516,METHOXY PEG-8 DIMETHYLSILYLETHYL TRIMETHYLSILANE,881689-05-0,
5517,PORPHYRA TENERA SPOROPHYTE EXTRACT,,
5518,PEG-16 MACADAMIA GLYCERIDES,,
5519,ARNICA MONTANA FLOWER WATER,68990-11-4,
5520,HEPTAPEPTIDE-31,,
5521,SYNTHETIC MOONSTONE POWDER,,
5522,SPOTTED DOGFISH SKIN EXTRACT,,
5523,CORDYCEPS MILITARIS/GERMINATED SOYBEAN FERMENT EXTRACT FILTRATE,,
5524,SH-POLYPEPTIDE-51,,
5525,BAMBUSA VULGARIS SAP EXTRACT,91771-33-4,
5526,C14-22 ALCOHOLS,,
5527,SH-DECAPEPTIDE-1 SR-PINEAPPLE STEM BROMELAIN,,
5528,LILIUM CANDIDUM LEAF CELL EXTRACT,84776-67-0,
5529,SIDERITIS SCARDICA FLOWER/LEAF/STEM EXTRACT,,
5530,MORINDA CITRIFOLIA LEAF JUICE,84929-68-0,
5531,PVM/MA DECADIENE CROSSPOLYMER,136392-67-1,
5532,SCUTELLARIA LATERIFLORA FLOWER POWDER,90106-67-5,
5533,LACTOBACILLUS/SORGHUM BICOLOR LEAF/STEM EXTRACT FERMENT FILTRATE,,
5534,CAMPSIS GRANDIFLORA FLOWER EXTRACT,,
5535,SPIRAEA ULMARIA FLOWER WATER,84775-57-5,
5536,PRUNUS ARMENIACA FRUIT EXTRACT,68650-44-2,
5537,SCLERANTHUS ANNUUS FLOWER EXTRACT,,
5538,RHEUM RHAPONTICUM FRUIT WATER,,
5539,BRASSICA OLERACEA CAPITATA (CABBAGE) SPROUT EXTRACT,,
5540,DIAMMONIUM FERRIC PENTETATE,85959-68-8,
5541,OLEYL GLYCERYL ETHER,593-31-7,
5542,GMELINA ARBOREA ROOT POWDER,92201-79-1,
5543,SACCHAROMYCES/ANEMARRHENA ASPHODELOIDES ROOT/ANGELICA GIGAS ROOT/ASPARAGUS COCHINCHINENSIS/ATRACTYLODES MACROCEPHALA ROOT/FRAXINUS EXCELSIOR BARK/LICORICE ROOT/OPHIOPOGON JAPONICUS ROOT/PAEONIA LACTIFLORA ROOT/PHELLODENDRON AMURENSE BARK FERMENT EXTRACT,,
5544,LENTINUS EDODES MYCELIUM FERMENT FILTRATE EXTRACT,,
5545,SIDA CORDIFOLIA ROOT POWDER,92457-39-1,
5546,KLUYVEROMYCES/LACTOBACILLUS/LACTOCOCCUS/LEUCONOSTOC/SACCHAROMYCES/HYDROLYZED RICE PROTEIN FERMENT FILTRATE,,
5547,CITRUS AURANTIFOLIA FLOWER EXTRACT,90063-52-8,
5548,MORUS BOMBYCIS LEAF/ROOT EXTRACT,,
5549,VITEX TRIFOLIA FRUIT EXTRACT,91722-47-3,
5550,DUNALIELLA SALINA/ISOCHRYSIS GALBANA/NANNOCHLOROPSIS GADITANA/PHAEODACTYLUM TRICORNUTUM/TETRASELMIS CHUII EXTRACT,,
5551,PEG-15 TRIMETHYLOLPROPANE TRIACRYLATE,28961-43-5,
5552,POTATO SH-OLIGOPEPTIDE-1,,
5553,JUNIPERUS COMMUNIS CALLUS EXTRACT,,
5554,PEG-10 SUNFLOWER GLYCERIDES,180254-52-8 / 186511-05-7,
5555,MYRISTICA FRAGRANS KERNEL EXTRACT,84082-68-8,
5556,DIFLUOROPHENYL PROPYLCYCLOPENTENE OXIME,,
5557,PROPYLENE GLYCOL DICAPROATE,50343-36-7,
5558,ACETOBACTER/BACILLUS/LACTOBACILLUS/SACCHAROMYCES/STREPTOCOCCUS/FRUIT/LEAF/IMPERATA CYLINDRICA ROOT/SEED/BROCCOLI/ERIOCEPHALUS PUNCTULATUS/MISTLETOE/ACRYLATES C10-30 ALKYL ACRYLATES CROSSPOLYMER/ALPHA-GLUCAN/BETAINE/BUTYLENE GLYCOL/EPIGALLOCATECHIN GALLATYL GLUCOSIDE/GLYCERETH-26/GLYCERIN/GLUCOSYL CERAMIDE/GLUCOSYL HESPERIDIN/HYDROLYZED HYALURONIC ACID/MALTODEXTRIN/PANTHENOL/SCLEROTIUM GUM/TROMETHAMINE/XANTHAN GUM FERMENT FILTRATE,,
5559,DISODIUM DIGLYCERYL PHOSPHATE,,
5560,SASA VEITCHII LEAF/STEM WATER,,
5561,MIRODENAFIL,862189-95-5,
5562,LACTOBACILLUS/BAMBUSA VULGARIS SHOOT EXTRACT/GLYCYRRHIZA GLABRA ROOT EXTRACT/LUFFA CYLINDRICA FRUIT EXTRACT/MORUS ALBA ROOT EXTRACT/PUERARIA LOBATA ROOT EXTRACT FERMENT FILTRATE,,
5563,TAPIOCA STARCH POLYMETHYLSILSESQUIOXANE,68989-12-8,
5564,GANODERMA AMBOINENSE FRUITING BODY EXTRACT,,
5565,BAKUMONDOU EKISU,,
5566,SERENOA SERRULATA FRUIT OIL,84604-15-9,
5567,HYDROGENATED ORANGE SEED OIL,,
5568,POTASSIUM SOYATE,61790-24-7,
5569,EPIGALLOCATECHIN GALLATYL GLUCOSIDE,,
5570,VP/POLYCARBAMYL POLYGLYCOL ESTER,,
5571,SORBETH-150 HEXASTEARATE,,
5572,ISOMERIZED JOJOBA OIL,,
5573,FUMARIA OFFICINALIS EXTRACT,84625-41-2,
5574,COCOA BUTTER PEG-8 ESTERS,,
5575,POLYPHENYLSILSESQUIOXANE/TRIMETHYLSILOXYSILICATE,1991985-12-6,
5576,SORBETH-6,53694-15-8,
5577,CITRUS JAPONICA FRUIT EXTRACT,,
5578,M-HYDROXYANISOLE,150-19-6,
5579,SH-HEXAPEPTIDE-43,,
5580,STYRENE/ACRYLATES/DIMETHICONE ACRYLATE CROSSPOLYMER,,
5581,LAURYL PHENYLISOPROPYL METHICONE,,
5582,AVOCADAMIDE DEA,124046-21-5,
5583,ACANTHOPANAX SESSILIFLORUS ROOT EXTRACT,,
5584,BUDDLEJA DAVIDII LEAF EXTRACT,94465-67-5,
5585,C5-6 ALKANE/CYCLOALKANE/TERPENE COPOLYMER,,
5586,POLYGONUM FAGOPYRUM CALLUS CULTURE EXTRACT,89958-09-8,
5587,BUTOXYETHANOL,111-76-2,
5588,HYDROLYZED SNAIL BODY EXTRACT,,
5589,FURFURYL TETRAHYDROPYRANYLADENINE,109403-64-7,
5590,BIS-OCTYLDODECYL DIMER DILINOLEATE/PROPANEDIOL COPOLYMER,,
5591,CETYL RICINOLEATE,10401-55-5,
5592,PINUS KORAIENSIS CALLUS CULTURE EXTRACT,,
5593,RUBUS CHAMAEMORUS FRUIT JUICE EXTRACT,2077941-08-1,
5594,CANDELILLA WAX ESTERS,,
5595,SR-SPIDER POLYPEPTIDE-3,,
5596,POLYETHYLHEXYL METHACRYLATE,,
5597,ISOSTEARYL LAURATE,72576-79-5,
5598,ISOBUTYL METHACRYLATE,97-86-9,
5599,DIISONONYL ETHER,,
5600,TORREYA NUCIFERA SEED POWDER,,
5601,SODIUM MANGOSEEDATE,,
5602,MENTHA PIPERITA MERISTEM CELL CULTURE,,
5603,ZINC PENTADECENE TRICARBOXYLATE,,
5604,MYRISTOYL TETRAPEPTIDE-13,,
5605,PEG-40 HYDROGENATED CASTOR OIL LAURATE,,
5606,POLYGLYCERYL-6 TRICHILIA EMETICA SEEDATE,,
5607,GLYCINE SOJA FIBER,,
5608,SH-POLYPEPTIDE-61,1637217-80-1,
5609,DISODIUM EDTA,139-33-3 --- 6381-92-6,
5610,NICOTINOYL HEXAPEPTIDE-44,,
5611,CASTOR OIL/IPDI COPOLYMER,68955-90-8; 2097847-57-7,
5612,SODIUM OLEANOLATE,,
5613,ASPERGILLUS/SACCHAROMYCES RICE FERMENT LEES,,
5614,HYDROLYZED CUCURBITA PEPO SEEDCAKE,89998-03-8,
5615,OLIGOPEPTIDE-44,,
5616,BENZOIC ACID/PHTHALIC ANHYDRIDE/PENTAERYTHRITOL/NEOPENTYL GLYCOL/PALMITIC ACID COPOLYMER,68647-39-2,
5617,POLYURETHANE CROSSPOLYMER-2,,
5618,HEXAPEPTIDE-2 ASCORBYL PHOSPHATE,,
5619,HELIANTHEMUM NUMMULARIUM FLOWER EXTRACT,,
5620,SD ALCOHOL 31-A,,
5621,OLIGOPEPTIDE-56 AMIDO PEG-220 METHYL ETHER,,
5622,CYSTEINYL TRIPEPTIDE-35,,
5623,SH-POLYPEPTIDE-59,,
5624,RANUNCULUS FICARIA EXTRACT,84929-74-8,
5625,SORBETH-30,53694-15-8,
5626,DAUCUS CAROTA SATIVA ROOT,84929-61-3,
5627,DILINOLEIC ACID/ETHYLENEDIAMINE COPOLYMER,,
5628,DECYLOXAZOLIDINONE,7693-82-5,
5629,NONAPEPTIDE-34,,
5630,CLERODENDRON TRICHOTOMUM LEAF EXTRACT,,
5631,PERICHLAENA RICHARDII FLOWER EXTRACT,,
5632,JASMINUM OFFICINALE FLOWER WAX,,
5633,SMILAX GLABRA ROOT EXTRACT,,
5634,UNDECETH-9,,
5635,RUSCUS ACULEATUS ROOT EXTRACT,84012-38-4,
5636,PENTYLPHENYL OCTYLOXYBENZOATE,50649-56-4,
5637,ETHYLENE DISTEARAMIDE,110-30-5,
5638,ZANTHOXYLUM AMERICANUM/CLAVA-HERCULES BARK EXTRACT,,
5639,MYRISTYL LIGNOCERATE,42233-51-2,
5640,LAMINARIA OCHROLEUCA EXTRACT,92128-82-0,
5641,PPG-4 JOJOBA ACID,,
5642,PICHIA FERMENT LYSATE FILTRATE,,
5643,GANODERMA LUCIDUM STEM EXTRACT,,
5644,ASPERGILLUS/SACCHAROMYCES/RICE LEES FERMENT FILTRATE,,
5645,ASCORBIC ACID/ORANGE/CITRUS LIMON/CITRUS AURANTIFOLIA POLYPEPTIDES,,
5646,CECROPIA OBTUSA BARK EXTRACT,,
5647,SPATHODEA CAMPANULATA FLOWER EXTRACT,,
5648,POLYSILICONE-15,207574-74-1,
5649,BUTOXYHYDROXYPROPYL CETYL HYDROXYETHYLCELLULOSE,942427-44-3,
5650,SUCROSE DISTEARATE,27195-16-0,
5651,METHYLSTYRENE/VINYLTOLUENE COPOLYMER,9017-27-0,
5652,C24-28 OLEFIN,93924-11-9,
5653,PPG-2 ISOSTEARATE,,
5654,ETHYL CYSTEINATE HCL,868-59-7,
5655,GLAUCINE,475-81-0,
5656,SACCHAROMYCES/IPOMOEA BATATAS FERMENT EXTRACT,,
5657,VINYL DIMETHYL/TRIMETHYLSILOXYSILICATE STEARYL DIMETHICONE CROSSPOLYMER,,
5658,BACILLUS/RHODODENDRON WEYRICHII FLOWER FERMENT EXTRACT FILTRATE,,
5659,VITIS VINIFERA FRUIT POWDER,85594-37-2 / 84929-27-1,
5660,BRASSICA RAPA SEED EXTRACT,73049-70-4,
5661,CESTRUM NOCTURNUM BRANCH/FLOWER/LEAF WATER,,
5662,LAVANDULA ANGUSTIFOLIA FLOWER WATER,90063-37-9,
5663,BRASSICA OLERACEA CAPITATA LEAF WATER,,
5664,ACACIA DEALBATA FLOWER WAX,,
5665,DIMETHOXYAPIGENIN,520-32-1,
5666,BROUSSONETIA KAZINOKI CALLUS CULTURE EXTRACT,,
5667,SOPHORA JAPONICA LEAF EXTRACT,90131-19-4,
5668,METHOXYCINNAMIDOPROPYL/PHENYL POLYSILSESQUIOXANE,,
5669,C12-14 HYDROXYALKYL MALTITOL ETHER,,
5670,POLYACRYLATE-41,1416237-52-9,
5671,POGOSTEMON CABLIN LEAF/STEM EXTRACT,84238-39-1,
5672,SODIUM CARBOXYMETHYL INULIN,430439-54-6,
5673,SACCHAROMYCES/RICE LEES FERMENT FILTRATE,,
5674,ERGOCALCIFEROL,50-14-6 / 1406-16-2,
5675,OLIGOPEPTIDE-107,,
5676,PHORMIUM TENAX SEED EXTRACT,,
5677,LEPTADENIA RETICULATA LEAF POWDER,92457-15-3,
5678,ELAEAGNUS LATIFOLIA LEAF CELL EXTRACT,,
5679,STEARETH-10 ALLYL ETHER/ACRYLATES COPOLYMER,109292-17-3,
5680,ETHYL CAFFEATE,102-37-4,
5681,THEOBROMA CACAO FRUIT EXTRACT,,
5682,HEMIDESMUS INDICUS ROOT POWDER,90045-62-8,
5683,CIRSIUM SETIDENS LEAF EXTRACT,,
5684,OVUM SHELL MEMBRANE EXTRACT,,
5685,DISTEARETH-100 IPDI,53533-75-8,
5686,STEMONA SESSILIFOLIA ROOT EXTRACT,,
5687,MENTHYL ETHYLAMIDO OXALATE,1122460-01-8,
5688,SALVIA MILTIORRHIZA FLOWER/LEAF/ROOT EXTRACT,90106-50-6,
5689,PISCUM CARTILAGE EXTRACT,,
5690,CUPRESSUS SEMPERVIRENS LEAF/STEM EXTRACT,84696-07-1,
5691,LACTOBACILLUS/SOYMILK/PEUCEDANUM JAPONICUM LEAF/STEM FERMENT FILTRATE,,
5692,COLEUS SCUTELLARIOIDES LEAF/STEM EXTRACT,,
5693,ZEATIN,1637-39-4,
5694,CHYMOTRYPSIN,9004-07-3,
5695,QUERCUS SALICINA LEAF EXTRACT,,
5696,GINKGO BILOBA MERISTEM CELL CULTURE CONDITIONED MEDIA,,
5697,VACCINIUM OXYCOCCOS SEEDCAKE,,
5698,PEG-222 PENTAERYTHRITYL ADIPATE-SUCCINIMIDE DENDRIMER,,
5699,CUCURBITA MAXIMA FRUIT JUICE,,
5700,ROBINIA PSEUDOACACIA FLOWER EXTRACT,89957-93-7,
5701,GLYCERYL TRIACETYL HYDROXYSTEARATE,27233-00-7,
5702,EUPATORIUM FORTUNEI EXTRACT,,
5703,POLYGLYCERYL-3 POLYRICINOLEATE,29894-35-7 / 235783-76-3,
5704,LEONTOPODIUM HAPLOPHYLLOIDES FLOWER/LEAF/STEM EXTRACT,,
5705,COCONUT OIL AMINOETHOXYETHANOL AMIDES,212335-59-6,
5706,FREESIA ALBA FLOWER EXTRACT,,
5707,CETYLDIMETHYLSILOXY TRIMETHYLSILOXYSILICATE,,
5708,PSEUDOZYMA TSUKUBAENSIS/OLIVE OIL/GLYCERIN/SOY PROTEIN FERMENT,,
5709,HEDERA RHOMBEA EXTRACT,,
5710,ADAMANTANYLCARBOXAMIDO TRIFLUOROMETHYLBENZONITRILE,,
5711,HYDROLYZED CELLULOSE GUM,,
5712,TETRAPEPTIDE-54,,
5713,OZONIZED SACCHAROMYCES FERMENT LYSATE FILTRATE,,
5714,HYDROXYCETYL ISOSTEARATE,,
5715,MONTMORILLONITE,1318-93-0,
5716,NYLON-12,25038-74-8,
5717,PERILLA OCYMOIDES LEAF WATER,,
5718,CYMBOPOGON CITRATUS FLOWER WATER,,
5719,ACETYL SH-DECAPEPTIDE-2 AMIDE,,
5720,PENTAERYTHRITYL TETRAMERCAPTOPROPIONATE,7575-23-7,
5721,ASPERGILLUS/PAEONIA SUFFRUTICOSA BARK/HONEYSUCKLE FLOWER/FORSYTHIA FRUIT/(ASTRAGALUS MEMBRANACEUS/GENTIANA SCABRA/LICORICE/REHMANNIA GLUTINOSA/RHEUM PALMATUM/SCROPHULARIA BUERGERIANA) ROOT/(CASTOR/RICE) SEED FERMENT EXTRACT,,
5722,GLYCERIN/PHTHALIC ACID COPOLYMER HYDROXYPROPYL C9-11 ISOALKYL ACIDATE,,
5723,MAGNOLIA BIONDII BUD/FLOWER EXTRACT,85085-47-8,
5724,ACACIA ARABICA STEM BARK EXTRACT,93164-88-6,
5725,PEG-20 HYDROGENATED CASTOR OIL LAURATE,,
5726,HYDROLYZED AMORPHOPHALLUS KONJAC ROOT,,
5727,DIMETHYLIMIDAZOLIDINONE CORN STARCH,223239-90-5,
5728,HYDROGENATED TALLOWETH-12,,
5729,CARAGANA SINICA FLOWER EXTRACT,,
5730,MELIA AZADIRACHTA LEAF POWDER,,
5731,POLYBUTYLENE TEREPHTHALATE,26062-94-2,
5732,ARUNCUS DIOICUS ROOT EXTRACT,,
5733,METHYLSILANOL PEG-7 GLYCERYL COCOATE,106040-46-4,
5734,COTINUS COGGYGRIA LEAF EXTRACT,,
5735,ACRYLATES/DIMETHICONOL ACRYLATE COPOLYMER,,
5736,PELARGONIUM PELTATUM EXTRACT,,
5737,ISOPROPYL AVOCADATE,90990-05-9,
5738,STEVIA REBAUDIANA LEAF/STEM POWDER,,
5739,ERYTHRITYL TRIETHYLHEXANOATE,,
5740,OLIBANUM,8050-07-5,
5741,RAMARIA FORMOSA FRUITING BODY EXTRACT,,
5742,OLIVE OIL PEG-10 ESTERS,103819-46-1,
5743,ARTEMISIA UMBELLIFORMIS EXTRACT,94333-86-5,
5744,PERFLUOROMETHYLDECALIN,51294-16-7,
5745,4-(2-BETA-GLUCOPYRANOSILOXY) PROPOXY-2HYDROXYBENZOPHENONE,,
5746,HYDROGENATED SUNFLOWER SEED OIL,,
5747,PENTAPEPTIDE-62,,
5748,BRASSICA NIGRA SEED POWDER,90064-15-6,
5749,MYRISTYL-PG HYDROXYETHYL DECANAMIDE,,
5750,LACTOBACILLUS/PANAX GINSENG ROOT FERMENT FILTRATE,,
5751,NEOLEPISORUS FORTUNEI ROOT EXTRACT,,
5752,AMETHYST EXTRACT,,
5753,BAUHINIA AUREIFOLIA LEAF EXTRACT,,
5754,NARCISSUS TRIANDRUS EXTRACT,,
5755,DENDROBIUM NOBILE PROTOCORM EXTRACT,,
5756,GLYCERYL DIPALMITOLEATE,,
5757,MYRISTAMIDE MIPA,10525-14-1,
5758,RH-POLYPEPTIDE-83,,
5759,ISOPROPYL JOJOBATE,,
5760,NYMPHAEA STELLATA FLOWER POWDER,,
5761,GENTIANA ACAULIS FLOWER/LEAF EXTRACT,,
5762,CETYL PEG/PPG-15/15 BUTYL ETHER DIMETHICONE,,
5763,TRIBEHENIN,18641-57-1,
5764,ACACIA CATECHU GUM,8001-76-1,
5765,AMELANCHIER ALNIFOLIA FRUIT EXTRACT,,
5766,ZINGIBER CASSUMUNAR ROOT EXTRACT,84696-15-1,
5767,SCENEDESMUS DESERTICOLA FERMENT EXTRACT,,
5768,CHLORELLA VARIABILIS EXTRACT,,
5769,OCTYLDODECYL BEHENATE,125804-08-2,
5770,CHENOPODIUM QUINOA SEED OIL,225234-01-5,
5771,PELARGONIUM SIDOIDES CALLUS CULTURE CONDITIONED MEDIA,,
5772,COCONUT/PALM KERNEL ALKANES,,
5773,RESEDA ODORATA FLOWER/LEAF/STEM EXTRACT,91721-98-1,
5774,XENOTIME,13817-22-6,
5775,SACCHAROMYCES/APPLE FRUIT/HONEY/PANAX GINSENG ROOT/ROYAL JELLY/SUCROSE FERMENT FILTRATE,,
5776,HYDROLYZED ANTLER VELVET,,
5777,DI-GLYCERYL STEARATE DIMER DILINOLEATE,,
5778,BIS-VINYL DIMETHICONE/DIMETHICONE COPOLYMER,,
5779,METHYLSILANOL ACETYLTYROSINE,105883-45-2,
5780,DIOCTYLDODECYL MALATE,,
5781,DILAUROYL TRIMETHYLOLPROPANE SILOXY SILICATE,,
5782,OCTYLDODECYL OCTYLDODECANOATE,182162-80-7,
5783,PEG-2 TALLOWAMIDE DEA,,
5784,CINCHONA CALISAYA BARK EXTRACT,89997-70-6,
5785,HYDROLYZED SOY FLOUR,,
5786,ALANYL GLUTAMINE,39537-23-0,
5787,GLYCERYL STEARATE DIACETATE,84931-78-2,
5788,PALMITOYL TRIPEPTIDE-31,,
5789,PITTOSPORUM EUGENIOIDES FLOWER/LEAF EXTRACT,,
5790,ADENOSINE TRIPHOSPHATE,56-65-5,
5791,MANGANESE CITRATE,10024-66-5,
5792,TRIDECYL ETHYLHEXANOATE,125804-07-1,
5793,PROPYLENE GLYCOL ISOSTEARATE,68171-38-0 / 63799-53-1,
5794,LACTOBACILLUS/WINE STILLAGE FERMENT,,
5795,HYDROLYZED OYSTER SHELL EXTRACT,,
5796,MUSA SAPIENTUM WATER,,
5797,HEXAPEPTIDE-47,,
5798,GLYCERYL DIMYRISTATE,53563-63-6,
5799,URSOLOYL TETRAPEPTIDE-37,,
5800,CEDRUS ATLANTICA CALLUS EXTRACT,92201-55-3,
5801,MYRETH-3 PALMITATE,84605-14-1,
5802,DIOCTYLDODECYL FLUOROHEPTYL CITRATE,,
5803,PALM OIL POLYGLYCERYL-6 ESTERS,,
5804,LACTOCOCCUS/LAC FERMENT LYSATE,,
5805,CYMBIDIUM SINENSE EXTRACT,,
5806,ANEMARRHENA ASPHODELOIDES ROOT EXTRACT,,
5807,EUGENIA CUMINI LEAF EXTRACT,,
5808,MYRISTICA FRAGRANS SHELL POWDER,,
5809,ASPERGILLUS/PICHIA/SORGHUM BICOLOR FERMENT LEES EXTRACT,,
5810,VERONICASTRUM SIBIRICUM EXTRACT,,
5811,SEA SALT,7647-14-5,
5812,LACTOBACILLUS/CUCURBITA PEPO FERMENT EXTRACT,,
5813,DISODIUM GLYCYRRHIZATE,71277-79-7,
5814,R-THERMOTOGA MARITIMA POLYPEPTIDE-1 OLIGOPEPTIDE-105 OLIGOPEPTIDE-106 HEXAPEPTIDE-40,,
5815,ACACIA DECURRENS/JOJOBA/SUNFLOWER SEED CERA/POLYGLYCERYL-3 ESTERS,,
5816,ROSMARINUS OFFICINALIS FLOWER/LEAF/STEM EXTRACT,84604-14-8,
5817,ARACHIDYL ERUCATE,86601-86-7,
5818,HAMAMELIS VIRGINIANA LEAF WATER,84696-19-5,
5819,STYRENE/ACRYLATES/DIMETHICONE COPOLYMER,,
5820,PENTAERYTHRITYL BEHENATE/POLYHYDROXYSTEARATE,,
5821,PETASITES HYBRIDUS LEAF EXTRACT,90082-63-6,
5822,OLIVE OIL PEG-8 ESTERS,103819-46-1,
5823,TEUCRIUM SCORODONIA EXTRACT,90131-55-8,
5824,PAECILOMYCES JAPONICA MYCELIUM/GINSENG ROOT FERMENT EXTRACT FILTRATE,,
5825,SUCROSE PENTAERUCATE,,
5826,YUCCA FILAMENTOSA ROOT,90147-58-3,
5827,CITRUS CLEMENTINA LEAF CELL EXTRACT,,
5828,OLEIC/PALMITIC/LAURIC/MYRISTIC/LINOLEIC TRIGLYCERIDE,,
5829,DIETHYLHEXYL DIMER DILINOLEATE,,
5830,MAGNOLIA SIEBOLDII FLOWER EXTRACT,,
5831,CASSIA ITALICA LEAF EXTRACT,85085-71-8,
5832,SAPONARIA OFFICINALIS LEAF/ROOT EXTRACT,84775-97-3,
5833,SHEA BUTTER PEG-8 ESTERS,,
5834,METHYL MYRISTIC ACID,73679-18-2,
5835,METHYLBUTYLPHENYL DECYLOXYBENZOATE,69777-63-5,
5836,GLYCERETH-7 HYDROXYSTEARATE/IPDI COPOLYMER,162730-24-7,
5837,GOSSYPIUM HERBACEUM FLOWER EXTRACT,,
5838,ADANSONIA DIGITATA OIL,91745-12-9 / 225233-93-2,
5839,RAPESEED OIL PEG-3 ESTERS,,
5840,KOU-CHA EKISU,,
5841,RIBES GROSSULARIA FRUIT EXTRACT,,
5842,MALUS DOMESTICA FRUIT CELL CULTURE EXTRACT,,
5843,ACRYLATES/ETHYLHEXYL ACRYLATE COPOLYMER,,
5844,PHTHALIC ANHYDRIDE/BENZOIC ACID/GLYCERIN COPOLYMER,,
5845,CINNAMOMUM TAMALA LEAF EXTRACT,,
5846,SOPHORA ANGUSTIFOLIA ROOT EXTRACT,164288-54-4,
5847,ALUMINUM PCA,59792-81-3,
5848,HEMICHLORIS ANTARCTICA EXTRACT,,
5849,PALMITAMIDOHEXADECANEDIOL,129426-19-3,
5850,PERFLUORONONYL DIMETHICONE,,
5851,SACCHAROMYCES/LEDEBOURIELLA DIVARICATA ROOT/ACHYRANTHES BIDENTATA ROOT/CNIDIUM OFFICINALE ROOT/EUCOMMIA ULMOIDES BARK/ANGELICA GIGAS ROOT/PAEONIA SUFFRUTICOSA ROOT/ANGELICA TENUISSIMA ROOT/ASARUM SIEBOLDI ROOT/ANGELICA PUBESCENS ROOT/MAGNOLIA LILIFLORA BUD FERMENT FILTRATE,,
5852,PPG-1-CETETH-1,9087-53-0 / 37311-01-6,
5853,TETRAHYDROBISDEMETHOXYDIFERULOYLMETHANE,113482-94-3,
5854,GLYCOL CETEARATE,,
5855,ACRYLAMIDOMETHYL CELLULOSE ACETATE BUTYRATE,91313-01-8,
5856,ACRYLAMIDE/SODIUM ACRYLOYLDIMETHYLTAURATE COPOLYMER,38193-60-1,
5857,CISTUS LADANIFERUS FLOWER WAX,,
5858,PYRUS CYDONIA PEEL/FRUIT CERA,90106-03-9,
5859,CITRUS AURANTIFOLIA PEEL POWDER,90063-52-8,
5860,ISOPHORONE DIAMINE/ISOPHTHALIC ACID/TRIMETHYLOLPROPANE COPOLYMER,,
5861,COFFEA ARABICA LEAF/SEED EXTRACT,84650-00-0,
5862,EMBELIA RIBES ROOT EXTRACT,93165-23-2,
5863,SH-PENTAPEPTIDE-4,,
5864,ALPINIA ZERUMBET LEAF WATER,,
5865,CINEOLE,470-67-7,
5866,GNAPHALIUM POLYCEPHALUM EXTRACT,91723-39-6,
5867,EPILOBIUM FLEISCHERI EXTRACT,849775-73-1,
5868,ENTEROCOCCUS FAECALIS,,
5869,HEA IPDI ISOCYANURATE TRIMER/POLYCAPROLACTONE DIOL COPOLYMER,71243-87-3,
5870,ANTENNARIA DIOICA EXTRACT,,
5871,STEARETH-12 STEARATE,,
5872,OCIMUM BASILICUM MERISTEM CELL CULTURE,,
5873,MENTHA AQUATICA LEAF OIL,,
5874,SACCHAROMYCES/RICE SPROUT FERMENT FILTRATE,,
5875,ARTEMISIA GMELINII LEAF OIL,,
5876,CETETH-10 STEARATE,,
5877,PALMITOYL SH-TRIPEPTIDE-1 AMIDE,,
5878,PECTOLINARIN,28978-02-1,
5879,HEA/SODIUM ACRYLOYLDIMETHYLTAURATE/STEARETH-20 METHACRYLATE COPOLYMER,1562414-82-7,
5880,HYDROLYZED TAMARINDUS INDICA SEED POLYSACCHARIDE,,
5881,DIONAEA MUSCIPULA EXTRACT,,
5882,ETHYLHEXYL OLIVATE,,
5883,LACTOBACILLUS/RICE BRAN/SACCHAROMYCES/CAMELLIA SINENSIS LEAF EXTRACT FERMENT,,
5884,ISOBUTYL/METHOXY PEG-10 POLYSILSESQUIOXANE,,
5885,MELALEUCA UNCINATA FLOWER/LEAF EXTRACT,,
5886,BROMELIA BALANSEA EXTRACT,,
5887,BIS-STEARYL PEG/PPG-8/6 SMDI/PEG-400 COPOLYMER,,
5888,HYDROGENATED WALNUT SEED OIL,,
5889,PPG-37 OLEYL ETHER,52581-71-2,
5890,DIPTERYX ALATA SEED OIL,,
5891,PRUNUS DOMESTICA SEEDCAKE EXTRACT,90082-87-4,
5892,PEG-12 SORBITAN TRIOLEATE,9005-65-6,
5893,SODIUM HYDROSULFITE,7775-14-6,
5894,PERILLA FRUTESCENS SEEDCAKE,,
5895,OXO AZAANDROSTENE CARBOXYLOYL DECAPEPTIDE-18,,
5896,GLYCERYL STEARATE CITRATE,55840-13-6 / 86418-55-5,
5897,HEPTACODIUM MICONIOIDES LEAF EXTRACT,,
5898,BLACK STRAP POWDER,,
5899,OXALIS HEDYSAROIDES LEAF,,
5900,POLYGLYCERYL-2 DIOLEATE,67965-56-4 / 60219-68-3,
5901,HYDROLYZED ACEROLA FRUIT,,
5902,QUATERNIUM-18/BENZALKONIUM BENTONITE,,
5903,TRI-C14-15 ALKYL CITRATE,222721-94-0,
5904,PEG-10 GLYCERYL ISOSTEARATE,,
5905,LAUROCAPRAM,59227-89-3,
5906,CANNABIS SATIVA STEM POWDER,89958-21-4,
5907,MENTHA SUAVEOLENS LEAF EXTRACT,,
5908,DRYOPTERIS FILIX-MAS ROOT EXTRACT,84650-05-5,
5909,BAROSMA BETULINA ROOT EXTRACT,84649-93-4,
5910,C9-14 ISOPARAFFIN,246538-73-8,
5911,TRICHOSANTHES KIRILOWII STEM JUICE,,
5912,CUDRANIA TRICUSPIDATA CALLUS CULTURE EXTRACT,,
5913,DUBOISIA LEICHHARDTII LEAF EXTRACT,,
5914,LEPTOSPERMUM SCOPARIUM LEAF EXTRACT,223749-44-8,
5915,METHYL 2‚4-DIHYDROXYBENZOATE,2150-47-2,
5916,DIMETHYLACRYLAMIDE/SODIUM ACRYLOYLDIMETHYLTAURATE CROSSPOLYMER,,
5917,RICINOLEAMIDE MEA,106-16-1 / 75033-33-9,
5918,TRIPEPTIDE-61,,
5919,GLYCERETH-31,31694-55-0,
5920,ETHYLHEXYL OLEATE ESTOLIDES,,
5921,SILANETRIOL TREHALOSE ETHER,190270-70-3,
5922,THURFYLNICOTINATE HCL,221363-35-5,
5923,SH-POLYPEPTIDE-30,,
5924,LAURYL DIMETHICONE PEG-15 CROSSPOLYMER,,
5925,ILEX AQUIFOLIUM LEAF EXTRACT,90045-83-3,
5926,ATTALEA SPECIOSA SEED OIL,,
5927,ACONITUM AUSTROKOREENSE FLOWER EXTRACT,,
5928,HYALURONIDASE,37326-33-3,
5929,ETHOXYDIGLYCOL ACRYLATE,7328-17-8,
5930,PENTAERYTHRITYL TETRA(HYDROXYPROPYL BIS-HYDROXYETHYLAMINE),,
5931,PENTAPEPTIDE-53,,
5932,BUTYL ACRYLATE/GLYCOL DIMETHACRYLATE CROSSPOLYMER,,
5933,ACETYL TYROSINE,537-55-3,
5934,PRUNUS ARMENIACA KERNEL EXTRACT,68650-44-2,
5935,DIOSCOREA JAPONICA ROOT POWDER,,
5936,COLLOIDAL GOLD,7440-57-5,
5937,ASPERGILLUS/SACCHAROMYCES/GASTRODIA ELATA ROOT EXTRACT FERMENT FILTRATE,,
5938,OENOTHERA ROSEA EXTRACT,,
5939,TUSSILAGO FARFARA FLOWER EXTRACT,84625-50-3,
5940,PINUS THUNBERGII LEAF EXTRACT,,
5941,CONVOLVULUS ARVENSIS LEAF CELL EXTRACT,89997-90-0,
5942,POLYISOBUTYL METHACRYLATE,9011-15-8,
5943,ALUMINUM DISTEARATE,300-92-5,
5944,RUBUS IDAEUS BUD EXTRACT,,
5945,CETEARYL RICE BRANATE,,
5946,OCTAPEPTIDE-33,,
5947,TETRAHYDROPIPERINE,23434-88-0,
5948,LYSINE GLUTAMATE,120199-58-8,
5949,ARACHIDYL ALCOHOL,629-96-9,
5950,SH-OLIGOPEPTIDE-14,,
5951,BORAGE SEED OIL PEG-8 ESTERS,,
5952,(MAGNOLIA OFFICINALIS/PHELLODENDRON AMURENSE) BARK/CAMELLIA JAPONICA LEAF/ZINGIBER OFFICINALE ROOT/CITRUS PARADISI SEED WATER,,
5953,AMPELOPSIS JAPONICA ROOT/ERIOBOTRYA JAPONICA LEAF/RHEUM TANGUTICUM RHIZOME/TARAXACUM PLATYCARPUM WATER,,
5954,TAXUS (MEDIA/CUSPIDATA/BREVIFOLIA/BACCATA/CANADENSIS) MERISTEM CELL CULTURE CONDITIONED MEDIA,,
5955,NICOTINOYL PENTAPEPTIDE-46,,
5956,TRITICUM AESTIVUM GERM OIL,84012-44-2,
5957,SEDUM DENDROIDEUM LEAF/STEM EXTRACT,,
5958,HYDROGENATED CASTOR OIL LAURATE,85711-76-8,
5959,GRIFOLA FRONDOSA/OPHIOGLOSSUM VULGATUM EXTRACT FERMENT FILTRATE,,
5960,TARAXACUM OFFICINALE FLOWER/LEAF/STEM EXTRACT,68990-74-9,
5961,GLYCERETH-7 LACTATE,,
5962,HIEROCHLOE ODORATA,91770-13-7,
5963,SH-POLYPEPTIDE-13,,
5964,OLIGOPEPTIDE-133,,
5965,DIMETHICONE/PEG-10 CROSSPOLYMER,,
5966,CRATAEGUS MONOGYNA MERISTEM CELL CULTURE EXTRACT,,
5967,OCTYLDODECYL COCOATE,,
5968,RETINYL RICE BRANATE,,
5969,LACTOBACILLUS/STREPTOCOCCUS THERMOPHILUS/SOYBEAN FERMENT FILTRATE,,
5970,DISPORUM SESSILE LEAF EXTRACT,,
5971,ISOLAURYL BEHENATE,,
5972,METHYLSALICYLATYL GLYCYRRHETINATE,1417626-01-7,
5973,PRATIA BEGONIFOLIA EXTRACT,,
5974,CHANTHARELLUS CIBARIUS EXTRACT,,
5975,ETHYLHEXYL CAPRYLATE/CAPRATE,,
5976,ACETYL DIPEPTIDE-32 AMIDE,,
5977,POLYGLYCERYL-10 PALMATE,,
5978,SYNTHETIC RUBY POWDER,,
5979,BIS-VINYLDIMETHICONE CROSSPOLYMER,,
5980,ARTEMISIA CAPILLARIS LEAF EXTRACT,223747-93-1,
5981,POTASSIUM AZELOYL DIGLYCINATE,,
5982,ETHYLENE DILINOLEAMIDE,,
5983,PYRUS MALUS FLOWER WATER,,
5984,CITRUS AURANTIUM DULCIS FLOWER CERA,,
5985,ASPALATHUS LINEARIS LEAF/STALK EXTRACT,,
5986,PYRIDOXAL 5-PHOSPHATE,54-47-7,
5987,SODIUM PEANUTATE,61789-57-9,
5988,CAFFEOYL HEXAPEPTIDE-50,,
5989,GLYCINE MAX CALLUS CULTURE,,
5990,CETYL PCA,37673-20-4,
5991,CORYLUS ROSTRATA TWIG EXTRACT,,
5992,OCTADECENE/MA COPOLYMER,25266-02-8,
5993,POLYMNIA SONCHIFOLIA ROOT JUICE,,
5994,C18-20 GLYCOL ISOSTEARATE,247169-05-7,
5995,FOMES OFFICINALIS EXTRACT,94465-74-4,
5996,THYMUS VULGARIS FLOWER/LEAF/STEM EXTRACT,84929-51-1,
5997,SACCHAROMYCES/LICORICE ROOT EXTRACT/RICE FERMENT EXTRACT FILTRATE,,
5998,TRIOCTYLDODECYL CITRATE,126121-35-5,
5999,LIMONIA ACIDISSIMA BARK EXTRACT,,
6000,CUPRIC ACETATE,142-71-2,
6001,SODIUM GLUCONATE,527-07-1 / 14906-97-9,
6002,RICE FERMENT FILTRATE,,
6003,CAFFEINE SALICYLATE,5743-22-6,
6004,BUTYL HYDROXYCYCLOHEXANE CARBOXYLATE,1384257-92-4,
6005,PALMITOYL TRIPEPTIDE-40,,
6006,LIGNINASE,,
6007,AUREOBASIDIUM PULLULANS/CITRUS UNSHIU FRUIT EXTRACT FERMENT FILTRATE,,
6008,LACTOBACILLUS/SACCHAROMYCES/ASTRAGALUS MEMBRANACEUS ROOT EXTRACT FERMENT FILTRATE,,
6009,POTASSIUM CARBOMER,,
6010,POLYURETHANE-36,,
6011,CINNAMOMUM CAMPHORA GUM EXTRACT,92201-50-8 / 8022-91-1 / 8008-51-3,
6012,CORYLUS AVELLANA FLOWER EXTRACT,84012-21-5,
6013,OLIGOPEPTIDE-127,,
6014,PPG-50 CETYL ETHER,9035-85-2,
6015,ACRYLIC ACID/ISOBUTYL ACRYLATE/ISOBORNYL ACRYLATE COPOLYMER,,
6016,POTASSIUM CHLORIDE,7447-40-7,
6017,CAMEL MILK,,
6018,CYCLOHYDROXYPROLYL SERINE,211868-63-2,
6019,ALPINIA FORMOSANA SEED WATER,,
6020,PEG-100/IPDI COPOLYMER,39318-45-1,
6021,DNA,9007-49-2,
6022,LUFFA CYLINDRICA FRUIT/DAUCUS CAROTA SATIVA ROOT/CUCUMIS SATIVUS FRUIT EXTRACT,1242417-48-6,
6023,AMP-ACRYLATES/ETHYLHEXYL ACRYLATE COPOLYMER,,
6024,ROSA RUBIGINOSA SEED OIL PEG-8 ESTERS,,
6025,SHEA BUTTER DECYL ESTERS,,
6026,PRUNUS SERRULATA FLOWER WATER,,
6027,PHYLLOSTACHYS BAMBUSOIDES LEAF EXTRACT,,
6028,ISOEICOSANE,93685-79-1,
6029,LEUCONOSTOC/LUFFA CYLINDRICA STEM SAP FERMENT FILTRATE,,
6030,LACTOCOCCUS/GRAPE JUICE FERMENT FILTRATE,,
6031,DIISOTRIDECYL LAUROYL GLUTAMATE,,
6032,ADAMANTANYLCARBOXAMIDO METHYLHYDROXYLBENZAMIDE,,
6033,TRONA,,
6034,TIPA-ACRYLATES/ETHYLHEXYL ACRYLATE COPOLYMER,,
6035,MELILOTUS OFFICINALIS LEAF EXTRACT,,
6036,SH-HEXAPEPTIDE-1,,
6037,LACTOBACILLUS/BRASSICA OLERACEA ACEPHALA LEAF FERMENT FILTRATE,,
6038,DISODIUM TETRAMETHYLHEXADECENYL SUCCINOYL CYSTEINE,,
6039,PROPYLENE GLYCOL DICOCOATE,68953-19-5,
6040,VALERIANA FAURIEI RHIZOME/ROOT EXTRACT,94167-13-2,
6041,CNIDIUM OFFICINALE CALLUS CULTURE EXTRACT,,
6042,SORBUS COMMIXTA BERRY EXTRACT,,
6043,HYDROLYZED BANANA FRUIT,,
6044,ISOSTEARYL DIGLYCERYL SUCCINATE,,
6045,GERANIUM CANTABRIGIENSE FLOWER/LEAF EXTRACT,,
6046,CORYLUS AVELLANA BUD EXTRACT,84012-21-5,
6047,STEARYL ACETYL GLUTAMINATE,,
6048,TRIMETHYLSILYL TRIMETHYLSILOXY LACTATE,17596-96-2,
6049,ACRYLATES/VA CROSSPOLYMER,,
6050,PLANTAGO MAJOR CALLUS CULTURE EXTRACT,84929-43-1,
6051,TRIMETHYLPENTANEDIOL/ISOPHTHALIC ACID/TRIMELLITIC ANHYDRIDE COPOLYMER,,
6052,DECAPEPTIDE-34,,
6053,CASTANEA SATIVA PERICARP EXTRACT,84695-99-8,
6054,IMPERATA CYLINDRICA ROOT EXTRACT,,
6055,HEPARIN,9005-49-6,
6056,ETHYLENE/CALCIUM ACRYLATE COPOLYMER,26445-96-5,
6057,FUCOSYLLACTOSE,41263-94-9,
6058,COLLOIDAL DIAMOND/GOLD,,
6059,POLYGLUTAMIC ACID,25513-46-6,
6060,PICHIA PASTORIS/DIETHYLHEXYL SYRINGYLIDENEMALONATE/TOCOPHEROL FERMENT EXTRACT FILTRATE,,
6061,COLEUS VETTIVEROIDES ROOT EXTRACT,,
6062,LACTOBACILLUS/RHODOPSEUDOMONAS/SACCHAROMYCES/MOLASSES/YEAST EXTRACT/MAGNESIUM CHLORIDE/CALCIUM CARBONATE FERMENT FILTRATE,,
6063,TROXERUTIN,7085-55-4 / 31511-30-5,
6064,HYDROLYZED HALYMENIA DURVILLEI POLYSACCHARIDE,,
6065,ENTEROMORPHA PROLIFERA/SARGASSUM HORNERI EXTRACT,,
6066,S-MU-CONOTOXIN CNIIIC,936616-33-0,
6067,LITSEA POLYANTHA LEAF EXTRACT,,
6068,CIBOTIUM BAROMETZ OIL,89997-67-1,
6069,ETHYL PALMATE,,
6070,CASSIA ANGUSTIFOLIA LEAF EXTRACT,85187-05-9,
6071,SARSASAPOGENIN,126-19-2,
6072,PLANTAGO MAJOR CALLUS EXTRACT,,
6073,PPG-8-CETETH-1,9087-53-0 / 37311-01-6,
6074,RICINOLEAMIDE DEA,40716-42-5,
6075,PRUNUS MUME ROOT EXTRACT,,
6076,HEDYCHIUM CORONARIUM ROOT EXTRACT,94334-08-4,
6077,ENGELHARDTIA CHRYSOLEPIS LEAF EXTRACT,,
6078,TRIBENZOIN,614-33-5,
6079,LITHOSPERMUM OFFICINALE EXTRACT,90063-58-4,
6080,RH-POLYPEPTIDE-104,,
6081,CHRYSANTHEMUM COCCINEUM FLOWER EXTRACT,,
6082,PUNICA GRANATUM LEAF CELL EXTRACT,,
6083,HYDROXYECTOIN,165542-15-4,
6084,CHLOROSALICYLIC ACID,321-14-2,
6085,CARTHAMUS TINCTORIUS SPROUT EXTRACT,,
6086,BIS(T-BUTYL BENZOXAZOLYL) THIOPHENE,7128-64-5,
6087,DIHEXYLDECYL SEBACATE,359073-59-9,
6088,CITRUS TACHIBANA/RETICULATA PEEL OIL,,
6089,ISOBUTOXYPROPANOL,23436-19-3,
6090,FUSCOPORIA OBLIQUA CULTURE FILTRATE,,
6091,ACRYLATES/BEHENYL METHACRYLATE/DIMETHICONE METHACRYLATE COPOLYMER,,
6092,LENS ESCULENTA SEED EXTRACT,90063-40-4,
6093,MELIA AZADIRACHTA BRANCH/LEAF EXTRACT,,
6094,PRUNUS DOMESTICA FRUIT EXTRACT,90082-87-4,
6095,FUSANUS ACUMINATUS SEED OIL,1542150-44-6,
6096,CAPRYLOYL PENTAPEPTIDE-26,,
6097,ALPINIA FORMOSANA LEAF/STEM WATER,,
6098,MAGNESIUM CHLORIDE,7786-30-3,
6099,SINAPYL ACETATE HYDROXYPHENETHYLAMIDE,,
6100,ROSA CANINA CALLUS EXTRACT,84696-47-9,
6101,MOURERA FLUVIATILIS EXTRACT,,
6102,LACTOBACILLUS/HIBISCUS SABDARIFFA FLOWER FERMENT FILTRATE,,
6103,CARYOPTERIS INCANA CALLUS CULTURE EXTRACT,,
6104,ALPINIA GALANGA LEAF EXTRACT,84625-26-3,
6105,VALENCENE,4630-07-3,
6106,ANANAS SATIVUS FRUIT,,
6107,POLYGLYCERYL-2 TETRAISOSTEARATE,121440-30-0,
6108,PENTAERYTHRITOL/TEREPHTHALIC ACID COPOLYMER,,
6109,HYDROLYZED EUTERPE OLERACEA FRUIT,,
6110,GLYCERYL HYDROXYSTEARATE,1323-42-8,
6111,CITRUS LIMON PEEL POWDER,92346-89-9 / 84929-31-7,
6112,LAMINARIA LONGISSIMA EXTRACT,,
6113,SACCHAROMYCES/MAGNESIUM FERMENT LYSATE FILTRATE,,
6114,SINE ADIPE COLOSTRUM,,
6115,TALLOL,8002-26-4,
6116,POTERIUM SANGUISORBA ROOT EXTRACT,84929-45-3,
6117,CANAVALIA GLADIATA LEAF/VINE EXTRACT,,
6118,DISODIUM TETRAMETHYLHEXADECENYLCYSTEINE FORMYLPROLINATE,2040469-40-5,
6119,ROSMARINUS OFFICINALIS LEAF POWDER,84604-14-8,
6120,COFFEA ROBUSTA SEED EXTRACT,97593-13-0,
6121,HYDROLYZED MULBERRY FRUIT,90064-11-2,
6122,HELIANTHUS ANNUUS HYBRID OIL,164250-88-8,
6123,PSEUDANABAENACEAE FERMENT FILTRATE,,
6124,DI-C16-18 ALKYL DIMER DILINOLEATE,,
6125,TRIACETYL RETINOYL PHYTOSPHINGOSINE,,
6126,ZIYU GLYCOSIDE III,84787-71-3,
6127,PENTAERYTHRITYL TETRAABIETATE,127-23-1,
6128,BACKHOUSIA CITRIODORA LEAF EXTRACT,84775-80-4,
6129,PROPYLENE GLYCOL DICAPRYLATE,7384-98-7,
6130,ACETYL TETRAPEPTIDE-2,,
6131,APOCYNUM VENETUM LEAF/STEM EXTRACT,,
6132,IRAKUSA EKISU,,
6133,OXIDIZED GLUTATHIONE,27025-41-8,
6134,SODIUM OXIDIZED CELLULOSE,,
6135,DIISOAMYL MALATE,,
6136,HYDROLYZED SALMON OVARY MEMBRANE EXTRACT,,
6137,LARIX DECIDUA LEAF CELL EXTRACT,90046-19-8,
6138,STYRENE/ACRYLATES COPOLYMER/POLYURETHANE,,
6139,VERBENA OFFICINALIS LEAF/STEM WATER,84961-67-1,
6140,OLIGOPEPTIDE-123 RH-POLYPEPTIDE-1,,
6141,SALIX ALBA/DAPHNOIDES/FRAGILIS/PURPUREA BARK EXTRACT,,
6142,DIMETHICONOL/IPDI COPOLYMER,193281-67-3,
6143,PEG-8 LINOLEATE,,
6144,NARCISSUS POETICUS EXTRACT,,
6145,HYDROXYETHYL STEARAMIDE-MIPA,93842-81-0,
6146,GELATIN,9000-70-8,
6147,SODIUM MAGNESIUM FLUOROSILICATE,,
6148,ERIOBOTRYA JAPONICA SEED POWDER,,
6149,TSUGA CANADENSIS BARK EXTRACT,,
6150,PPG-2 NEOPENTYL GLYCOL DIACRYLATE,84170-74-1,
6151,PALMITIC ACID/PENTAERYTHRITOL/STEARIC ACID/TEREPHTHALIC ACID COPOLYMER,,
6152,PALMITOYL GRAPEVINE SHOOT EXTRACT,,
6153,DATURA STRAMONIUM LEAF EXTRACT,84696-08-2,
6154,METHIONYL SH-POLYPEPTIDE-11,,
6155,THUJA ORIENTALIS SEED EXTRACT,91770-83-1,
6156,DIOCTYLDODECYL SEBACATE,69275-01-0,
6157,CORNUS WALTERI LEAF EXTRACT,,
6158,ASPERGILLUS/SACCHAROMYCES/CHICORY ROOT FERMENT LEES EXTRACT,,
6159,DAMNACANTHUS MAJOR CALLUS EXTRACT,,
6160,KINA EKISU,,
6161,CITRUS HASSAKU/NATSUDAIDAI FRUIT POWDER,,
6162,CRAMBE MARITIMA LEAF EXTRACT,93165-14-1,
6163,GLYCERYL LANOLATE,,
6164,HYDROXYPHENYL THIAZINANE CARBOXYLIC ACID,,
6165,PEG-6 GLYCERYL ISOSTEARATE,,
6166,STEARETH-4 STEARATE,,
6167,IMILOXAN HCL,81167-22-8,
6168,SH-HEPTAPEPTIDE-3,,
6169,CANDELILLA CERA,8006-44-8,
6170,METASEQUOIA GLYPTOSTROBOIDES LEAF EXTRACT,,
6171,POLYQUATERNIUM-11,53633-54-8,
6172,SALVIA OFFICINALIS LEAF WATER,8022-56-8 / 84082-79-1,
6173,MENTHA PIPERITA LEAF/URTICA DIOICA LEAF EXTRACT,,
6174,CORIANDRUM SATIVUM CALLUS EXTRACT,,
6175,PPG-25-PEG-25 TRIMETHYLOLPROPANE,,
6176,BUTYLENE GLYCOL PALMITATE,5384-26-9,
6177,GLYCERYL CHROMONYL ETHER,,
6178,DEINOCOCCUS FERMENT EXTRACT FILTRATE,,
6179,BIS-BENZYL UNDECANOATE DIMETHICONE,1422035-82-2,
6180,TETRACARBOXYMETHYL LAUROYL DIPEPTIDE-12,,
6181,HYPTIS SUAVEOLENS SEED OIL,,
6182,C1-5 ALKYL GALACTOMANNAN,,
6183,ISOMERIZED LINOLEYL GALLATE,,
6184,AMINOPROPYL CERIUM POLYSILSESQUIOXANE CHLORIDE,,
6185,SODIUM M-NITROBENZENESULFONATE,127-68-4,
6186,CUCURBITA MAXIMA PHYTOPLACENTA EXTRACT,,
6187,C14-20 ALKANE,,
6188,DIMETHYL ETHER,115-10-6,
6189,NOSTOCHOPSIS LOBATUS EXTRACT,,
6190,LACTOBACILLUS/SACCHAROMYCES/ZIZYPHUS FRUCTUS FRUIT FERMENT FILTRATE,,
6191,RH-POLYPEPTIDE-84,,
6192,ACETOBACTER/LEDEBOURIELLA DIVARICATA ROOT/ANGELICA DAHURICA ROOT/ANGELICA TENUISSIMA ROOT/MAGNOLIA LILIFLORA BUD/ASARUM SIEBOLDI ROOT/PAEONIA SUFFRUTICOSA ROOT/CNIDIUM OFFICINALE ROOT/ANGELICA GIGAS ROOT/AUCKLANDIA LAPPA ROOT/ACHYRANTHES JAPONICA ROOT/EUCOMMIA ULMOIDES BARK/ANGELICA PUBESCENS ROOT/ACONITUM KOREANUM ROOT FERMENT FILTRATE,,
6193,SODIUM HYDROXYPYRANONYLMETHYL SULFOTHIOATE,,
6194,TRICYCLODECANEMETHYL ISOSTEARATE,1550167-43-5,
6195,BETULA ALLEGHANIENSIS BARK EXTRACT,,
6196,PROPANEDIYL 3-HYDROXYCAPRATE,1365537-31-0,
6197,SUCROSE TRISTEARATE,27923-63-3,
6198,VITIS VINIFERA FLOWER EXTRACT,85594-37-2 / 84929-27-1,
6199,CAMEL MILK EXTRACT,,
6200,VACCINIUM MACROCARPON FRUIT JUICE,91770-88-6,
6201,POLYGLYCERYL-10 STEARATE,79777-30-3,
6202,CASSIA MIMOSOIDES BRANCH/LEAF EXTRACT,,
6203,CETYL BEHENYL DIMETHICONE,,
6204,SPOTTED LANTERNFLY EXTRACT,,
6205,OPLOPANAX ELATUS CALLUS CULTURE EXTRACT,,
6206,PROPYLENE GLYCOL DIBENZOATE,19224-26-1,
6207,PEG/PPG-30/10 TOCOPHERYL ETHER,,
6208,PRUNUS SEROTINA JUICE,84604-07-9,
6209,HEXYLDECYL PALMITATE,,
6210,PAECILOMYCES JAPONICA/PANAX GINSENG ROOT/JUGLANS REGIA SEED/SOYBEAN SEED/PINUS KORAIENSIS SEED FERMENT EXTRACT FILTRATE,,
6211,LACTOBACILLUS/MILK FERMENT FILTRATE,,
6212,LAURYL DIMETHICONE PEG-10 PHOSPHATE,,
6213,MONTAN CERA,8002-53-7,
6214,GLYCERYL UNDECYLENATE,,
6215,BEHENYL METHACRYLATE/PERFLUOROOCTYLETHYL METHACRYLATE COPOLYMER,,
6216,TRIPEPTIDE-49 OLIGOPEPTIDE-91 DIPEPTIDE-19 R-BOVINE OCTAPEPTIDE-1,,
6217,HONEY COCOATES,,
6218,ACETOBACTER/BACILLUS/LACTOBACILLUS/SACCHAROMYCES/STREPTOCOCCUS/FRUIT/IMPERATA CYLINDRICA ROOT/SEED/APPLE/BARLEY/BLUEBERRY/CABBAGE/CITRUS UNSHIU/CRANBERRY/CYMBOPOGON SCHOENANTHUS/ERIOCEPHALUS PUNCTULATUS/GRAPE/LETTUCE/MISTLETOE/RASPBERRY/RICE/ROSA CANINA/ROSEMARY/SOYBEAN/SPINACH/STRAWBERRY/THYME/VACCINIUM MYRTILLUS FERMENT FILTRATE,,
6219,CAPRYLIC/CAPRIC TRIGLYCERIDE PEG-4 ESTERS,246864-39-1,
6220,CARBONADO EXTRACT,,
6221,COPPER PCA METHYLSILANOL,131044-78-5,
6222,C8-10 ALKYL ETHYL PHOSPHATE,68412-60-2,
6223,SODIUM ACRYLATE/VINYLACETAMIDE COPOLYMER,75895-65-7,
6224,PISONIA GRANDIS LEAF EXTRACT,,
6225,CALCIUM STARCH ISODODECENYLSUCCINATE,194810-88-3,
6226,AVENA SATIVA STRAW EXTRACT,84012-26-0,
6227,PALMITOYL TRYPTAMINE,,
6228,ETHYLENE/ZINC ACRYLATE COPOLYMER,28208-80-2 / 59650-68-9,
6229,ACETYLATED PALM KERNEL GLYCERIDES,91744-63-7,
6230,ACETAMIDOPHENYL METHOXYPROPIONIC ACID,1190427-41-8,
6231,CAREX HUMILLIS ROOT EXTRACT,,
6232,ECHINACEA ANGUSTIFOLIA LEAF EXTRACT,84696-11-7,
6233,DIHYDROXYBENZYLIDINE THIAZOLIDINEDIONE,1208535-06-1,
6234,POLYGLYCERYL-10 POLYRICINOLEATE,29894-35-7,
6235,PHORMIDIUM UNCINATUM EXTRACT,,
6236,POLYGLYCERYL-6 TETRAOLEATE,9007-48-1,
6237,DIISOPROPYL CAPRYLYL PHOSPHINE OXIDE,2959-63-9,
6238,DESMODIUM OLDHAMII EXTRACT,,
6239,VACCINIUM OXYCOCCOS SEED EXTRACT,1176243-43-8,
6240,ZINC HEXAPEPTIDE-11,,
6241,MELIA AZADIRACHTA LEAF EXTRACT,84696-25-3 / 90063-92-6,
6242,PHYTOSPHINGOSINE LACTATE,,
6243,MONARDA DIDYMA FLOWER EXTRACT,,
6244,SACCHAROMYCES/ARTEMISIA GMELINII LEAF/STEM/AGAVE TEQUILANA STEM EXTRACT FERMENT FILTRATE,,
6245,CYLINDROTHECA FUSIFORMIS EXTRACT,,
6246,AMARANTHUS CRUENTUS SEED EXTRACT,,
6247,SH-OLIGOPEPTIDE-1 SH-POLYPEPTIDE-7 DIPEPTIDE-19,,
6248,CALCIUM FRUCTOBORATE,,
6249,KOUSOU EKISU,,
6250,PALMITOYL GLYCITEIN,,
6251,CHLORELLA VULGARIS/LUPINUS ALBUS PROTEIN FERMENT,,
6252,POTATO SH-POLYPEPTIDE-11,,
6253,BAMBUSA VULGARIS WATER,91771-33-4,
6254,CITRUS MEDICA SARCODACTYLIS CALLUS EXTRACT,,
6255,HYDROLYZED SCHIZOSACCHAROMYCES PROTEIN,,
6256,TRIDECYL MYRISTATE,36617-27-3,
6257,SINOMONAS/HYALURONIC ACID FERMENT FILTRATE,,
6258,VICIA SATIVA SYMBIOSOME EXTRACT,96508-08-6,
6259,STEARYL LINOLEATE,17673-53-9,
6260,CHLOROETHYL PCA,159852-64-9,
6261,XIMENIA AMERICANA SEED OIL,95193-67-2,
6262,UNDARIA PINNATIFIDA POWDER,,
6263,PENTAPEPTIDE-60 S-METHANOCALDOCOCCUS JANNASCHII HEPTAPEPTIDE-1,,
6264,CAFFEOYL TRIPEPTIDE-1,,
6265,SALIX PETSUSU BARK EXTRACT,,
6266,PAVLOVA LUTHERI EXTRACT,,
6267,RUBUS VILLOSUS ROOT EXTRACT,93165-71-0,
6268,METHOXYPROPYLAMINO CYCLOHEXENYLIDENE ETHOXYETHYLCYANOACETATE,,
6269,CRITHMUM MARITIMUM CALLUS CULTURE EXTRACT,,
6270,CHLORELLA MINUTISSIMA OIL,,
6271,VINYL ACETATE,108-05-4,
6272,ASPERGILLUS/SACCHAROMYCES/RICE FERMENT EXTRACT FILTRATE,,
6273,CEDRUS LIBANI BARK EXTRACT,89997-33-1,
6274,GLYCERYL POLYMETHACRYLATE,28474-30-8 / 146126-21-8,
6275,MENTHA PIPERITA LEAF CELL EXTRACT,,
6276,CASTANEA SATIVA FLOWER EXTRACT,84695-99-8,
6277,LACTOBACILLUS/LYCIUM CHINENSE FRUIT/REHMANNIA GLUTINOSA ROOT/CUSCUTA CHINENSIS FRUIT/CISTANCHE DESERTICOLA/ZANTHOXYLUM PIPERITUM FRUIT/CHRYSANTHEMUM MORIFOLIUM FRUIT/PORIA COCOS/CINNAMOMUM CASSIA RAMULUS BARK FERMENT FILTRATE,,
6278,ANOECTOCHILUS FORMOSANUS CELL CULTURE EXTRACT,,
6279,HYDROXYANASATIL RETINOATE,127471-94-7,
6280,HYDROLYZED COCKSCOMB EXTRACT,,
6281,CYATHUS STERCOREUS MYCELIUM EXTRACT,,
6282,ACETYL TRIETHYLHEXYL CITRATE,144-15-0,
6283,POLYMETHYLSILSESQUIOXANE/ETHYL POLYSILLICATE CROSSPOLYMER,,
6284,ETHYL MACADAMIATE,214495-31-5,
6285,SUNFLOWER SEED OIL SORBITOL ESTERS,96690-53-8,
6286,TRIETHOXYSILYLPROPYL ACETYL HYDROXYPROLINATE,,
6287,SHEA BUTTER OLEYL ESTERS,,
6288,SODIUM ROSINATE,,
6289,STEARONE,504-53-0,
6290,PEG-4 RAPESEEDAMIDE,85536-23-8,
6291,COLLOIDAL GOLD/CAMELLIA SINENSIS LEAF EXTRACT,,
6292,SHEA BUTTER POLYGLYCERYL-6 ESTERS,,
6293,SR-BOVINE POLYPEPTIDE-1,,
6294,PUMPKIN SEED OIL POLYGLYCERYL-4 ESTERS SUCCINATE,,
6295,LACTOBACILLUS/DATE FRUIT FERMENT FILTRATE,,
6296,IMPATIENS CAPENSIS EXTRACT,,
6297,MONOGLYCERIDES/DIACETYL TARTARATE ESTERS,,
6298,SODIUM DIMYRISTOYL GLYCERYL ASCORBATE,,
6299,ASPERGILLUS/RICE FERMENT LEES EXTRACT FILTRATE,,
6300,CERATONIA SILIQUA FRUIT EXTRACT,84961-45-5,
6301,DIANTHUS CARTHUSIANORUM FLOWER/LEAF/STEM EXTRACT,,
6302,PRUNUS MUME FRUIT/CINNAMOMUM CAMPHORA LEAF/(ACTAEA HERACLEIFOLIA/ANGELICA DAHURICA/ASTRAGALUS MEMBRANACEUS/ATRACTYLODES LANCEA/CNIDIUM OFFICINALE/CURCUMA LONGA/GLYCYRRHIZA GLABRA/PAEONIA ALBIFLORA/PANAX GINSENG/SAPOSHNIKOVIA DIVARICATA) ROOT EXTRACT,,
6303,(ANGELICA KEISKEI/CHRYSANTHEMUM ZAWADSKII) LEAF/STEM/CINNAMOMUM CASSIA BARK/TRICHOSANTES KIRILOWII FRUIT/ULMUS DAVIDIANA BARK/ROOT/(PAEONIA JAPONICA/BUPLEURUM FALCATUM/POLYGALA TENUIFOLIA ROOT)/VISCUS ALBUM STEM EXTRACT,,
6304,IRAKUSA HA EKISU,,
6305,DIGLYCOSYL HEXAPEPTIDE-2,,
6306,SODIUM DIMALTODEXTRIN PHOSPHATE,,
6307,POUZOLZIA PENTANDRA EXTRACT,,
6308,QUERCUS SERRATA EXTRACT,,
6309,BIS-HYDROXYPROPYLMETHACRYLATE POLY(1‚4-BUTANEDIOL)-9/IPDI COPOLYMER,,
6310,MAURITIA FLEXUOSA FLOWER/SEED EXTRACT,,
6311,METHOXY PEG-22 BETULIN,,
6312,LACTOBACILLUS/SARCODIA MONTAGNEANA EXTRACT FERMENT,,
6313,RETINOL/SACCHAROMYCES POLYPEPTIDE,,
6314,POLYPODIUM LEUCOTOMOS LEAF EXTRACT,,
6315,SODIUM ISOOCTYLENE/MA COPOLYMER,,
6316,SCUTELLARIA BAICALENSIS CALLUS CULTURE,,
6317,DISTEARYL ETHER,6297-03-6,
6318,BACILLUS/FLAVOBACTERIUM PSYCHROPHILUM/BUTYLENE GLYCOL/CODIUM FRAGILE/ENTEROMORPHA COMPRESSA/SARGASSUM FUSIFORME EXTRACT/FERMENT FILTRATE,,
6319,SUNFLOWER SEED OIL POLYGLYCERYL-3 ESTERS,,
6320,LILIUM CANDIDUM FLOWER EXTRACT,84776-67-0,
6321,NARCISSUS POETICUS CALLUS EXTRACT,,
6322,ZINC MAGNESIUM ASPARTATE,,
6323,PRUNASIN,99-18-3,
6324,HYDROLYZED PEA,227024-36-4,
6325,ROSA HYBRID PHYTOPLACENTA EXTRACT,,
6326,ISOHEXYL LAURATE,55194-05-3,
6327,NYPA FRUTICANS SPROUT EXTRACT,,
6328,METHIONYL HEXAPEPTIDE-40 SH-DECAPEPTIDE-1 TRIPEPTIDE-44 RH-OLIGOPEPTIDE-1,,
6329,HEVEA BRASILIENSIS LEAF EXTRACT,93685-77-9,
6330,PROSTANTHERA ROTUNDIFOLIA LEAF EXTRACT,,
6331,LINOLEYL LACTATE,,
6332,PYRACANTHA FORTUNEANA FRUIT EXTRACT,,
6333,PAPAVER RHOEAS FLOWER EXTRACT,84696-43-5,
6334,ARTEMISIA PRINCEPS LEAF EXTRACT,223747-95-3,
6335,HEXAPEPTIDE-44,,
6336,FIBRAUREA RECISA ROOT EXTRACT,,
6337,PHALAENOPSIS PULCHERRIMA CALLUS POWDER,,
6338,3‚3,1449076-27-0,
6339,HYDROLYZED GINSENG SAPONINS,,
6340,DISODIUM C12-14 SEC-PARETH-3 SULFOSUCCINATE,,
6341,COCOS NUCIFERA SEED BUTTER,8001-31-8,
6342,ILEX CRENATA EXTRACT,,
6343,HEPTAPEPTIDE-42,,
6344,PYRUS MALUS SEED OIL,85251-63-4,
6345,CANDIDA BOMBICOLA/SUCROSE/VEGETABLE ACID ESTER FERMENT,,
6346,RETINOL,68-26-8 / 11103-57-4,
6347,GALACTOSYL FRUCTOSE,,
6348,ARACHIDONIC ACID,506-32-1,
6349,DECYL CASTORATE,,
6350,ACETOBACTER/ASPERGILLUS/LACTOBACILLUS/LEUCONOSTOC/PEDIOCOCCUS/SACCHAROMYCES/ZYGOSACCHAROMYCES/HORDEUM VULGARE SEED/SOYBEAN SEED/RICE SEED/CANAVALIA GLADIATA SEED/PHASEOLUS ANGULARIS SEED/COIX LACHRYMA-JOBI MA-YUEN SEED/ECHINOCHLOA UTILIS SEED/SETARIA ITALICA SEED/MILLET SEED/CITRUS UNSHIU FRUIT/VITIS LABRUSCA FRUIT/APPLE FRUIT/VITIS COIGNETIAE FRUIT/MUSA SAPIENTUM FRUIT/PEACH FRUIT/DIOSPYROS KAKI FRUIT/PAPAYA FRUIT/PYRUS PYRIFOLIA FRUIT/WATERMELON FRUIT/PRUNUS MUME FRUIT/FIG FRUIT/CHAENOMELES SINENSIS FRUIT/CUCURBITA MAXIMA FRUIT/RUBUS IDAEUS FRUIT/FORTUNELLA CRASSIFOLIA FRUIT/CITRUS JUNOS FRUIT/ERIOBOTRYA JAPONICA FRUIT/APRICOT FRUIT/ZIZYPHUS JUJUBA FRUIT/CASTANEA CRENATA FRUIT/LYCIUM CHINENSE FRUIT/ACTINIDIA POLYGAMA FRUIT/PRUNUS SALICINA FRUIT/AKEBIA QUINATA FRUIT/MOMORDICA GROSVENORII FRUIT/CRATAEGUS CUNEATA FRUIT/CORNUS OFFICINALIS FRUIT/EUPHORIA LONGAN FRUIT/PANAX GINSENG FRUIT/IPOMOEA BATATAS ROOT/HELIANTHUS TUBEROSUS TUBER/CARROT ROOT/ONION BULB/BETA VULGARIS ROOT/COLOCASIA ESCULENTA TUBER/DIOSCOREA JAPONICA RHIZOME/RADISH ROOT/TURNIP ROOT/ARCTIUM LAPPA ROOT/NELUMBO NUCIFERA RHIZOME/POLYMNIA SONCHIFOLIA ROOT/LILIUM AURATUM BULB/SAGITTARIA TRIFOLIA EDULIS TUBER/GINGER RHIZOME/GARLIC BULB/GLYCYRRHIZA GLABRA ROOT/POLYGONATUM ODORATUM RHIZOME/TURMERIC RHIZOME/ACANTHOPANAX GRACILISTYLUS ROOT/CABBAGE LEAF/STEM/PERILLA OCYMOIDES LEAF/MORUS BOMBYCIS LEAF/HEMEROCALLIS FULVA KWANSO FLOWER/HOUTTUYNIA CORDATA/ARTEMISIA PRINCEPS/SASA VEITCHII LEAF/GLECHOMA HEDERACEA/MATRICARIA FLOWER/EQUISETUM ARVENSE/ISODON JAPONICUS/SAFFLOWER FLOWER/PLANTAGO ASIATICA/DANDELION/LAMINARIA JAPONICA LEAF/UNDARIA PINNATIFIDA LEAF/RHODOGLOSSUM PULCHERUM LEAF/NEMACYSTUS DECIPIENS/SESAME SEED/JUGLANS SIEBOLDIANA SEED/GINKGO BILOBA SEED/PINUS KORAIENSIS SEED/CASSIA OBTUSIFOLIA SEED/GRIFOLA FRONDOSA FRUITING BODY/HERICIUM ERINACEUM FRUITING BODY/LENTINUS EDODES FRUITING BODY/AURICULARIA AURICULA FRUITING BODY FERMENT EXTRACT,,
6351,HYDROXYTYROSOL,10597-60-1,
6352,DETONULA PUMILA EXTRACT,,
6353,HYDROLYZED OLIVE LEAF EXTRACT,8001-25-0,
6354,POLYBUTYLENE SUCCINATE,25777-14-4,
6355,MAGNOLIA KOBUS BRANCH/FLOWER/LEAF EXTRACT,223749-80-2,
6356,POLYURETHANE-69,1668562-30-8,
6357,CALENDULA OFFICINALIS SEED OIL,84776-23-8,
6358,DIMETHICONE/PHENYL VINYL DIMETHICONE CROSSPOLYMER,243137-51-1,
6359,ARALIA CONTINENTALIS CALLUS CULTURE EXTRACT,,
6360,SAFFLOWER GLYCERIDE,79982-97-1,
6361,POLYQUATERNIUM-20,110736-86-2,
6362,LACTOBACILLUS/PORTULACA OLERACEA FERMENT EXTRACT,,
6363,SASSAFRAS OFFICINALE BARK/ROOT EXTRACT,,
6364,RNA,63231-63-0,
6365,HELICHRYSUM ARENARIUM FLOWER EXTRACT,85665-35-6,
6366,GLYCERETH-6 C10-18 ACIDATE,,
6367,PULSATILLA SAPONIN,106577-41-7,
6368,NICOTIANA BENTHAMIANA SH-POLYPEPTIDE-15 HEXAPEPTIDE-40,,
6369,SH-POLYPEPTIDE-76,,
6370,PISUM SATIVUM SPROUT EXTRACT,,
6371,DEFINED CELL CULTURE MEDIA 7,,
6372,SACCHAROMYCES/BOSWELLIA SERRATA GUM FERMENT EXTRACT,,
6373,N-ADAMANTANOYL DOPAMINE,,
6374,PROPYLENE GLYCOL DIISOSTEARATE,68958-54-3,
6375,PERFLUOROMETHYLCYCLOHEXANE,355-02-2,
6376,SUNFLOWERAMIDOPROPYLTRIMONIUM DIMETHICONE PEG-8 SUCCINATE,521913-26-8,
6377,HESPERETIN LAURATE,,
6378,PENTAPEPTIDE-48,,
6379,ENTADA PHASEOLOIDES LEAF EXTRACT,,
6380,SH-POLYPEPTIDE-97,,
6381,CODIUM FRAGILE/ENTEROMORPHA COMPRESSA LEAF EXTRACT,,
6382,MYRCIARIA DUBIA FRUIT JUICE,,
6383,MICROBACTERIUM/PANAX GINSENG ROOT FERMENT FILTRATE,,
6384,BUTYL ISOSTEARATE,94109-07-6,
6385,NICOTINOYL OCTAPEPTIDE-9,,
6386,SILICA DIMETHICONE SILYLATE,,
6387,AMYLASE,9000-92-4,
6388,OZONIZED ORYZA SATIVA CALLUS CULTURE EXTRACT,,
6389,CAFFEOYL DIPEPTIDE-30,,
6390,HIPPOPHAE RHAMNOIDES SEED POWDER,90106-68-6,
6391,PEG-6 PROPYLENE GLYCOL CAPRYLATE/CAPRATE,,
6392,CINNAMOMUM ZEYLANICUM BARK POWDER,84649-98-9,
6393,GARDENIA TAITENSIS FLOWER EXTRACT,,
6394,PYRIDOXINE GLYCYRRHETINATE,3390-81-6,
6395,ACORUS GRAMINEUS ROOT/STEM/ARISAEMA AMURENSE/ASPARAGUS COCHINCHINENSIS ROOT/CYPERUS ROTUNDUS FRUIT/GASTRODIA ELATA ROOT/MORUS ALBA LEAF/SORBUS COMMIXTA/TRICHOSANTHES KIRILOWII ROOT/ULMUS DAVIDIANA ROOT/XANTHIUM STRUMARIUM FRUIT EXTRACT,,
6396,ARCTIUM LAPPA SEED WATER,84012-13-5,
6397,HYDROGENATED MICROCRYSTALLINE CERA,92045-76-6,
6398,CITRUS GRANDIS FRUIT/PEEL WATER,,
6399,PEI-45/TMP/XYLENE DIISOCYANATE CROSSPOLYMER,1802896-62-3,
6400,METHYL ACETYL RICINOLEATE,140-03-4,
6401,GRIFOLA FRONDOSA /PANAX GINSENG EXTRACT FERMENT FILTRATE,,
6402,SILKWORM CHRYSALIS EXTRACT,91079-16-2,
6403,TRIMETHOXYSILYL DIMETHICONE,472976-92-4,
6404,ARTEMISIA UMBELLIFORMIS FLOWER EXTRACT,94333-86-5,
6405,DIMETHYL CAPRAMIDE,14433-76-2,
6406,PUERARIA MIRIFICA ROOT POWDER/PROPYLENE GLYCOL FERMENT FILTRATE,,
6407,KANZOU FURABONOIDO,,
6408,TRIPEPTIDE-60,,
6409,CAFFEOYL DIPEPTIDE-25 AMIDE,,
6410,OLIGOPEPTIDE-67,,
6411,PICHIA HEEDII EXTRACT,1801269-82-8,
6412,PTERIS DISPAR LEAF EXTRACT,,
6413,MYRISTYL ETHYLHEXANOATE,72201-45-7,
6414,TAMARIX CHINENSIS FLOWER/LEAF EXTRACT,90131-44-5,
6415,HYDROGENATED VEGETABLE GLYCERIDES CITRATE,97593-31-2,
6416,FEROCACTUS WISLIZENI EXTRACT,,
6417,ACRYLATES/LAURYL METHACRYLATE COPOLYMER,,
6418,SH-NONAPEPTIDE-3,,
6419,CETYL DIMETHYLBUTYL ETHER,185143-68-4,
6420,CITRUS AURANTIFOLIA FRUIT EXTRACT,90063-52-8,
6421,DECANE,124-18-5,
6422,PCA GLYCERYL OLEATE,84608-82-2,
6423,BUDDLEJA OFFICINALIS LEAF EXTRACT,,
6424,SODIUM DVB/ACRYLATES COPOLYMER,,
6425,PPG-3 GLYCERYL ETHER DIACRYLATE/ADIPATE,73378-73-1,
6426,FRAGARIA ANANASSA FRUIT JUICE,,
6427,SH-OLIGOPEPTIDE-12,,
6428,PRUNUS CERASUS STALK EXTRACT,89997-53-5,
6429,SERENOA SERRULATA FRUIT EXTRACT,84604-15-9,
6430,PPG-30 CETYL ETHER,9035-85-2,
6431,LAURYL GLYCOL HYDROXYPROPYL ETHER,,
6432,XEROCHRYSUM BRACTEATUM EXTRACT,,
6433,HYDROLYZED SOY EXTRACT,,
6434,ZINC FRUCTOSE DIPHOSPHATE,,
6435,PEG-4 PEG-12 DIMETHICONE,,
6436,GAYLUSSACIA BACCATA EXTRACT,,
6437,LACTOBACILLUS/MILK SOLIDS/SOYBEAN OIL FERMENT,,
6438,NICOTIANA BENTHAMIANA HEXAPEPTIDE-40 SH-POLYPEPTIDE-76,,
6439,ERYNGIUM MARITIMUM CALLUS CULTURE EXTRACT,,
6440,MESEMBRYANTHEMUM CRYSTALLINUM JUICE,,
6441,ASTROCARYUM MURUMURU SEED BUTTER,356065-49-1;906350-19-4,
6442,JULIANA ADSTRINGENS BARK EXTRACT,92797-35-8,
6443,TELFAIRIA PEDATA OIL,,
6444,DECYL HEMPSEEDATE,,
6445,SAXIFRAGA CESPITOSA EXTRACT,,
6446,OXOBUTYRYL SERINOLAMIDE,1036733-41-1,
6447,GLYCYRRHIZA GLABRA MERISTEM CELL CULTURE EXTRACT,,
6448,RICE SH-POLYPEPTIDE-3,,
6449,PEG-3 TRIMETHYLOLPROPANE TRISTEARATE,,
6450,PPG-10 OLEYL ETHER,52581-71-2,
6451,METHIONYL TRIPEPTIDE-46 HEXAPEPTIDE-40 R-TRYPANOSOMA CRUZI POLYPEPTIDE-1 NONAPEPTIDE-33,,
6452,LECITHIN,8002-43-5 / 8030-76-0 -soybean-,
6453,EPIPHYLLUM OXYPETALUM CALLUS EXTRACT,,
6454,ARMERIA MARITIMA EXTRACT,,
6455,OCTAPEPTIDE-30,,
6456,LACTOBACILLUS/PIPER LONGUM FRUIT/SANGUISORBA OFFICINALIS ROOT EXTRACT FERMENT FILTRATE,,
6457,CHONEMORPHA MACROPHYLLA ROOT EXTRACT,,
6458,PALMITOYL SH-TRIPEPTIDE-4 AMIDE,,
6459,CITRUS SHONAN-GOLD FRUIT WATER,,
6460,ACETYL TETRAPEPTIDE-5,,
6461,SODIUM ACRYLATES/ETHYLHEXYL ACRYLATE COPOLYMER,,
6462,ETHYLHEXYL CYCLOHEXYL UREA,541523-61-9,
6463,PPG-8-CETETH-5,9087-53-0 / 37311-01-6,
6464,ZEA MAYS FRUIT,,
6465,MAGNOLIA ACUMINATA FLOWER EXTRACT,,
6466,ESCHSCHOLZIA CALIFORNICA LEAF CELL EXTRACT,,
6467,SODIUM ACRYLATES CROSSPOLYMER,,
6468,SACCHAROMYCES/IPOMOEA BATATAS ROOT FERMENT LEES EXTRACT,,
6469,ASPERGILLUS/SOYBEAN/WHEAT GERM/CAMELLIA SINENSIS LEAF/JOB'S TEARS SEED/RICE GERM/SESAME SEED FERMENT,,
6470,PANAX GINSENG LEAF/STEM EXTRACT,84650-12-4,
6471,PSEUDOCHORICYSTIS ELLIPSOIDEA EXTRACT,,
6472,DECENE/BUTENE COPOLYMER,30973-93-4,
6473,MACHILUS THUNBERGII BARK EXTRACT,,
6474,OLEUROPEINYL GLUCOSIDE,,
6475,TRIPOTASSIUM GLYCYRRHIZATE,,
6476,PEG/PPG-60/11 GLYCERIN,,
6477,FICUS INFECTORIA BARK EXTRACT,,
6478,MANGO BUTTER DIMER DILINOLEYL ESTERS/DIMER DILINOLEATE COPOLYMER,,
6479,SACCHAROMYCES/GERMANIUM FERMENT,,
6480,CETEARYL NONANOATE,,
6481,DISODIUM COCAMIDO MEA-SULFOSUCCINATE,68784-08-7 / 61791-66-0,
6482,BACILLUS/POLYGONUM TINCTORIUM FLOWER FERMENT EXTRACT FILTRATE,,
6483,ASPERGILLUS/SOYBEAN SEED EXTRACT FERMENT EXTRACT FILTRATE,,
6484,VITIS VINIFERA SKIN POWDER,85594-37-2 / 84929-27-1,
6485,LILIUM BROWNII BULB EXTRACT,,
6486,ETHOXYETHYL METHACRYLATE,51289-08-8,
6487,C30-45 ALKYLDIMETHYLSILYL POLYPROPYLSILSESQUIOXANE,,
6488,C12-14 SEC-PARETH-5,84133-50-6,
6489,DYPHYLLINE,479-18-5,
6490,MELLISIC ACID,506-50-3,
6491,3-HYDROXYBENZOIC ACID,99-06-9,
6492,ACETIC/LINOLEIC/PALMITIC TRIGLYCERIDE,221139-79-3,
6493,GLYCERYL ASCORBATE,,
6494,CUPRESSUS SEMPERVIRENS LEAF WATER,84696-07-1,
6495,FAGUS SYLVATICA SEED EXTRACT,85251-65-6,
6496,OLIGOPEPTIDE-74,,
6497,OCTAPEPTIDE-36,,
6498,VITIS VINIFERA FRUIT MERISTEM CELL CULTURE,,
6499,ROSA DAMASCENA FLOWER WATER,90106-38-0,
6500,PROPYLENE GLYCOL DIHEPTANOATE,56519-68-7,
6501,PALMITOYL HISTIDYL D-PHENYLALANYL ARGININE,,
6502,CERASUS YOUKOU LEAF POWDER,,
6503,ZANTHOXYLUM ZANTHOXYLOIDES BRANCH/LEAF EXTRACT,,
6504,SILYBUM MARIANUM POWDER,84604-20-6,
6505,ISOSTEARYL ACETATE,,
6506,PASSIFLORA EDULIS MERISTEM CELL EXTRACT,,
6507,BACILLUS/APHANIZOMENON FLOS-AQUAE/SOYBEAN FERMENT FILTRATE,,
6508,SR-PINEAPPLE STEM BROMELAIN,,
6509,LACTOBACILLUS/ELEUTHERO ROOT EXTRACT FERMENT FILTRATE,,
6510,PEG/PPG-100/70 TOCOPHERYL ETHER,,
6511,SUNFLOWER SEED OIL PEG-32 ESTERS,,
6512,POLYETHYLENE TEREPHTHALATE,25038-59-9,
6513,PPG-6-SORBETH-500,56449-05-9,
6514,HYDROLYZED PINUS DENSIFLORA LEAF EXTRACT,,
6515,T-BUTYLCHROMENAMIDO BENZYL METHANESULFONAMIDE,,
6516,NONAPEPTIDE-37,,
6517,MANGIFERA INDICA SEED BUTTER,90063-86-8,
6518,PENTAERYTHRITYL STEARATE/ISOSTEARATE/ADIPATE/HYDROXYSTEARATE,222400-48-8,
6519,LACTULOSE,4618-18-2,
6520,POLYPROPYLENE,9003-07-0,
6521,POLY(GLYCOL ADIPATE)/BIS-HYDROXYETHOXYPROPYL DIMETHICONE COPOLYMER,,
6522,MYRISTOYL HEXAPEPTIDE-14,,
6523,MILK FERMENT,,
6524,HYACINTHOIDES NON-SCRIPTA SEED EXTRACT,,
6525,APIUM GRAVEOLENS ROOT EXTRACT,89997-35-3,
6526,POLYGLYCERYL-10 DECAISOSTEARATE,,
6527,FRUCTOOLIGOSACCHARIDE HEXYLDECANOATE,,
6528,THEOBROMA CACAO SHELL POWDER,84649-99-0,
6529,COCO-RAPESEEDATE,,
6530,QUERCUS ILEX CALLUS POWDER,,
6531,CHAMAECYPARIS OBTUSA BRANCH/LEAF EXTRACT,91745-97-0,
6532,UNDECYLPENTADECANOL,68444-33-7,
6533,ALUMINUM CAPRYLATE,6028-57-5,
6534,LACTOBACILLUS/RHODOPSEUDOMONAS/SACCHAROMYCES/RICE BRAN/UNDARIA PINNATIFIDA FERMENT FILTRATE,,
6535,PINUS PINASTER BARK WATER,,
6536,CENTELLA ASIATICA CALLUS CULTURE,,
6537,ETHYL METHACRYLATE,97-63-2,
6538,ASPERGILLUS FERMENT EXTRACT FILTRATE,,
6539,ETHYLENE DIHYDROGENATED TALLOWAMIDE,68647-78-9,
6540,TRICHILIA ROKA SEED BUTTER,,
6541,CYMBIDIUM GRANDIFLORUM FLOWER EXTRACT,,
6542,GALLOYL TRIPEPTIDE-35,,
6543,DIISOSTEARYL MALATE,67763-18-2 / 81230-05-9,
6544,CORNUS MACROPHYLLA LEAF EXTRACT,,
6545,GARDENIA FLORIDA FRUIT EXTRACT,92457-01-7,
6546,GOMPHRENA OFFICINALIS ROOT EXTRACT,,
6547,AVERRHOA BILIMBI LEAF EXTRACT,,
6548,PERSEA GRATISSIMA FRUIT BUTTER,,
6549,CHLORINATED PARAFFIN,,
6550,ARTHROBACTER/PANAX GINSENG ROOT FERMENT FILTRATE,,
6551,PALMITOYL HEPTAPEPTIDE-18,,
6552,POLYPERFLUOROISOPROPYL ETHER,,
6553,PEG-8 DIMETHICONE DIMER DILINOLEATE,,
6554,AMINOPEPTIDASE,9031-94-1,
6555,HYDROGENATED GRAPESEED OIL,,
6556,METHYL CARBOXYMETHYLPHENYL AMINOCARBOXYPROPYLPHOSPHONATE,926281-37-0,
6557,SAPONARIA PUMILA CALLUS EXTRACT,,
6558,SACCHAROMYCES/DAY LILY FLOWER FERMENT FILTRATE,,
6559,DIETHYLHEXYL ADIPATE,103-23-1,
6560,NIACINAMIDE GLYCOLATE,,
6561,HYDROLYZED CRITHMUM MARITIMUM,89997-98-8,
6562,GLYCERYL DILAURATE,27638-00-2,
6563,PENTASODIUM ETHYLENEDIAMINE TETRAMETHYLENE PHOSPHONATE,7651-99-2,
6564,BETA-GLUCAN PALMITATE,,
6565,MYRETH-3 CAPRATE,59599-56-3,
6566,GALLOYL NONAPEPTIDE-11,,
6567,PAPAVER RHOEAS FLOWER POWDER,84696-43-5,
6568,METHYL DEHYDROABIETATE,1235-74-1,
6569,ETHYL MINKATE,91079-08-2,
6570,RH-POLYPEPTIDE-60,,
6571,DESMODIUM GANGETICUM ROOT POWDER,92201-58-6,
6572,METHIONYL SH-POLYPEPTIDE-10,,
6573,PEG-8 HYALURONATE,,
6574,HEPTAPEPTIDE-38,,
6575,ACRYLATES/VINYL ISODECANOATE CROSSPOLYMER,,
6576,DISODIUM AMODIMETHICONE DISUCCINAMIDE,,
6577,MELILOTUS OFFICINALIS FLOWER WATER,84082-81-5,
6578,MELISSA OFFICINALIS LEAF POWDER,84082-61-1,
6579,CORALLINA OFFICINALIS POWDER,89997-92-2,
6580,C4-14 PERFLUOROALKYLETHOXY DIMETHICONE,,
6581,ARECA CATECHU SHELL EXTRACT,,
6582,JUNIPERUS COMMUNIS FRUIT WATER,84603-69-0,
6583,NEOCHLORIS OLEOABUNDANS EXTRACT,,
6584,HYDROGENATED AVOCADO OIL,,
6585,ACRYLIC ACID/PERFLUOROHEXYLETHYL ACRYLATE CROSSPOLYMER,1820790-78-0,
6586,PANAX GINSENG SEED OIL,84650-12-4,
6587,ASPERGILLUS/COFFEE SEED/RICE FERMENT FILTRATE,,
6588,METHYL ESTRADIOLPROPANOATE,345295-00-3,
6589,GLYCERYL ALLYL ETHER,,
6590,PEI-1000,9002-98-6,
6591,LACTOBACILLUS/ANGELICA GIGAS ROOT EXTRACT/PANAX GINSENG ROOT EXTRACT/RUBUS COREANUS FRUIT EXTRACT/SCHISANDRA CHINENSIS FRUIT EXTRACT FERMENT FILTRATE,,
6592,DICAPRYLYL CARBONATE,1680-31-5,
6593,POLYSILICONE-24,,
6594,WHEAT GERM GLYCERIDES,68990-07-8,
6595,SACCHAROMYCES/RHODIOLA CRENULATA ROOT EXTRACT FERMENT FILTRATE,,
6596,SUCROSE RICINOLEATE,100358-63-2,
6597,DIETHYLHEXYL SYRINGYLIDENEMALONATE,444811-29-4,
6598,STERCULIA SCAPHIGERA SEED EXTRACT,,
6599,BIS-CETYL/PEG-8 CETYL PEG-8 DIMETHICONE,,
6600,DIPENTAERYTHRITYL HEXAISONONANOATE,1051924-91-4,
6601,METHYL METHACRYLATE/PEG/PPG-4/3 METHACRYLATE CROSSPOLYMER,,
6602,SACCHAROMYCES FERMENT LYSATE FILTRATE,,
6603,C16-18 HYDROXYALKYL HYDROXYDIMERDILINOLEYL ETHER,,
6604,PANTOEA AGGLOMERANS/WHEAT FLOUR FERMENT EXTRACT,,
6605,HYALURONIC ACID,9004-61-9,
6606,CODONOPSIS TANGSHEN ROOT EXTRACT,,
6607,BRAIN LIPIDS,,
6608,METHYL CAPRYLATE/CAPRATE,,
6609,POLYCHLOROTRIFLUOROETHYLENE,9002-83-9,
6610,NELUMBO NUCIFERA FLOWER EXTRACT,85085-51-4,
6611,CITRUS HASSAKU/NATSUDAIDAI FRUIT JUICE,,
6612,DECAPEPTIDE-37,,
6613,BROUSSONETIA PAPYRIFERA BARK EXTRACT,,
6614,DIPENTAERYTHRITYL PENTAHYDROXYSTEARATE/PENTAISOSTEARATE,,
6615,MONASCUS/DIOSCOREA JAPONICA ROOT FERMENT EXTRACT FILTRATE,,
6616,ACHILLEA MILLEFOLIUM FLOWER/LEAF/STEM EXTRACT,84082-83-7,
6617,TRIISOSTEARIN,26942-95-0,
6618,ELAEOCARPUS ANGUSTIFOLIUS FRUIT/SEED EXTRACT,,
6619,HYDROGENATED ARGANIA SPINOSA KERNEL OIL,,
6620,ALUMINUM ISOSTEARATES/LAURATES/PALMITATES,,
6621,SH-OLIGOPEPTIDE-77,,
6622,CYMBIDIUM GREAT FLOWER FLOWER/STEM EXTRACT,,
6623,SAMBUCUS NIGRA FRUIT JUICE,84603-58-7,
6624,DILINOLEIC ACID/SEBACIC ACID/PIPERAZINE/ETHYLENEDIAMINE COPOLYMER,,
6625,POLYQUATERNIUM CROSSPOLYMER-3,,
6626,LAURYL METHYLGLUCAMIDE,287735-50-6,
6627,RIBONOLACTONE,5336-08-3,
6628,PEI-1750,9002-98-6,
6629,LACTOBACILLUS/PUERARIA MIRIFICA ROOT FERMENT FILTRATE,,
6630,PRUNUS SPECIOSA LEAF WATER,,
6631,VISNAGA VERA FRUIT EXTRACT,84695-96-5,
6632,PRISTANE,1921-70-6,
6633,POLYSTICHUM RETROSOPALACEUM EXTRACT,,
6634,PARACHLORELLA BEIJERINCKII EXTRACT,,
6635,TRIBULUS TERRESTRIS ROOT EXTRACT,90131-68-3,
6636,HEXYL LAURATE,34316-64-8,
6637,ETHYL XIMENYNATE,159534-89-1,
6638,BACILLUS/LACTOBACILLUS/STEVIA REBAUDIANA STALK EXTRACT FERMENT FILTRATE,,
6639,DEXTRAN SULFATE,9042-14-2,
6640,MYRISTYL MYRISTATE,3234-85-3,
6641,ZINC GLYCINATE SALICYLATE,,
6642,SASSAFRAS OFFICINALE BARK EXTRACT,,
6643,PALMITOYL TRIPEPTIDE-54 AMIDE,,
6644,PACHYRHIZUS EROSUS ROOT EXTRACT,,
6645,AMMONIUM STYRENE/ACRYLATES COPOLYMER,,
6646,DIISOCETYL DODECANEDIOATE,131252-83-0,
6647,HEXAPEPTIDE-32,,
6648,ASTAXANTHIN,472-61-7,
6649,ROSA RUBIGINOSA SEED OIL POLYGLYCERYL-6 ESTERS,,
6650,CYCLOHEXADECANOL,2565-90-4,
6651,ASTER AGERATOIDES EXTRACT,,
6652,TAGETES PATULA FLOWER/LEAF/STEM EXTRACT,,
6653,BUTYL PHTHALYL BUTYL GLYCOLATE,85-70-1,
6654,HYDROLYZED LEPIDIUM MEYENII ROOT,,
6655,SR-CLOSTRIDIUM BOTULINUM POLYPEPTIDE-1 SH-OLIGOPEPTIDE-1,,
6656,HYDROLYZED CITRUS SPHAEROCARPA PEEL EXTRACT,,
6657,CHENOPODIUM QUINOA FLOWER/LEAF EXTRACT,,
6658,GANODERMA LUCIDUM MYCELIUM/PANAX GINSENG ROOT FERMENT EXTRACT FILTRATE,,
6659,ROSA ALBA LEAF CELL EXTRACT,93334-48-6,
6660,VATERIA INDICA SEED BUTTER,,
6661,METHYL RICINOLEATE,141-24-2,
6662,PALM KERNELAMIDE MIPA,,
6663,MAGNESIUM MYRISTATE,4086-70-8,
6664,MOROCCAN LAVA CLAY,,
6665,RETINYL HYDROXYPENTANOATYL SHIKIMATE,,
6666,COCHLEARIA OFFICINALIS LEAF EXTRACT,84961-47-7,
6667,SHEEP MILK,,
6668,WINE,,
6669,AMMONIUM ACRYLATES/ACRYLONITROGENS COPOLYMER,37809-64-6,
6670,WHEAT GERM OIL PEG-40 BUTYLOCTANOL ESTERS,,
6671,AESCULUS HIPPOCASTANUM LEAF EXTRACT,8053-39-2,
6672,DITRIMETHYLOLPROPANE TETRA PALM KERNELATE,,
6673,PANAX GINSENG CELL CULTURE EXTRACT,84650-12-4,
6674,ACETYL DIPEPTIDE-31 AMIDE,,
6675,PENTASODIUM TETRACARBOXYMETHYL HEXANOYL DIPEPTIDE-12,,
6676,GLYCERYL DIRICINOLEATE/IPDI COPOLYMER,351424-97-0,
6677,ALUMINUM ISOSTEARATES/PALMITATES,,
6678,LINNAEA BOREALIS EXTRACT,,
6679,LAURUS NOBILIS LEAF/STEM WATER,84603-73-6,
6680,SALNACEDIN,87573-01-1,
6681,CETYLARACHIDOL,17658-63-8,
6682,ISOBUTYL ISOSTEARATE,151270-66-5,
6683,CUCUMIS MELO CANTALUPENSIS CALLUS EXTRACT,,
6684,DANIELLIA OLIVERI RESIN EXTRACT,,
6685,HONEY,8028-66-8,
6686,VA/VINYL CHLORIDE COPOLYMER,9003-22-9,
6687,PALMITOYL PINE BARK EXTRACT,,
6688,SH-HEPTAPEPTIDE-18,,
6689,BENZYLCARBAMATO CINNAMIDOISOPENTYL DIPEPTIDE-38 AMIDE,,
6690,DAVIDSONIA JERSEYANA SEED OIL,,
6691,GRIFOLA FRONDOSA ROOT/ RICE SEED/CITRUS UNSHIU PEEL/CARTHAMUS TINCTORIUS FLOWER FERMENT FILTRATE,,
6692,ECKLONIA KUROME EXTRACT,,
6693,DIMETHYL DICAPROYL CYSTINATE,139416-29-8,
6694,PETROLATUM,8009-03-8,
6695,FUMARIA OFFICINALIS LEAF EXTRACT,84625-41-2,
6696,BIS-RETINAMIDO METHYLPENTANE,,
6697,BUTADIENE/ISOPRENE COPOLYMER,,
6698,OLIGOPEPTIDE-66,,
6699,PONCIRUS TRIFOLIATA FRUIT/(ULMUS MACROCARPA/OENTHERA ODORATA/ARTEMISIA PRINCEPS/CASTOR/PINUS RIGIDA/PUERARIA LOBATA) LEAF/STEM/SUCROSE FERMENT FILTRATE,,
6700,PIG DENTAL PULP CELL CONDITIONED MEDIA,,
6701,DIMETHICONE/VINYLTRIMETHYLSILOXYSILICATE CROSSPOLYMER,,
6702,HYDROGENATED CASTOR OIL HYDROXYSTEARATE,,
6703,GENISTEIN,446-72-0,
6704,RUBUS PARVIFOLIUS FRUIT EXTRACT,,
6705,SUCROSE POLYLINOLEATE,56449-51-5,
6706,SACCHAROMYCES/COPPER FERMENT,,
6707,GALLOYL PENTAPEPTIDE-33,,
6708,IPOMOEA BATATAS ROOT JUICE,,
6709,SH-POLYPEPTIDE-100,,
6710,OCTYLDODECYL AVOCADOATE,,
6711,R-BOVINE POLYPEPTIDE-1,,
6712,ASPERGILLUS/LACTOBACILLUS/CAMELLIA SINENSIS LEAF FERMENT EXTRACT,,
6713,RAUVOLFIA SERPENTINA ROOT EXTRACT,90106-13-1,
6714,C6-8 ALKYL C3-6 ALKYL GLUCOSIDE DIMETHICONE,,
6715,PRUNUS MUME SEED EXTRACT,,
6716,GIGARTINA STELLATA/KAPPAPHYCUS ALVAREZII EXTRACT,,
6717,C5-6 OLEFIN/STYRENE COPOLYMER,,
6718,BETULA ERMANII SAP,,
6719,HOMONOIA RIPARIA ROOT EXTRACT,,
6720,CAPRYLYLOXYPHENYLAMINO DIMETHYLTETRAHYDRO BENZOTHIAZINE CARBOXYLIC ACID,1629023-01-3,
6721,TRIHYDROXYDIHYDROCHALCONE,23130-26-9,
6722,SHIKIMOYL HEXAPEPTIDE-48,,
6723,ARISTOTELIA CHILENSIS LEAF EXTRACT,,
6724,MUSTELIC/PALMITIC TRIGLYCERIDE,,
6725,PPG-7 LAURYL ETHER,9064-14-6,
6726,SPENT GRAIN WAX,,
6727,SH-POLYPEPTIDE-55,,
6728,BAICALEIN,314041-17-3,
6729,LARREA DIVARICATA LEAF EXTRACT,91722-67-7,
6730,TOCOQUINONE,7559-04-8,
6731,CHAMOMILLA RECUTITA FLOWER OIL,8002-66-2,
6732,ALETRIS FARINOSA ROOT EXTRACT,,
6733,NELUMBO NUCIFERA GERM EXTRACT,85085-51-4,
6734,INOSINE,58-63-9,
6735,PEG-9 GLYCERYL ISOSTEARATE,,
6736,MAGNOLIA SIEBOLDII EXTRACT,,
6737,PRUNUS AMYGDALUS DULCIS SEED,,
6738,C30-45 OLEFIN,222400-22-8,
6739,PROSTANTHERA INCISA LEAF EXTRACT,,
6740,SODIUM MANNOSE PHOSPHATE,70442-25-0,
6741,ISOTRIDECYL ISONONANOATE,59231-37-7,
6742,HYDROLYZED CHITOSAN FERULYL LINOLEATE,,
6743,ARAUCARIA HETEROPHYLLA LEAF EXTRACT,,
6744,EUGENIA CARYOPHYLLUS SEED EXTRACT,84961-50-2,
6745,PALMITOYL NONAPEPTIDE-6,,
6746,POLYSTEARYL METHACRYLATE,,
6747,EMODIN,518-82-1,
6748,MARE MILK,,
6749,LAVANDULA HYBRIDA FLOWER WATER,91722-69-9,
6750,BENZYL NICOTINATE,94-44-0,
6751,ALUMINUM DILINOLEATE,53202-37-2,
6752,RH-POLYPEPTIDE-96,,
6753,PEG-8 GLYCERYL ISOSTEARATE,,
6754,DIHYDROXYISOPROPYL CAPRYLOYLCAPRYLAMIDE,756875-51-1,
6755,CETYL HEXACOSYL DIMETHICONE/BIS-VINYLDIMETHICONE CROSSPOLYMER,,
6756,ISOSORBIDE OLEATE,28454-96-8,
6757,ISOMALT,64519-82-0,
6758,S-CENTIPEDE DECAPEPTIDE-1,,
6759,PEG-60 HYDROGENATED CASTOR OIL LAURATE,,
6760,SODIUM PEG-8 PHOSPHATE,9088-10-2,
6761,PANAX GINSENG ROOT PROTOPLASTS,84650-12-4,
6762,LACTOCOCCUS FERMENT EXTRACT,,
6763,ISOSTEARYL HYDROXYSTEARATE,162888-05-3,
6764,PALMITOYL SH-TRIPEPTIDE-2 AMIDE,,
6765,ISOSTEARYL ALCOHOL,27458-93-1,
6766,CETETH-3 STEARATE,,
6767,STEAROYL EPOXY RESIN,,
6768,CERAMIDE NG,,
6769,IPOMOEA BATATAS ROOT LEES EXTRACT,,
6770,THYMUS VULGARIS FLOWER/LEAF OIL,84929-51-1 / 8007-46-3,
6771,4-METHYLBENZYLIDENE CAMPHOR,36861-47-9 / 38102-62-4,
6772,ACETYL HEPTAPEPTIDE-9,,
6773,PERFLUORODECALIN,306-94-5,
6774,LACTOBACILLUS/ERIODICTYON CALIFORNICUM FERMENT EXTRACT,,
6775,DRABA NEMOROSA EXTRACT,,
6776,LILIUM TIGRINUM FLOWER/LEAF/STEM EXTRACT,90063-51-7,
6777,SACCHAROMYCES/SOPHORA JAPONICA BUD FERMENT FILTRATE,,
6778,NOSTOC FLAGELLIFORME EXTRACT,,
6779,HORDEUM VULGARE LEAF POWDER,85251-64-5,
6780,CAREX MEYERIANA LEAF/STEM EXTRACT,,
6781,TYPHA ORIENTALIS EXTRACT,,
6782,ANOECTOCHILUS FORMOSANUS SHOOT,,
6783,PEG/PPG-17/4 DIMETHYL ETHER,,
6784,ULEX EUROPAEUS LEAF/ROOT/STEM EXTRACT,90131-76-3,
6785,RETINOYL OLIGOPEPTIDE-112,,
6786,BENZOYL CHLORIDE,98-88-4,
6787,RHEUM OFFICINALE STEM EXTRACT,84650-56-6,
6788,ACANTHUS MOLLIS LEAF EXTRACT,90320-09-5,
6789,COPPER SULFATE,7758-98-7,
6790,ACETYLATED HYDROGENATED COTTONSEED GLYCERIDE,165800-53-3,
6791,SCOPARIA DULCIS FLOWER/LEAF/STEM EXTRACT,,
6792,LACTOBACILLUS/SUGAR CANE EXTRACT FERMENT FILTRATE,,
6793,METHIONYL R-SALMON OLIGOPEPTIDE-1 SH-POLYPEPTIDE-51,,
6794,TETRADECYLEICOSANOIC ACID,,
6795,BOSWELLIA PAPYRIFERA/SACRA/SERRATA RESIN EXTRACT,,
6796,SODIUM HYALURONATE CROSSPOLYMER-2,,
6797,PIDOBENZONE,138506-45-3,
6798,PLATINUM DIVINYLDISILOXANE,,
6799,CHOEROSPONDIAS AXILLARIS LEAF EXTRACT,,
6800,SH-POLYPEPTIDE-98,,
6801,GLYCOL MONTANATE,73138-45-1,
6802,DROSERA RAMENTACEA EXTRACT,94349-76-5,
6803,PENTAERYTHRITYL ROSINATE,8050-26-8,
6804,PPG-1-CETETH-5,9087-53-0 / 37311-01-6,
6805,PINUS PINASTER WOOD EXTRACT,90082-75-0,
6806,GOSSYPIUM HERBACEUM CALLUS CULTURE,,
6807,DIMETHICONOL BEHENATE,,
6808,TETRADECYLPROPIONATES,,
6809,HYDROGENATED PUMPKIN SEED OIL,,
6810,OCTYL POLYSTYRENE OXIDE/PEG-10 COPOLYMER PHOSPHATE,308336-62-1,
6811,PEG-45M,25322-68-3,
6812,TROPAEOLUM MAJUS LEAF EXTRACT,84625-49-0,
6813,SH-OLIGOPEPTIDE-73 AMIDE TRIFLUOROACETATE,,
6814,KADSURA COCCINEA FRUIT EXTRACT,,
6815,AEROPYRUM/SOYBEAN FERMENT FILTRATE,,
6816,OPUNTIA TUNA FRUIT EXTRACT,,
6817,PPG-3 HYDROGENATED CASTOR OIL,111870-68-9,
6818,OLIGOPEPTIDE-69,,
6819,CHAMOMILE RECUTITA FLOWER/JASMINUM OFFICINALE FLOWER EXTRACT,,
6820,FERROUS GLUCONATE,299-29-6,
6821,CLAM PEARL SAC SECRETION EXTRACT,,
6822,CHAMOMILLA VULGARIS EXTRACT,,
6823,LACTOBACILLUS/OPUNTIA FICUS-INDICA EXTRACT FERMENT EXTRACT FILTRATE,,
6824,ARGAN OIL POLYGLYCERYL-6 ESTERS,,
6825,LACTOBACILLUS/SEDUM KAMTSCHATICUM LEAF/STEM FERMENT FILTRATE,,
6826,ACETYLARGINYLTRYPTOPHYL DIPHENYLGLYCINE,,
6827,MYRISTOYL/PCA CHITIN,,
6828,MAGNOLIA LILIFLORA FLOWER EXTRACT,246536-69-6,
6829,RHUS SEMIALATA LEAF/STEM EXTRACT,,
6830,CETYLOXY DIMETHICONE,,
6831,DICETEARYL SUCCINATE,93280-98-9,
6832,HYDROLYZED YEAST EXTRACT,,
6833,CYCLOCARYA PALIURUS LEAF EXTRACT,,
6834,XYLOBIOSE,6860-47-5,
6835,PISCUM IECUR OIL,8009-00-5,
6836,TRIACETIN,102-76-1,
6837,FICUS FORMOSANA ROOT EXTRACT,,
6838,PEG/PPG-120/10 TRIMETHYLOLPROPANE TRIOLEATE,,
6839,CANOLA OIL GLYCERIDE,226993-77-7,
6840,MENTHYL ETHYCARBAMATE,637336-79-9,
6841,CUPRESSUS LUSITANICA CALLUS EXTRACT,,
6842,GLYCERETH-25 PCA ISOSTEARATE,,
6843,DIPENTAERYTHRITYL HEXAHYDROXYSTEARATE/HEXASTEARATE/HEXAHYDROGENATED ROSINATE,,
6844,PINUS LAMBERTIANA WOOD EXTRACT,93062-85-2,
6845,LITHOTHAMNION TOPHIFORME POWDER,,
6846,ARALIA ELATA CALLUS EXTRACT,,
6847,HYDROLYZED CELOSIA CRISTATA FLOWER/SEED EXTRACT,,
6848,CITRUS GLAUCA SEED OIL,,
6849,OCTAPEPTIDE-12 SH-POLYPEPTIDE-56 TRIPEPTIDE-44 SH-POLYPEPTIDE-3,,
6850,GLYCERYL LAURATE/OLEATE,,
6851,HAMAMELIS VIRGINIANA BARK/TWIG EXTRACT,84696-19-5,
6852,FOENICULUM VULGARE LEAF EXTRACT,92623-75-1,
6853,BAROSMA BETULINA LEAF/TWIG EXTRACT,84649-93-4,
6854,DICAPRYLYL MALEATE,2915-53-9,
6855,RUBIA YUNNANENSIS EXTRACT,,
6856,MYRICETIN,529-44-2,
6857,SODIUM DEOXYCHOLATE,302-95-4,
6858,HYDROLYZED HORSE PLACENTA/UMBILICAL EXTRACT,,
6859,BETULINYL METHOXY PEG-22 CARBOXYLATE,,
6860,FERROUS FUMARATE,141-01-5,
6861,OUREN EKISU,,
6862,HYDROLYZED RHEUM OFFICINALE ROOT EXTRACT,84650-56-6,
6863,CUCURBITA PEPO PHYTOPLACENTA EXTRACT,,
6864,3-O-CETYL ASCORBIC ACID,88306-70-1,
6865,EVENING PRIMROSE OIL/PALM OIL AMINOPROPANEDIOL ESTERS,,
6866,HYDROGEN DIMETHICONE,68037-59-2 / 69013-23-6 / 70900-21-9,
6867,LYCOPSIS ARVENSIS FRUIT/LEAF/ROOT/STEM EXTRACT,90320-53-9,
6868,C20-40 ALKYL BEHENATE,222722-15-8,
6869,ISODECYL PALMITATE,59231-33-3 / 14779-95-4,
6870,POTASSIUM TYROSYL HISTIDINE OLIVAMIDE,,
6871,PELTOPHORUM DASYRHACHIS BARK POWDER,,
6872,ERYTHRITOL,7541-59-5; 149-32-6,
6873,ISOPROPYL BEHENATE,26718-95-6,
6874,HYDROGENATED LANOLIN ALCOHOL,,
6875,SACCHAROMYCES/CALCIUM FERMENT,,
6876,OLIGOPEPTIDE-153,,
6877,ISOSTEARYL MYRISTATE,72576-81-9,
6878,SH-OLIGOPEPTIDE-4,,
6879,EUPATORIUM PURPUREUM FLOWER/LEAF/STEM EXTRACT,90028-55-0,
6880,ETHYLENE/MA COPOLYMER,9006-26-2,
6881,VINYL DIMETHICONE/LAURYL DIMETHICONE CROSSPOLYMER,,
6882,TRIPEPTIDE-45,,
6883,HYDROGENATED BRASSICA CAMPESTRIS/ALEURITES FORDI OIL COPOLYMER,,
6884,RUBUS IDAEUS FRUIT EXTRACT,84929-76-0,
6885,ISOLAURETH-6,,
6886,OLIGOPEPTIDE-100 AMIDE,,
6887,ERIOBOTRYA JAPONICA LEAF POWDER,91770-19-3,
6888,EPILOBIUM FLEISCHERI FLOWER/LEAF/STEM EXTRACT,849775-73-1,
6889,SOLDANELLA ALPINA EXTRACT,,
6890,BAMBUSA ARUNDINACEA STEM EXTRACT,91771-32-3,
6891,PROPYL TRIMETHICONE,60111-46-8,
6892,ANANAS SATIVUS STEM POWDER,,
6893,BIS-METHOXY PEG-13 PEG-502/PPG-57/SMDI COPOLYMER,,
6894,SACCHAROMYCES/ANTLER VELVET/ARBUTIN/CITRUS LIMON FRUIT/GANODERMA LUCIDUM STEM/PANAX GINSENG ROOT/PINUS SYLVESTRIS BUD/PROPAGERMANIUM/ROYAL JELLY/SALMON EGG/TURTLE OIL FERMENT EXTRACT FILTRATE,,
6895,HYDROLYZED SYZYGIUM SAMARANGENSE FRUIT EXTRACT,,
6896,NANNOCHLOROPSIS GADITANA EXTRACT,,
6897,BEHENYL ISOSTEARATE,181496-25-3,
6898,PROPYL C12-15 PARETH-8 CARBOXYLATE,,
6899,MYRICA PUBESCENS FRUIT WAX,1173925-95-5,
6900,ETHYLHEXYL METHACRYLATE,688-84-6,
6901,POLYGLYCERYL SORBITOL,,
6902,DIGENEA SIMPLEX EXTRACT,90027-98-8,
6903,ALEURITES MOLUCCANUS ETHYL ESTER,,
6904,PEG-120 METHYL GLUCOSE TRIISOSTEARATE,,
6905,DISODIUM PHLORETIN DISULFONATE,,
6906,BIFIDA/DEER ANTLER FERMENT FILTRATE,,
6907,BERBERIS AQUIFOLIUM EXTRACT,,
6908,DILINOLEIC ACID/PROPANEDIOL COPOLYMER,,
6909,RICE SH-OLIGOPEPTIDE-1,,
6910,RHUS TYPHINA LEAF EXTRACT,93686-19-2,
6911,RHODELLA VIOLACEA EXTRACT,,
6912,PIPERIDINEDIONE,52065-78-8,
6913,POTASSIUM LACTATE,996-31-6 / 85895-78-9,
6914,CARYA ILLINOINENSIS SEED EXTRACT,,
6915,PRUNUS AVIUM FLOWER EXTRACT,85566-22-9,
6916,ARGINYL SH-PENTAPEPTIDE-7,,
6917,HALIMEDA OPUNTIA EXTRACT,,
6918,OCTYLPHTHALIDE,137786-58-4,
6919,PEG/PPG-18/18 ISOSTEARATE,,
6920,AGASTACHE MEXICANA FLOWER/LEAF/STEM EXTRACT,,
6921,ERUCYL ERUCATE,27640-89-7,
6922,RUBUS IDAEUS SEEDCAKE POWDER,,
6923,DEER BLOOD,,
6924,PIMENTA ACRIS LEAF POWDER,91721-75-4,
6925,R-CLOSTRIDIUM HISTOLYTICUM COLLAGENASE G HEXAPEPTIDE-40,,
6926,CHOLESTERYL BUTYRATE,521-13-1,
6927,CASTORYL MALEATE,241153-84-4,
6928,LAUROYL POLYNEOPENTYL GLYCOL ADIPATE,,
6929,DIHYDROQUERCETIN PENTACAPRYLATE,,
6930,PALMITOYL HEXAPEPTIDE-36,,
6931,MYRISTOYL METHYL BETA-ALANINE,21539-71-9,
6932,EUPHORBIA ESULA EXTRACT,,
6933,UNDARIA PINNATIFIDA ROOT POWDER,,
6934,RUBUS RIBISOIDEUS FRUIT EXTRACT,,
6935,GENTIANELLA ACHALENSIS EXTRACT,,
6936,PHENETHYL DIMETHICONE,67762-82-7,
6937,HEXAPEPTIDE-40,,
6938,PYRICARBATE,1882-26-4,
6939,CERAMIUM RUBRUM EXTRACT,94891-16-4,
6940,EUCALYPTUS PUNCTATA LEAF CELL EXTRACT,,
6941,LACTOBACILLUS/CHRYSANTHEMUM ZAWADSKII FLOWER/GLEDITSIA JAPONICA FRUIT/THUJA ORIENTALIS LEAF/MORUS ALBA BARK/PANAX GINSENG ROOT/ARTEMISIA VULGARIS EXTRACT FERMENT FILTRATE,,
6942,SORBITOL,50-70-4,
6943,ETHYLENEDIAMINE/HYDROGENATED DIMER DILINOLEATE COPOLYMER BIS-DI-C14-18 ALKYL AMIDE,,
6944,PROPYLENE GLYCOL LINOLEATE,,
6945,ISOSTEARETH-3 ETHYLHEXANOATE,,
6946,SARRACENIA PURPUREA FLOWER/LEAF/SEED/STALK EXTRACT,84929-49-7,
6947,TRIBULUS TERRESTRIS ROOT POWDER,90131-68-3,
6948,TEA-ACRYLATES/ACRYLONITROGENS COPOLYMER,,
6949,SACCHAROMYCES/LILIUM CANDIDUM CALLUS EXTRACT FERMENT EXTRACT FILTRATE,,
6950,SH-POLYPEPTIDE-31,,
6951,ETHYL LAUROYL ARGINATE LAURATE,1193347-26-0,
6952,SUILLUS GREVILLEI FERMENT FILTRATE,,
6953,PEG-9 DIGLYCIDYL ETHER/SODIUM HYALURONATE CROSSPOLYMER,,
6954,COPPER ACETYLMETHIONATE,105883-51-0,
6955,SULCULUS DIVERSICOLOR EXTRACT,,
6956,DODECENE,112-41-4,
6957,ETHYLHEXYL COCOATE,92044-87-6,
6958,HEXAPEPTIDE-61,,
6959,NOSTOC ENDOPHYTUM,,
6960,TETRAPEPTIDE-67 DIMER,,
6961,PHTHALIC ANHYDRIDE/BUTYL BENZOIC ACID/PROPYLENE GLYCOL COPOLYMER,,
6962,COMMIPHORA MYRRHA LEAF CELL EXTRACT,84929-26-0,
6963,HEXACOSYL GLYCOL ISOSTEARATE,,
6964,PRUNUS CERASUS SEED OIL,89997-53-5,
6965,TRIISOSTEARIN PEG-6 ESTERS,,
6966,CISSAMPELOS PAREIRA ROOT POWDER,93333-87-0,
6967,TETRAPEPTIDE-57,,
6968,SODIUM ACRYLATE/SODIUM ACRYLAMIDOMETHYLPROPANE SULFONATE COPOLYMER,37350-42-8,
6969,PEGMATITE,,
6970,ARCTIUM LAPPA ROOT POWDER,84012-13-5,
6971,TRITICUM VULGARE GERM POWDER,84012-44-2,
6972,DIHYDROXYMETHOXYCHALCONE,19304-14-9,
6973,CHAMOMILLA RECUTITA FLOWER/LAVANDULA ANGUSTIFOLIA FLOWER/MELISSA OFFICINALIS LEAF/ROSMARINUS OFFICINALIS LEAF/SALVIA OFFICINALIS LEAF EXTRACT,,
6974,BRASSICA CAMPESTRIS SEED OIL,8002-13-9 / 90989-79-0,
6975,2‚5-DIHYDROXYBENZOIC ACID,490-79-9,
6976,SIALYLLACTOSE,35890-38-1,
6977,SARRACENIA LEUCOPHYLLA FLOWER/LEAF/SEED/STALK EXTRACT,,
6978,OPUNTIA COCCINELLIFERA FRUIT EXTRACT,90082-21-6,
6979,ISOBUTYROYL C10-40 HYDROXYACID C10-40 ISOALKYL ESTERS,,
6980,DECAPEPTIDE-33,,
6981,GLYCERIN/SUCCINIC ACID COPOLYMER CASTORATE,,
6982,HYDROGENATED SAFFLOWER SEED OIL,8001-23-8,
6983,TRACHEA HYDROLYSATE,91080-13-6,
6984,HYDROXYPROPYL OXIDIZED STARCH,,
6985,TRIPEPTIDE-52,,
6986,CANDIDA ALBICANS/FRITILLARIA VERTICILLATA BULB FERMENT EXTRACT,,
6987,PEG-65M,25322-68-3,
6988,ISOSTEARYL ERUCATE,97259-85-3,
6989,SACCHAROMYCES/GRAPE FERMENT FILTRATE EXTRACT,,
6990,POTASSIUM ABIETOYL HYDROLYZED SOY PROTEIN,,
6991,MARIS LIMUS EXTRACT,,
6992,HYDROLYZED SOYBEAN FIBER,,
6993,BEAN PALMITATE,,
6994,LAURYL 2-GLYCERYL ASCORBATE,,
6995,ALUMINUM ISOSTEARATES/STEARATES,,
6996,LACTOBACILLUS/COCONUT FRUIT JUICE FERMENT FILTRATE,,
6997,HYDROLYZED METSCHNIKOWIA AGAVES EXTRACT,1309127-75-0,
6998,NEATSFOOT OIL,8002-64-0,
6999,ANIGOZANTHOS FLAVIDUS FLOWER/LEAF EXTRACT,223749-17-5,
7000,CITRUS AURANTIFOLIA FRUIT WATER,90063-52-8,
7001,METHIONYL SH-POLYPEPTIDE-93,,
7002,STEARYL BEESWAX,223705-72-4,
7003,FRUCTOOLIGOSACCHARIDE CAPRYLATE,,
7004,SH-POLYPEPTIDE-102,,
7005,TRIS-ETHOXYDIGLYCOL PHOSPHATE,7332-49-2,
7006,PHTHALIC ANHYDRIDE/BENZOIC ACID/TRIMETHYLOLPROPANE COPOLYMER,,
7007,TERMINALIA BELLERICA FRUIT WATER,92202-43-2,
7008,METHYL NIACINAMIDE CHLORIDE,1005-24-9,
7009,SIMMONDSIA CHINENSIS SEED POWDER,90045-98-0,
7010,MEA-BIOTINATE,,
7011,PINUS PINASTER BARK/BUD EXTRACT,90082-75-0,
7012,LEPTOCYLINDRUS DANICUS EXTRACT,,
7013,NELUMBO NUCIFERA LEAF CELL CULTURE POWDER,85085-51-4,
7014,HYDROLYZED PECTIN,,
7015,RUMEX STENOPHYLLUS FLOWER/LEAF/STEM EXTRACT,,
7016,LAURYL ACRYLATE/VA COPOLYMER,,
7017,LACTOBACILLUS/CAPSICUM FRUTESCENS FRUIT FERMENT EXTRACT,,
7018,MYRETH-3 LAURATE,84605-13-0,
7019,SACCHAROMYCES/SWIFTLET NEST FERMENT FILTRATE,,
7020,PERSEA GRATISSIMA SEED EXTRACT,,
7021,NYMPHAEA CAERULEA FLOWER OIL,,
7022,BIOSACCHARIDE GUM-1,194237-89-3,
7023,LEDEBOURIELLA SESELOIDES CALLUS CULTURE EXTRACT,,
7024,ASPALATHUS LINEARIS LEAF,,
7025,LIGUSTRUM LUCIDUM LEAF EXTRACT,,
7026,SERENOA SERRULATA FRUIT WATER,84604-15-9,
7027,ERUCYL OLEATE,85617-81-8,
7028,LEONTOPODIUM ALPINUM LEAF CELL EXTRACT,,
7029,BACILLUS/APRICOT SEED/ARTEMISIA ANNUA EXTRACT/PHASEOLUS ANGULARIS SEED/SOYBEAN SEED/WHEAT BRAN/XANTHIUM STRUMARIUM FRUIT EXTRACT FERMENT EXTRACT,,
7030,HYDROLYZED PRUNELLA VULGARIS EXTRACT,90105-92-3,
7031,PEG-8/SMDI COPOLYMER,39444-87-6,
7032,OXIDIZED TALL OIL ACIDS/NEOPENTYL GLYCOL COPOLYMER,,
7033,HYDROXYBENZYL ALCOHOL,623-05-2,
7034,ISODON TRICHOCARPUS EXTRACT,223749-18-6,
7035,HAZELNUT SEED OIL DECYL ESTERS,,
7036,CITRUS LIMON FRUIT EXTRACT,92346-89-9 / 84929-31-7,
7037,GLYCERYL TALLOWATE,61789-13-7,
7038,POLYGLYCERYL-10 LAURATE,34406-66-1,
7039,SH-POLYPEPTIDE-78,,
7040,GLYCYRRHIZA GLABRA ROOT WATER,84775-66-6,
7041,TRIMETHYLOLPROPANE,77-99-6,
7042,TRILAURYL PHOSPHATE,682-49-5,
7043,SCHIZOPHYLLAN,9050-67-3,
7044,BIFIDA/PAECILOMYCES JAPONICA MYCELIUM/PANAX GINSENG ROOT FERMENT FILTRATE,,
7045,PNA-1 CARBOXYETHYL FLUORENE,,
7046,GLYCERETH-6 TRICOCOATE,,
7047,ALPINIA SPECIOSA LEAF EXTRACT,,
7048,ALUMINUM ISOSTEARATES/LAURATES/STEARATES,,
7049,MENTHA PIPERITA LEAF JUICE,84082-70-2,
7050,TETRAHEXYLDECYL ASCORBATE,183476-82-6; 1445760-15-5,
7051,PEG-58 HYDROGENATED CASTOR OIL ISOSTEARATE,,
7052,RUBIA CORDIFOLIA STEM EXTRACT,91845-24-8,
7053,AEGLE MARMELOS ROOT POWDER,92201-13-3,
7054,ANNONA MURICATA LEAF/STEM EXTRACT,,
7055,PEG-12 GLYCERYL DIMYRISTATE,,
7056,CALLIBLEPHARIS CILIATA EXTRACT,,
7057,PRUNELLA VULGARIS FLOWER/LEAF/STEM EXTRACT,90105-92-3,
7058,NIACINAMIDE THIOCTATE,,
7059,TRIPEPTIDE-34,,
7060,OCTAPEPTIDE-34,,
7061,SH-DECAPEPTIDE-1,,
7062,HEXADECYLEICOSANOIC ACID,56253-91-9,
7063,HYALURONIC ACID/POLYGLUTAMIC ACID CROSSPOLYMER,,
7064,DECYL DIMETHICONE,,
7065,PEG-10 GLYCERYL TRISTEARATE,41080-66-4,
7066,LAGERSTROEMIA SPECIOSA LEAF EXTRACT,,
7067,AZELAOYL OCTAPEPTIDE-9,,
7068,RUBUS CHAMAEMORUS CALLUS,,
7069,CITRUS AURANTIUM AMARA WOOD EXTRACT,,
7070,ACETAMIDOETHOXYETHANOL,118974-46-2,
7071,ERUCAMIDE,112-84-5,
7072,HYDROLYZED STURGEON EXTRACT,,
7073,MALT EXTRACT,8002-48-0,
7074,PALMITOYL COCOA SEED EXTRACT,,
7075,ROSA ODORATA EXTRACT,97676-09-0,
7076,ETHYL ASPARTATE,4070-43-3,
7077,CETEARYL METHICONE,227200-32-0,
7078,HELICHRYSUM ITALICUM PHYTOPLACENTA EXTRACT,,
7079,TRIFLUOROPROPYL DIMETHICONOL,,
7080,SERICOSIDE,55306-04-2,
7081,TRIS(PPG-3 BENZYL ETHER) CITRATE,,
7082,ARGAN OIL GLYCERETH-8 ESTERS,,
7083,RHODODENDRON ANTHOPOGON FLOWER POWDER,,
7084,OPUNTIA FICUS-INDICA FRUIT WATER,90082-21-6,
7085,GLYCINE SOJA EXTRACT,84776-91-0 / 8001-22-7,
7086,XYMENYNIC ACID,557-58-4,
7087,HEDYCHIUM CORONARIUM POWDER,,
7088,SPIRAEA ULMARIA FLOWER EXTRACT,84775-57-5,
7089,NAHOCOL D,,
7090,POLYQUATERNIUM-33,69418-26-4,
7091,GLYCOL/SEBACIC ACID COPOLYMER,25037-32-5,
7092,N-CYCLOHEXANOYL TYRAMINE,727732-91-4,
7093,TETRAACETOXYCHALCONE,42385-90-0,
7094,CEDRELA SINENSIS SPROUT EXTRACT,,
7095,PENTAERYTHRITYL TETRAOLEATE,19321-40-5,
7096,SACCHAROMYCES/ASPARAGUS COCHINCHINENSIS ROOT/LYCIUM CHINENSE ROOT/OPHIOPOGON JAPONICUS ROOT/PANAX GINSENG ROOT/PORIA COCOS/REHMANNIA GLUTINOSA ROOT FERMENT FILTRATE,,
7097,SACCHARINA ANGUSTATA EXTRACT,,
7098,TOCOPHERETH-50,,
7099,POTASSIUM ALUMINUM POLYACRYLATE,67785-56-2,
7100,PENTAERYTHRITYL TETRAISONONANOATE,93803-89-5,
7101,SILLIMANITE,12141-45-6,
7102,URIDINE,58-96-8,
7103,SORBITAN DISTEARATE,36521-89-8,
7104,CARBENIA BENEDICTA EXTRACT,84603-57-6,
7105,PICHIA PASTORIS/SOYBEAN SEED FERMENT LYSATE EXTRACT FILTRATE,,
7106,LACTOBACILLUS/ARTEMISIA PRINCEPS LEAF EXTRACT/HONEYSUCKLE FLOWER EXTRACT/PAEONIA ALBIFLORA ROOT EXTRACT/PHELLODENDRON AMURENSE BARK EXTRACT FERMENT FILTRATE,,
7107,TRIMETHYLSILYL TRIMETHYLSILOXY GLYCOLATE,33581-77-0,
7108,SODIUM DIMER COENZYME A,,
7109,PEANUT OIL PEG-6 ESTERS,68440-49-3,
7110,MEVALONOLACTONE,674-26-0,
7111,EMPETRUM NIGRUM CALLUS EXTRACT,,
7112,ALPINIA INTERMEDIA LEAF/STEM WATER,,
7113,HYDROLYZED RYE PHYTOPLACENTA EXTRACT,,
7114,RHODODENDRON ANTHOPOGON FLOWER/LEAF EXTRACT,,
7115,ACACIA VICTORIAE SEED EXTRACT,,
7116,ASARUM SIEBOLDII ROOT EXTRACT,,
7117,SCHISANDRA CHINENSIS FRUIT OIL,223748-53-6,
7118,KOJIC ISOPALMITATE,,
7119,AUCOUMEA KLAINEANA RESIN EXTRACT,,
7120,HYDROLYZED ROE EXTRACT,,
7121,HYDROGENATED PANAX GINSENG ROOT OIL,,
7122,PELLIS LIPIDA,91053-62-2,
7123,AVENA SATIVA MERISTEM CELL EXTRACT,,
7124,GLYCERETH-7 BENZOATE,139247-28-2,
7125,HELIANTHUS ANNUUS SEEDCAKE EXTRACT,,
7126,PEG-150/STEARYL ALCOHOL/SMDI COPOLYMER,,
7127,NICOTINOYL PENTAPEPTIDE-44,,
7128,TETRANDRINE,518-34-3,
7129,CHONDRUS ELATUS/SACCHARINA ANGUSTATA/MONOSTROMA NITIDUM THALLUS EXTRACT,,
7130,POLYPERFLUOROETHOXYMETHOXY DIFLUOROMETHYL DISTEARAMIDE,220207-10-3,
7131,STREPTOCOCCUS THERMOPHILUS/MILK FERMENT LYSATE,,
7132,GLYCYRRHIZA PALLIDIFLORA ROOT EXTRACT,,
7133,SACCHAROMYCES/(ACHYRANTHES BIDENTATA/ANGELICA GIGAS/ANGELICA PUBESCENS/ANGELICA TENUISSIMA/ASARUM SIEBOLDI/CNIDIUM OFFICINALE/LEDEBOURIELLA DIVARICATA/PAEONIA SUFFRUTICOSA) ROOT/EUCOMMIA ULMOIDES BARK/MAGNOLIA LILIFLORA BUD FERMENT FILTRATE,,
7134,ARAUCARIA ANGUSTIFOLIA SEED EXTRACT,8015-68-7,
7135,NEOPENTYL GLYCOL DIISOSTEARATE,109884-54-0,
7136,KLUYVEROMYCES/SACCHARUM OFFICINARUM STEM JUICE EXTRACT FERMENT FILTRATE,,
7137,ORYZA SATIVA GERM OIL,90106-37-9,
7138,AGAROSE,9012-36-6,
7139,ANTHRACITE EXTRACT,,
7140,XYLITYL CAPRATE/CAPRYLATE,2127407-61-6,
7141,ALLANBLACKIA STUHLMANNII SEED BUTTER,,
7142,PHORMIUM TENAX LEAF JUICE,,
7143,PISCES EXTRACT,97615-94-6,
7144,PAEONIA ALBIFLORA ROOT EXTRACT,,
7145,MUSA SAPIENTUM FLOWER EXTRACT,,
7146,COCONUT OIL DECYL ESTERS,,
7147,POTASSIUM ASCORBYLBORATE,,
7148,ISOSTEARYL ISOBUTYRATE,1300074-28-5,
7149,PROPYL METHACRYLATE,2210-28-8,
7150,CETYL PEG/PPG-7/3 DIMETHICONE,,
7151,SODIUM/TEA C12-13 PARETH-3 SULFATE,,
7152,BORAGE SEED OIL/HYDROGENATED BORAGE SEED OIL ESTERS,,
7153,PEG-6 GLYCERYL CAPRATE,,
7154,CAESALPINIA DECAPETALA LEAF EXTRACT,,
7155,BORAGE SEED OIL AMINOPROPANEDIOL AMIDES,,
7156,MIMOSA TENUIFLORA LEAF POWDER,93685-96-2,
7157,DITRIMETHYLOLPROPANE TETRAACRYLATE,,
7158,HYDROLYZED POLYGONUM MULTIFLORUM ROOT EXTRACT,,
7159,PEG-20 HYDROGENATED LANOLIN,68648-27-1,
7160,AUREOBASIDIUM PULLULANS/SCHISANDRA CHINENSIS FRUIT/POLYGONATUM SIBIRICUM RHIZOME/ROOT EXTRACT FERMENT FILTRATE,,
7161,CALCIUM HEXAPEPTIDE-11,,
7162,ERYNGIUM ALPINUM FLOWER EXTRACT,,
7163,GLYCERYL DILINOLEATE,30606-27-0,
7164,LACTOBACILLUS FERMENT FILTRATE,,
7165,PICRORHIZA KURROOA RHIZOME/ROOT EXTRACT,,
7166,MAGNESIUM LACTATE,18917-93-6,
7167,GLYCERETH-18 ETHYLHEXANOATE,,
7168,JOJOBA ALCOHOL,,
7169,GUANIDINE CARBONATE/HDI ISOCYANURATE TRIMER/MDI CROSSPOLYMER,1632988-13-6,
7170,MELISSA OFFICINALIS MERISTEM CELL CULTURE,,
7171,ALPINIA SPECIOSA FLOWER/LEAF/STEM WATER,,
7172,CAFFEOYL SH-DECAPEPTIDE-23,,
7173,SR-SPIDER POLYPEPTIDE-4,,
7174,CYANOCOBALAMIN/YEAST POLYPEPTIDE,,
7175,GARDENIA JASMINOIDES MERISTEM CELL CULTURE,,
7176,MOSLA DIANTHERA EXTRACT,,
7177,ASPERGILLUS/LACTOBACILLUS/CAMELLIA SINENSIS LEAF FERMENT EXTRACT FILTRATE,,
7178,ACACIA DEALBATA FLOWER/STEM EXTRACT,165800-52-2,
7179,ACACIA SALIGNA LEAF EXTRACT,,
7180,TRIHEPTANOIN,620-67-7,
7181,POLYPODIUM VULGARE RHIZOME EXTRACT,84929-44-2,
7182,MYRISTOYL OCTAPEPTIDE-31,,
7183,TETRAPEPTIDE-2,,
7184,SILYBUM MARIANUM ETHYL ESTER,,
7185,OPERCULINA TURPETHUM LEAF/STEM EXTRACT,,
7186,ISOPRENE/PENTADIENE COPOLYMER,31303-93-2,
7187,HEPTAPEPTIDE-15 PALMITATE,,
7188,PARALLELOSTROMBIDIUM SICULUM EXTRACT,,
7189,PINANEDIOL,22422-34-0,
7190,BEHENYL BEESWAX,144514-52-3,
7191,DIISOPROPANOLAMINE/METHYLHEXAHYDROPHTHALIC ANHYDRIDE NONANOATE COPOLYMER,,
7192,DIPOTASSIUM GLYCYRRHIZATE,68797-35-3,
7193,MYRISTOYL TETRAPEPTIDE-20,,
7194,BERTHOLLETIA EXCELSA SEED EXTRACT,160965-04-8,
7195,PEG-4 METHYL ETHER,9004-74-4,
7196,SWEET ALMOND OIL PEG-8 ESTERS,,
7197,STEARETH-9 STEARATE,,
7198,CHITOSAN LAURAMIDE HYDROXYPROPYLTRIMONIUM CHLORIDE,,
7199,MYRISTOYL NONAPEPTIDE-3,,
7200,MANGANESE CHLORIDE,7773-01-5,
7201,C28-36 OLEFIN,,
7202,RETINYL OLEATE,631-88-9,
7203,LACTOBACILLUS/CURCURBITA PEPO FRUIT FERMENT EXTRACT,,
7204,MESSERSCHMIDIA SIBIRICA EXTRACT,,
7205,CHOLESTEROL/HDI/PULLULAN COPOLYMER,,
7206,CRATAEGUS MONOGYNA FLOWER EXTRACT,90045-52-6,
7207,SYNTHETIC CARNAUBA,,
7208,RAPESEED OIL DECYL ESTERS,,
7209,SH-POLYPEPTIDE-56 TRIPEPTIDE-44 SH-OLIGOPEPTIDE-1,,
7210,LACTOBACILLUS/SACCHAROMYCES/CNIDIUM OFFICINALE RHIZOME/COPTIDIS JAPONICA RHIZOME/CORN/ZIZYPHUS JUJUBA FRUIT FERMENT FILTRATE,,
7211,MONOSTROMA NITIDUM THALLUS EXTRACT,,
7212,PEG-6 OLIVE GLYCERIDES,103819-46-1,
7213,CEROTIC ACID,506-46-7,
7214,VERBENA OFFICINALIS FLOWER EXTRACT,84961-67-1,
7215,LAURYL P-CRESOL KETOXIME,50652-76-1,
7216,MALEIC ANHYDRIDE,108-31-6,
7217,LANOLINAMIDE DEA,85408-88-4,
7218,PLATYCARYA STROBILACEA FRUIT EXTRACT,,
7219,FICUS ERECTA BRANCH/LEAF EXTRACT,,
7220,PRUNUS INSITITIA SEED OIL,,
7221,SYMPHYTUM OFFICINALE CALLUS CULTURE EXTRACT,,
7222,PPG-4 LAURYL ETHER,9064-14-6,
7223,PALMITOYL DIPEPTIDE-28 D-SERINE DIPEPTIDE-7 PALMITAMIDE,,
7224,PEG-50 HYDROGENATED CASTOR OIL TRIISOSTEARATE,,
7225,PALMITAMIDE MEA,544-31-0,
7226,UNDECETH-11,,
7227,LAURYL LACTYL LACTATE,910661-93-7,
7228,EPOXIDIZED SOYBEAN OIL,8013-07-8,
7229,PEG-12 GLYCERYL DISTEARATE,,
7230,SELENICEREUS MEGALANTHUS FRUIT EXTRACT,,
7231,SUNFLOWER SEED OIL POLYGLYCERYL-6 ESTERS,,
7232,POLYVINYLACETAMIDE,,
7233,INDIGOFERA SUFFRUTICOSA LEAF/STEM EXTRACT,,
7234,TOCOPHERYL GLUCOSIDE,,
7235,TYPHA ANGUSTIFOLIA SPIKE EXTRACT,,
7236,POLYGONATUM ODORATUM RHIZOME EXTRACT,,
7237,TETRADECYLOCTADECYL STEARATE,,
7238,HYDROXYPROPYL BISLAURAMIDE MEA,,
7239,ACTINIDIA POLYGAMA LEAF/STEM EXTRACT,,
7240,POLYGONUM TINCTORIUM FLOWER EXTRACT,,
7241,DIMETHYL ISOSORBIDE,5306-85-4,
7242,GLYCOL TALLATE,68187-85-9,
7243,CAKILE MARITIMA EXTRACT,84929-60-2,
7244,IMPATIENS CAPENSIS LEAF EXTRACT,,
7245,GLUCOSE PENTAISOVALERATE,63450-57-7,
7246,POLYGLYCERYL-3 DI-HYDROXYSTEARATE,,
7247,TARAXACUM OFFICINALE ROOT POWDER,,
7248,MALPIGHIA GLABRA FRUIT WATER,,
7249,PPG-2-CETETH-1,9087-53-0 / 37311-01-6,
7250,BIS-C16-20 ISOALKOXY TMHDI/PEG-90 COPOLYMER,,
7251,DIPENTAERYTHRITYL TRI-POLYHYDROXYSTEARATE,,
7252,PEG-2 CAPRYLYLAMINE,15520-05-5,
7253,OPUNTIA STRICTA SEED OIL,90082-21-6,
7254,CYMBOPOGON SCHOENANTHUS LEAF/STEM EXTRACT,89998-16-3,
7255,LIRIOPE MUSCARI EXTRACT,,
7256,ALISMA PLANTAGO AQUATICA EXTRACT,90320-32-4,
7257,PEG-6 HYDROGENATED PALM/PALM KERNEL GLYCERIDE,,
7258,DIMETHYLBUTANONE RETINOATE,,
7259,SORBETH-20,53694-15-8,
7260,PPG-20 METHYL GLUCOSE ETHER DISTEARATE,93821-74-0,
7261,MONARDA FISTULOSA,97952-61-9,
7262,PEG-5 GLYCERYL TRISTEARATE,41080-66-4,
7263,BIOTITE,1302-27-8,
7264,C10-40 ISOALKYL ACID CHOLESTEROL ESTERS,,
7265,DRYOPTERIS FILIX-MAS LEAF EXTRACT,84650-05-5,
7266,HYDROXYETHYL/METHOXYETHYL ACRYLATE/ BUTYL ACRYLATE COPOLYMER,,
7267,ISATIS TINCTORIA SEED OIL,,
7268,BUTYLENE GLYCOL ISOSTEARATE,,
7269,HYPOCHAERIS RADICATA FLOWER EXTRACT,,
7270,AMORPHOPHALLUS CAMPANULATUS RHIZOME/ROOT EXTRACT,92201-41-7,
7271,DISODIUM COCAMIDO MIPA-SULFOSUCCINATE,68515-65-1,
7272,AGARICUS BLAZEI/SOY FLOUR/SUCROSE FERMENT EXTRACT,,
7273,ZEDERONE,7727-79-9,
7274,ORYZOPSIS MILIACEA EXTRACT,,
7275,PHORMIDIUM ELEMIS LYSATE FILTRATE,,
7276,RAFFINOSE,512-69-6,
7277,BACILLUS/SILK/SOYBEAN/TAGETES ERECTA FLOWER FERMENT FILTRATE,,
7278,CHLORELLA PYRENOIDOSA POWDER,,
7279,TRIS(TRIBUTOXYSILOXY)METHYLSILANE,67060-84-8,
7280,STEARAMIDE MIPA,35627-96-4,
7281,GLYCERYL ARACHIDATE,30208-87-8 / 50906-68-8,
7282,SARGACHROMANOL A,,
7283,BUTYLDIMONIUMHYDROXYPROPYL LAURYLGLUCOSIDES CHLORIDE,,
7284,SH-DECAPEPTIDE-1 SH-OLIGOPEPTIDE-4,,
7285,LIMUS EXTRACT,,
7286,LEUCAS CEPHALOTES LEAF EXTRACT,,
7287,CAMELLIA SINENSIS CALLUS CULTURE LYSATE,,
7288,HYDROLYZED SOYMILK PROTEIN,,
7289,SUCROSE POLYOLEATE,100358-63-2,
7290,PHENOXY PEG-2 ACRYLATE,,
7291,GRIFOLA FRONDOSA ROOT/ RICE SEED/CITRUS UNSHIU PEEL/CARTHAMUS TINCTORIUS SEED OIL FERMENT FILTRATE,,
7292,FOUQUIERIA SPLENDENS STEM EXTRACT,,
7293,VACCINIUM MYRTILLUS SEEDCAKE POWDER,,
7294,FRAGARIA VESCA LEAF EXTRACT,84929-78-2,
7295,SACCHAROMYCES/CAMELLIA JAPONICA FLOWER/CASTANEA CRENATA SHELL/DIOSPYROS KAKI LEAF/PAEONIA SUFFRUTICOSA ROOT/RHUS JAVANICA/SANGUISORBA OFFICINALIS ROOT EXTRACT FERMENT FILTRATE,,
7296,NEPHELIUM LONGANA FRUIT EXTRACT,,
7297,ISOHEXYL CAPRATE,138208-67-0,
7298,SACCHAROMYCES/CORDYCEPS SINENSIS FERMENT FILTRATE,,
7299,THYMUS SATUREJOIDES OIL,,
7300,PSEUDOALTEROMONAS FERMENT EXTRACT,,
7301,POLYQUATERNIUM-99,,
7302,STARCH DIETHYLAMINOETHYL ETHER,9041-94-5,
7303,PPG-3 MYRISTYL ETHER,63793-60-2,
7304,PLATONIA INSIGNIS SEED OIL,,
7305,ENTEROCOCCUS FAECIUM/LACTOBACILLUS/SALIX PURPUREA BARK/LEAF/STEM/WOOD/ASCORBIC ACID/ GLUCONOLACTONE FERMENT EXTRACT FILTRATE,,
7306,METHOTREXOYL OLIGOPEPTIDE-59,,
7307,HABERLEA RHODOPENSIS CALLUS EXTRACT,,
7308,METHYL METHACRYLATE/ACRYLONITRILE COPOLYMER,30396-85-1,
7309,OCTYLDODECANOL,5333-42-6,
7310,BLETILLA STRIATA CALLUS POWDER,,
7311,TRIMETHYLCYCLOHEXYL ACRYLATE,86178-38-3,
7312,BELLIS PERENNIS FLOWER/HELICHRYSUM ITALICUM EXTRACT,,
7313,DIISOOCTYL SUCCINATE,28880-24-2,
7314,ULMUS AMERICANA FLOWER EXTRACT,,
7315,ACRYLATES/HYDROXYPROPYL EPOXIDIZED SOYBEAN OIL COPOLYMER,,
7316,SODIUM PHENYLACETYL GLUTAMINE,104771-87-1,
7317,SOYBEAN OIL POLYGLYCERYL-6 ESTERS,,
7318,CETYL ACETYL RICINOLEATE,111129-38-5,
7319,SACCHAROMYCES/PANAX GINSENG ROOT FERMENT FILTRATE,84650-12-4,
7320,GELATIN CROSSPOLYMER,,
7321,TAPIRIRA GUIANENSIS LEAF EXTRACT,,
7322,SH-POLYPEPTIDE-60,,
7323,SOYBEAN OIL PEG-8 ESTERS,,
7324,BENZOPHENONE-5,6628-37-1,
7325,FRAGARIA VESCA JUICE,84929-78-2,
7326,OXIDIZED CELLULOSE,,
7327,BACILLUS/MONASCUS/CAPSELLA BURSA-PASTORIS LEAF/RICE BRAN FERMENT FILTRATE,,
7328,SCIRPUS FLUVIATILIS RHIZOME EXTRACT,,
7329,STEAROYL DIHYDROXY ISOBUTYLAMIDE STEARATE,,
7330,RHODODENDRON ARBOREUM BARK EXTRACT,,
7331,TRITICUM VULGARE BRAN LIPIDS,84012-44-2,
7332,ACRYLATES/STEARYL METHACRYLATE COPOLYMER,,
7333,CALCIUM POLYGLUTAMATE CROSSPOLYMER,,
7334,GALACTOMYCES/PHELLINUS LINTEUS EXTRACT FERMENT FILTRATE,,
7335,STELLERA CHAMAEJASME LEAF/STEM EXTRACT,,
7336,ISOSTEAROYLOXY CYCLOHEXYLBUTYRAMIDE,1971838-43-3,
7337,RHODIOLA SACHALINENSIS CALLUS CULTURE EXTRACT,,
7338,STEARYL/PPG-3 MYRISTYL ETHER DIMER DILINOLEATE,,
7339,CURCUMA LONGA CALLUS CONDITIONED MEDIA,,
7340,OLIGOPEPTIDE-136,,
7341,PEG-7 THEOBROMA GRANDIFLORUM SEED BUTTER GLYCERYL ESTERS,,
7342,SH-POLYPEPTIDE-77,,
7343,BIFIDA/ENTEROCOCCUS FAECIUM/LACTOBACILLUS/STREPTOCOCCUS THERMOPHILUS/SOYMILK/NONFAT MILK FERMENT EXTRACT,,
7344,ROSA MOSCHATA OIL,,
7345,LACTOBACILLUS/SORBUS COMMIXTA BRANCH FERMENT FILTRATE,,
7346,PEG/PPG-22/40 DIMETHYL ETHER,,
7347,POLLIA CONDENSATA FRUIT EXTRACT,,
7348,PVP/DECENE COPOLYMER,,
7349,LACTOBACILLUS/LEUCONOSTOC/TOMATO FRUIT EXTRACT FERMENT FILTRATE,,
7350,BISMUTH SUBGALLATE,99-26-3,
7351,ASTERIONELLOPSIS GLACIALIS EXTRACT,,
7352,PPG-6-SORBETH-245,56449-05-9,
7353,STREPTOCOCCUS THERMOPHILUS/LACTOBACILLUS/BIFIDOBACTERIUM/LICORICE ROOT EXTRACT FERMENT FILTRATE,,
7354,GLYCERYL COCOATE,61789-05-7,
7355,FRUCTOSE,57-48-7,
7356,MAGNOLIA DENUDATA CALLUS EXTRACT,,
7357,PYRUS CYDONIA PEEL/FRUIT WAX,,
7358,CAPRYLYL EICOSENOATE,,
7359,ISOBUTYLENE/SODIUM MALEATE COPOLYMER,55031-88-4,
7360,ACETYL SH-PENTAPEPTIDE-35,,
7361,PPG-2 MYRISTYL ETHER PROPIONATE,74775-06-7,
7362,JUGLANS REGIA SEED OIL,8024-09-7 / 84012-43-1,
7363,CETYL GLYCERYL ETHER,6145-69-3,
7364,ALOE BARBADENSIS LEAF POWDER,85507-69-3 / 94349-62-9,
7365,OROTIC ACID,65-86-1,
7366,CALCIUM HYDROXYMETHIONINE,922-50-9 / 4857-44-7,
7367,HYDROGENATED HEMP SEED OIL,,
7368,ODORIKOSOU EKISU,,
7369,PYRUS COMMUNIS FRUIT EXTRACT,90082-43-2,
7370,HYDROXYDECYL UBIQUINONE LINOLEATE,,
7371,TETRAPEPTIDE-59,,
7372,BACILLUS/CORDYCEPS SINENSIS/GANODERMA LUCIDUM/INONOTUS OBLIQUUS/LENTINUS EDODES/PHELLINUS LINTEUS/SCHIZOPHYLLUM COMMUNE/TRICHOLOMA MATSUTAKE EXTRACT FERMENT FILTRATE,,
7373,TOCOPHERYL DIMETHYLGLYCINATE HCL,,
7374,OLIGOPEPTIDE-51,,
7375,OZONIZED TURPENTINE,,
7376,LILIUM BULBIFERUM FLOWER/LEAF/STEM JUICE,,
7377,LIGUSTRUM VULGARE FRUIT EXTRACT,90105-91-2,
7378,SCROPHULARIA BUERGERIANA ROOT EXTRACT,,
7379,BAMBUSA VULGARIS LEAF EXTRACT,91771-33-4,
7380,LACTOBACILLUS/LACTOCOCCUS/CHONDRUS OCELLATUS FERMENT FILTRATE,,
7381,LACTOBACILLUS/ASTRAGALUS MEMBRANACEUS ROOT EXTRACT FERMENT FILTRATE,,
7382,TRILINOLEIC ACID,7049-66-3,
7383,GUANIDINE FERULAMIDE,,
7384,SYNTHETIC BEESWAX,71243-51-1,
7385,LACTOBACILLUS/LESPEDEZA CUNEATA LEAF/STEM FERMENT FILTRATE,,
7386,GLUCOHEPTONOLACTONE,60046-25-5,
7387,SOLANUM LYCOPERSICUM LEAF CELL EXTRACT,,
7388,ETHYL PERSATE,,
7389,METHOXYTRIMETHYLPHENYL DIHYDROXYPHENYL PROPANOL,,
7390,AESCULUS HIPPOCASTANUM FLOWER WATER,8053-39-2,
7391,HYDROLYZED LYCIUM BARBARUM FRUIT EXTRACT,,
7392,SOLANUM LYCOPERSICUM CALYX EXTRACT,,
7393,PHALAENOPSIS AMABILIS EXTRACT,,
7394,R-OLIGOPEPTIDE-91 SH-POLYPEPTIDE-99,,
7395,HYDROXYLATED 2-OCTANOL,,
7396,AVENA STRIGOSA SEED EXTRACT,,
7397,GALAXAURA RUGOSA EXTRACT,,
7398,SH-DECAPEPTIDE-23,,
7399,LAGERSTROEMIA INDICA FLOWER EXTRACT,,
7400,RHAPIS FLABELLIFORMIS LEAF EXTRACT,,
7401,ALEURITES MOLUCCANUS BARK EXTRACT,,
7402,AERANGIS FASTUOSA CALLUS POWDER,,
7403,INOSITOL HEXA-PCA,,
7404,SALACIA RETICULATA WOOD EXTRACT,92202-19-2,
7405,VIOLA ODORATA CALLUS POWDER,,
7406,GLYCYRRHIZA GLABRA CALLUS CULTURE EXTRACT,,
7407,HEA/IPDI ISOCYANURATE TRIMER/PG CROSSPOLYMER,,
7408,PALMITOYL DIPEPTIDE-7,,
7409,CYSTOSEIRA CAESPITOSA EXTRACT,,
7410,ACETYL SH-HEPTAPEPTIDE-1,1395088-14-8,
7411,SALVIA SCLAREA FLOWER/LEAF/STEM EXTRACT,84775-83-7,
7412,SACCHAROMYCES/HONEY/VINEGAR/WINE/ WITHANIA SOMNIFERA ROOT FERMENT FILTRATE,,
7413,CENTELLA ASIATICA CALLUS CONDITIONED MEDIA,,
7414,PALM GLYCERIDE,97553-32-7,
7415,LACTOBACILLUS/LEUCONOSTOC/SACCHAROMYCES ABALONE FERMENT EXTRACT FILTRATE,,
7416,JASMINUM SAMBAC FLOWER WAX,,
7417,SH-OLIGOPEPTIDE-10,,
7418,C14-18 ACID GLYCOL ESTER,,
7419,BROMELAIN,9001-00-7 / 37189-34-7,
7420,SACCHAROMYCES/CALCIUM/GERMANIUM FERMENT LYSATE EXTRACT,,
7421,ALLIUM FISTULOSUM BULB EXTRACT,90320-33-5,
7422,SACCHAROMYCES/REHMANNIA GLUTINOSA ROOT FERMENT EXTRACT,,
7423,LUTEOLIN,491-70-3,
7424,OLIGOPEPTIDE-34,,
7425,LAURYL STEARATE,5303-25-3,
7426,BUTYLENE GLYCOL DIISONONANOATE,,
7427,GLYCOL DIETHYLHEXANOATE,,
7428,VANILLA PLANIFOLIA FRUIT WATER,84650-63-5 / 8024-06-4,
7429,CALYCOPHYLLUM SPRUCEANUM BARK EXTRACT,,
7430,ONSEN-SUI,,
7431,PEG-7 OLIVE GLYCERIDES,103819-46-1,
7432,LACTOBACILLUS/CALENDULA OFFICINALIS FLOWER EXTRACT FERMENT FILTRATE,,
7433,PENTYLPHENYL METHOXYBENZOATE,38444-13-2,
7434,ACRYLIC ACID/STEARYL ACRYLATE COPOLYMER,36120-03-3,
7435,PYRUS MALUS ROOT EXTRACT,85251-63-4,
7436,POLYGLYCERYL-4 DIISOSTEARATE/POLYHYDROXYSTEARATE/SEBACATE,,
7437,DIHYDROCHOLESTERYL NONANOATE,15010-09-0,
7438,MELALEUCA LEUCADENDRON CAJAPUT FRUIT EXTRACT,,
7439,SHEA BUTTER PEG-32 ESTERS,,
7440,NICOTINOYL PENTAPEPTIDE-33,,
7441,NONAPEPTIDE-33,,
7442,LACTOBACILLUS/SACCHAROMYCES/CNIDII RHIZOMA ROOT FERMENT FILTRATE,,
7443,SUNFLOWER SEED OIL/HYDROGENATED SUNFLOWER SEED OIL ESTERS,,
7444,SACCHAROMYCES/ROSA DAMASCENA FLOWER EXTRACT FERMENT FILTRATE,,
7445,LEUCONOSTOC/PASSIFLORA EDULIS PULP/SOY PROTEIN FERMENT LYSATE FILTRATE,,
7446,FARFUGIUM JAPONICUM STEM EXTRACT,,
7447,FOLIC ACID,59-30-3,
7448,OLIGOPEPTIDE-111,,
7449,HYDROGENATED STARCH EXTRACT,32860-62-1,
7450,TRIS-HEA IPDI ISOCYANURATE TRIMER,,
7451,CISTUS LADANIFERUS LEAF/STEM WATER,89997-74-0,
7452,R-CLOSTRIDIUM HISTOLYTICUM COLLAGENASE H,,
7453,METHIONYL SH-POLYPEPTIDE-1,,
7454,OCTYLDODECYL DIMER DILINOLEYL ALCOHOL/SUCCINIC ACID COPOLYMER,,
7455,RUBUS IDAEUS LEAF POWDER,84929-76-0,
7456,SACCHAROMYCES/COPPER FERMENT LYSATE FILTRATE,,
7457,ACETYL OLIGOPEPTIDE-129 AMIDOPROPOXY PEG-2 PROPYLAMINE,,
7458,ECHEVERIA SECUNDA LEAF EXTRACT,,
7459,DIMETHICONE,63148-62-9 / 9006-65-9 / 9016-00-6,
7460,BIS-SH-PENTAPEPTIDE-38 PORPHYRA 334,,
7461,SAGERETIA THEA LEAF EXTRACT,,
7462,HYDROGENATED RHUS VERNICIFLUA PEEL WAX,,
7463,TYPHA LATIFOLIA SPIKE EXTRACT,89958-35-0,
7464,T-BUTYLBENZAMIDO HYDROXYLPHENYLACETAMIDE,,
7465,NELUMBO NUCIFERA CALLUS CULTURE EXTRACT,85085-51-4,
7466,C11-15 PARETH-3 OLEATE,246538-04-5,
7467,ABELIOPHYLLUM DISTICHUM EXTRACT,,
7468,QUERCUS GLAUCA STEM EXTRACT,,
7469,TILIA CORDATA OIL,68916-81-4,
7470,VALERIANA OFFICINALIS RHIZOME EXTRACT,8057-49-6,
7471,LACTOBACILLUS/GRAPE FRUIT JUICE/SODIUM GLUTAMATE FERMENT,,
7472,NITROSOMONAS EUTROPHA,,
7473,ALPINIA URAIENSIS LEAF EXTRACT,,
7474,TETRAPEPTIDE-41,,
7475,PUNICA GRANATUM GLYCERIDES,,
7476,SALICYLOYL OLIGOPEPTIDE-143,,
7477,GARCINIA CAMBOGIA FRUIT EXTRACT,90045-23-1,
7478,GLYCERYL CAPRYLATE,26402-26-6,
7479,OLIGOPEPTIDE-49,,
7480,HYDROGENATED PUNICA GRANATUM SEED OIL,,
7481,GALACTOMYCES/SOYMILK FERMENT FILTRATE,,
7482,GLYCERETH-20 BENZOATE,,
7483,GANODERMA ATRUM EXTRACT,,
7484,GUANYLCYSTAMINE HBR,15086-17-6,
7485,GLYCERETH-26,31694-55-0,
7486,BARLEY SH-POLYPEPTIDE-25,,
7487,HYDROLYZED LUPINE PROTEIN OCTENYLSUCCINATE,,
7488,ACETOBACTER/LYCIUM CHINENSE FRUIT/REHMANNIA GLUTINOSA ROOT/CUSCUTA CHINENSIS FRUIT/CISTANCHE DESERTICOLA/ZANTHOXYLUM PIPERITUM FRUIT/CHRYSANTHEMUM MORIFOLIUM FRUIT/PORIA COCOS/ CINNAMOMUM CASSIA FERMENT,,
7489,LACTOBACILLUS/RICE BRAN FERMENT FILTRATE,,
7490,DIETHYL ACETYL ASPARTATE,,
7491,SACCHAROMYCES/GOLD FERMENT LYSATE FILTRATE,,
7492,ACRYLAMIDOPROPYLTRIMONIUM CHLORIDE/ACRYLATES COPOLYMER,,
7493,BUBULUM OIL,8002-64-0,
7494,PISCUM OVUM EXTRACT,,
7495,BACILLUS/MONASCUS/CAVIAR/RICE BRAN FERMENT FILTRATE,,
7496,BROUSSONETIA KAZINOKI ROOT EXTRACT,,
7497,HYDROGENATED DILINOLEYL ALCOHOL,,
7498,BIS(PENTAERYTHRITYL TRIACRYLATE) PENTAERYTHRITYL DIACRYLATE/IPDI COPOLYMER,,
7499,PEG-CROSSPOLYMER,,
7500,PHALAENOPSIS SHIUH-DONG WHISHKEY FLOWER EXTRACT,,
7501,LENTINUS EDODES/DEFATTED RICE BRAN/SUGAR CANE EXTRACT FERMENT EXTRACT,,
7502,SOLANUM TUBEROSUM CALLUS CULTURE EXTRACT,90083-08-2,
7503,OLIGOPEPTIDE-150,,
7504,NICOTIANA SYLVESTRIS LEAF CELL CULTURE,,
7505,TETRAPEPTIDE-56,,
7506,HYDROLYZED SPONGE,,
7507,GRATELOUPIA SPARSA EXTRACT,,
7508,BENZYL LAURATE/MYRISTATE/PALMITATE,,
7509,POLYLACTATE/RICINOLEATE,,
7510,HYDROGENATED VEGETABLE OIL,68334-28-1,
7511,TRIPEPTIDE-38,,
7512,ISOPROPYL TITANIUM TRIISOSTEARATE/PERFLUOROOCTYL TRIETHOXYSILANE CROSSPOLYMER,,
7513,D-NONAPEPTIDE-1 DIPEPTIDE-15 D-HEPTAPEPTIDE-1 D-NONAPEPTIDE-2 GLYCINAMIDE,1415799-12-0,
7514,POLYQUATERNIUM-34,,
7515,LUFFA CYLINDRICA FRUIT/DAUCUS CAROTA SATIVA ROOT/CUCUMIS SATIVA FRUIT EXTRACT,,
7516,GLYCERYL SESQUIOLEATE,90605-02-0,
7517,PEG-450,25322-68-3,
7518,CITRUS HASSAKU FRUIT EXTRACT,,
7519,ACRYLATES/C10-30 ALKYL METHACRYLATE COPOLYMER,,
7520,SEDUM BULBIFERUM EXTRACT,,
7521,HEDTA,150-39-0,
7522,SECHIUM EDULE FRUIT JUICE,223748-59-2,
7523,ROSA CENTIFOLIA CALLUS CULTURE EXTRACT,,
7524,CARPOTROCHE BRASILIENSIS SEED BUTTER,,
7525,HELIANTHUS ANNUUS LEAF/STEM EXTRACT,,
7526,AGARICUS BISPORUS CAP/STEM EXTRACT,95009-14-6,
7527,MYRISTOYL TETRAPEPTIDE-34,,
7528,TSUGA HETEROPHYLLA BARK POWDER,92347-09-6,
7529,HYDROLYZED EEL HEAD EXTRACT,,
7530,HYDROGENATED POTATO STARCH,,
7531,RH-OLIGOPEPTIDE-4,,
7532,HYLOCEREUS UNDATUS EXTRACT,,
7533,SHIRAKABA EKISU,,
7534,MELILOTUS OFFICINALIS FLOWER EXTRACT,84082-81-5,
7535,TILIA EUROPAEA FLOWER/VIOLA ODORATA LEAF EXTRACT,,
7536,HYDROLYZED KLUYVEROMYCES EXTRACT,152923-52-9,
7537,ALBIZIA JULIBRISSIN BARK/SEED EXTRACT,440103-71-9,
7538,PPG-2-LAURETH-5,,
7539,PRUNUS ARMENIACA LEAF EXTRACT,68650-44-2,
7540,PAECILOMYCES JAPONICA/GRAPE/CUCUMBER JUICE EXTRACT FERMENT FILTRATE,,
7541,OPERCULINA ALTISSIMA ROOT EXTRACT,,
7542,GLUTAMYL HYDROXYPHENYLHYDRAZIDE,1225997-63-6,
7543,SEA WHIP EXTRACT,,
7544,MACROCYSTIS PYRIFERA,,
7545,TRIPEPTIDE-46 HEXAPEPTIDE-40 DECAPEPTIDE-27 METHIONYL OLIGOPEPTIDE-91 TETRAPEPTIDE-38 SH-OLIGOPEPTIDE-1,,
7546,HYDROLYZED KURODA'S SEA HARE EXTRACT,,
7547,PHENYLMETHYLSULFONYL FLUORIDE,329-98-6,
7548,ETHYL JOJOBATE,,
7549,HYDROGENATED BLACK CURRANT SEED OIL,68606-81-5 / 97676-19-2,
7550,PPG-35/PPG-51 GLYCERYL ETHER/IPDI CROSSPOLYMER,66101-64-2,
7551,LAURYL/MYRISTYL WHEAT BRAN/STRAW GLYCOSIDES,,
7552,SOLIDAGO CANADENSIS FLOWER/LEAF/STEM EXTRACT,96690-40-3,
7553,BIS-HYDROGENATED TALLOW AMINE DILINOLEIC ACID/ETHYLENEDIAMINE COPOLYMER,,
7554,BIS-GLYCERYL ASCORBATE,,
7555,HYDROGENATED POLY(C6-12 OLEFIN),,
7556,CYNARA SCOLYMUS BUD EXTRACT,84012-14-6,
7557,PICHIA/POMIFERIN FERMENT EXTRACT,,
7558,GANODERMA LUCIDUM STEM POWDER,,
7559,BROUSSONETIA KAZINOKI BARK EXTRACT,,
7560,HYDROGENATED WHEAT GERM OIL,,
7561,BIS-ETHYLHEXYL BIS-OLEYL PYROMELLITAMIDE,,
7562,PINUS LONGIFOLIA WOOD EXTRACT,,
7563,ETHYL ARACHIDONATE,1808-26-0,
7564,ALTHAEA OFFICINALIS LEAF/ROOT EXTRACT,73049-65-7,
7565,GLYCINE MAX SYMBIOSOME EXTRACT,,
7566,CYTOSINE,71-30-7,
7567,2‚3-BUTANEDIOL,513-85-9,
7568,LAMINARIA CLOUSTONI EXTRACT,90046-11-0,
7569,LAVANDULA OFFICINALIS FLOWER/EXTRACT,,
7570,JUGLANS NIGRA SHELL EXTRACT,96690-56-1,
7571,BUTYL BENZOIC ACID/PHTHALIC ANHYDRIDE/TRIMETHYLOLETHANE COPOLYMER,68814-19-7,
7572,RHEUM EMODI ROOT EXTRACT,,
7573,THUJA OCCIDENTALIS ROOT EXTRACT,90131-58-1,
7574,ASTRAGALUS SINICUS EXTRACT,223749-21-1,
7575,KEIHI EKISU,,
7576,MANGOSTIN,6147-11-1,
7577,HYDROGENATED PALM KERNEL GLYCERIDES,93334-20-4,
7578,HYDROLYZED ANANAS SATIVUS FRUIT,,
7579,AMBROSIA PERUVIANA LEAF EXTRACT,,
7580,THEOBROMA GRANDIFLORUM SEED BUTTER GLYCERYL ESTERS,,
7581,MERISTOTHECA DAKARENSIS EXTRACT,,
7582,POLYDEXTROSE,68424-04-4,
7583,TRIMYRISTIN,555-45-3,
7584,WASABIA JAPONICA ROOT EXTRACT,,
7585,COLOCASIA ESCULENTA LEAF EXTRACT,,
7586,THEOBROMA CACAO SEED WATER,84649-99-0,
7587,EUTERPE EDULIS JUICE EXTRACT,,
7588,ASTROCARYUM MURUMURU FLOWER EXTRACT,,
7589,TRILAURYL CITRATE,65277-53-4,
7590,MENTHA HERBA CALLUS CULTURE EXTRACT,,
7591,SOLUBLE COLLAGEN CROSSPOLYMER,,
7592,COLOSTRUM CREAM,,
7593,AMARANTHUS HYPOCHONDRIACUS SEED OIL,90320-45-9,
7594,POLYGLYCERYL-6 PALMITATE,99734-31-3,
7595,PEG/PPG-3/6 DIMETHYL ETHER,61419-46-3,
7596,COCONUT FLOWER SUGAR,,
7597,MANGANESE TRIPEPTIDE-1,,
7598,POLYURETHANE-76,2005478-82-8,
7599,SALICYLOYL PHYTOSPHINGOSINE,,
7600,OENOCARPUS BATAUA FRUIT OIL,1938910-14-5,
7601,PPG-26/DIMER DILINOLEATE COPOLYMER,,
7602,GERANIUM THUNBERGII EXTRACT,,
7603,KANOKOSOU EKISU,,
7604,RH-POLYPEPTIDE-61,,
7605,DIETHANOLAMINOOLEAMIDE DEA,,
7606,KUNZEA POMIFERA FRUIT EXTRACT,,
7607,AUREOBASIDIUM PULLULANS/SCHISANDRA CHINENSIS FRUIT/POLYGONATUM SIBIRICUM RHIZOME/(REHMANNIA CHINENSIS/ASTRAGALUS MEMBRANACEUS/LICORICE/PAEONIA ALBIFLORA/PANAX GINSENG) ROOT EXTRACT FERMENT FILTRATE,,
7608,ISOPENTANE,78-78-4,
7609,POLYDIHYDROXYINDOLE,,
7610,C12-15 PARETH-9 HYDROGENATED TALLOWATE,246538-68-1,
7611,NONAPEPTIDE-30,,
7612,HYDROLYZED CORN STARCH HYDROXYETHYL ETHER,,
7613,C21-C28 ALKANE,64742-55-8,
7614,STREPTOCOCCUS THERMOPHILUS/ANGELICA GIGAS ROOT/CIMICIFUGA RACEMOSA ROOT/PUERARIA LOBATA ROOT/PUNICA GRANATUM FRUIT/SCHISANDRA CHINENSIS FRUIT EXTRACT FERMENT FILTRATE,,
7615,PROPYLENE GLYCOL DISTEARATE,6182-11-2,
7616,HYDROGENATED MEADOWFOAM SEED OIL,,
7617,TRAPA JAPONICA FRUIT EXTRACT,,
7618,UBIQUINONE,303-98-0 / 1339-63-5 / 60684-33-5,
7619,BIS-FERULAMIDOBUTANE,,
7620,PPG-2 ISOCETETH-20 ACETATE,,
7621,PALMARIA PALMATA POWDER,,
7622,MONOGLYCERIDES ACETATE,,
7623,QUERCUS SUBER BARK EXTRACT,94945-06-9,
7624,HYDROGENATED MICROCRYSTALLINE WAX,64742-60-5 /92045-76-6,
7625,3-O-ETHYL ASCORBIC ACID,86404-04-8,
7626,GEUM ALEPPICUM EXTRACT,,
7627,ALPINIA NIGRA ROOT POWDER,,
7628,BETULINIC PEG-44 AMIDE METHYL ETHER,,
7629,LIMONIA ACIDISSIMA BARK POWDER,,
7630,PPG-4 OLETH-10 DIMETHICONE,,
7631,OLIGOPEPTIDE-64,,
7632,CARBOCYSTEINE,638-23-3,
7633,DEFATTED NARCISSUS TAZETTA FLOWER,,
7634,BACILLUS/MONASCUS/PSOPHOCARPUS TETRAGONOLOBUS SEED FERMENT FILTRATE,,
7635,PEG-1182 METHYL ESTER SERICIN,,
7636,ARENARIA SERPYLLIFOLIA LEAF EXTRACT,,
7637,MYRISTOYL TETRAPEPTIDE-46,,
7638,TORREYA NUCIFERA SEED OIL,,
7639,STERCULIA AFRICANA SEED OIL,,
7640,CORIANDRUM SATIVUM SPROUT EXTRACT,,
7641,CYMBOPOGON SCHOENANTHUS LEAF,89998-16-3,
7642,AMINOTRIAZINE PENTANE CARBOXAMIDE MIPA,,
7643,OLEAMIDE,301-02-0,
7644,SAXIFRAGA OPPOSITIFOLIA EXTRACT,,
7645,BACILLUS/FIG FRUIT/SOYBEAN FERMENT FILTRATE,,
7646,BISPOLYETHYLENE DIMETHICONE,,
7647,SEA SILT,,
7648,HYDROLYZED TRIGONELLA FOENUM-GRAECUM SEED EXTRACT,,
7649,PEG-2 MILK SOLIDS,,
7650,LEPIDIUM MEYENII ROOT POWDER,,
7651,PERFLUORONONYLETHYL CARBOXYDECYL LAURYL DIMETHICONE,,
7652,POLYGLYCERYL-10 NONAERUCATE,155808-79-0,
7653,SH-OLIGOPEPTIDE-75 AMIDE,,
7654,GLYCERYLAMIDOETHYL METHACRYLATE/STEARYL METHACRYLATE COPOLYMER,,
7655,HISTIDINE,71-00-1,
7656,LEONURUS SIBIRICUS CALLUS CULTURE EXTRACT,,
7657,ZIYU GLYCOSIDE I,,
7658,STEARYL HDI/PEG-50 COPOLYMER,,
7659,METHYL HYDROXYSTEARATE,141-23-1,
7660,CITRUS AURANTIUM DULCIS FRUIT POWDER,8028-48-6 / 84012-28-2,
7661,CODONOPSIS LANCEOLATA CALLUS CULTURE EXTRACT,,
7662,POTASSIUM ALGINATE,9005-36-1,
7663,HIBISCUS ESCULENTUS FRUIT EXTRACT,91723-07-8,
7664,DIOSCOREA OPPOSITA ROOT,,
7665,SODIUM HYALURONATE CROSSPOLYMER-4,781214-94-6,
7666,GLYCOL STEARATE,111-60-4,
7667,ALMOND OIL GLYCERETH-8 ESTERS,,
7668,LENS ESCULENTA SYMBIOSOME EXTRACT,90063-40-4,
7669,C10-12 ISOPARAFFIN,,
7670,CHITOSAN PCA PALMITAMIDE SUCCINAMIDE,,
7671,AGAVE TEQUILANA ROOT JUICE,,
7672,POURTHIAEA VILLOSA LEAF EXTRACT,,
7673,RHODODENDRON WEYRICHII FLOWER EXTRACT,,
7674,ATTALEA MARIPA SEED BUTTER,,
7675,BRASSICA CAMPESTRIS/ALEURITES FORDI OIL COPOLYMER,185323-46-0,
7676,SODIUM CALCIUM BORON PHOSPHATE,,
7677,XANTHINE,69-89-6,
7678,HUMIC ACIDS,1415-93-6,
7679,MAGNESIUM CARBONATE HYDROXIDE,12125-28-9,
7680,AZOLLA IMBRICATA EXTRACT,,
7681,CUPHEA LANCEOLATA/VISCOSISSIMA SEED OIL,,
7682,ALPINIA OFFICINARUM LEAF EXTRACT,90320-42-6,
7683,KNIPHOFIA UVARIA NECTAR,,
7684,CITRULLINE,372-75-8,
7685,PLATINUM,,
7686,FRAGARIA VIRGINIANA SEED OIL,90131-36-5,
7687,THIOCTOYL GLYCINAMIDE,,
7688,HYDROXYCAPRYLIC ACID,617-73-2,
7689,HYDROLYZED PAPAYA FRUIT,,
7690,AMINOPROPYL METHYLENEDIOXYPHENYL PHOSPHATE,,
7691,CD ALCOHOL 19,,
7692,LAURYL PHENYLPROPYL METHICONE,68037-76-3,
7693,(ANGELICA ACUTILOBA/PAEONIA LACTIFLORA/REHMANNIA GLUTINOSA) ROOT/CNIDIUM OFFICINALE RHIZOME EXTRACT,,
7694,PASSIFLORA INCARNATA WATER,72968-47-9,
7695,CAFFEOYL TRIPEPTIDE-35,,
7696,CURCUMA LONGA ROOT WATER,84775-52-0,
7697,MADECASSIC ACID,18449-41-7,
7698,PERFLUOROPERHYDROBENZYL TETRALIN,116265-66-8,
7699,RHODOMYRTUS TOMENTOSA FLOWER/LEAF/STEM EXTRACT,,
7700,POLYACRYLATE CROSSPOLYMER-7,,
7701,POLIANTHES TUBEROSA FLOWER CERA,94334-35-7,
7702,ACETYLATED GLYCOL STEARATE,22613-51-0,
7703,POLYGLYCERYL-10 OLEATE,79665-93-3,
7704,ARMERIA MARITIMA FLOWER/LEAF/STEM EXTRACT,223747-89-5,
7705,SALICYLOYL OCTAPEPTIDE-9,,
7706,CRYOLITE EXTRACT,,
7707,DIETHYLHEXYL MALATE,56235-92-8,
7708,ROSA GALLICA FLOWER OIL,84604-13-7,
7709,IODIZED HYDROLYZED EXTENSIN,222400-59-1,
7710,AVOCADO OIL PEG-11 ESTERS,103819-44-9,
7711,DECYL OLIVATE,,
7712,ASPERGILLUS/TURNIP ROOT/EUTERPE OLERACEA FRUIT/PHASEOLUS ANGULARIS SEED/ACEROLA FRUIT/ANISE FRUIT/AVOCADO FRUIT/GYNOSTEMMA PENTAPHYLLUM LEAF/PANICUM ITALICUM SEED/CICER ARIETINUM SEED/PEA SEED/OAT SEED/HORDEUM VULGARE SEED/ORANGE FRUIT/EQUISETUM ARVENSE/CASHEW/CURCUMA ZEDOARIA ROOT/ERYTHROXYLUM CATUABA WOOD/PUMPKIN FRUIT/MYRCIARIA DUBIA FRUIT/PAULLINIA CUPANA FRUIT/BACCHARIS GENISTELLOIDES/KIWI FRUIT/MILLET SEED/UNCARIA TOMENTOSA WOOD/PSIDIUM GUAJAVA FRUIT/CLOVE BUD/PHASEOLUS VULGARIS SEED/ORYZA SATIVA SEED/ARCTIUM LAPPA ROOT/SESAME SEED/LAMINARIA JAPONICA LEAF/CINNAMOMUM CASSIA BARK/POTATO ROOT/ECHINODORUS MACROPHYLLUS LEAF/GINGER ROOT/WATERMELON FRUIT/AVERRHOA CARAMBOLA FRUIT/STEVIA REBAUDIANA LEAF/SOYBEAN SEED/SORGHUM BICOLOR SEED/CORN SEED/TOMATO FRUIT/PRUNUS DOMESTICA FRUIT/CARROT ROOT/PORPHYRA YEZOENSIS/PINEAPPLE FRUIT/PASSIFLORA INCARNATA/COIX LACRYMA-JOBI MA-YUEN SEED/BANANA FRUIT/PAPAYA FRUIT/PFAFFIA PANICULATA ROOT/LECYTHIS OLLARIA SEED/CAPSICUM ANNUUM FRUIT/ECHINOCHLOA CRUS-GALLI SEED/MYRCIA AMAZONICA/LEPIDIUM MEYENII ROOT/ ILEX PARAGUARIENSIS LEAF/WHEAT SEED/MANGO FRUIT/MANIHOT ESCULENTA ROOT/TABEBUIA AVELLANEDAE BARK/ORYZA JAPONICA SEED/PHASEOLUS VULGARIS SEED/MELON FRUIT/SMALLANTHUS SONCHIFOLIUS ROOT/PYRUS COMMUNIS FRUIT/RYE SEED/APPLE FRUIT/GRAPEFRUIT LEAF/LEMON FRUIT/CYMBOPOGON CITRATUS LEAF/NELUMBO NUCIFERA RHIZOME/LENTIL SEED/ROSEMARY LEAF/UNDARIA PINNATIFIDA LEAF/ALOE ARBORESCENS LEAF/PANAX GINSENG ROOT/SPARASSIS CRISPA FRUITING BODY/CHLORELLA VULGARIS/PLEUROTUS ERYNGII FRUITING BODY/PLEUROTUS SAJOR-CAJU FRUITING BODY/OLIVE LEAF/CAMELLIA SINENSIS LEAF/LAMINARIA JAPONICA ROOT/FUCUS VESICULOSUS/CLADOSIPHON OKAMURANUS/HOUTTUYNIA CORDATA/CRATAEGUS OXYACANTHA/ANTHEMIS NOBILIS FLOWER/ARTEMISIA PRINCEPS LEAF/SASA VEITCHII LEAF/CHAENOMELES SINENSIS FRUIT/CORDYCEPS SINENSIS/AMPELOPSIS BREVIPEDUNCULATA/ALPINIA SPECIOSA LEAF/TURMERIC ROOT FERMENT EXTRACT,,
7713,ACRYLATES/CETETH-20 METHACRYLATE COPOLYMER,,
7714,PEG-7/PPG-2 PENTAERYTHRITYL TRIACRYLATE/DIPROPYLAMINOPROPIONATE,872413-30-4,
7715,LACTOBACILLUS/ALOE BARBADENSIS FERMENT FILTRATE,,
7716,OXIDIZED BEESWAX,138724-55-7,
7717,DIISOSTEARYL ADIPATE,62479-36-1 / 155613-91-5 / 68204-80-2,
7718,APRICOT KERNEL OIL POLYGLYCERYL-6 ESTERS,,
7719,STEARYL OLIVATE,,
7720,BETULA ALBA BARK WATER,84012-15-7,
7721,BUTYLETHYLPROPANEDIOL DIMER DILINOLEATE,,
7722,PPG-2-CETETH-5,9087-53-0 / 37311-01-6,
7723,ABIES BALSAMEA RESIN,8007-47-4,
7724,MAACKIA FAURIEI BRANCH EXTRACT,,
7725,SODIUM ARACHIDATE,,
7726,GLYCYRRHIZA URALENSIS ROOT PRENYLFLAVONOIDS,,
7727,PIG ADIPOSE STROMAL CELL CONDITIONED MEDIA,,
7728,MANNOSE,3458-28-4,
7729,COCO/SUNFLOWERAMIDOPROPYL BETAINE,,
7730,PERIANDRA DULCIS ROOT EXTRACT,,
7731,ANDROGRAPHOLIDE,5508-58-7,
7732,PTEROCARPUS MARSUPIUM LEAF EXTRACT,84604-08-0,
7733,PSEUDOALTEROMONAS FERMENT EXTRACT FILTRATE,,
7734,RH-POLYPEPTIDE-59,,
7735,NARCISSUS POETICUS FLOWER CERA,90064-26-9,
7736,SR-PECTOBACTERIUM POLYPEPTIDE-1,,
7737,GLYCERYL DISTEARATE,1323-83-7,
7738,ACETYL GLYCYL BETA-ALANINE,1016788-34-3,
7739,HYDROLYZED SODIUM HYALURONATE,,
7740,MURIELLA AURANTIACA/RUTTNERA LAMELLOSA OIL,,
7741,FREESIA REFRACTA EXTRACT,223749-01-7,
7742,VALERIANA OFFICINALIS RHIZOME/ROOT EXTRACT,8057-49-6,
7743,PEG-20 DIRICINOLEATE,,
7744,MUCUNA BIRDWOODIANA STEM EXTRACT,,
7745,BIS-CETYL CETYL DIMETHICONE,,
7746,ANDROSACE HELVETICA EXTRACT,,
7747,MICROCRYSTALLINE CELLULOSE,9004-34-6,
7748,PICHIA/PANAX GINSENG ROOT FERMENT FILTRATE,,
7749,DIHYDROXYACETONE,96-26-4,
7750,CAMELLIA JAPONICA SEED OIL ETHYL ESTERS,,
7751,LACTOBACILLUS/SACCHAROMYCES/RICE BRAN EXTRACT/SOPHORA JAPONICA ROOT EXTRACT FERMENT FILTRATE,,
7752,CALOTROPIS PROCERA CALLUS EXTRACT,,
7753,ISOCETYL BEHENATE,94247-28-6,
7754,METHYLSILANOL TRI-PEG-8 GLYCERYL COCOATE,128973-72-8,
7755,SCORDININE,37317-75-2,
7756,GNAPHALIUM AFFINE FLOWER/LEAF/STEM EXTRACT,,
7757,GALACTOSE DEHYDROGENASE,9028-54-0,
7758,HEXAPEPTIDE-11,,
7759,SHIKIMOYL PENTAPEPTIDE-33,,
7760,UNDECYL ALCOHOL,112-42-5,
7761,PADINA PAVONICA THALLUS EXTRACT,,
7762,HYMENAEA COURBARIL SAP EXTRACT,9000-14-0,
7763,POTASSIUM ACRYLATES/C10-30 ALKYL ACRYLATE CROSSPOLYMER,,
7764,HYDROLYZED XANTHOMONAS CAMPESTRIS POLYSACCHARIDES,,
7765,1-NAPHTHALENEACETIC ACID,86-87-3,
7766,(LAVANDULA ANGUSTIFOLIA/MELISSA OFFICINALIS/HYPERICUM PERFORATUM) FLOWER/(CAMELLIA SINENSIS LEAF/(GLYCYRRHIZA GLABRA/ACANTHOPANAX SENTICOSUS) ROOT/SARRACENIA COBRA NEST LEAF/FLOWER/STALK EXTRACT,,
7767,ETHYL PYRUVATE,617-35-6,
7768,HYDROGENATED CRAMBE ABYSSINICA SEED OIL,,
7769,ACACIA DECURRENS LEAF EXTRACT,,
7770,ACRYLATES/METHOXY PEG-15 METHACRYLATE COPOLYMER,,
7771,PALMITOYL SH-TETRAPEPTIDE-2 AMIDE,,
7772,OLI VE OIL POLYGLYCERYL-6 ESTERS,,
7773,TERMINALIA BELLERICA FRUIT POWDER,92202-43-2,
7774,PHYTOSTERYL SUNFLOWERSEEDATE,,
7775,TETRAMETHYLAMMONIUM CHLORIDE,75-57-0,
7776,PONCIRUS TRIFOLIATA FRUIT/SOPHORA FLAVESCENS ROOT/DUCHESNEA CHRYSANTHA/SAURURUS CHINENSIS LEAF/ROOT/HOUTTYUNIA CORDATA/PERILLA FRUTESCENS LEAF/LONICERA JAPONICA FLOWER EXTRAC,,
7777,DRACOCEPHALUM NUTANS FLOWER/LEAF/STEM WATER,,
7778,BERBERIS ARISTATA ROOT POWDER,,
7779,MYRISTOYL METHYLALANINE,21539-71-9,
7780,SODIUM ALGIN SULFATE,9010-06-4,
7781,BUTYLATED POLYOXYMETHYLENE UREA,68002-19-7,
7782,CARBOMER/PAPAIN CROSSPOLYMER,1203594-64-2,
7783,LACTOBACILLUS/EVENING PRIMROSE SEED FERMENT EXTRACT FILTRATE,,
7784,ALTHAEA ROSEA CALLUS CULTURE EXTRACT,,
7785,TETRAPEPTIDE-16,,
7786,AVENA SATIVA SPROUT OIL,,
7787,C9-16 ISOPARAFFIN,,
7788,CAMELINA SATIVA SEED EXTRACT,,
7789,C4-5 ISOALKYL COCOATE,,
7790,PRUNUS SALICINA FRUIT JUICE,,
7791,CHOLESTERYL HYDROXYSTEARATE,40445-72-5,
7792,SACCHAROMYCES/SNAIL SECRETION FILTRATE FERMENT FILTRATE,,
7793,AVENA SATIVA LEAF/STEM EXTRACT,84012-26-0,
7794,SACCHAROMYCES/TURQUOISE FERMENT LYSATE FILTRATE,,
7795,SAUSSUREA LAPPA ROOT POWDER,90106-55-1,
7796,COUMAROYL DIPEPTIDE-3,,
7797,TRICHOSANTHES KIRILOWII SEED EXTRACT,,
7798,ANANAS SATIVUS FRUIT EXTRACT,,
7799,ULVA AUSTRALIS EXTRACT,,
7800,SAHEL SCENEDESMUS EXTRACT,,
7801,PROPYLENE GLYCOL LINOLENATE,,
7802,AMORPHOPHALLUS KONJAC ROOT EXTRACT,37220-17-0,
7803,SACCHAROMYCES BOULADARDII/(ASPARAGUS COCHINCHINENSIS/LYCIUM CHINENSE/OPHIOPOGON JAPONICUS/PANAX GINSENG/REHMANNIA GLUTINOSA) ROOT/PORIA COCOS FERMENT FILTRATE,,
7804,DIMETHYL SUCCINATE,106-65-0,
7805,LUFFA CYLINDRICA LEAF,,
7806,ISOMERIZED SAFFLOWER GLYCERIDES,303101-61-3,
7807,CANNA GENERALIS RHIZOME EXTRACT,,
7808,GLYCERYL COCOYL LEUCINATE,1574548-13-2,
7809,DIPENTAERYTHRITYL HEXAISOSTEARATE,,
7810,METHYL GLUCOSE SESQUIISOSTEARATE,,
7811,ISOBUTYL PALMITATE,110-34-9,
7812,BENZYLSULFONYLSERYLGLYCINE AMIDINOBENZAMIDE ACETATE,866428-02-6,
7813,PEG/PPG/BUTYLENE/DIMETHICONE COPOLYMER,,
7814,ACHILLEA MILLEFOLIUM FLOWER/CHAMOMILLA RECUTITA FLOWER/FOENICULUM VULGARE FRUIT/HUMULUS LUPULUS FLOWER/MELISSA OFFICINALIS LEAF/VISCUM ALBUM EXTRACT,,
7815,HYDROLYZED BRASSICA ALBA SEED EXTRACT,84929-33-9,
7816,7-DEHYDROCHOLESTERYL PALMITATE,,
7817,FRAGARIA VESCA SEED,84929-78-2,
7818,CISTUS LADANIFERUS FLOWER CERA,89997-74-0,
7819,PEG/PPG-5/2 METHACRYLATE/METHACRYLIC ACID CROSSPOLYMER,,
7820,STEARYL GLYCOL,20294-76-2,
7821,LEUCOJUM AESTIVUM BULB EXTRACT,,
7822,GOLD THIOCTATE,,
7823,DIMETHYLCYCLOHEXYL ETHYLCARBAMATE,1242165-21-4,
7824,IMPATIENS GLANDULIFERA FLOWER EXTRACT,,
7825,LACTAMIDE,2043-43-8,
7826,GRIFOLA FRONDOSA /(PANAX GINSENG/REHMANNIA GLUTINOSA/GLYCYRRHIZA URALENSIS/ANGELICA GIGAS/OPHIOPOGON JAPONICUS/ATRACTYLODES MACROCEPHALA/ASTRAGALUS MEMBRANACEUS) ROOT/ RICE SEED/CITRUS UNSHIU PEEL/CARTHAMUS TINCTORIUS FLOWER FERMENT FILTRATE,,
7827,ETHYLHEXYL SALICYLATE,118-60-5,
7828,POLYURETHANE-79,,
7829,PASSIFLORA QUADRANGULARIS HULL EXTRACT,,
7830,HYPERICUM ERECTUM FLOWER/LEAF/STEM EXTRACT,,
7831,SALVIA OFFICINALIS ROOT EXTRACT,84082-79-1 / 8022-56-8,
7832,ACRYLATES/TRIMETHYLSILOXYPROPYL METHACRYLATE CROSSPOLYMER,,
7833,PALMITOYL OLIGOPEPTIDE-78,,
7834,TULIPALIN A,547-65-9,
7835,ALUMINUM LANOLATE,85005-39-6,
7836,NIACINAMIDE HYDROXYBENZOATE,,
7837,THIAMINE HCL,67-03-8,
7838,CAVIAR EXTRACT,,
7839,PRUNUS DOMESTICA FRUIT JUICE,90082-87-4,
7840,FORMALDEHYDE/MELAMINE/TOSYLAMIDE COPOLYMER,39277-28-6,
7841,GLYCERYL PALMITATE/STEARATE,68002-71-1,
7842,SALVIA SCLAREA SEED OIL,8016-63-5 / 84775-83-7,
7843,ADIANTUM CAPILLUS VENERIS LEAF EXTRACT,84649-72-9,
7844,SH-POLYPEPTIDE-44,,
7845,ROSA HYBRID FLOWER WAX,93062-88-5,
7846,NICOTINIC ACID ADENINE DINUCLEOTIDE PHOSPHATE,,
7847,R-TRYPANOSOMA CRUZI POLYPEPTIDE-1,,
7848,STERCULIA PLATANIFOLIA FLOWER/LEAF/SEED EXTRACT,,
7849,LAURDIMONIUMHYDROXYPROPYL COCOGLUCOSIDES CHLORIDE,,
7850,SACCHAROMYCES/COIX LACRYMA-JOBI MA-YUEN SEED FERMENT FILTRATE,,
7851,DISODIUM S-PHYTYL DIGLYCOLOYLCYSTEINE,,
7852,GOSSYPIUM HERBACEUM CALLUS EXTRACT,,
7853,SCUTELLARIA BAICALENSIS ROOT POWDER,94279-99-9,
7854,TRITELEIA IXIOIDES EXTRACT,,
7855,ZINC MYRISTATE,16260-27-8,
7856,HELICHRYSUM ANGUSTIFOLIUM WAX,,
7857,HEXYLGLYCERIN,10305-38-1,
7858,MOLASSES,68476-78-8,
7859,CALLUNA VULGARIS FLOWER WATER,84603-54-3,
7860,SH-POLYPEPTIDE-108,,
7861,SEPIOLITE EXTRACT,,
7862,SACCHAROMYCES/GOLD FERMENT,,
7863,AGAVE AMERICANA STEM EXTRACT,85186-53-4,
7864,BEHENYL OLIVATE,,
7865,DIOSCOREA COMPOSITA ROOT EXTRACT,,
7866,HYDROGENATED CASTOR OIL TRIISOSTEARATE,,
7867,PEG-120 METHYL GLUCOSE TRIOLEATE,,
7868,DISODIUM PPG-2 LAURYL ETHER SULFOSUCCINAMATE,,
7869,PERFLUORONONYLETHYL CARBOXYDECYL BEHENYL DIMETHICONE,,
7870,VITIS ROTUNDIFOLIA SEED EXTRACT,,
7871,ORNITHOGALUM UMBELLATUM BULB EXTRACT,92457-25-5,
7872,TRIFLUOROPROPYL DIMETHICONE/TRIFLUOROPROPYL DIVINYLDIMETHICONE CROSSPOLYMER,,
7873,ARENARIA KANSUENSIS LEAF/ROOT/STEM EXTRACT,,
7874,VIGNA UMBELLATA SEED EXTRACT,,
7875,SH-OLIGOPEPTIDE-76,,
7876,ALCOHOL,64-17-5,
7877,ISOPROPYL ARACHIDATE,26718-90-1,
7878,THEOBROMA CACAO SEED BUTTER,84649-99-0 / 8002-31-1,
7879,HEDYCHIUM FLAVESCENS ROOT EXTRACT,94334-08-4,
7880,VERBENA OFFICINALIS FLOWER/LEAF EXTRACT,84961-67-1,
7881,PEANUTAMIDE MIPA,,
7882,PALMITOYL TRIPEPTIDE-36,,
7883,HYDROGENATED POLYBUTENE,,
7884,RHIZOSOLENIA SETIGERA EXTRACT,,
7885,CAPRYLOYL CARNOSINE,209681-12-9,
7886,PRUNUS ARMENIACA LEAF CELL EXTRACT,68650-44-2,
7887,LACTOBACILLUS/VELVET EXTRACT FERMENT FILTRATE,,
7888,PANAX GINSENG ROOT/VELVET EXTRACT,,
7889,ISODON INFLEXUS EXTRACT,,
7890,PRUNUS PERSICA NECTARINA FRUIT EXTRACT,84012-34-0,
7891,EMBELIA CONCINNA LEAF EXTRACT,1239460-69-5,
7892,BIS-HYDROXYETHOXYPROPYL DIMETHICONE/IPDI COPOLYMER ETHYLCARBAMATE,628723-36-4,
7893,UNDECETH-3,,
7894,HYDROLYZED SESAME SEED EXTRACT,,
7895,ACETYL HEXAPEPTIDE-19,,
7896,CORNAMIDE DEA,,
7897,SACCHAROMYCES/PINEAPPLE FRUIT/SUCROSE FERMENT FILTRATE,,
7898,RUBUS IDAEUS SEED EXTRACT,84929-76-0,
7899,TRIETHOXYSILYLETHYL DIMETHICONE/METHICONE COPOLYMER,,
7900,PERSEA THUNBERGII LEAF/ROOT/STEM EXTRACT,,
7901,DAUCUS CAROTA SATIVA FLOWER EXTRACT,,
7902,ISOHEXYL PALMITATE,55194-91-7,
7903,POLYGLYCERYL-10 PENTALINOLEATE,,
7904,ETHYLCELLULOSE,9004-57-3,
7905,BIS-PALMITOYL TROMETHAMINE,,
7906,LONICERA PERICLYMENUM CALLUS CULTURE EXTRACT,,
7907,LACTOBACILLUS/CENTELLA ASIATICA/GLEDITSIA SINENSIS THORN/HOUTTUYNIA CORDATA EXTRACT/PHELLODENDRON AMURENSE BARK/POLYGONUM CUSPIDATUM ROOT/PRUNELLA VULGARIS/TORILIS JAPONICA EXTRACT FERMENT FILTRATE,,
7908,HYDROLYZED PUMPKIN SEEDCAKE,,
7909,ARISAEMA CONSANGUINEUM ROOT EXTRACT,,
7910,LIGUSTRUM JAPONICUM FRUIT EXTRACT,,
7911,SR-EGYPTIAN SCORPION OLIGOPEPTIDE-1,,
7912,N-PROLYL PALMITOYL TRIPEPTIDE-56 ACETATE,1899049-18-3,
7913,SODIUM GRAPE SEED EXTRACT PHOSPHATE,,
7914,HYDROLYZED OLIVE FRUIT,,
7915,ACETYLGLUTAMINOYL FARNESYLCYSTEINE,,
7916,BIFIDA/SCUTELLARIA BAICALENSIS ROOT EXTRACT FERMENT LYSATE EXTRACT FILTRATE,,
7917,STURGEON SKIN MUCUS EXTRACT,,
7918,CETEARYL CANDELILLATE,246538-67-0,
7919,METHYL METHACRYLATE/ETHYLHEXYL ACRYLATE/BUTYL DIMETHICONE PROPYL METHACRYLATE COPOLYMER,,
7920,GLYCYL TYROSINE,39630-46-1,
7921,ARCTIUM LAPPA LEAF EXTRACT,,
7922,GLYCERETH-18,,
7923,ANGELICA ARCHANGELICA SEED EXTRACT,84775-41-7,
7924,SODIUM SILICOALUMINATE,1344-00-9,
7925,APRICOTAMIDE DEA,185123-36-8,
7926,OCTYLDODECYL RICINOLEATE,79490-62-3 / 125093-27-8,
7927,TUSSILAGO FARFARA LEAF EXTRACT,84625-50-3,
7928,BIS-PPG-15 DIMETHICONE/IPDI COPOLYMER,,
7929,PASSIFLORA INCARNATA SEED OIL,97676-26-1,
7930,RETINOYL TRIPEPTIDE-1,,
7931,ALUMINUM MYRISTATES/PALMITATES,,
7932,HEMA,868-77-9,
7933,ERIOBOTRYA JAPONICA LEAF/(HOUTTUYNIA CORDATA LEAF/STEM)/(ASTRAGALUS MEMBRANACEUS/LEDEBOURIELLA SESELOIDES/SAURURUS CHINENSIS/SOPHORA FLAVESCENS ROOT)/ACORUS GRAMINEUS STEM EXTRACT,,
7934,TARAXACUM HALLAISANENSIS EXTRACT,,
7935,VIROLA SEBIFERA NUT OIL,,
7936,PONGAMIA GLABRA ROOT EXTRACT,,
7937,FORMONONETIN,485-72-3,
7938,BEHENYL DIMETHICONE/BIS-VINYLDIMETHICONE CROSSPOLYMER,,
7939,CAPRYLYL/CAPRYL WHEAT BRAN/STRAW GLYCOSIDES,,
7940,HEXAPEPTIDE-52,,
7941,BUTYROSPERMUM PARKII OIL,91080-23-8,
7942,GARDENIA TAITENSIS CALLUS POWDER,,
7943,BACILLUS/PANAX GINSENG ROOT FERMENT FILTRATE,,
7944,DISODIUM PHENYLENE BIS-ISOSTEARYLPHOSPHATE,1812873-78-1,
7945,HYDROLYZED MANGIFERA INDICA JUICE EXTRACT,90063-86-8,
7946,CYCLOCARBOXYPROPYLOLEIC ACID,53980-88-4,
7947,MELIA AZADIRACHTA BARK EXTRACT,90063-92-6,
7948,CHAMOMILLA RECUTITA FLOWER EXTRACT,84082-60-0,
7949,SR-OLIGOPEPTIDE-91 CLOSTRIDIUM BOTULINUM POLYPEPTIDE-1,,
7950,ISOOCTYL TALLATE,,
7951,CITRUS AURANTIUM AMARA PEEL POWDER,68916-04-1 / 72968-50-4,
7952,HYDROLYZED MALLOW LEAF EXTRACT,,
7953,CETYL PALMITOLEATE,,
7954,POLYOXYMETHYLENE RESORCINOL,24969-11-7,
7955,RICINOLEIC ACID,141-22-0 / 7431-95-0,
7956,PPG-20 TOCOPHERETH-5,,
7957,OLIGOPEPTIDE-123 RH-OLIGOPEPTIDE-1,,
7958,LANTANA CAMARA FLOWER/LEAF/STEM EXTRACT,90046-17-6,
7959,ACETYL DIPEPTIDE-3 AMINOHEXANOATE,,
7960,VA/ISOBUTYL MALEATE/VINYL NEODECANOATE COPOLYMER,,
7961,HYDROXYETHYL ISOSTEARYLOXY ISOPROPANOLAMINE,158314-47-7,
7962,BOTRYTIS CINEREA/GINSENG FRUIT FERMENT FILTRATE,,
7963,HYDROLYZED OYSTER GLYCOPROTEIN,,
7964,DICAFFEOYL LYSYL HEXAPEPTIDE-65,,
7965,CARTHAMUS TINCTORIUS OLEOSOMES,8001-23-8,
7966,SPINACIA OLERACEA,90131-25-2,
7967,HYDROGENATED RASPBERRY SEED OIL,,
7968,DIOSPYROS KAKI LEAF EXTRACT,91721-74-3,
7969,CAMELINA SATIVA SEED OIL/PALM OIL AMINOPROPANEDIOL ESTERS,,
7970,ROSA ALBA LEAF/STEM EXTRACT,,
7971,PPG-51,25322-69-4,
7972,CORDIA OBLIQUA LEAF EXTRACT,,
7973,MIYAMAYOMENA KORAIENSIS LEAF/STEM EXTRACT,,
7974,LEONTOPODIUM ALPINUM WATER,391900-47-3,
7975,ASPERGILLUS/SORGHUM BICOLOR LEAF/STEM EXTRACT FERMENT FILTRATE,,
7976,FAEX BETA-GLUCAN,,
7977,PEG-5 GLYCERYL ISOSTEARATE,,
7978,CARYA ILLINOENSIS SHELL EXTRACT,129893-27-2,
7979,DECYLTETRADECYL CETEARATE,97404-34-7,
7980,DEFATTED CITRUS UNSHIU FRUIT,,
7981,RAVENALA MADAGASCARIENSIS LEAF EXTRACT,,
7982,GLYCINE MAX ADVENTITIOUS ROOT EXTRACT,,
7983,ANTIDESMA VELUTINOSUM FRUIT EXTRACT,,
7984,LAVANDULA ANGUSTIFOLIA FLOWER WAX,,
7985,DIPHENYL DIMETHICONE CROSSPOLYMER,,
7986,EUPHORBIA CERIFERA CERA EXTRACT,,
7987,PROPOLIS CERA,85665-41-4,
7988,NYLON-11,25035-04-5,
7989,GENTIANELLA RIOJAE EXTRACT,,
7990,METHYL GLUCOSE SESQUISTEARATE,68936-95-8,
7991,BLECHNUM DISCOLOR LEAF EXTRACT,,
7992,HYDROGENATED LANETH-5,,
7993,APHANOTHECE SACRUM EXOPOLYSACCHARIDES,,
7994,ATRIPLEX HALIMUS CALLUS EXTRACT,,
7995,SKIN LIPIDS,91053-62-2,
7996,ALEURITES MOLUCCANUS SEED EXTRACT,,
7997,PALMITOYL DIPEPTIDE-5 DIAMINOHYDROXYBUTYRATE,,
7998,LOESS EXTRACT,,
7999,BERTHOLLETIA EXCELSA SEED OIL POLYGLYCERYL-6 ESTERS,,
8000,COCOS NUCIFERA FRUIT/FRUIT JUICE EXTRACT,8001-31-8,
8001,JUSTICIA ADHATODA ROOT EXTRACT,,
8002,NINDOU EKISU,,
8003,ILLICIUM VERUM LEAF OIL,84650-59-9,
8004,RHUS GLABRA BARK EXTRACT,90106-33-5,
8005,LARIX KAEMPFERI BARK/WOOD EXTRACT,,
8006,PEG-5 HYDROGENATED LANOLIN,68648-27-1,
8007,POLYGLYCERYL-20 DOCOSABEHENATE/OLEATE,,
8008,TRIPTERYGIUM WILFORDII CALLUS EXTRACT,,
8009,HAYFLOWER EXTRACT,100209-32-3,
8010,BAPTISIA TINCTORIA ROOT,84775-46-2,
8011,CITRUS RETICULATA PEEL POWDER,8008-31-9,
8012,PICEA MARIANA BARK POWDER,,
8013,DICAPRYLYL/CAPRYL SEBACATE,,
8014,CRITHMUM MARITIMUM CALLUS CULTURE FILTRATE,,
8015,CALCIUM FRUCTOHEPTONATE,206360-00-1,
8016,LAURYL 3-GLYCERYL ASCORBATE,,
8017,SH-HEXAPEPTIDE-4,,
8018,S-CLOSTRIDIUM BOTULINUM DECAPEPTIDE-2,,
8019,QUERCUS GLAUCA SEED EXTRACT,,
8020,HYDROLYZED GLOSSOCARDIA BIDENS EXTRACT,,
8021,CITRUS AURANTIUM AMARA PEEL OIL,68916-04-1,
8022,DIPROPYLENE GLYCOL DIACRYLATE,,
8023,LIQUIRITIGENIN,578-86-9,
8024,MEDICAGO SATIVA LEAF POWDER,84082-36-0,
8025,ARDISIA CRENATA LEAF EXTRACT,,
8026,STEARYL BEHENATE,24271-12-3,
8027,SODIUM HYDROXYPROPYLSULFONATE COCOGLUCOSIDE CROSSPOLYMER,,
8028,COCOBUTYRAMIDO HYDROXYSULTAINE,2041102-83-2,
8029,SACCHAROMYCES/JUNIPERUS COMMUNIS FRUIT WATER FERMENT FILTRATE,,
8030,PPG-30 ISOCETYL ETHER,93596-79-3,
8031,MAMMARIAN HYDROLYSATE,84082-71-3,
8032,HEPTAPEPTIDE-12 DIMER,,
8033,ISOCETYL STEARATE,25339-09-7,
8034,AMINOPROPYL MAGNESIUM POLYSILSESQUIOXANE CHLORIDE,,
8035,TILIA CORDATA FLOWER EXTRACT,84929-52-2,
8036,EQUAE LAC,,
8037,GLUCOSAMINE THIOCTATE,,
8038,ISODECYL LAURATE,94247-10-6 / 14779-93-2,
8039,COCAMIDE DEA SESQUI,,
8040,SUCRALOSE,56038-13-2,
8041,PPG-20 OLEYL ETHER,52581-71-2,
8042,RH-POLYPEPTIDE-52,,
8043,PARTHENIUM ARGENTATUM BARK EXTRACT,,
8044,CITRUS JABARA JUICE,,
8045,CORDYCEPS MILITARIS MYCELIUM/GINSENG ROOT FERMENT EXTRACT FILTRATE,,
8046,RUBUS IDAEUS CALLUS EXTRACT,,
8047,TETRAHYDROPYRANYLMETHYLAMINO DIOXOTHIOMORPHOLINOMETHYL PHENYLINDOLE,1120332-90-2,
8048,LACTOBACILLUS/AMPELOCISSUS MARTINI FRUIT/LAVENDER FLOWER/ROSA CANINA FRUIT/ROSEMARY LEAF/SAGE LEAF/THYME LEAF EXTRACT FERMENT FILTRATE,,
8049,CITRUS UNSHIU FRUIT JUICE FERMENT EXTRACT FILTRATE,,
8050,HYDROLYZED ALGAE EXTRACT,,
8051,DIMER DILINOLEATE/ETHYLENEDIAMINE COPOLYMER ACETATE,,
8052,PRUNUS YEDOENSIS FLOWER EXTRACT,,
8053,DAUCUS CAROTA SATIVA SEED EXTRACT,84929-61-3,
8054,PEG-15 HYDROGENATED LANOLIN,68648-27-1,
8055,HEXAPEPTIDE-65,,
8056,SH-POLYPEPTIDE-2 SR-EGYPTIAN SCORPION OLIGOPEPTIDE-1,,
8057,SD ALCOHOL 1,8048-19-9,
8058,DIISONONYL ADIPATE,33703-08-1,
8059,ANTHRISCUS CEREFOLIUM EXTRACT,85085-20-7,
8060,ARUNIKA EKISU,,
8061,ZINC BIS-(METHYL PALMITOYL ASPARTATE),885513-46-2,
8062,OLIGOPEPTIDE-130,,
8063,SANGUISORBA OFFICINALIS XYLEM SAP,,
8064,BROMOETHYL PCA,,
8065,ARISTOTELIA CHILENSIS SEED OIL,,
8066,QUERCETIN DIMETHYL ETHER GLUCOSIDE,,
8067,AUREOBASIDIUM PULLULANS FERMENT FILTRATE,,
8068,APHLOIA THEIFORMIS LEAF EXTRACT,,
8069,ETHYL TOSYLAMIDE,80-39-7 / 1077-56-1,
8070,DEXTRIN PALMITATE/HEXYLDECANOATE,,
8071,RIBES RUBRUM CALLUS EXTRACT,,
8072,GOSSYPIUM HERBACEUM CALLUS POWDER,,
8073,PINUS THUNBERGII BARK EXTRACT,,
8074,VINYLDIMETHYL/TRIMETHYLSILOXYSILICATE/DIMETHICONE CROSSPOLYMER,,
8075,CAPRYLYL CAPRYLATE,2306-88-9,
8076,PORPHYRA COLUMBINA EXTRACT,,
8077,ALOE BARBADENSIS LEAF POLYSACCHARIDES,,
8078,LAURDIMONIUM HYDROXYPROPYL LAURYLGLUCOSIDES CHLORIDE,,
8079,GLYCERYL DIERUCATE,28880-79-7,
8080,METHOXY PEG-25,9004-74-4,
8081,AGROPYRON CRISTATUM EXTRACT,,
8082,FARFUGIUM JAPONICUM EXTRACT,,
8083,LAURAMIDE MIPA,142-54-1,
8084,BUTYLOCTYL CETEARATE,101227-08-1,
8085,PLANTAGO OVATA LEAF EXTRACT,90082-86-3,
8086,HYDROLYZED ACACIA MACROSTACHYA SEED EXTRACT,,
8087,ISONONYL FERULATE,208190-64-1,
8088,DIHYDROXYDIMETHOXYCHALCONE,227098-46-6,
8089,ACETOBACTER/BARK/ROOT/AKEBIA QUINATA STEM/LEAF/FLOWER/SEED/FRUIT/MORUS ALBA TWIG/PTEROCARPUS SANTALINUS WOOD/RHIZOME/ALISMA ORIENTALE TUBER/GINGKO BILOBA NUT/PORIA COCOS SCLEROTIUM/GANODERMA LUCIDUM/INONTUS OBLIQUUS/TREMELLA FUCIFORMIS/FLOWER/LEAF/STEM/BAMBUSA VULGARIS LEAF/STEM/POLYGONATUM MULTIFLORUM RHIZOME/ROOT/RHEUM PALMATUM ROOT/STALK/ACORUS GRAMINEUS ROOT/STEM/ACHYRANTHES JAPONICA/AGASTACHE RUGOSA/ANTHRISCUS SYLVESTRIS/ARALIA CORDATA/CHRYSANTHEMUM SIBIRICUM/CITRUS UNSHIU/CORDYCEPS SINENSIS/DIANTHUS CHINENSIS/DRYOPTERIS CRASSIRHIZOMA/GERANIUM THUNBERGII/HOUTTUYNIA CORDATA/MENTHA ARVENSIS/OROSTACHYS JAPONICA/PHELLINUS LINTEUS/PINUS DENSIFLORA/POLYGONUM AVICULARE/SALICORNIA HERBACEA/SAURURUS CHINENSIS/SCHIZONEPETA TENUIFOLIA/SELAGINELLA TAMARISCINA/SORBUS COMMIXTA/TARAXACUM PLATYCARPUM/TRAMETES VERSICOLOR/VELVET/HONEY/MALT FERMENT FILTRATE,,
8090,PALMITOYL TRIPEPTIDE-1 ACETATE,,
8091,HYDROGENATED SHARK LIVER OIL,,
8092,ANDESITE EXTRACT,,
8093,AJUGA REPTANS MERISTEM CELL CULTURE,90320-26-6,
8094,CNIDIUM MONNIERI FRUIT EXTRACT,,
8095,HYDROLYZED ORYZANOL,,
8096,BUTYLPHTHALIMIDE,1515-72-6,
8097,SARCOSINE,107-97-1,
8098,LACTOBACILLUS/SACCHAROMYCES/EUTERPE OLERACEA FRUIT EXTRACT FERMENT FILTRATE,,
8099,MAGNOLIA CHAMPACA FLOWER OIL,,
8100,EPILOBIUM ANGUSTIFOLIUM FLOWER/LEAF/STEM EXTRACT,90028-31-2,
8101,SAMBUCUS LATIPINNA CALLUS CULTURE EXTRACT,,
8102,SACCHAROMYCES/SELAGINELLA LEPIDOPHYLLA FERMENT FILTRATE,,
8103,MONASCUS/ARGANIA SPINOSA KERNEL FERMENT EXTRACT,,
8104,CUCUMIS SATIVUS PHTYOPLACENTA CULTURE EXTRACT,,
8105,HEXAPEPTIDE-1,,
8106,CITRUS UNSHIU/SINENSIS/RETICULATA FRUIT EXTRACT,,
8107,HYDROLYZED SODIUM CHONDROITIN SULFATE,,
8108,PALMITOYL TRIPEPTIDE-8,,
8109,CERATONIA SILIQUA SEED EXTRACT,84961-45-5,
8110,ACETYL CITRULL AMIDO ARGININE,,
8111,MYRICA CERIFERA FRUIT EXTRACT,84929-34-0,
8112,PEG-9 BUTYLENE GLYCOL LAURATE,,
8113,SODIUM BUTYROYL/FORMOYL CHONDROITIN SULFATE,1000370-84-2,
8114,XEROCHRYSUM BRACTEATUM FLOWER,,
8115,CROTON MEGALOCARPUS SEED OIL,,
8116,ODONTELLA AURITA EXTRACT,,
8117,POLYPERFLUOROMETHYLISOPROPYL ETHER,69991-67-9,
8118,2-HYDROXYETHYL ACRYLATE,818-61-1,
8119,HYDROXYPROPYL METHYLCELLULOSE STEAROXY ETHER,,
8120,DAUCUS CAROTA SATIVA ROOT JUICE,,
8121,EUGENIA CARYOPHYLLUS FLOWER BUD POWDER,84961-50-2,
8122,SAPPHIRE EXTRACT,,
8123,CITRUS AURANTIUM AMARA FRUIT EXTRACT,72968-50-4,
8124,COFFEE SEED OIL POLYGLYCERYL-6 ESTERS,,
8125,TEUCRIUM VISCIDUM LEAF/STEM EXTRACT,,
8126,DIBUTYLDECYL IPDI,187951-30-0,
8127,BIS-LAURYLDIMONIUMHYDROXYETHYL BROMIDE (PEG-220/SMDI COPOLYMER),435327-16-8,
8128,LACTOBACILLUS/ACORUS CALAMUS ROOT EXTRACT FERMENT FILTRATE,,
8129,PSILANTHUS BENGALENSIS LEAF CELL CULTURE EXTRACT,,
8130,THYMUS VULGARIS FLOWER/LEAF EXTRACT,84929-51-1,
8131,BISDILINOLEATE,220716-32-5,
8132,ACRYLATES/DIMETHICONE METHACRYLATE COPOLYMER,,
8133,SACCHAROMYCES/MANGANESE FERMENT,,
8134,SH-POLYPEPTIDE-43,,
8135,FICUS CARICA BARK EXTRACT,90028-74-3,
8136,ALUMINUM DIMYRISTATE,56639-51-1,
8137,HYDROGENATED STYRENE/BUTADIENE COPOLYMER,66070-58-4,
8138,GLOBULARIA CORDIFOLIA CALLUS CULTURE EXTRACT,,
8139,SCUTELLARIA GALERICULATA LEAF,90106-66-4,
8140,TURTLE EMBRYONIC FIBROBLAST CONDITIONED MEDIA,,
8141,HYDROLYZED SEA CUCUMBER EXTRACT,,
8142,SD ALCOHOL 38-C,,
8143,N-RETINOYL DOPAMINE,,
8144,HYDROGENATED CASTOR OIL ISOSTEARATE,,
8145,POLYURETHANE-64,,
8146,APRICOT KERNEL AMINO ACIDS,,
8147,REBAUDIOSIDE A,58543-16-1,
8148,CINNAMOYLHYDROXAMIC ACID,3669-32-7,
8149,RUMEX ACETOSELLA EXTRACT,,
8150,VINYLBENZYLCYCLOHEXYL PROPIONAMIDE/VINYLBENZYL LACTOSYLLACTONAMIDE COPOLYMER,,
8151,MAGNOLIA DENUDATA BUD POWDER,,
8152,SYNTHETIC JAPAN WAX,,
8153,CITRUS TANGERINA PEEL OIL,223748-44-5,
8154,HEXAPEPTIDE-43,,
8155,POLYGLYCERYL-10 LINOLEATE,,
8156,CALCIUM TARTRATE,3164-34-9,
8157,METHIONYL SH-OLIGOPEPTIDE-1 SR-JELLYFISH POLYPEPTIDE-1,,
8158,HYDROXYSTEARAMIDE MEA,106-15-0,
8159,PPG-1 BEHENETH-15,,
8160,GARDENIA TAITENSIS FLOWER,,
8161,CIMICIFUGA DAHURICA ROOT/FORSYTHIA VIRDISSIMA FRUIT/GLYCYRRHIZA GLABRA ROOT/PAEONIA LACTIFLORA ROOT/PLATYCODON GRANDIFLORUS ROOT/PUERARIA LOBATA ROOT EXTRACT,,
8162,ACETYL TETRAPEPTIDE-3,,
8163,HEXACARBOXYMETHYL LYSINYL LYSINAMIDE,,
8164,TALLOW AMIDE,93455-70-0,
8165,PROPYLENE GLYCOL OLEATE,1330-80-9,
8166,TRIISOPROPYL CITRATE,74592-76-0,
8167,AMP-ACRYLATES/DIACETONEACRYLAMIDE COPOLYMER,,
8168,OLEOYL TYROSINE,147732-57-8,
8169,CYTISUS SCOPARIUS BRANCH/FLOWER/LEAF EXTRACT,84696-48-0,
8170,HEPTAPEPTIDE-32,,
8171,HYPOXIS ROOPERI RHIZOME EXTRACT,,
8172,ISOBUTYL MEADOWFOAMATE,,
8173,PEG-12 CARNAUBA,223705-69-6,
8174,LEVISTOLIDE A,88182-33-6,
8175,YUCCA SCHIDIGERA LEAF/ROOT/STEM EXTRACT,90147-57-2 -Generic- / 223749-05-1,
8176,PRUNUS PERSICA KERNEL OIL,8002-78-6 / 8023-98-1 / 84012-34-0,
8177,IRESINE WEBERBAUERI FLOWER/LEAF/STEM EXTRACT,,
8178,PALAU WHITE CLAY EXTRACT,,
8179,PRUNUS AVIUM FRUIT EXTRACT,85566-22-9,
8180,TINOSPORA CORDIFOLIA ROOT/STEM EXTRACT,90131-61-6,
8181,TOCOPHERETH-18,,
8182,TORREYA CALIFORNICA EXTRACT,,
8183,ADIPIC ACID/METHYLPENTANEDIOL/HDI COPOLYMER,,
8184,POLYGLYCERYL-10 NONAISOSTEARATE,,
8185,NELUMBO NUCIFERA PHYTOPLACENTA EXTRACT,,
8186,CITRUS LIMON JUICE POWDER,92346-89-9 / 84929-31-7,
8187,AKEBIA QUINATA SEED OIL,,
8188,PENTAPEPTIDE-38,,
8189,OLIGOPEPTIDE-109,,
8190,TRIPEPTIDE-43,,
8191,HYDROLYZED ALNUS JAPONICA STEM EXTRACT,,
8192,PEG-75 MEADOWFOAM OIL,,
8193,DIHYDROFARNESOL,51411-24-6,
8194,METHYL GLUCETH-20,68239-42-9,
8195,SD ALCOHOL 38-F,,
8196,GLUCOSAMINE SULFATE,29031-19-4,
8197,TRIHYDROXYCHALCONE,961-29-5,
8198,CALCIUM CARBONATE/CALCIUM HYDROXIDE/CALCIUM OXIDE/CLAY/ILLITE/ORTHOCLASE/OYSTER SHELL POWDER/QUARTZ POWDER/VERMICULITE/ZEOLITE EXTRACT,,
8199,BEHENYL BEHENATE,17671-27-1,
8200,BENZYL LAURATE,140-25-0,
8201,PASSIFLORA CAERULEA FLOWER EXTRACT,,
8202,GEUM RIVALE EXTRACT,89957-81-3,
8203,MAGNESIUM SILICATE,1343-88-0,
8204,HYDROGENATED STARCH HYDROLYSATE,68425-17-2,
8205,KHAYA SENEGALENSIS WOOD EXTRACT,,
8206,PERSEA GRATISSIMA LEAF EXTRACT,8024-32-6,
8207,PELVETIA CANALICULATA EXTRACT,223751-75-5,
8208,HYDROGENATED RICE BRAN WAX,,
8209,PANAX GINSENG ADVENTITIOUS ROOT CULTURE OIL,,
8210,CHOLESTERYL OLEATE,303-43-5,
8211,PECTIN,9000-69-5,
8212,HYDROGENATED HONEY,,
8213,HYDROLYZED VERBASCUM THAPSUS FLOWER,,
8214,DODECYLTETRADECANOL,59012-60-1,
8215,SACCHAROMYCES/LYCIUM CHINENSE FRUIT/REHMANNIA GLUTINOSA ROOT/CUSCUTA CHINENSIS FRUIT/CISTANCHE DESERTICOLA/ZANTHOXYLUM PIPERITUM FRUIT/CHRYSANTHEMUM MORIFOLIUM FRUIT/PORIA COCOS/ CINNAMOMUM CASSIA FERMENT,,
8216,LAVA POWDER,,
8217,TROPAEOLUM MAJUS FLOWER/LEAF/STEM EXTRACT,84625-49-0,
8218,PEG-10,25322-68-3,
8219,BUTOXYETHYL NICOTINATE,13912-80-6 / 1322-29-8,
8220,PEG/PPG-32/8 TETRAMETHYL ETHER PENTAERYTHRITOL,,
8221,THEOBROMA GRANDIFLORUM FRUIT JUICE POWDER,906348-18-3,
8222,MACADAMIA TERNIFOLIA SEED OIL,128497-20-1 / 129811-19-4,
8223,ALGAE EXOPOLYSACCHARIDES,,
8224,CETYL TRANEXAMATE HCL,913541-96-5,
8225,LIMONIUM VULGARE FLOWER/LEAF/STEM EXTRACT,223749-74-4,
8226,UNDECETH-40,127036-24-2,
8227,PENTAPEPTIDE-5,,
8228,SALINICOCCUS LYSATE FILTRATE,,
8229,CITROFORTUNELLA MICROCARPA FRUIT EXTRACT,,
8230,GLYCERYL DIISOSTEARATE/HYDROGENATED ROSINATE,,
8231,LACTOBACILLUS/SASA QUELPAERTENSIS LEAF/STEM EXTRACT FERMENT FILTRATE,,
8232,CENTAURIUM ERYTHRAEA FLOWER EXTRACT,84837-00-3,
8233,CUCUMIS SATIVUS SEED OIL,70955-25-8 / 89998-01-6,
8234,PEG-60 HYDROGENATED CASTOR OIL PCA ISOSTEARATE,,
8235,DEFINED CELL CULTURE MEDIA 9,,
8236,FICUS RELIGIOSA STEM EXTRACT,,
8237,SHEA BUTTER ETHYL ESTERS,,
8238,NATANE YU,,
8239,SOLANUM TUBEROSUM PULP WATER,90083-08-2,
8240,SILKWORM SH-OLIGOPEPTIDE-2,,
8241,GLYCERETH-7/IPDI COPOLYMER,51606-33-8,
8242,LACTOBACILLUS/PANAX GINSENG BERRY EXTRACT FERMENT FILTRATE,,
8243,PERFLUOROTETRALIN,2342-07-6,
8244,COFFEA ARABICA FRUIT POWDER,,
8245,ONOPORDUM ACANTHIUM FLOWER/LEAF/STEM EXTRACT,,
8246,TEA-DIRICINOLEATE,351216-93-8,
8247,PRUNUS HUMILIS FRUIT EXTRACT,,
8248,SH-OLIGOPEPTIDE-86,,
8249,ANNONA ATEMOYA FRUIT EXTRACT,,
8250,SULFURIZED JOJOBA OIL,92457-14-2,
8251,TRICAPRYLYL/CAPRYL TRIMELLITATE,90218-76-1,
8252,SECALE CEREALE CALLUS EXTRACT,,
8253,CAMELLIA KISSI SEED OIL,94333-92-3,
8254,DECAPEPTIDE-36,,
8255,ACETYL TETRAPEPTIDE-27,,
8256,OLIGOPEPTIDE-156,,
8257,POLYURETHANE-77,,
8258,LAC,8049-98-7,
8259,PAEONIA ALBIFLORA FLOWER,,
8260,ETHYLENE/ACRYLIC ACID/VA COPOLYMER,26713-18-8,
8261,ROSA MULTIFLORA FLOWER WAX,97593-51-6,
8262,C14-22 ALKANE,,
8263,ORYZA SATIVA BRAN CERA,8016-60-2,
8264,CROCODILE OIL,,
8265,GARDENIA JASMINOIDES LEAF CELL EXTRACT,,
8266,SH-OLIGOPEPTIDE-15,,
8267,PRUNUS DOMESTICA/HYDROGENATED PRUNUS DOMESTICA SEED OIL ESTERS,,
8268,PEG/PPG-8/26 DIMETHICONE,,
8269,DIETHYLHEXYL 2‚6-NAPHTHALATE,,
8270,PAECILOMYCES JAPONICA/CYNANCHUM WILFORDII ROOT FERMENT EXTRACT FILTRATE,,
8271,SAMBUCUS CANADENSIS EXTRACT,91722-58-6,
8272,LACTOBACILLUS,,
8273,POLYGLYCERYL-6 TRILAURATE,,
8274,ZOSTERA MARINA EXTRACT,,
8275,CAPRYLIC/CAPRIC/LAURIC TRIGLYCERIDE,,
8276,ISOSTEARYL LINOLEATE,127358-80-9,
8277,MANGIFERA INDICA PULP EXTRACT,90063-86-8,
8278,LARIX SIBIRICA WOOD EXTRACT,90046-20-1,
8279,SCHIZANDRA SPHENANTHERA FRUIT EXTRACT,,
8280,ASPERGILLUS/SACCHAROMYCES/BARLEY FERMENT EXTRACT FILTRATE,,
8281,CITRUS IYO FRUIT WATER,,
8282,ETHYL CARBAZIDO HYALURONATE RH-POLYPEPTIDE-7,,
8283,LYCHNIS COGNATA ROOT EXTRACT,,
8284,FORTUNELLA MARGARITA FRUIT WATER,,
8285,RETINYL SOYATE,,
8286,PAPHIOPEDILUM MAUDIAE FLOWER EXTRACT,,
8287,LIPPIA CITRIODORA MERISTEM CELL CULTURE,,
8288,BACILLUS/MONASCUS/GRAPE SPROUT/RICE BRAN FERMENT FILTRATE,,
8289,GLYCERYL RICINOLEATE SE,,
8290,PICHIA CARIBBICA FERMENT,,
8291,COCOYL HEXAPEPTIDE-16,,
8292,SODIUM RAPESEEDATE,68440-17-5,
8293,POLYPROPANEDIOL-4,345260-48-2,
8294,HYDROLYZED LINDERA AGGREGATA POLYSACCHARIDES,,
8295,BIDENS TRIPARTITA FLOWER/LEAF/STEM EXTRACT,,
8296,ANGELICA KEISKEI LEAF/STEM EXTRACT,,
8297,PHOSPHORYLCHOLINE GLYCOL METHACRYLATE/PEG-10 DIMETHACRYLATE CROSSPOLYMER,,
8298,GREVILLEA ROBUSTA FLOWER EXTRACT,,
8299,FRAGARIA VESCA FLOWER EXTRACT,84929-78-2,
8300,COCAMIDE DEA,68603-42-9,
8301,MURDANNIA KEISAK EXTRACT,,
8302,SACCHAROMYCES/RUBUS COREANUS FRUIT FERMENT FILTRATE,,
8303,PRUNUS AVIUM SEED OIL,85566-22-9,
8304,HYPOCHOERIS RADICATA FLOWER EXTRACT,,
8305,CINNAMOMUM CAMPHORA BARK EXTRACT,,
8306,TILIA AMERICANA FLOWER EXTRACT,90063-53-9,
8307,LACTOBACILLUS/SACCHAROMYCES/REHMANNIA GLUTINOSA ROOT FERMENT EXTRACT,,
8308,MORUS ALBA LEAF POWDER,,
8309,OSTRYA JAPONICA LEAF EXTRACT,,
8310,ELLAGIC ACID,476-66-4,
8311,LUFFA CYLINDRICA CALLUS CULTURE CONDITIONED MEDIA,,
8312,DIETHYL TRIOXOPIMELATE,68854-18-2,
8313,ARALIA NUDICAULIS ROOT EXTRACT,223749-20-0,
8314,POLYGLYCERYL-6 APRICOT KERNELATE,,
8315,LAURAMIDE DEA,120-40-1,
8316,TRITICUM TURGIDUM DURUM SEED EXTRACT,84012-44-2,
8317,PEG-10 POLYGLYCERYL-2 LAURATE,,
8318,OURICURY WAX,68917-70-4,
8319,GARDENIA JASMINOIDES MERISTEM CELL CULTURE EXTRACT,,
8320,DIHEXYLDECYL LAUROYL GLUTAMATE,172944-28-4,
8321,TARAXACUM OFFICINALE RHIZOME/ROOT EXTRACT,68990-74-9,
8322,FAEX EXTRACT,8013-01-2,
8323,LACTOBACILLUS/PORPHYRIDIUM FERMENT,,
8324,HYDROLYZED INONOTUS OBLIQUUS EXTRACT,,
8325,PALMITOYL GRAPE SEED EXTRACT,226994-27-0,
8326,OPUNTIA COCCINELLIFERA FLOWER EXTRACT,90082-21-6,
8327,ASCORBIC ACID,50-81-7 / 62624-30-0,
8328,POLYUREA CROSSPOLYMER-4,1493469-99-0,
8329,POTENTILLA CHINENSIS CALLUS EXTRACT,,
8330,CORTUSA MATTHIOLI FLOWER/LEAF/STEM EXTRACT,,
8331,CAPSICUM ANNUUM FRUIT MERISTEM CELL,,
8332,CAFFEINE CARBOXYLOYL TRIPEPTIDE-37,,
8333,HEXYLDECYL ISOSTEARATE,69247-84-3,
8334,ROSA EGLANTARIA SEED OIL,,
8335,ASPARAGOPSIS ARMATA EXTRACT,174393-71-6,
8336,GLYCERYL PALMITATE LACTATE,,
8337,LACTOBACILLUS/(ASPARAGUS COCHINCHINENSIS/LYCIUM CHINENSE/OPHIOPOGON JAPONICUS/PANAX GINSENG/REHMANNIA GLUTINOSA) ROOT/PORIA COCOS FERMENT FILTRATE,,
8338,SHOREA STENOPTERA SEED BUTTER,91770-65-9,
8339,PIG DENTAL PULP CELL/ADIPOCYTE/BONE MARROW CELL CONDITIONED MEDIA,,
8340,ACRYLATES/TRIS(TRIMETHYLSILOXY)SILYLPROPYL METHACRYLATE COPOLYMER,,
8341,HEDERA HELIX LEAF/STEM,84082-54-2,
8342,PROPANEDIOL,504-63-2 / 26264-14-2,
8343,POLYGLYCERYL-10 PALMITATE,,
8344,HEPTAPEPTIDE-7,,
8345,RETINYL PALMITATE,79-81-2,
8346,CAMELLIA RETICULATA SEED OIL,,
8347,ELEPHANTOPUS MOLLIS LEAF EXTRACT,,
8348,BACILLUS/LACTOBACILLUS/PONCIRUS TRIFOLIATA FRUIT EXTRACT FERMENT FILTRATE,,
8349,SUCROSE HEXAISOSTEARATE,,
8350,EUCHEUMA SERRA EXTRACT,,
8351,HYDROLYZED PRUNUS DOMESTICA,227025-16-3 / 90082-87-4,
8352,DIMETHYLOL UREA/PHENOL/SODIUM PHENOLSULFONATE COPOLYMER,220604-23-9,
8353,MONARDA DIDYMA EXTRACT,,
8354,MYRISTOYL PENTAPEPTIDE-16,,
8355,PRIMULA SIKKIMENSIS FLOWER EXTRACT,,
8356,SACCHAROMYCES/ROSA CANINA FRUIT OIL FERMENT FILTRATE,,
8357,PREMNA SERRATIFOLIA ROOT EXTRACT,92202-08-9,
8358,PEG-9 DIMETHACRYLATE,,
8359,BIS-PEG/PPG-20/20 DIMETHICONE,,
8360,CHIMYL ISOSTEARATE,,
8361,POGOSTEMON CABLIN FLOWER EXTRACT,84238-39-1,
8362,HEXYLTRIMETHOXYSILANE,3069-19-0,
8363,PPG-30 TOCOPHERETH-70,,
8364,SH-POLYPEPTIDE-53,,
8365,ROSA MULTIFLORA FLOWER CERA,97593-51-6,
8366,HYDROPUNTIA EDULIS CALLUS CULTURE EXTRACT,,
8367,FRAGARIA INDICA EXTRACT,,
8368,HYDROLYZED PLUKENETIA VOLUBILIS SEED EXTRACT,,
8369,LEONTOPODIUM ALPINUM CALLUS LYSATE,,
8370,MYRISTICA FRAGRANS KERNEL OIL,8007-12-3 / 8008-45-5,
8371,ALLANTOIN ACETYL METHIONINE,4207-40-3,
8372,R-BOVINE OLIGOPEPTIDE-1,,
8373,ALLIUM PORRUM EXTRACT,84650-15-7,
8374,HYDROLYZED SESAME EXTRACT,,
8375,TRIPEPTIDE-49,,
8376,TRIETHOXYSILYLETHYL POLYDIMETHYLSILOXYETHYL DIMETHICONE,,
8377,NASTURTIUM OFFICINALE LEAF/STEM EXTRACT,84775-70-2,
8378,LAURYL PEG/PPG-18/18 METHICONE,,
8379,DISODIUM LAURAMIDO MEA-SULFOSUCCINATE,25882-44-4,
8380,DECYL ISOSTEARATE,84605-08-3,
8381,DIOSGENIN DIPEPTIDE-33 HCL,,
8382,VACCINIUM DUNALIANUM LEAF EXTRACT,,
8383,PEG-8 PHOSPHATE,9056-42-2,
8384,POLYGLYCERYL-20 OCTADECABEHENATE/LAURATE,,
8385,BUTOXYETHYL STEARATE,109-38-6,
8386,LAURYL PALMITATE,42232-29-1,
8387,PEG-9 C10-14 OLEFIN/MA COPOLYMER,,
8388,POUTERIA SAPOTA SEED BUTTER,,
8389,METHIONYL SH-OLIGOPEPTIDE-75 SH-OLIGOPEPTIDE-2,,
8390,POLYACRYLATE-47,,
8391,STURGEON COELOMIC FLUID FILTRATE,,
8392,MYRISTOYL PENTAPEPTIDE-15,,
8393,N-STEAROYL DIHYDROSPHINGOSINE,,
8394,HYDROGENATED C12-18 TRIGLYCERIDES,,
8395,POLYACRYLATE CROSSPOLYMER-4,,
8396,VIBURNUM DILATATUM LEAF/STEM EXTRACT,,
8397,DIMETHICONOL DHUPA BUTTERATE,243981-39-7,
8398,LAURUS NOBILIS LEAF/STEM EXTRACT,84603-73-6,
8399,DODECYLHEXADECANOL,,
8400,CARTHAMUS TINCTORIUS BUD EXTRACT,,
8401,GALACTOSE,59-23-4,
8402,TRAMETES HIRSUTA EXTRACT,,
8403,OLIGOPEPTIDE-90,,
8404,BIFIDA/ANGELICA GIGAS/ANGELICA TENUISSIMA ROOT/ANTLER VELVET/REHMANNIA GLUTINOSA ROOT/ATRACTYLODES JAPONICA RHIZOME/CNIDIUM OFFICINALE ROOT/CORDYCEPS SINENSIS/LEDEBOURIELLA SESELOIDES ROOT/LICORICE ROOT/PAEONIA LACTIFLORA ROOT/PANAX GINSENG ROOT/PHELLINUS LINTEUS/SCUTELLARIA BAICALENSIS ROOT FERMENT EXTRACT,,
8405,GLYCINE MAX SEEDCAKE EXTRACT,,
8406,TRIPEPTIDE-36,,
8407,DIHYDROXY METHYLCHROMONYL PALMITATE,1387636-35-2,
8408,CAPRYLIC/CAPRIC/MYRISTIC/STEARIC TRIGLYCERIDE,208126-53-8,
8409,RICEBRANAMIDE DEA,,
8410,NICOTIANA BENTHAMIANA HEXAPEPTIDE-40 SH-OLIGOPEPTIDE-1,,
8411,ISOSTEARYL MYRISTOYL METHYL BETA-ALANINATE,,
8412,ARECA CATECHU SEED/EUGENIA CARYOPHYLLUS STEM EXTRACT,,
8413,SYRINGA OBLATA BARK/LEAF POWDER,,
8414,HYDROLYZED CLADOSIPHON NOVAE-CALEDONIAE EXTRACT,,
8415,COTTONSEED OIL/PALM OIL AMINOPROPANEDIOL ESTERS,,
8416,ALMOND OIL PROPYLENE GLYCOL ESTERS,,
8417,UNDECANE,1120-21-4,
8418,ACETOBACTER/LACTOBACILLUS/(CITRUS JUNOS/PRUNUS MUME/PUNICA GRANATUM) FRUIT/RICE FERMENT FILTRATE,,
8419,MENTHA VIRIDIS LEAF POWDER,84696-51-5,
8420,ZYGOSACCHAROMYCES MICROELLIPSOIDES FERMENT,,
8421,IPOMOEA BONA-NOX FLOWER EXTRACT,223749-13-1,
8422,TRITICUM VULGARE GLUTEN EXTRACT,93384-22-6,
8423,SOLANUM AVICULARE SEED OIL,1542150-88-8,
8424,PROTEASE,9001-92-7,
8425,DECAPEPTIDE-35,,
8426,CASTANOPSIS CUSPIDATA STEM EXTRACT,,
8427,PPG-8-CETETH-10,9087-53-0 / 37311-01-6,
8428,ASPERGILLUS/SACCHAROMYCES/BARLEY SEED FERMENT FILTRATE EXTRACT,,
8429,AMPELOPSIS GROSSEDENTATA LEAF EXTRACT,,
8430,LACTOBACILLUS/CINNAMOMUM ZEYLANICUM BARK/FRUIT/SYZYGIUM AROMATICUM FLOWER/LEAF/ROOT/SEED/STEM/ORYZA SATIVA/FOENICULUM VULGARE/EQUISETUM ARVENSE/ARTEMISIA PRINCEPS/PLANTAGO ASIATICA/STELLARIA MEDIA/FRUITING BODY/LAMINARIA JAPONICA/HIZIKIA FUSIFORMIS/UNDARIA PINNATIFIDA/PORPHYRA PSEUDOLINEARIS/SUGAR FERMENT FILTRATE,,
8431,TRIHYDROXYPALMITAMIDOHYDROXYPROPYL MYRISTYL ETHER,,
8432,HIBISCUS SYRIACUS CALLUS EXTRACT,,
8433,HYDROLYZED TIGER PRAWN EXTRACT,,
8434,DIOSCOREA POLYSTACHYA EXTRACT,,
8435,JUNIPERUS COMMUNIS WOOD WATER,84603-69-0,
8436,SODIUM SULFATE,7727-73-3 / 7757-82-6,
8437,AMMONIUM ACRYLATES/METHYL STYRENE/STYRENE COPOLYMER,,
8438,SACCHAROMYCES/POTASSIUM FERMENT HYDROLYSATE,,
8439,ROSA CENTIFOLIA LEAF CELL EXTRACT,84604-12-6,
8440,TRICHOLOMA MATSUTAKE MYCELIUM FERMENT EXTRACT,,
8441,AVENA SATIVA LEAF/STALK EXTRACT,84012-26-0,
8442,SACCHAROMYCES/ALOE BARBADENSIS LEAF/ARTEMISIA VULGARIS LEAF/PRUNUS MUME FRUIT FERMENT FILTRATE,,
8443,SACCHAROMYCES/LYCIUM CHINENSE FRUIT FERMENT EXTRACT FILTRATE,,
8444,DIISOOCTYL ADIPATE,108-63-4,
8445,RH-POLYPEPTIDE-68,,
8446,PENTAERYTHRITYL TETRAETHYLHEXANOATE,7299-99-2,
8447,SACCHAROMYCES/IMPERATA CYLINDRICA ROOT FERMENT EXTRACT,,
8448,CHENOPODIUM AMBROSIOIDES LEAF/STEM EXTRACT,89997-47-7,
8449,OLIVE OIL PEG-7 ESTERS,103819-46-1,
8450,NEOPENTYL GLYCOL DICAPRATE,27841-06-1,
8451,STEAROYL INULIN,190524-47-1,
8452,EPILOBIUM ANGUSTIFOLIUM LEAF EXTRACT,90028-31-2,
8453,GENTIANA LUTEA RHIZOME/ROOT,72968-42-4 / 97676-22-7,
8454,BATYL ISOSTEARATE,170754-20-8,
8455,GLYCERYL DIMYRISTATE/HYDROGENATED ROSINATE,,
8456,HEMISTEPA LYRATA EXTRACT,,
8457,CLEMATIS VITALBA FLOWER/LEAF/STEM EXTRACT,84929-63-5,
8458,GEMFIBROZILOYL PENTAPEPTIDE-43,,
8459,MUCOR CIRCINELLOIDES GLYCERIDES,,
8460,ROSA CENTIFOLIA FLOWER WATER,84604-12-6,
8461,BRASSICA NAPUS SEED EXTRACT,,
8462,TOPIRAMATE,,
8463,ACETYL SH-OLIGOPEPTIDE-77 AMIDE,,
8464,PANTOEA VAGANS FERMENT FILTRATE EXTRACT,,
8465,HYDROGENATED CASTOR OIL TRIISOSTEARIN ESTERS,226993-50-6,
8466,LATHYRUS ODORATUS LEAF EXTRACT,90604-48-1,
8467,TRIS(PEG-2 PHENYLALANYLCARBOXAMIDO) CYCLOHEXANE,,
8468,PHENYL TIMONACIC,42607-21-6,
8469,PROPANEDIOL DIPELARGONATE,28267-33-6,
8470,C20-22 ALCOHOLS,90604-34-5,
8471,GARDENIA FLORIDA SEED EXTRACT,92457-01-7,
8472,SODIUM PANTETHEINE SULFONATE,34644-03-6,
8473,SUCROSE TETRAISOSTEARATE,,
8474,ACER CAMPESTRE BUD EXTRACT,90063-87-9,
8475,MORINGA OIL/HYDROGENATED MORINGA OIL ESTERS,,
8476,ACETYL GLYCERYL RICINOLEATE,235433-29-1,
8477,POLYVINYL IMIDAZOLINIUM ACETATE,,
8478,PRUNUS AMYGDALUS DULCIS SEEDCOAT EXTRACT,90320-37-9,
8479,MONDIA WHITEI ROOT EXTRACT,,
8480,PRUNUS MUME FRUIT WATER,,
8481,DECYLTETRADECETH-200 ISOSTEARATE,,
8482,PEG/PPG-7/12 DIMETHYL ETHER,,
8483,AUXENOCHLORELLA PROTOTHECOIDES LYSATE FILTRATE,,
8484,C11-15 PARETH-12 STEARATE,68891-25-8,
8485,CITRUS TANGELO FRUIT POWDER,,
8486,PPG-34 STEARETH-3,9038-43-1,
8487,NICOTINOYL HEXAPEPTIDE-45,,
8488,BETULA COSTATA SAP,,
8489,C14-30 ALKYL BEESWAX,,
8490,CESTRUM LATIFOLIUM LEAF EXTRACT,,
8491,ACETYL SH-NONAPEPTIDE-5,,
8492,MYRISTAMIDE MEA,142-58-5,
8493,PEG-150 POLYGLYCERYL-2 TRISTEARATE,,
8494,PEG-10/LAURYL DIMETHICONE CROSSPOLYMER,,
8495,PROPYLENE CARBONATE,108-32-7,
8496,ROSA MULTIFLORA FLOWER EXTRACT,,
8497,CAMELLIA JAPONICA SEEDCAKE EXTRACT,223748-13-8,
8498,POTASSIUM COCOYL (ARGININE/GLUTAMIC ACID/ISOLEUCINE/LEUCINE/LYSINE/PHENYLALANINE/PROLINE/THREONINE/VALINE),,
8499,ISONIACINAMIDE,1453-82-3,
8500,ALLANTOIN,97-59-6,
8501,OPHIOGLOSSUM VULGATUM EXTRACT,,
8502,CITRUS DEPRESSA FRUIT EXTRACT,,
8503,ISOPROPYL LANOLATE,63393-93-1,
8504,BACILLUS/MONASCUS/ENGELHARDIA ROXBURGHIANA LEAF/SOYBEAN FERMENT FILTRATE,,
8505,COCONUT ALKANES,,
8506,PHYSALIS ALKEKENGI CALYX EXTRACT,90082-67-0,
8507,AGARUM CRIBROSUM EXTRACT,,
8508,BUTYL RESORCINOL BIS-SUCCINOYLPHYTOSPHINGOSINE,,
8509,STEMONA SESSIFOLIA ROOT POWDER,,
8510,CLEMATIS ALPINA CALLUS POWDER,,
8511,SILANETRIOL GLUTAMATE,190270-72-5,
8512,COCAMIDOPROPYL LAUROYL PG-DIMONIUM CHLORIDE,,
8513,SACCHAROMYCES/ALOE BARBADENSIS LEAF/APPLE FRUIT/ARTEMISIA PRINCEPS LEAF/GRAPEFRUIT/PRUNUS MUME FRUIT/PUMPKIN/TOMATO FRUIT FERMENT FILTRATE,,
8514,C12-14 SEC-PARETH-3,,
8515,MOONSTONE POWDER,,
8516,ALUMINUM METHIONATE,52667-15-9,
8517,DENDROBIUM MONILIFORME CALLUS CULTURE EXTRACT,,
8518,PENTAERYTHRITYL TETRAACETATE,597-71-7,
8519,XANTHAN GUM,11138-66-2,
8520,TUBER AESTIVUM EXTRACT,,
8521,PROPYLENE GLYCOL DIISONONANOATE,125804-17-3,
8522,MORUS BOMBYCIS WOOD EXTRACT,,
8523,C12-14 SEC-PARETH-15,84133-50-6,
8524,CASUARINA STRICTA BRANCH/LEAF EXTRACT,,
8525,SH-OLIGOPEPTIDE-75,,
8526,POLYGLYCERYL-5 DICAPRYLATE,108777-93-1,
8527,HYDROGENATED TALLOW GLYCERIDE LACTATE,68990-06-7,
8528,CORNUS CONTROVERSA EXTRACT,,
8529,ISOSTEARIC/MYRISTIC GLYCERIDES,,
8530,ELAEIS GUINEENSIS KERNEL CERA,8023-79-8,
8531,OLIGOPEPTIDE-125 AMIDE,,
8532,SACCHAROMYCES/PAECILOMYCES JAPONICA MYCELIUM/PANAX GINSENG ROOT FERMENT FILTRATE,,
8533,PEG-20 GLYCERYL TRISTEARATE,41080-66-4,
8534,TULIPA GESNERIANA FLOWER EXTRACT,,
8535,POLYQUATERNIUM-51,125275-25-4,
8536,DARUTOSIDE,59219-65-7,
8537,LIMUS,,
8538,POTENTILLA MIYABEI CALLUS EXTRACT,,
8539,PEG-192 APRICOT KERNEL GLYCERIDES,,
8540,POLYGLYCERYL-10 PENTASTEARATE,94561-64-6,
8541,CONNARUS RUBER STEM EXTRACT,,
8542,BIS-VINYLDIMETHICONE,69013-23-6,
8543,POLYAMIDE-6,,
8544,METHOXYPHENYL MENTHANE CARBOXAMIDE,,
8545,OUBAKU,,
8546,HYDROLYZED GLUCOSYL STEVIOSIDE,,
8547,ALEURITES MONTANUS LEAF EXTRACT,,
8548,MYROTHAMNUS FLABELLIFOLIA LEAF/STEM EXTRACT,,
8549,RHINACANTHUS NASUTUS LEAF POWDER,,
8550,PINUS DENSIFLORA SEED EXTRACT,92202-05-6,
8551,TRAPA JAPONICA PEEL EXTRACT,,
8552,RASPBERRYKETONE GLUCOSIDE,38963-94-9,
8553,GLYCYRRHIZIC ACID,1405-86-3,
8554,LACTOBACILLUS/OAT/RYE/WHEAT SEED EXTRACT FERMENT,,
8555,ACETYL CARNOSINE,56353-15-2,
8556,PYRUS MALUS LEAF EXTRACT,85251-63-4,
8557,POLYPODIUM POLYPODIOIDES EXTRACT,,
8558,VALERIANA CELTICA EXTRACT,90131-86-5,
8559,URTICA URENS LEAF EXTRACT,90131-83-2,
8560,ASTROCARYUM VULGARE OIL POLYGLYCERYL-6 ESTERS,,
8561,MYRISTYL NEOPENTANOATE,144610-93-5,
8562,SEDUM PURPUREUM EXTRACT,,
8563,SH-HEPTAPEPTIDE-2,,
8564,TETRAPHENYL DIMETHYL DISILOXANE,807-28-3,
8565,ATRACTYLODES MACROCEPHALA ROOT EXTRACT,,
8566,SILKWORM RH-OLIGOPEPTIDE-2,,
8567,ETHYLENE/VA COPOLYMER,24937-78-8,
8568,KALANCHOE GASTONIS-BONNIERI LEAF EXTRACT,,
8569,DIMETHYL MALEATE,624-48-6 / 23055-10-9,
8570,LAVANDULA SPICA FLOWER/LEAF/STEM EXTRACT,97722-12-8,
8571,COIX LACRYMA-JOBI MA-YUEN ROOT EXTRACT,164288-51-1,
8572,LACTOBACILLUS/PUMPKIN FERMENT EXTRACT,,
8573,ACRYLATES/ETHYLHEXYL ACRYLATE/GLYCIDYL METHACRYLATE CROSSPOLYMER,,
8574,ACETYL HEXAPEPTIDE-51 AMIDE,,
8575,SAMBUCUS WILLIAMSII STEM EXTRACT,,
8576,PRUNUS MUME BRANCH EXTRACT,,
8577,ALUMINA,1344-28-1,
8578,RUSCOGENIN,472-11-7,
8579,DIHYDROCHOLESTERYL BUTYRATE,59000-59-8,
8580,POLYACRYLIC ACID,9003-01-4,
8581,ECHIUM LYCOPSIS ROOT EXTRACT,,
8582,ISOPROPYL LINOLEATE,22882-95-7,
8583,SACCHAROMYCES/APPLE FRUIT/HYDROLYZED CONCHIOLIN PROTEIN/SUCROSE FERMENT FILTRATE,,
8584,ALPINIA KATSUMADAE FRUIT EXTRACT,,
8585,SACCHAROMYCES/(ANGELICA GIGAS/CNIDIUM OFFICINALE/PAEONIA LACTIFLORA/REHMANNIA GLUTINOSA) ROOT EXTRACT FERMENT FILTRATE,,
8586,DAHLIA VARIABILIS FLOWER EXTRACT,,
8587,DIGLYCOL GUANIDINE SUCCINATE,176370-26-6,
8588,BORAGE SEED OIL POLYGLYCERYL-6 ESTERS,,
8589,HEXAPEPTIDE-66,,
8590,DYPSIS LUTESCENS EXTRACT,,
8591,MALUS SYLVESTRIS FLOWER EXTRACT,85251-63-4,
8592,VERNONIA APPENDICULATA LEAF EXTRACT,892873-85-7,
8593,BUTANEDIOL/ADIPIC ACID COPOLYMER,25103-87-1,
8594,POLYACRYLAMIDOMETHYLPROPANE SULFONIC ACID,27119-07-9,
8595,PICOLINAMIDE,1452-77-3,
8596,METHYLBUTYLPHENYL HEXYLOXYBENZOATE,69777-59-9,
8597,CAFFEOYL HEXAPEPTIDE-48,,
8598,SACCHAROMYCES/PORIA COCOS SCLEROTIUM FERMENT EXTRACT,,
8599,COBETIA MARINA GLYCOSAMINOGLYCANS,,
8600,VINYLDIMETHICONE,,
8601,ARGININE HEXYLDECYL PHOSPHATE,111129-35-2,
8602,LACTOBACILLUS/PUMPKIN FRUIT FERMENT FILTRATE,,
8603,LACTIC ACID/HYDROXYSTEARIC ACID COPOLYMER,,
8604,HYDROGENATED TALLOWAMINE,61788-45-2,
8605,DIPENTAERYTHRITYL HEXAHYDROXYSTEARATE/HEXASTEARATE/HEXAROSINATE,,
8606,OLEAMIDE MIPA,111-05-7,
8607,C9-13 ISOPARAFFIN,246538-72-7,
8608,PUERARIA THOMSONI FLOWER EXTRACT,,
8609,GRIFOLA FRONDOSA /(REHMANNIA GLUTINOSA/GLYCYRRHIZA URALENSIS/ANGELICA GIGAS/OPHIOPOGON JAPONICUS/ATRACTYLODES MACROCEPHALA/ASTRAGALUS MEMBRANACEUS) ROOT/CARTHAMUS TINCTORIUS FLOWER/ RICE SEED/CITRUS UNSHIU PEEL FERMENT FILTRATE EXTRACT,,
8610,CHOLECALCIFEROL PEG-12 ETHER,,
8611,SODIUM HISTIDYL HYALURONATE CROSSPOLYMER-3,,
8612,XYLITYL COCOATE,2102514-40-7,
8613,VINYL DIMETHICONE/METHICONE SILSESQUIOXANE CROSSPOLYMER,,
8614,VITIS VINIFERA LEAF CERA,85594-37-2 / 84929-27-1,
8615,BRASSICA OLERACEA GONGYLODES EXTRACT,,
8616,ETHYLHEXYL ISOSTEARATE,81897-25-8,
8617,DROMETRIZOLE TRISILOXANE,155633-54-8,
8618,ACACIA DECURRENS FLOWER CERA,98903-76-5,
8619,GYNOSTEMMA PENTAPHYLLUM LEAF EXTRACT,,
8620,VACCINIUM CORYMBOSUM (BLUEBERRY) FRUIT WATER,,
8621,ACRYLIC ACID/ACRYLAMIDOMETHYL PROPANE SULFONIC ACID COPOLYMER,40623-75-4,
8622,SCHISANDRA CHINENSIS CALLUS EXTRACT,223748-53-6,
8623,OLIVE FRUIT/LEAF/SODIUM CHLORIDE FERMENT FILTRATE,,
8624,EIJITSU,,
8625,S-CLOSTRIDIUM BOTULINUM DECAPEPTIDE-1,,
8626,ISODECYL SALICYLATE,85252-25-1,
8627,3-0-ETHYL ASCORBIC ACID,86404-04-8,
8628,THIAMINE/YEAST POLYPEPTIDE,,
8629,GRIFOLA FRONDOSA MYCELIUM/STELLARIA ALSINE EXTRACT FERMENT FILTRATE,,
8630,COD LIVER OIL,8001-69-2,
8631,BITTERN,,
8632,LAURYL BEHENATE,42233-07-8,
8633,POLYACRYLATE CROSSPOLYMER-14,,
8634,DIMETHICONOL KOKUM BUTTERATE,226994-48-5,
8635,NIACINAMIDE SALICYLATE,,
8636,PERFLUOROOCTYLETHYL/DIPHENYL DIMETHICONE COPOLYMER,,
8637,PENTAPEPTIDE-43,,
8638,GLYCERYL DIISOPALMITATE,,
8639,CAMPOMANESIA LINEATIFOLIA SEED EXTRACT,,
8640,RESORCINOL DIPENTYL ETHER,,
8641,POLYGLYCERYL-4 PENTAOLEATE,103230-29-1,
8642,MELALEUCA BRACTEATA LEAF EXTRACT,,
8643,SILICA,7631-86-9 / 112945-52-5 / 60676-86-0,
8644,SH-POLYPEPTIDE-90,,
8645,PIPER NIGRUM FRUIT POWDER,84929-41-9,
8646,POLYMETHACRYLAMIDOPROPYLTRIMONIUM CHLORIDE,68039-13-4,
8647,SR-HAGFISH POLYPEPTIDE-1,,
8648,TRIGONOTIS PEDUNCULARIS CALLUS EXTRACT,,
8649,RHUS COTINUS LEAF EXTRACT,,
8650,GLYCERYL TRI-HYDROGENATED ROSINATE,,
8651,ACETYL TETRAPEPTIDE-18,,
8652,AVOCADAMIDE DIPA,,
8653,VIOLA CORSICA SEED EXTRACT,,
8654,DIPEPTIDE DIAMINOBUTYROYL BENZYLAMIDE DIACETATE OLIGOPEPTIDE-133,,
8655,ACETYL FARNESYLCYSTEINE,135304-07-3,
8656,R-(SH-POLYPEPTIDE-102 SH-POLYPEPTIDE-103),,
8657,FRAXINUS EXCELSIOR LEAF EXTRACT,84625-28-5,
8658,C12-14 SEC-PARETH-20,84133-50-6,
8659,LEONTOPODIUM ALPINUM ROOT EXTRACT,391900-47-3,
8660,LAURETH-2 ETHYLHEXANOATE,125804-14-0,
8661,DIMETHICONOL ISOSTEARATE,133448-14-3,
8662,LEUCONOSTOC/LYCIUM CHINENSE FRUIT/REHMANNIA GLUTINOSA ROOT/CUSCUTA CHINENSIS FRUIT/CISTANCHE DESERTICOLA/ZANTHOXYLUM PIPERITUM FRUIT/CHRYSANTHEMUM MORIFOLIUM FRUIT/PORIA COCOS/ CINNAMOMUM CASSIA FERMENT,,
8663,(CANANGA ODORATA FLOWER/LEAF)/GANODERMA LUCIDUM FRUITING BODY/(CORCHORUS OLITORIUS/HENNA/MELIA AZADIRACHTA/MORUS ALBA/MUNTINGIA CALABURA/PSIDIUM GUAJAVA/TAMARINDUS INDICA LEAF)/(CITRUS HYSTRIX LEAF/PEEL)/(CITRONELLA/CYMBOPOGON SCHOENANTHUS/OCIMUM TENUIFLORUM LEAF/STEM)/(ALPINIA GALANGA/BOESENBERGIA ROTUNDA/GINGER/TURMERIC RHIZOME)/ZINGIBER CASSUMUNAR ROOT EXTRACT,,
8664,DIHYDROXYPROPYLTRIMONIUM CHLORIDE,34004-36-9,
8665,ASTROCARYUM VULGARE FRUIT OIL,98143-57-8,
8666,SH-OLIGOPEPTIDE-5,,
8667,MALTOSE,69-79-4,
8668,SACCHAROMYCES/MOTHER OF PEARL FERMENT LYSATE FILTRATE,,
8669,BUXUS SEMPERVIRENS LEAF EXTRACT,84012-17-9,
8670,ACRYLATES/PROPYL TRIMETHICONE METHACRYLATE COPOLYMER,,
8671,PALMITOYL DIPEPTIDE-7 MALTOSIDETRIPEPTIDE-69,1797437-87-6,
8672,EPERUA FALCATA BARK EXTRACT,,
8673,PEG-2 OLIVE GLYCERIDES,103819-46-1,
8674,LACTIC ACID,50-21-5,
8675,DIHYDROGENATED TALLOW PHTHALATE,99035-59-3,
8676,HYDROLYZED VACCINIUM VITIS-IDAEA FRUIT,,
8677,TOCOPHERETH-12,,
8678,POTASSIUM PHENYLBENZIMIDAZOLE SULFONATE,,
8679,ACRYLATES/HYDROXYESTERS ACRYLATES COPOLYMER,,
8680,DISODIUM ADENOSINE PHOSPHATE,4578-31-8,
8681,PRUNUS SERRULATA PHYTOPLACENTA CULTURE EXTRACT,,
8682,GUANOSINE,118-00-3,
8683,SAPINDUS TRIFOLIATUS FRUIT EXTRACT,223748-41-2,
8684,DAPHNE KIUSIANA EXTRACT,,
8685,POTENTILLA ERECTA ROOT/(HAMAMELIS VIRGINIANA/ROSMARINUS OFFICINALIS/SALVIA OFFICINALIS) LEAF/THYMUS VULGARIS FLOWER/LEAF/STEM EXTRACT,,
8686,LACTOBACILLUS/HOUTTUYNIA CORDATA LEAF EXTRACT FERMENT FILTRATE,,
8687,METHOXY PEG-12 RETINAMIDE,,
8688,PHYLLOSTACHYS EDULIS SHOOT WATER,,
8689,PINUS KORAINSIS CALLUS CULTURE EXTRACT,,
8690,CEREUS JAMACARU EXTRACT,,
8691,CAMELLIA JAPONICA OVARY POWDER,,
8692,C30-38 OLEFIN/ISOPROPYL MALEATE/MA COPOLYMER,75535-27-2,
8693,CEDRUS LIBANI BUD EXTRACT,89997-33-1,
8694,CANNABIDIOL,13956-29-1,
8695,SH-TETRAPEPTIDE-39 ACETATE,,
8696,POLYQUATERNIUM-103,,
8697,DIGLYCERYL STEARATE MALATE,,
8698,POPULUS TREMULOIDES FLOWER EXTRACT,90083-05-9,
8699,ZANTHOXYLUM BUNGEANUM FRUIT EXTRACT,,
8700,GLYCYRRHIZA URALENSIS SPROUT EXTRACT,,
8701,BEHENYL METHACRYLATE/T-BUTYL METHACRYLATE COPOLYMER,,
8702,HYDROGENATED TALLOW GLYCERIDE,61789-09-1,
8703,GLYCINE MAX SEED POWDER,,
8704,GOSSYPIUM HERBACEUM BUD EXTRACT,,
8705,SARGASSUM VULGARE EXTRACT,,
8706,AQUAPHILUS DOLOMIAE FERMENT FILTRATE,,
8707,CITRUS AURANTIUM SINENSIS PEEL EXTRACT,97766-30-8,
8708,HEXYL HYDROXYCAPRIC ACID,,
8709,LACTOBACILLUS/SKELETONEMA FERMENT,,
8710,PASSIFLORA ALATA CALLUS EXTRACT,,
8711,THYMINE,65-71-4,
8712,DISODIUM ADENOSINE TRIPHOSPHATE,987-65-5,
8713,EUPENICILLIUM CRUSTACEUM FERMENT LYSATE EXTRACT FILTRATE,,
8714,AKEBIA QUINATA PEEL EXTRACT,,
8715,PPG-14 PALMETH-60 HEXYL DICARBAMATE,205599-29-7,
8716,PLEUROTUS FERULAE/PANAX GINSENG BERRY EXTRACT FERMENT FILTRATE,,
8717,PUMPKIN SEED OIL POLYGLYCERYL-4 ESTERS,,
8718,PHYSOCARPUS AMURENSIS STEM EXTRACT,,
8719,NEOPENTYL GLYCOL DIISONONANOATE,,
8720,HORDEUM VULGARE FLOWER/LEAF/STEM JUICE,85251-64-5,
8721,CITRUS SINENSIS FRUIT EXTRACT,8028-48-6,
8722,DIMETHYL BRASSYLATE,1472-87-3,
8723,SALICORNIA BIGELOVII EXTRACT,,
8724,BIS-PPG-15 DIMETHICONE IPDI COPOLYMER C30-50 ALKYLCARBAMATE,,
8725,ECHINACIN,105815-90-5 / 8001-18-1,
8726,FORSYTHIA SUSPENSA FRUIT/ROOT EXTRACT,,
8727,POLYETHYLENE NAPHTHALATE,,
8728,PIPER ANGUSTIFOLIUM LEAF EXTRACT,,
8729,ACRYLATES/PALMETH-25 ITACONATE COPOLYMER,,
8730,POTASSIUM RAPESEEDATE,85995-94-4,
8731,PITHECELLOBIUM TENUE WOOD EXTRACT,,
8732,AQUAMARINE EXTRACT,,
8733,PINUS PINASTER CALLUS POWDER,,
8734,ROSA GALLICA CALLUS EXTRACT,,
8735,CORDYLINE TERMINALIS LEAF EXTRACT,,
8736,BELTIA HYACINTHE ROOT EXTRACT,,
8737,LACTOBACILLUS/LEDEBOURIELLA DIVARICATA ROOT/ANGELICA DAHURICA ROOT/ANGELICA TENUISSIMA ROOT/MAGNOLIA LILIFLORA BUD/ASARUM SIEBOLDI ROOT/PAEONIA SUFFRUTICOSA ROOT/CNIDIUM OFFICINALE ROOT/ANGELICA GIGAS ROOT/AUCKLANDIA LAPPA ROOT/ACHYRANTHES JAPONICA ROOT/EUCOMMIA ULMOIDES BARK/ANGELICA PUBESCENS ROOT/ACONITUM KOREANUM ROOT FERMENT FILTRATE,,
8738,ORIGANUM MAJORANA FLOWER/LEAF/STEM OIL,84082-58-6,
8739,POLYQUATERNIUM-28,131954-48-8,
8740,POSTELSIA PALMAEFORMIS THALLUS EXTRACT,,
8741,OSTREA EDULIS EXTRACT,94465-79-9,
8742,PERFLUORONONYLETHYL DIMETHICONE/METHICONE COPOLYMER,,
8743,CYPERUS PAPYRUS STEM EXTRACT,,
8744,THEOBROMA CACAO SHELL EXTRACT,84649-99-0,
8745,CETYL GLYCOL ISOSTEARATE,247232-39-9,
8746,CALCIUM UNDECYLENATE,1322-14-1,
8747,BIS-ETHYL ETHYL METHICONE,,
8748,TORREYA CALIFORNICA OIL,,
8749,LYCOPUS COREANUS LEAF EXTRACT,,
8750,NELUMBO NUCIFERA LEAF/OROSTACHYS JAPONICA/SAURURUS CHINENSIS EXTRACT,,
8751,METHOXYCINNAMOYLPROPYL SILSESQUIOXANE SILICATE,,
8752,DAPHNE GENKWA BUD EXTRACT,,
8753,BAMBUSA VULGARIS CALLUS CULTURE EXTRACT,91771-33-4,
8754,PPG-1-CETETH-10,9087-53-0 / 37311-01-6,
8755,HELIANTHUS ANNUUS SPROUT EXTRACT,84776-03-4 / 8001-21-6,
8756,CYMBOPOGON SCHOENANTHUS LEAF EXTRACT,89998-16-3,
8757,HORSE FAT,,
8758,BENZALKONIUM SEPIOLITE,,
8759,CREATINE,57-00-1 / 6020-87-7,
8760,ISOPROPYL C12-15-PARETH-9 CARBOXYLATE,,
8761,TOUKI,,
8762,FINGER LEATHER CORAL EXTRACT,,
8763,CETYL LAURATE,20834-06-4,
8764,BETA-GLUCAN,26874-89-5,
8765,DICENTRA SPECTABILIS FLOWER EXTRACT,,
8766,PEG-8 TRISILOXANE,27306-78-1,
8767,BENZOPHENONE-3,131-57-7,
8768,GLYCERYL/SORBITOL OLEATE/HYDROXYSTEARATE,,
8769,DEFINED CELL CULTURE MEDIA 6,,
8770,OPUNTIA STREPTACANTHA STEM EXTRACT,,
8771,STREPTOMYCES LIVIDANS FERMENT FILTRATE EXTRACT,,
8772,CASTOR/OLIVE OIL ESTERS,,
8773,POTATO SH-POLYPEPTIDE-1,,
8774,HYDROLYZED DROSERA RAMENTACEA LEAF,94349-76-5,
8775,TETRAPEPTIDE-44,,
8776,LACTOBACILLUS/CHANGBAI GINSENG FERMENT FILTRATE,,
8777,HYDROLYZED SOYBEAN SEEDCAKE/MDI COPOLYMER,,
8778,PRUNUS AVIUM FRUIT WATER,85566-22-9,
8779,SACCHAROMYCES/PHELLODENDRON AMURENSE BARK FERMENT EXTRACT,,
8780,VP/DIMETHICONYLACRYLATE/POLYCARBAMYL/POLYGLYCOL ESTER,,
8781,C10-18 TRIGLYCERIDES,85665-33-4,
8782,SACCHAROMYCES/PUNICA GRANATUM FRUIT FERMENT FILTRATE,,
8783,POLYGLYCERYL-3 PENTAOLIVATE,,
8784,PLANTAGO OVATA HUSK POWDER,,
8785,DAUCUS CAROTA SATIVA JUICE,84929-61-3,
8786,CYMBOPOGON BOMBYCINUS LEAF EXTRACT,1415551-73-3,
8787,SYRINGA VULGARIS MERISTEM CELL CULTURE,90063-50-6,
8788,CITRUS NATSUDAIDAI PEEL OIL,,
8789,ARTEMISIA PRINCEPS LEAF/EQUISETUM ARVENSE/HOUTTUYNIA CORDATA EXTRACT,,
8790,PRUNUS DOMESTICA SEED EXTRACT,90082-87-4,
8791,SIGESBECKIA GLABRESCENS EXTRACT,,
8792,PINUS DENSIFLORA SEED OIL,92202-05-6,
8793,OCTYLDODECYL DILINOLEIC ACID/PROPANEDIOL COPOLYMER,,
8794,ASPERGILLUS/PANAX GINSENG ROOT FERMENT EXTRACT FILTRATE,,
8795,GLUCURONOLACTONE,32449-92-6,
8796,STEARAMIDO DIHYDROXYCHOLANOIC ACID,246529-23-7,
8797,LACTOBACILLUS FERMENT,,
8798,SACCHAROMYCES/GLUCOSE/ACEROLA FRUIT/ALOE LEAF/APPLE FRUIT/AVERRHOA CARAMBOLA FRUIT/CARROT ROOT/CUCUMBER FRUIT/LAMINARIA DIGITATA/MUSA ACUMINATA FRUIT/PAPAYA FRUIT/PERILLA FRUTESCENS LEAF/PINEAPPLE FRUIT/RADISH ROOT/SPINACH LEAF/TOMATO FRUIT FERMENT EXTRACT FILTRATE,,
8799,CATALPA OVATA BARK/LEAF EXTRACT,,
8800,SAPINDUS RARAK FRUIT EXTRACT,,
8801,DIPROPYLHEPTYL CARBONATE,1238449-42-7,
8802,ETHYLHEXYL C10-40 ISOALKYL ACIDATE,,
8803,PERSEA GRATISSIMA WAX,,
8804,VIOLA MANDSHURICA FLOWER/SYRINGA VULGARIS/(SOLANUM MELONGENA/VITIS VINIFERA) FRUIT WATER,,
8805,DIMETHYL ADIPATE,627-93-0,
8806,HELIANTHUS TUBEROSUS ROOT EXTRACT,90045-97-9,
8807,BETULA PLATYPHYLLA JAPONICA BARK EXTRACT,223748-09-2,
8808,TANACETUM ANNUUM FLOWER OIL,,
8809,GALLOYL TRIPEPTIDE-7,,
8810,TETRAPEPTIDE-39,,
8811,OVUM SHELL MEMBRANE,,
8812,CERIPORIA LACERATA FERMENT FILTRATE,,
8813,ABIETYL ALCOHOL,666-84-2,
8814,VANILLA PLANIFOLIA SEED,8024-06-4 / 84650-63-5,
8815,ATRACTYLODES MACROCEPHALA ROOT POWDER,,
8816,RH-POLYPEPTIDE-67,,
8817,PEG-40 HYDROGENATED CASTOR OIL ISOSTEARATE,,
8818,NICOTINOYL TRIPEPTIDE-47,,
8819,OPUNTIA STREPTACANTHA FLOWER EXTRACT,,
8820,CAFFEINE BENZOATE,5743-17-9,
8821,VINCETOXICUM ATRATUM ROOT POWDER,,
8822,PERSEA GRATISSIMA OIL,8024-32-6,
8823,ALLIUM ODORUM EXTRACT,,
8824,GARDENIA TAITENSIS CALLUS EXTRACT,,
8825,ROSIN,8050-09-7,
8826,MELIA AZADIRACHTA FLOWER EXTRACT,90063-92-6,
8827,PALMITOYL METHOXYTRYPTAMINE,,
8828,LILIUM MARTAGON BULB EXTRACT,,
8829,JUGLANS REGIA SEED BUTTER,,
8830,C9-11 PARETH-40,169107-21-5,
8831,BACILLUS/MONASCUS/VANDA COERULEA CALLUS/RICE BRAN FERMENT FILTRATE,,
8832,MANGANESE SULFATE,7785-87-7 / 10124-55-7,
8833,LINARIA JAPONICA EXTRACT,,
8834,LACTOBACILLUS/ALOE LEAF/ANGELICA KEISKEI/BRASSICA OLERACEA ACEPHALA LEAF/CARROT LEAF/CARROT ROOT/CUCUMBER FRUIT/GRAPEFRUIT FRUIT/LAVANDER LEAF/MELISSA OFFICINALIS LEAF/ROSEMARY LEAF/TOMATO FRUIT FERMENT FILTRATE,,
8835,TOCOPHERETH-5,,
8836,PEG-4 DIMETHACRYLATE,,
8837,GLYCERYL ARACHIDONATE,35474-99-8,
8838,DIPROPYLENE GLYCOL DIBENZOATE,27138-31-4 / 94-51-9,
8839,HAKKA YU,,
8840,ACETYL OLIGOPEPTIDE-70,,
8841,GELIDIUM CARTILAGINEUM EXTRACT,94945-01-4,
8842,TALL OIL GLYCERIDES,97722-02-6,
8843,CURCUMINYL GLUTAROYL TRIPEPTIDE-7,,
8844,UNDARIA PINNATIFIDA LEAF/STEM EXTRACT,,
8845,LYCOPUS COREANUS CALLUS CULTURE EXTRACT,,
8846,HEXYLDECYL MYRISTOYL METHYLAMINOPROPIONATE,,
8847,RH-OLIGOPEPTIDE-33,,
8848,NELUMBIUM SPECIOSUM FLOWER EXTRACT,85085-51-4,
8849,CETYL ACETATE,629-70-9,
8850,ISOSTEARAMIDE MEA,54536-43-5,
8851,SODIUM LACTATE METHYLSILANOL,,
8852,CASSIA ANGUSTIFOLIA SEED EXTRACT,85187-05-9,
8853,DITRIMETHYLOLPROPANE TRIETHYLHEXANOATE,,
8854,SH-POLYPEPTIDE-54,,
8855,TEUCRIUM CANADENSE FLOWER/LEAF/STEM EXTRACT,,
8856,(GELIDIUM ELEGANS/LINGULATUM/REX/SESQUIPEDALE)/(GRACILARIA CHILENSIS/VERMICULOPHYLLA)/PTEROCLADIELLA TENUIS OLIGOSACCHARIDES,,
8857,OLIGOPEPTIDE-141,,
8858,MENTHA SPICATA LEAF EXTRACT,,
8859,SOLANUM UNDATUM FRUIT EXTRACT,,
8860,ACRYLOYLOXYETHYL PHTHALATE,30697-40-6,
8861,ERUCYL ARACHIDATE,,
8862,ACETYL TETRAPEPTIDE-17,,
8863,GLYCERYL HYDROGENATED RAPESEEDATE,,
8864,COCONUT OIL PPG-2-PEG-6 ESTERS,,
8865,LOTUS CORNICULATUS FLOWER EXTRACT,84696-24-2,
8866,DENDROBIUM CANDIDUM CALLUS POWDER,,
8867,SACCHAROMYCES/HYDROLYZED STACHYS AFFINIS TUBER FERMENT FILTRATE,,
8868,EMBELIA RIBES ROOT POWDER,93165-23-2,
8869,REYNOUTRIA SACHALINENSIS SPROUT EXTRACT,,
8870,LIQUIDAMBAR STYRACIFLUA FRUIT EXTRACT,,
8871,ISOSORBIDE,652-67-5,
8872,DEXTRIN PALMITATE/STEARATE,,
8873,ISOSTEARYL PALMITATE,72576-80-8,
8874,BIOSACCHARIDE GUM-4,905593-86-4,
8875,AMP-ACRYLATES COPOLYMER,,
8876,R-(SH-POLYPEPTIDE-102 METHIONYL S-PENTADIPLANDRA BRAZZEANA DEFENSIN-LIKE PROTEIN),,
8877,HYSSOPUS OFFICINALIS LEAF OIL,8006-83-5 / 84603-66-7,
8878,BRASSICA OLERACEA ACEPHALA LEAF EXTRACT,,
8879,LACTOBACILLUS/PHYLLOSTACHYS PUBESCENS STEM/HONEY FERMENT FILTRATE,,
8880,CYTISUS SCOPARIUS FLOWER CERA,84696-48-0,
8881,PANAX GINSENG SEED EXTRACT,84650-12-4,
8882,SYNECHOCOCCUS ELONGATUS/ALGAE FERMENT,,
8883,STERCULIA PLATANIFOLIA BRANCH/LEAF EXTRACT,,
8884,EISENIA ARBOREA EXTRACT,,
8885,LAGENARIA SPHAERICA SEED OIL,,
8886,NONAPEPTIDE-35,,
8887,BUTYROSPERMUM PARKII BUTTER EXTRACT,91080-23-8,
8888,METHYLHEPTYL LAURATE,,
8889,CERASUS YOUKOU FLOWER POWDER,,
8890,GADI IECUR OIL,8001-69-2,
8891,ALPINIA INTERMEDIA SEED POWDER,,
8892,ASTROCARYUM TUCUMA SEED BUTTER,942505-39-7,
8893,POLYGLYCERYL-4 PENTASTEARATE,99570-00-0,
8894,LANNEA COROMANDELICA BARK EXTRACT,,
8895,TRIPEPTIDE-46 HEXAPEPTIDE-40 DECAPEPTIDE-27 METHIONYL OLIGOPEPTIDE-133,,
8896,BENZYLSULFONYL D-SERYL HOMOPHENYLALANINE AMIDINOBENZAMIDE ACETATE,,
8897,ASPERGILLUS/SOYBEAN SHOOT FERMENT EXTRACT,,
8898,LIGULARIA FISHCERI LEAF EXTRACT,,
8899,AKEBIA TRIFOLIATA STEM EXTRACT,,
8900,ZANTHOXYLUM AVICENNAE BARK EXTRACT,102242-62-6,
8901,HYDROLYZED DROSERA ROTUNDIFOLIA LEAF,,
8902,HYDROGENATED JOJOBA OIL,92457-12-0 / 61789-91-1,
8903,CHOLESTERYL OLEYL CARBONATE,17110-51-9,
8904,EUPHORBIA LONGAN FRUIT EXTRACT,,
8905,HYDROLYZED SOY PROTEIN EXTRACT,,
8906,SH-OLIGOPEPTIDE-16,,
8907,GLYCERYL ACRYLATE/ACRYLIC ACID COPOLYMER,,
8908,CHINESE HAMSTER OVARY CELL CONDITIONED MEDIA,,
8909,BRASSICA OLERACEA CAPITATA SPROUT EXTRACT,,
8910,VINCA MINOR LEAF EXTRACT,84012-41-9,
8911,PHOENIX DACTYLIFERA FRUIT POWDER,90027-90-0,
8912,LAURYL DODECENYLSUCCINATE,,
8913,PARKIA BIGLOBOSA OLIGOSACCHARIDES,,
8914,VIROLA SURINAMENSIS SEED BUTTER,1977518-38-9,
8915,POTHOMORPHE UMBELLATA LEAF EXTRACT,,
8916,KEIHI YU,,
8917,ACETYL PENTAPEPTIDE-55 AMIDE,,
8918,KASSOU,,
8919,TUSSILAGO FARFARA CALLUS CULTURE EXTRACT,84625-50-3,
8920,IPOMOEA HEDERACEA SEED EXTRACT,90045-87-7,
8921,STREPTOMYCES TSUKUBAENSIS EXTRACT,,
8922,HEXAPEPTIDE-62 DIMER,,
8923,VINYL CHLORIDE/VINYL LAURATE COPOLYMER,,
8924,TRIISONONANOIN,56554-53-1 / 206354-95-2,
8925,POTASSIUM GLUCOHEPTONATE,23167-96-6,
8926,CITRUS AURANTIUM DULCIS FLOWER WAX,,
8927,SCHIZOPHYLLUM COMMUNE/PANAX GINSENG FERMENT FILTRATE,,
8928,POTASSIUM CELLULOSE SUCCINATE,,
8929,HYDROLYZED SPONGIN,,
8930,GLYCERETH-5 LACTATE,,
8931,BIFIDA FERMENT LYSATE,96507-89-0,
8932,NICOTINAMIDE ADENINE DINUCLEOTIDE,53-84-9,
8933,JUNIPERUS CHINENSIS XYLEM EXTRACT,91722-60-0,
8934,TORREYA GRANDIS FRUIT OIL,,
8935,SR-RAINBOW TROUT OLIGOPEPTIDE-1 SH-OLIGOPEPTIDE-1,,
8936,DILINOLEIC ACID/DILINOLEYL ALCOHOL/PROPANEDIOL COPOLYMER,,
8937,ETHYLHEXYL HYDROXYSTEAROYL HYDROXYSTEARATE,,
8938,HEXAPEPTIDE-58,,
8939,SWEET ALMOND AMINO ACIDS,,
8940,HYDROLYZED JELLYFISH EXTRACT,,
8941,HANSENULA/KLOECKERA/LACTOBACILLUS/LACTOCOCCUS/LEUCONOSTOC/PEDIOCOCCUS/SACCHAROMYCES/FIG/LEMON FERMENT,,
8942,METSCHNIKOWIA/PANAX GINSENG LEAF/STEM FERMENT FILTRATE,,
8943,HYDROLYZED SISYMBRIUM IRIO SEEDCAKE,92202-26-1,
8944,HYPERICUM PERFORATUM FLOWER/LEAF/STEM EXTRACT,84082-80-4,
8945,CITRUS JABARA PEEL EXTRACT,,
8946,AMMONIUM ACRYLATES/ETHYLHEXYL ACRYLATE COPOLYMER,,
8947,PALMITOYL TRIPEPTIDE-28,,
8948,ALNUS JAPONICA BARK EXTRACT,,
8949,ACETYL HEXAPEPTIDE-39,,
8950,OSTRICH EGG YOLK EXTRACT,,
8951,PYRUS CYDONIA FLOWER EXTRACT,90106-03-9,
8952,TRI-C12-13 ALKYL CITRATE,,
8953,TRISILOXANEPROPYL GLYCERYL METHACRYLATE,69861-02-5,
8954,PYRIDOXINE TRIS-HEXYLDECANOATE,,
8955,ISODECYL COCOATE,,
8956,ACETYL BENZOYLOXY PRASTERONE,307976-92-7,
8957,TETRAPEPTIDE-36,,
8958,PERFLUOROISOHEXANE,355-04-4,
8959,C20-24 OLEFIN,93924-10-8,
8960,DIGLYCERETH-7 MALATE,,
8961,ISOSTEARAMIDE DEA,52794-79-3,
8962,TRACHELOSPERMUM ASIATICUM FLOWER/LEAF/STEM EXTRACT,,
8963,VACCINIUM MYRTILLUS SEED OIL,84082-34-8,
8964,METHYL ACETYLGLYCYRRHETINOYL HYDROXYPROLINATE,,
8965,FEVILLEA TRILOBATA SEED OIL,,
8966,LACTOBACILLUS/ROSA CENTIFOLIA FLOWER EXTRACT FERMENT FILTRATE,,
8967,SODIUM ACRYLATES/C10-30 ALKYL ACRYLATE CROSSPOLYMER,,
8968,PYRUS CYDONIA SEED EXTRACT,90106-03-9,
8969,ACER TEGMENTOSUM STEM EXTRACT,,
8970,NYLON-66,32131-17-2,
8971,SPARASSIS LATIFOLIA POWDER,,
8972,BACILLUS/LYCIUM CHINENSE FRUIT/REHMANNIA GLUTINOSA ROOT/CUSCUTA CHINENSIS FRUIT/CISTANCHE DESERTICOLA/ZANTHOXYLUM PIPERITUM FRUIT/CHRYSANTHEMUM MORIFOLIUM FRUIT/PORIA COCOS/ CINNAMOMUM CASSIA FERMENT,,
8973,ECHINACEA ANGUSTIFOLIA MERISTEM CELL CULTURE,84696-11-7,
8974,TRANSGENIC RICE RH-OLIGOPEPTIDE-2,,
8975,HYDROLYZED CORNUS WALTERI LEAF EXTRACT,,
8976,RHEUM TANGUTICUM ROOT EXTRACT,,
8977,SH-POLYPEPTIDE-11 DIPEPTIDE-35 OLIGOPEPTIDE-91 DIPEPTIDE- 19 HEXAPEPTIDE-40,,
8978,METHYLSILANOL/SILICATE CROSSPOLYMER,68584-81-6,
8979,HYDROLYZED PYRUS MALUS PECTIN EXTRACT,,
8980,TSUGA CANADENSIS LEAF EXTRACT,90045-63-9,
8981,EUCOMMIA ULMOIDES PERICARP EXTRACT,223749-00-6,
8982,LENTINUS EDODES/LICORICE ROOT EXTRACT FERMENT FILTRATE,,
8983,ARTEMISIA HERBA-ALBA FLOWER EXTRACT,84775-75-7,
8984,CORNUS CONTROVERSA WOOD EXTRACT,,
8985,ANACARDIUM OCCIDENTALE SEED OIL,8007-24-7,
8986,PALMITOYL HEXAPEPTIDE-12,171263-26-6,
8987,HEXANEDIOL DISALICYLATE,,
8988,METHIONYL SH-POLYPEPTIDE-7 DIPEPTIDE-19 SR-SPIDER POLYPEPTIDE-4 HEXAPEPTIDE 40,,
8989,LINSEED OIL ASCORBATE ESTERS,8001-26-1,
8990,CYCNOCHES COOPERI EXTRACT,,
8991,SAFFLOWER SEED OIL POLYGLYCERYL-4 ESTERS,,
8992,OTOGIRISOU EKISU,,
8993,PAEONIA ROCKII SEED OIL,,
8994,KOJIC DIPALMITATE,79725-98-7,
8995,BIS-PEG/PPG-15/5 DIMETHICONE,,
8996,ALBIZIA JULIBRISSIN FLOWER EXTRACT,,
8997,FICUS CARICA FRUIT POWDER,90028-74-3,
8998,RESEDA LUTEOLA FLOWER/LEAF/STEM EXTRACT,90106-16-4,
8999,SILENE VELUTINA EXTRACT,,
9000,HYDROLYZED OYSTER EXTRACT,,
9001,ASPERGILLUS/SOYBEAN SEED FERMENT FILTRATE,,
9002,SINORHIZOBIUM MELILOTI FERMENT FILTRATE,,
9003,CETYL-PG HYDROXYETHYL PALMITAMIDE,110483-07-3,
9004,COPPER PALMITOYL HEPTAPEPTIDE-14,,
9005,COCCINIA INDICA FRUIT EXTRACT,,
9006,METHOXY PEG-100/EPSILON CAPROLACTONE/SEBACATE COPOLYMER,,
9007,DISODIUM C12-15 PARETH SULFOSUCCINATE,,
9008,APHANIZOMENON FLOS-AQUAE POWDER,,
9009,ACETYL SH-TETRAPEPTIDE-39,,
9010,TDI OXIDIZED MICROCRYSTALLINE WAX,,
9011,ISOBORNYL METHACRYLATE,7534-94-3,
9012,HOPLOSTETHUS OIL,91078-99-8,
9013,PROPYLENE GLYCOL STEARATE,1323-39-3 / 142-75-6,
9014,COMMIPHORA ABYSSINICA RESIN EXTRACT,9000-45-7,
9015,OXALIS TRIANGULARIS OIL,,
9016,MAGNESIUM TRISILICATE,14987-04-3,
9017,DELPHINIUM CONSOLIDA/LONICERA CAPRIFOLIUM/CALENDULA OFFICINALIS/CENTAUREA CYANUS) FLOWER EXTRACT,,
9018,ACRYLATES/C10-30 ALKYL ACRYLATE CROSSPOLYMER,,
9019,PANTOTHENAMIDE MEA,,
9020,CARPINUS CORDATA LEAF EXTRACT,,
9021,HUMAN AMNIOTIC FLUID INDUCED PLURIPOTENT CELL CULTURE CONDITIONED MEDIA,,
9022,CHOLESTERYL CHLORIDE,910-31-6,
9023,METHYLENEDIOXYBENZOYL ETHYL PABA,,
9024,PALMITOYL DIPEPTIDE-13,,
9025,RH-POLYPEPTIDE-82,,
9026,C30-60 ALKYL DIMETHICONE,,
9027,PHASEOLUS ANGULARIS CALLUS CULTURE EXTRACT,93685-37-1,
9028,ZOSTERA MARINA CALLUS EXTRACT,,
9029,SAFFLOWEROYL CYSTEINE,,
9030,ISOPROPYL BABASSUATE,,
9031,DIETHYLHEXYL SUCCINATE,2915-57-3,
9032,AESCULUS HIPPOCASTANUM/PAVIA FLOWER EXTRACT,,
9033,NONFAT DRY MILK EXTRACT,,
9034,PERFLUOROPERHYDROPHENANTHRENE,306-91-2,
9035,CALLIANDRA PORTORICENSIS SYMBIOSOME EXTRACT,,
9036,SALIX ALBA BARK WATER,84082-82-6,
9037,OATAMIDOPROPYL BETAINE,,
9038,GLYCERYL DIHYDROXYSTEARATE,78616-19-0,
9039,EUPHORBIA SUPINA LEAF/STEM EXTRACT,,
9040,POLY[OXYMETHYLENE MELAMINE ACRYLATES/ACRYLAMIDE],,
9041,EPHEDRA DISTACHYA EXTRACT,90028-29-8,
9042,EUTERPE EDULIS FRUIT EXTRACT,,
9043,MACROTOMIA EUCHROMA ROOT EXTRACT,,
9044,HYDROLYZED LOLA IMPLEXA EXTRACT,,
9045,DICOCOYL PENTAERYTHRITYL DISTEARYL CITRATE,,
9046,CEREBROSIDES,85116-74-1,
9047,XYLARIA NIGRIPES FERMENT FILTRATE,,
9048,LAURYLGLUCOSIDES HYDROXYPROPYLTRIMONIUM CHLORIDE,,
9049,NICOTINOYL PENTAPEPTIDE-20,,
9050,CHAMAECRISTA NOMAME EXTRACT,,
9051,PEG-7 PROPYLHEPTYL ETHER,,
9052,SH-PENTAPEPTIDE-5,,
9053,BIS-(C1-8 ALKYL LAUROYL LYSINE DECYLCARBOXAMIDE) DIMETHICONE,,
9054,PARONYCHIA ARGENTEA LEAF EXTRACT,,
9055,HELICHRYSUM ITALICUM ROOT EXTRACT,,
9056,ZEA MAYS GERM EXTRACT,,
9057,IPOMOEA HEDERACEA SEED POWDER,90045-87-7,
9058,INULA CRITHMOIDE FLOWER/LEAF EXTRACT,,
9059,PRUNUS SEROTINA FRUIT EXTRACT,84604-07-9,
9060,ARCTIUM MAJUS ROOT EXTRACT,84649-87-6,
9061,MYRISTOYL HEXAPEPTIDE-4,,
9062,PEG-15/LAURYL DIMETHICONE CROSSPOLYMER,,
9063,SEAHORSE EXTRACT,,
9064,METHOXY PEG/PPG-25/4 DIMETHICONE,,
9065,ATRACTYLODES MACROCEPHALA ROOT/STALK POWDER,,
9066,DILSEA CARNOSA EXTRACT,,
9067,RH-POLYPEPTIDE-45,,
9068,DITRIDECYL ADIPATE,16958-92-2,
9069,TRIDECYL ERUCATE,131154-74-0,
9070,ACTINIDIA POLYGAMA LEAF EXTRACT,,
9071,MENTHYL NICOTINATE,40594-65-8,
9072,NELUMBO NUCIFERA SEED POWDER,85085-51-4,
9073,CALCIUM ASPARTATE,21059-46-1,
9074,FERRIC SULFATE,10028-22-5,
9075,PEG-7 CARAPA GUIANENSIS GLYCERYL ESTERS,,
9076,PRUNUS SPECIOSA BARK EXTRACT,,
9077,HIPPOPHAE RHAMNOIDES HUSK POWDER,90106-68-6,
9078,DISODIUM INOSINATE,131-99-7 / 4691-65-0,
9079,MYRISTYL 2-GLYCERYL ASCORBATE,,
9080,GARCINIA INDICA SEED BUTTER,,
9081,SPHINGOLIPIDS,85116-74-1,
9082,ACRONYCHIA PEDUNCULATA BARK EXTRACT,,
9083,VISNADINE,477-32-7,
9084,SERENOA SERRULATA FRUIT POWDER,84604-15-9,
9085,SERRALYSIN,37312-62-2,
9086,ETHYLHEXYL PELARGONATE,59587-44-9,
9087,RUBUS FRUTICOSUS LEAF CELL EXTRACT,,
9088,SACCHAROMYCES/RICE LEES FERMENT LYSATE,,
9089,TALINUM PANICULATUM EXTRACT,,
9090,MALUS BACCATA FRUIT/LEAF/STEM EXTRACT,,
9091,BUTENE/PROPYLENE COPOLYMER,29160-13-2,
9092,RUBUS STRIGOSUS SEED,,
9093,DIMYRISTYL TARTRATE,94237-18-0,
9094,PPG-5 LANOLIN WAX,71990-25-5,
9095,CRYPTOMERIA JAPONICA BUD EXTRACT,91771-60-7,
9096,ETHYLENE/MAGNESIUM ACRYLATE COPOLYMER,27515-37-3,
9097,CENTELLA ASIATICA/CHAMOMILLA RECUTITA (MATRICARIA) FLOWER/(CAMELLIA SINENSIS/ROSMARINUS OFFICINALIS /ZEA MAYS LEAF)/(GLYCYRRHIZA GLABRA/POLYGONUM CUSPIDATUM/SCUTELLARIA BAICALENSIS ROOT) EXTRACT,,
9098,SORBETH-2 HEXAOLEATE,,
9099,SULFATED CASTOR OIL,8002-33-3,
9100,RHEUM PALMATUM ROOT/STALK EXTRACT,90106-27-7 / 8016-55-5,
9101,EURYA JAPONICA EXTRACT,,
9102,PICEA GLAUCA BARK EXTRACT,,
9103,LAURYL ALCOHOL,112-53-8,
9104,LEUCONOSTOC/GRAPE JUICE FERMENT FILTRATE,,
9105,OCTOCRYLENE,6197-30-4,
9106,PSEUDOALTEROMONAS FERMENT LYSATE EXTRACT FILTRATE,,
9107,SD ALCOHOL 39-D,,
9108,BRYONOLIC ACID,24480-45-3,
9109,LACTARIUS HATSUDAKE FRUITING BODY EXTRACT,,
9110,DODECANEDIOIC ACID,693-23-2,
9111,NICOTIANA BENTHAMIANA SH-POLIPEDTIDE-45,,
9112,HEXANOYL DIPEPTIDE-3 NORLEUCINE ACETATE,,
9113,PPG-70 GLYCERYL ETHER,25791-96-2,
9114,PPG-15 STEARATE,25190-52-7,
9115,PROPYLENE GLYCOL/SEBACIC ACID/TRIMELLITIC ANHYDRIDE COPOLYMER,,
9116,PEG/PPG-12/16 DIMETHICONE,,
9117,ISODECYL OLEATE,59231-34-4,
9118,ISOBUTYLENE/ISOPRENE COPOLYMER,9010-85-9,
9119,LACTOBACILLUS/CITRUS AURANTIUM DULCIS PEEL EXTRACT FERMENT FILTRATE,,
9120,PAEONIA LACTIFLORA FLOWER WATER,,
9121,FRAGARIA ANANASSA CALLUS POWDER,1175540-74-5,
9122,ARTEMISININ,63968-64-9,
9123,SACCHAROMYCES/OPAL/MOTHER OF PEARL/TURQUOISE/DIAMOND FERMENT LYSATE FILTRATE,,
9124,GUANIDINOPENTYL PHENYLISOXAZOLECARBOXAMIDE,,
9125,CYSTOSEIRA AMENTACEA/CAESPITOSA BRANCHYCARPA EXTRACT,,
9126,GERANYLGERANIOL,24034-73-9,
9127,GASTRODIN,62499-27-8,
9128,AMARANTHUS HYPOCHONDRIACUS SEED EXTRACT,90320-45-9,
9129,OZONIZED CASTOR OIL,,
9130,KADSURA JAPONICA BRANCH/FRUIT/LEAF EXTRACT,,
9131,TRICYCLODECANEMETHYL ISONONANOATE,1550167-48-0,
9132,PENTAPEPTIDE-45,,
9133,SACCHAROMYCES/MELON FRUIT/SUCROSE FERMENT FILTRATE,,
9134,PIKEA ROBUSTA EXTRACT,,
9135,TRAPA NATANS PEEL EXTRACT,,
9136,PPG-23-STEARETH-34,9038-43-1,
9137,POLY(METHOXY PEG-9 METHACRYLATE),,
9138,RUBIA CORDIFOLIA ROOT POWDER,91845-24-8,
9139,DIDECYL ETHER,2456-28-2,
9140,BERCHEMIA LINEATA LEAF EXTRACT,,
9141,CARTHAMUS TINCTORIUS FLOWER POWDER,,
9142,WILD BOAR PLATELET EXTRACT,,
9143,KJELLMANIELLA GYRATA EXTRACT,,
9144,ROSA HYBRID FLOWER,,
9145,FAGOPYRUM TATARICUM SEED EXTRACT,,
9146,HALIDRYS SILIQUOSA EXTRACT,,
9147,TEA-ROSINATE,61790-65-5,
9148,MACHILUS JAPONICA EXTRACT,,
9149,PRUNUS SUBHIRTELLA ASCENDENS LEAF EXTRACT,,
9150,POLYPENTAERYTHRITYL TEREPHTHALATE,,
9151,VITIS VINIFERA,85594-37-2 / 84929-27-1,
9152,PELVETIA SILIQUOSA EXTRACT,,
9153,PEG/PPG-23/6 DIMETHICONE,,
9154,ALPINIA INTERMEDIA LEAF/STEM POWDER,,
9155,MONASCUS/RICE FERMENT FILTRATE,,
9156,CENTELLA ASIATICA/CHAMOMILLA RECUTITA FLOWER/LEAF)/EXTRACT,,
9157,UBIQUINOL,56275-39-9,
9158,COMMIPHORA GILEADENSIS FLOWER EXTRACT,,
9159,LITHOSPERMUM ROOT EXTRACT SERUM ALBUMIN SUCCINATE,,
9160,PYRUS MALUS FIBER,85251-63-4,
9161,SACCHARINA ANGUSTATA/UNDARIA PINNATIFIDA EXTRACT,,
9162,TITHONIA DIVERSIFOLIA FLOWER/LEAF/STEM EXTRACT,,
9163,POLYVINYL ISOBUTYL ETHER,9003-44-5,
9164,ACETYL TETRAPEPTIDE-11,,
9165,TOCOPHERYL DIMETHYLGLYCINATE,124508-70-9,
9166,OCIMUM BASILICUM MERISTEM CELL CULTURE EXTRACT,,
9167,C18-30 ACID GLYCOL ESTER,,
9168,GLYCOL DIBEHENATE,79416-55-0 / 344-64-8,
9169,AMINOPROPYL KOJYL PHOSPHATE,,
9170,ROSA MULTIFLORA FRUIT,97593-51-6,
9171,PROPYLENE GLYCOL ISOCETETH-3 ACETATE,93385-13-8 / 178900-23-7,
9172,MALVA ROTUNDIFOLIA FLOWER EXTRACT,90063-81-3,
9173,POLYGLYCERYL-10 HEXAISOSTEARATE,,
9174,RH-OLIGOPEPTIDE-17,,
9175,SH-POLYPEPTIDE-38,,
9176,TETRAPEPTIDE-56 DIMER,,
9177,HYDROLYZED SOYBEAN SEED,,
9178,SODIUM PYRUVATE,113-24-6,
9179,CITRUS AURANTIFOLIA SEED OIL,8008-26-2 / 90063-52-8,
9180,STEARAMIDE MEA-STEARATE,14351-40-7,
9181,GLYCERETH-7 TRIMETHYL ETHER,305812-16-2,
9182,ALMOND OIL PEG-8 ESTERS,,
9183,SPHINGOBACTERIUM FERMENT EXTRACT,,
9184,PHYSCOMITRELLA PATENS PROTONEMA EXTRACT,,
9185,LACTOBACILLUS/CENTELLA ASIATICA EXTRACT FERMENT FILTRATE,,
9186,CETYL MYRISTATE,2599-01-1,
9187,LACTOBACILLUS/GANODERMA LUCIDUM FRUITING BODY/(LYCIUM CHINENSE FRUIT/LEAF)/(EUCOMMIA ULMOIDES/SASA VEITCHII LEAF)/(HOUTTUYNIA CORDATA LEAF/STEM)/(ELEUTHEROCOCCUS SENTICOSUS/PLATYCODON GRANDIFLORUS ROOT) EXTRACT/HONEY FILTRATE FERMENT,,
9188,HYDROLYZED ANTLER VELVET EXTRACT,,
9189,ACANTHOPANAX KOREANUM FRUIT EXTRACT,,
9190,CENTELLA ASIATICA LEAF CELL EXTRACT,,
9191,GALLIUM MALTOLATE,108560-70-9,
9192,ALPINIA ZERUMBET LEAF/STEM WATER,,
9193,DIPENTAERYTHRITYL TETRAHYDROXYSTEARATE/TETRAISOSTEARATE,,
9194,OCTYLDODECYL SHEA BUTTERATE,,
9195,PARAFFINUM LIQUIDUM,8012-95-1 / 8042-47-5,
9196,CARYA OVATA BARK EXTRACT,91723-46-5,
9197,SACCHAROMYCES/PUERARIA LOBATA SYMBIOSOME EXTRACT FERMENT,,
9198,PUERARIA LOBATA ROOT POWDER,223748-08-1,
9199,PEUCEDANUM JAPONICUM ROOT EXTRACT,,
9200,SUNFLOWERAMIDE MEA,69227-24-3,
9201,GANODERMA AMBOINENSE (MUSHROOM)/APPLE FERMENT EXTRACT FILTRATE,,
9202,SCHKUHRIA PINNATA EXTRACT,,
9203,SAURURUS CHINENSIS LEAF/STEM EXTRACT,,
9204,ISOSTEARYL GLYCOLATE,159317-32-5,
9205,LACTOBACILLUS/SACCHAROMYCES/RHODOBACTER/SUCROSE/RICE EXTRACT/LEMON FRUIT FERMENT FILTRATE,,
9206,PICEA MARIANA BARK EXTRACT,,
9207,ANIBA ROSODORA WOOD OIL,8015-77-8,
9208,MAGNESIUM ASPARTATE,2068-80-6 / 18962-61-3,
9209,CALCIUM ACETATE,62-54-4,
9210,PENTAERYTHRITYL TRIACRYLATE,1245638-61-2,
9211,OLIGOPEPTIDE-106,,
9212,PPG-9-STEARETH-3,9038-43-1,
9213,LYCORIS CHEJUENSIS EXTRACT,,
9214,PANAX GINSENG ROOT OIL,50647-08-0,
9215,SALVIA OFFICINALIS FLOWER/LEAF/STEM EXTRACT,84082-79-1,
9216,HYPOCHOERIS RADICATA EXTRACT,,
9217,ACETOBACTER/BACILLUS/LACTOBACILLUS/SACCHAROMYCES/RICE/BARLEY/SOYBEAN/CABBAGE/LETTUCE/SPINACH/GRAPE/APPLE/BLUEBERRY/STRAWBERRY/RASPBERRY/CRANBERRY/THYME/ROSEMARY/ALLIUM TUBEROSUM/CITRUS UNSHIU/VACCINIUM MYRTILLUS/ROSA CANINA/CYMBOPOGON SCHOENANTHUS/ERIOCEPHALUS PUNCTULATUS/SEED/FRUIT FERMENT FILTRATE,,
9218,COPPER AMINOACETYLAMINO IMIDAZOLYL PROPANOATE,,
9219,LACTOBACILLUS/PERSIMMON FRUIT JUICE EXTRACT,,
9220,ERIGERON CANADENSIS FLOWER EXTRACT,85166-76-3,
9221,PHYTOGLOBIN,,
9222,CORNAMIDE/COCAMIDE DEA,,
9223,BACILLUS/COIX LACRYMA-JOBI MA-YUEN SEED/SOYBEAN FERMENT FILTRATE,,
9224,CITRUS JUNOS FRUIT EXTRACT,,
9225,ARCTIUM MINUS ROOT EXTRACT,84649-88-7,
9226,GALACTURONIC ACID,685-73-4,
9227,ACRYLATES/BEHENYL ACRYLATE/DIMETHICONE METHACRYLATE COPOLYMER,,
9228,CHOLESTERYL/BEHENYL/OCTYLDODECYL LAUROYL GLUTAMATE,244023-78-7,
9229,PIPERONYL BUTOXIDE,51-03-6,
9230,ARALIA RACEMOSA EXTRACT,89957-50-6,
9231,GLYCIDYL C8-11 ACIDATE/GLYCERIN/PHTHALIC ANHYDRIDE COPOLYMER,,
9232,CITRUS MADURENSIS FRUIT JUICE,,
9233,BOESENBERGIA PANDURATA ROOT OIL,,
9234,PRUNUS MUME BRANCH/BUD/LEAF/TWIG WATER,,
9235,CITRUS LIMON LEAF CELL EXTRACT,92346-89-9 / 84929-31-7,
9236,HOTTONIA PALUSTRIS FLOWER EXTRACT,,
9237,OXALIS HEDYSAROIDES OIL,,
9238,TETRADECYLOCTADECYL HEXYLDECANOATE,93982-00-4,
9239,LACTOBACILLUS/HYDROLYZED COLLAGEN FERMENT FILTRATE EXTRACT,,
9240,LOTUS JAPONICUS SYMBIOSOME EXTRACT,,
9241,CYDONIA OBLONGA FRUIT WATER,,
9242,COPPER GLUCONATE,527-09-3,
9243,BAPTISIA TINCTORIA ROOT EXTRACT,84775-46-2,
9244,APRICOT KERNEL OIL PEG-6 ESTERS,69071-70-1,
9245,AMINOPROPYL TOCOPHERYL PHOSPHATE,348099-49-0,
9246,LACTOBACILLUS FERMENT LYSATE,,
9247,CURCUMA PIERREANA ROOT EXTRACT,,
9248,METHOXYPOLYOXYMETHYLENE MELAMINE,68002-20-0,
9249,NELUMBO NUCIFERA FLOWER POWDER,85085-51-4,
9250,ISOSORBIDE DICAPRYLATE,,
9251,BORAGO OFFICINALIS/LAVANDULA ANGUSTIFOLIA/HYACINTHUS ORIENTALIS/SALVIA SCLAREA/(CENTAUREA CYANUS/CHAMOMILLA RECUTITA) FLOWER/CHAMOMILLA RECUTITA LEAF WATER,,
9252,DIPEPTIDE-8 HCL,,
9253,PENTADIPLANDRA BRAZZEANA ROOT EXTRACT,,
9254,POLYVINYL LAURATE,26246-91-3,
9255,HYDROGENATED PALM GLYCERIDE,91744-73-9,
9256,METHIONYL TRIPEPTIDE-46 HEXAPEPTIDE-40 DECAPEPTIDE-27 METHIONYL SH-POLYPEPTIDE-2,,
9257,HYDROXYPROPYL STREPTOCOCCUS ZOOEPIDEMICUS FERMENT FILTRATE,,
9258,OCTADECENE/MA COPOLYMER OCTADODECYL/BETA-SITOSTERYL ESTERS,1016160-84-1,
9259,METHYL GLUCOSE CAPRATE/CAPRYLATE/OLEATE,,
9260,TRIDECYL BEHENATE,42233-08-9,
9261,VIOLA PRIONANTHA POWDER,,
9262,BENZOGUANAMINE/FORMALDEHYDE/MELAMINE CROSSPOLYMER,,
9263,SACCHAROMYCES/CORNUS OFFICINALIS FRUIT/CNIDIUM OFFICINALE ROOT/REHMANNIA GLUTINOSA ROOT FERMENT EXTRACT FILTRATE,,
9264,GLAUCIUM FLAVUM LEAF EXTRACT,,
9265,KAZACHSTANIA/KLUYVEROMYCES/LACTOBACILLUS/NONFAT MILK FERMENT POWDER,,
9266,CHRYSANTHEMUM BURBANKII FLOWER EXTRACT,,
9267,BUTYLENE GLYCOL LAURATE,,
9268,DAUCUS CAROTA SATIVA CALLUS CULTURE EXTRACT,84929-61-3,
9269,XANTHOHUMOL,6754-58-1,
9270,LATHYRUS ODORATUS SEED EXTRACT,90604-48-1,
9271,AMP-C8-18 PERFLUOROALKYLETHYL PHOSPHATE,,
9272,POLYGLYCERYL-10 DODECA-CAPRYLATE/CAPRATE,,
9273,MYRISTYL STEARATE,17661-50-6,
9274,TRITICUM VULGARE SPROUT EXTRACT,84012-44-2,
9275,ISOOCTYL LACTOYL TALLATE,,
9276,CETYL HEXACOSYL DIMETHICONE,,
9277,SR-JELLYFISH POLYPEPTIDE-1,147336-22-9,
9278,ULMUS FULVA BARK,,
9279,RUTTNERA LAMELLOSA OIL,,
9280,GRIFOLA FRONDOSA ROOT/CARTHAMUS TINCTORIUS FLOWER/ RICE SEED/CITRUS UNSHIU PEEL FERMENT FILTRATE EXTRACT,,
9281,FRAGARIA CHILOENSIS SEED OIL,95193-64-9,
9282,SESAMUM INDICUM SEED POWDER,8008-74-0,
9283,GLYCERYL ISOSTEARATE,66085-00-5 / 32057-14-0,
9284,HYDROLYZED ELAEOCARPUS SYLVESTRIS LEAF EXTRACT,,
9285,ACRYLATES/STEARETH-20 METHACRYLATE COPOLYMER,,
9286,TETRACARBOXYMETHYL DIHYDROXYBENZOYL DIPEPTIDE-12,,
9287,HAMAMELIS VIRGINIANA BARK/LEAF EXTRACT,84696-19-5,
9288,HEXAPEPTIDE-10,,
9289,DIPALMITOYL GLYCEROPHOSPHOCHOLINE,63-89-8,
9290,PAECILOMYCES JAPONICA/TRICHOSANTHES KIRILOWII ROOT FERMENT EXTRACT FILTRATE,,
9291,CETYL 3-GLYCERYL ASCORBATE,,
9292,ATRACTYLODES LANCEA ROOT EXTRACT,,
9293,IRIS FLORENTINA FLOWER CERA,90045-89-9,
9294,MAYTENUS SENEGALENSIS LEAF EXTRACT,,
9295,ARNICA CHAMISSONIS FLOWER EXTRACT,97659-55-7,
9296,GLYCERYL DIRICINOLEATE,27902-24-5,
9297,ARGANIA SPINOSA KERNEL OIL,223747-87-3 ; 299184-75-1,
9298,GLYCERYL STEARATE/ACETATE,27177-85-1,
9299,GLYCERYL DIPALMITATE,26657-95-4,
9300,RUMEX OCCIDENTALIS EXTRACT,,
9301,OLIGOPEPTIDE-127 RH-OLIGOPEPTIDE-1,,
9302,HELIANTHUS ANNUUS SEED OIL UNSAPONIFIABLES,8001-21-6,
9303,MORINDA CITRIFOLIA LEAF CELL CULTURE EXTRACT,84929-68-0,
9304,RIBES GROSSULARIA FRUIT JUICE,,
9305,LACTOBACILLUS/LYCIUM CHINENSE FRUIT EXTRACT FERMENT FILTRATE,,
9306,AUREOBASIDIUM PULLULANS FERMENT,,
9307,MACADAMIAMIDOPROPYL BETAINE,,
9308,SACCHAROMYCES/POTASSIUM FERMENT LYSATE FILTRATE,,
9309,ZINC ASCORBATE,134343-96-7,
9310,HYDROGENATED VEGETABLE GLYCERIDES PHOSPHATE,85411-01-4,
9311,MAGNESIUM COCOATE,,
9312,HYDROLYZED CERATONIA SILIQUA SEED EXTRACT,84961-45-5,
9313,PROPYLENE GLYCOL DIPELARGONATE,41395-83-9,
9314,SH-POLYPEPTIDE-107,,
9315,AMMONIUM ALGINATE,9005-34-9,
9316,LACTOBACILLUS/SACCHAROMYCES/MOLASSES/CALCIUM CARBONATE/YEAST EXTRACT FERMENT FILTRATE,,
9317,CITRUS LIMON FLOWER/LEAF/STEM EXTRACT,92346-89-9 / 84929-31-7,
9318,HYDROGENATED GLYCERYL DEHYDROABIETATE/TETRAHYDROABIETATE,,
9319,VITIS VINIFERA/LABRUSCA FRUIT EXTRACT,,
9320,DIGLYCERYL ADIPATE/CAPRATE/CAPRYLATE/HYDROXYSTEARATE/ISOSTEARATE/STEARATE,130905-60-1,
9321,NONAPEPTIDE-31,,
9322,METHYLSILANOL HYDROXYPROLINE,105883-44-1,
9323,PINUS CEMBRA WOOD EXTRACT,,
9324,OLIGOPEPTIDE-61,,
9325,TRIMETHYLPENTANEDIOL/ADIPIC ACID/GLYCERIN CROSSPOLYMER,,
9326,DUNALIELLA BARDAWIL EXTRACT,,
9327,ALTHAEA ROSEA ROOT EXTRACT,90045-76-4,
9328,ALOESIN,30861-27-9,
9329,POTASSIUM CAPROYL TYROSINE,,
9330,CAPRYLIC/CAPRIC/COCO GLYCERIDES,,
9331,ACTINIDIA DELICIOSA FRUIT EXTRACT,,
9332,STEARYL STEAROYL STEARATE,54684-78-5,
9333,PEG-135,25322-68-3,
9334,APRICOT KERNEL OIL PEG-40 ESTERS,,
9335,BOTRYCHIUM TERNATUM EXTRACT,,
9336,GLYCERYL ETHYLHEXANOATE,,
9337,CALCIUM MONTANATE,68308-22-5 / 52258-47-6,
9338,N-BENZYL-4-METHYL-O-PHENYLENEDIAMINE,39235-93-3,
9339,ECTOIN,96702-03-3,
9340,ARAUCARIA ANGUSTIFOLIA SEEDCOAT EXTRACT,,
9341,TETRAPEPTIDE-59 DIMER,,
9342,BORAGO OFFICINALIS ETHYL ESTER,,
9343,STYRENE/VA COPOLYMER,25213-29-0,
9344,PENTAERYTHRITYL TETRACOCOATE,91031-85-5,
9345,IRIS FLORENTINA FLOWER EXTRACT,90045-89-9,
9346,PALMITOYL HYDROXYPROPYLCELLULOSE,,
9347,PALMITOYL OCTAPEPTIDE-26,,
9348,SH-OLIGOPEPTIDE-9,,
9349,SAURURUS CHINENSIS FLOWER/LEAF/STEM EXTRACT,,
9350,XANTHAN GUM CROSSPOLYMER,,
9351,ELASTIN,9007-58-3,
9352,SR-OLIGOPEPTIDE-150 SILKWORM POLYPEPTIDE-2 DIPEPTIDE-19 HEXAPEPTIDE-40,,
9353,C24-28 ALKYLDIMETHYLSILOXY TRIMETHYLSILOXYSILICATE,1402155-63-8,
9354,HYDROLYZED COCOA FRUIT,,
9355,MAGNOLIA GRANDIFLORA BARK EXTRACT,85085-47-8,
9356,UFIPRAZOLE,73590-85-9,
9357,THEOBROMA GRANDIFLORUM SEED BUTTER PEG-8 ESTERS,,
9358,EPIDERMIDIBACTERIUM KERATINI FERMENT FILTRATE,,
9359,HYDROLYZED RHIZOBIAN GUM,,
9360,CYCLOHEXYL METHACRYLATE,101-43-9,
9361,SANTALUM ALBUM WOOD POWDER,84787-70-2,
9362,CARICA PAPAYA FRUIT WATER,84012-30-6,
9363,PEG-10 HYDROGENATED LANOLIN,68648-27-1,
9364,PASSIFLORA EDULIS SEED OIL/PALM OIL AMINOPROPANEDIOL ESTERS,,
9365,OPUNTIA FICUS-INDICA FLOWER EXTRACT,90082-21-6,
9366,SODIUM GLUCURONATE,14984-34-0 / 4934-42-3,
9367,POLYGLYCERYL-3 SUNFLOWERSEEDATE/CITRATE CROSSPOLYMER,141387-21-1,
9368,MELALEUCA GLOMERATA LEAF/STEM EXTRACT,,
9369,ACACIA DEALBATA FLOWER EXTRACT,165800-52-2,
9370,2-OLEAMIDO-1‚3-OCTADECANEDIOL,54422-45-6,
9371,AMINOPROPYL ASCORBYL PHOSPHATE,,
9372,COCOS NUCIFERA FRUIT POWDER,8001-31-8,
9373,RHODODENDRON FERRUGINEUM LEAF CELL CULTURE EXTRACT,90106-21-1,
9374,ECLIPTA PROSTRATA LEAF POWDER,93165-22-1,
9375,TILIA EUROPAEA FLOWER EXTRACT,90063-55-1,
9376,AMINOLEVULINIC ACID PHOSPHATE,868074-65-1,
9377,KANZOU EKISU,,
9378,NANNOCHLOROPSIS OCULATA POWDER,,
9379,RHEUM UNDULATUM ROOT/STALK/STEM EXTRACT,90106-31-3 / 8016-55-5,
9380,TERMINALIA SERICEA BARK/ROOT EXTRACT,90131-49-0,
9381,SACCHAROMYCES/MALT/CORN FERMENT FILTRATE,,
9382,LYCIUM CHINENSE CALLUS EXTRACT,,
9383,MOMORDICA CHARANTIA STEM SAP,,
9384,ASPERGILLUS/SACCHAROMYCES/TETRAGENOCOCCUS/RICE FERMENT FILTRATE,,
9385,PYRUS CYDONIA SEED,90106-03-9,
9386,PERFLUOROCAPRYLYL TRIETHOXYSILYLETHYL METHICONE,,
9387,DURVILLAEA ANTARCTICA EXTRACT,,
9388,PLATONIA INSIGNIS SEED BUTTER,1943723-34-9,
9389,SACCHAROMYCES/COCONUT FLOWER NECTAR FERMENT FILTRATE,,
9390,ARTEMISIA CARUIFOLIA POWDER,,
9391,WASABIA JAPONICA FLOWER EXTRACT,,
9392,SPERANSKIA TUBERCULATA EXTRACT,,
9393,CAMELLIA SINENSIS SEED OIL/PALM OIL AMINOPROPANEDIOL ESTERS,,
9394,ACRYLATES/STEARYL ACRYLATE/DIMETHICONE METHACRYLATE COPOLYMER,,
9395,METHYLACETYL METHYLPROPANOYL ETHYLCARBAMATE,,
9396,HYDROLYZED PHYLLOSTACHYS BAMBUSOIDES,,
9397,HOUTTUYNIA CORDATA FLOWER/LEAF EXTRACT,,
9398,CANNABIS SATIVA FLOWER EXTRACT,,
9399,ETHYLENEDIAMINE/STEARYL DIMER DILINOLEATE COPOLYMER,,
9400,DITHIODIETHYL BIS-SALICYLAMIDE,168961-92-0,
9401,ABIES SPECTABILIS BRANCH/LEAF OIL,,
9402,CAMELLIA JAPONICA MERISTEM CELL EXTRACT,,
9403,SACCHAROMYCES/SILVER FERMENT,,
9404,TRIETHYLHEXYL TRIMELLITATE,3319-31-1,
9405,PYRUS SPINOSA FRUIT EXTRACT,,
9406,SESAMUM INDICUM SPROUT EXTRACT,8008-74-0,
9407,PALMITOYLOXYCAPROYL PALMITOYLOXYCAPRAMIDE MEA,1597432-39-7,
9408,SH-OLIGOPEPTIDE-70,,
9409,BENZYL PCA,60555-57-9,
9410,CHOLESTERYL LANOLATE,223706-99-8,
9411,CITRUS AURANTIUM DULCIS CALLUS CULTURE EXTRACT,,
9412,ULKENIA AMOEBOIDEA OIL,,
9413,SALICYLOYL OCTAPEPTIDE-32,,
9414,TRANSGENIC RICE RH-POLYPEPTIDE-45,,
9415,FUCUS VESICULOSUS POWDER,84696-13-9,
9416,SODALITE POWDER,1302-90-5,
9417,MIMOSA TENUIFLORA LEAF EXTRACT,93685-96-2,
9418,DIMETHICONE PEG-8 LAURATE,,
9419,ACETYL S-CARROT TETRAPEPTIDE-1 AMIDE,,
9420,POLYGONUM FAGOPYRUM FLOUR,89958-09-8,
9421,MELIBIOSE,585-99-9,
9422,SH-DECAPEPTIDE-1 SH-POLYPEPTIDE-1,,
9423,ACRYLATES/AMMONIUM METHACRYLATE COPOLYMER,,
9424,PANAX GINSENG CALLUS CULTURE EXTRACT,84650-12-4,
9425,STIGMASTERYL SUCCINATE,86674-63-7,
9426,CETEARETH-22,68439-49-6,
9427,PIPER RETROFRACTUM FRUIT POWDER,,
9428,SACCHAROMYCES/CITRUS JUNOS PEEL FERMENT FILTRATE,,
9429,OLIGOPEPTIDE-145 DIMER,,
9430,MICHELIA CHAMPACA FLOWER EXTRACT,94333-99-0,
9431,DAEDALEA DICKINSII MYCELIUM FERMENT FILTRATE,,
9432,C6-14 PERFLUOROALKYLETHYL ACRYLATE/HEMA COPOLYMER,,
9433,METHYLBUTYLPHENYL DODECYLOXYBENZOATE,83846-95-1,
9434,IPOMOEA BATATAS LEAF/STEM EXTRACT,,
9435,SACCHAROMYCES/TOURMALINE FERMENT,,
9436,LETHARIELLA CLADONIOIDES EXTRACT,,
9437,ASPARAGUS OFFICINALIS STEM EXTRACT,84649-90-1,
9438,ALBIZIA JULIBRISSIN BRANCH/LEAF EXTRACT,,
9439,CALCITE,13397-26-7,
9440,ACETYL METHYL HYDROXYPROLINATYL GLYCYRRHETINATE,,
9441,HEXAPEPTIDE-54 PALMITATE,,
9442,ABELMOSCHUS MANIHOT ROOT EXTRACT,,
9443,GOSSYPIUM ARBOREUM LEAF CELL EXTRACT,,
9444,AMP-ISOSTEAROYL WHEAT/CORN/SOY AMINO ACIDS,,
9445,METHYL STEARIC ACID,17001-28-4,
9446,INSHORE HAGFISH SKIN MUCUS EXTRACT,,
9447,BACILLUS/MONASCUS/LAVANDULA ANGUSTIFOLIA SPROUT/RICE BRAN FERMENT FILTRATE,,
9448,CAMELLIA EURYOIDES LEAF EXTRACT,,
9449,ROSA BRACTEATA EXTRACT,,
9450,CETEARYL DIMETHICONE,,
9451,PALMITOYL TRIPEPTIDE-53 AMIDE,,
9452,DIMETHICONE CROSSPOLYMER-3,,
9453,DECAPEPTIDE-31,,
9454,CALCIUM GLUCOHEPTONATE,29039-00-7,
9455,MALVA MOSCHATA LEAF EXTRACT,223747-73-7,
9456,GIGARTINA SKOTTSBERGII EXTRACT,,
9457,AMPELOPSIS JAPONICA ROOT EXTRACT,,
9458,GLOIOPELTIS TENAX POWDER,,
9459,YOUNGIA SONCHIFOLIA CALLUS CULTURE EXTRACT,,
9460,SUCROSE POLYCOTTONSEEDATE,223706-25-0; 93571-82-5,
9461,MAYAMAEA PERMITIS EXTRACT,,
9462,PROPYLENE GLYCOL DIOLEATE,105-62-4,
9463,MAGNESIUM GLUCONATE,3632-91-5,
9464,GARCINIA HUMILIS FRUIT/PEEL/SEED POWDER,,
9465,CETYL OLEATE,22393-86-8,
9466,IPOMOEA PES-CAPRAE FLOWER/LEAF/STEM EXTRACT,,
9467,HYDROLYZED CARNAUBA WAX,,
9468,ASTRAGALUS GUMMIFER ROOT EXTRACT,85085-21-8,
9469,BIS-PALMITOYLOXYCAPRAMIDO ISOPROPANOL,1883454-20-3,
9470,PPG-1 TRIDECETH-6,,
9471,HYDROLYZED PLATYCARYA STROBILACEA FRUIT EXTRACT,,
9472,PPG-20 TOCOPHERETH-50,,
9473,PYRUS PYRIFOLIA FRUIT JUICE,,
9474,SACCHAROMYCES/TRITICUM AESTIVUM SEED FERMENT EXTRACT,,
9475,MAURITIA FLEXUOSA SEED OIL POLYGLYCERYL-6 ESTERS,,
9476,ALUMINUM BENZOATE,555-32-8,
9477,PYRUS COMMUNIS FLOWER EXTRACT,90082-43-2,
9478,POLYGONUM BISTORTA ROOT EXTRACT,84012-36-2,
9479,SCENEDESMUS DESERTICOLA EXTRACT,,
9480,HYDROLYZED MAGNOLIA OBOVATA BARK EXTRACT,,
9481,DIHEXYLDECYL IPDI,185529-24-2,
9482,TRIPALMITIN,555-44-2,
9483,PRUNUS YEDOENSIS LEAF WATER,,
9484,CYPERUS ROTUNDUS FRUIT EXTRACT,85085-54-7,
9485,C16-23 ALKANE,64742-55-8,
9486,CUSCUTA JAPONICA SEED EXTRACT,89998-10-7,
9487,1-METHYLHYDANTOIN-2-IMIDE,60-27-5,
9488,CITRUS LIMON PEEL WATER,92346-89-9 / 84929-31-7,
9489,ERUCIC ACID,112-86-7,
9490,ACETYL ASPARTIC ACID,997-55-7,
9491,SALACIA RETICULATA ROOT EXTRACT,,
9492,C8-22 ALKYL ACRYLATE/BUTYL DIMETHICONE METHACRYLATE COPOLYMER,,
9493,HEPTAPEPTIDE-35,,
9494,ACRYLATES/HYDROXYETHYL ACRYLATE/METHOXYETHYL ACRYLATE COPOLYMER,,
9495,ACTINIDIA ARGUTA JUICE,,
9496,QUERCUS PETRAEA BARK/WOOD/LEAF EXTRACT,,
9497,CITRUS SINENSIS FLOWER WATER,,
9498,AVENA SATIVA KERNEL OIL,84012-26-0,
9499,CYCLOHEXYL METHACRYLATE/ETHYLHEXYL METHACRYLATE COPOLYMER,82227-04-1,
9500,GARCINIA MANGOSTANA BARK EXTRACT,90045-25-3,
9501,PRUNUS AMYGDALUS DULCIS OLEOSOMES,90320-37-9,
9502,ARGANIA SPINOSA FRUIT UNSAPONIFIABLES,223747-87-3,
9503,HYDROLYZED SILK GLAND POWDER,,
9504,SACCHAROMYCES/MORINGA OLEIFERA SEED OIL/GLYCERIN FERMENT FILTRATE,,
9505,PROPYLENE GLYCOL ALGINATE,9005-37-2,
9506,SUNFLOWER SEED OIL POLYGLYCERYL-4 ESTERS,,
9507,DISODIUM GLUCOSE PHOSPHATE,59-56-3,
9508,ZINC PALMITOYL NONAPEPTIDE-14,,
9509,SODIUM TRIMETHYLPENTENE/MA COPOLYMER,37199-81-8,
9510,RIBES UVA-CRISPA FRUIT EXTRACT,,
9511,TRIBULUS TERRESTRIS FRUIT POWDER,90131-68-3,
9512,R-(METHIONYL SH-POLYPEPTIDE-10 DECAPEPTIDE-40),,
9513,SEQUOIA SEMPERVIRENS LEAF CELL EXTRACT,,
9514,CAFFEOYL PENTAPEPTIDE-4,,
9515,COTTONSEED GLYCERIDE,8029-44-5,
9516,CETYL DIGLYCERYL TRIS(TRIMETHYLSILOXY)SILYLETHYL DIMETHICONE,1466529-58-7,
9517,SCUTELLARIA GALERICULATA ROOT EXTRACT,90106-66-4,
9518,CITRUS RETICULATA PEEL WATER,,
9519,PEG/PPG-6/4 DIMETHICONE,,
9520,DIMETHYL 2‚6-NAPHTHALATE,840-65-3,
9521,BIS(HEXYLDECYL/OCTYLDODECYL) LAUROYL GLUTAMATE,,
9522,PUNICA GRANATUM SEED CELL CULTURE LYSATE,,
9523,GLYCOL DISTEARATE,627-83-8,
9524,LACTOBACILLUS/SILKWORM COCOON EXTRACT FERMENT FILTRATE,,
9525,ZINGIBER AROMATICUS EXTRACT,84696-15-1,
9526,SACCHAROMYCES/RICE BRAN FERMENT FILTRATE EXTRACT,,
9527,PYRUS MALUS PULP EXTRACT,85251-63-4,
9528,BOERHAVIA REPENS POWDER,,
9529,PROPYLENE GLYCOL RICINOLEATE,26402-31-3,
9530,SYNSEPALUM DULCIFICUM FRUIT EXTRACT,,
9531,BUTYRUM,8029-34-3,
9532,PEG-75 CRAMBE ABYSSINICA SEED OIL,,
9533,SH-POLYPEPTIDE-37,,
9534,PEG-10 GLYCERYL TRIOLEATE,68958-64-5,
9535,DICTYOPTERIS POLYPODIOIDES EXTRACT,,
9536,LACTOBACILLUS/PRUNUS MUME FRUIT/LEAF/ROOT EXTRACT FERMENT FILTRATE,,
9537,GERMINATED GLYCINE MAX SEED EXTRACT,,
9538,TRIPEPTIDE-53,,
9539,MYRISTOYL TETRAPEPTIDE-4,,
9540,ETHYL DICARBOETHOXY PANTOTHENATE,,
9541,PALMITOYL DIPEPTIDE-18,,
9542,VACCINIUM VITIS-IDAEA LEAF PROTOPLASTS,90131-85-4,
9543,POLYGLYCERYL-3 PENTARICINOLEATE,221354-73-0,
9544,SUCROSE POLYSOYATE,223706-28-3; 93571-82-5,
9545,BETA VULGARIS LEAF POWDER,89957-89-1 / 89957-90-4,
9546,POLYMETHYL/PHENYLSILSESQUIOXANE SILICATE,,
9547,1‚4-BUTANEDIOL/SUCCINIC ACID/ADIPIC ACID/HDI COPOLYMER,119553-67-2,
9548,ACETYL DECAPEPTIDE-3,,
9549,TESTICULAR HYDROLYSATE,84540-19-2,
9550,ROSA HYBRID CALLUS CULTURE EXTRACT,93062-88-5,
9551,TRIISOSTEARYL TRILINOLEATE,103213-22-5,
9552,HYDROGENATED LIME SEED OIL,,
9553,NONOXYNYL HYDROXYETHYLCELLULOSE,143447-73-8,
9554,PRUNUS LANNESIANA FLOWER EXTRACT,,
9555,HORDEUM VULGARE SPROUT EXTRACT,85251-64-5,
9556,GLUCAROLACTONE,2782-04-9,
9557,PERSEA GRATISSIMA FRUIT EXTRACT,8024-32-6,
9558,HEXAPEPTIDE-63,,
9559,NICOTINOYL TRIPEPTIDE-1,,
9560,HYDROLYZED VACCINIUM MYRTILLUS LEAF EXTRACT,,
9561,SACCHAROMYCES/NELUMBO NUCIFERA FERMENT EXTRACT FILTRATE,,
9562,LAURYL METHACRYLATE/METHACRYLOYLOXYPROPYL DIMETHICONE COPOLYMER,,
9563,GUANIDINE CARBONATE,593-85-1,
9564,ACACIA CATECHU BARK POWDER,8001-76-1,
9565,SAPINDUS MUKOROSSI SEED,,
9566,ETHYL CARBAZIDO HYALURONATE ACETYL HEXAPEPTIDE-8,,
9567,GLYCERYL ABIETATE/MALEATE,,
9568,DALBERGIA ODORIFERA ROOT EXTRACT,,
9569,CENTOTHECA LAPPACEA EXTRACT,,
9570,URSODIOL,128-13-2,
9571,C12-14 HYDROXYALKYL HYDROXYDIMERDILINOLEYL ETHER,,
9572,POLY(1‚2-BUTANEDIOL)-55/PEG-90 PENTAERYTHRITYL ETHER,,
9573,ISOBUTYL PELARGONATE,30982-03-7,
9574,DIDECYLDIMONIUM NYLON-6 POLYPHOSPHATE,,
9575,GRIFOLA FRONDOSA MYCELIUM FERMENT FILTRATE EXTRACT,,
9576,PTYCHOPETALUM OLACOIDES ROOT EXTRACT,,
9577,VITIS LABRUSCA STEM EXTRACT,,
9578,GLYCINE SOJA SEED EXTRACT,,
9579,HUMAN URINE DERIVED INDUCED PLURIPOTENT CELL CULTURE CONDITIONED MEDIA,,
9580,CHICKEN NEURAL CELL CONDITIONED MEDIA,,
9581,DIHEPTYLUNDECYL ADIPATE,155613-91-5,
9582,TOCOPHERYL ACETATE,7695-91-2 / 58-95-7,
9583,METHYL ETHYLCELLULOSE,9004-59-5,
9584,HYPERICUM ERECTUM EXTRACT,,
9585,OPUNTIA PHAEACANTHA FRUIT JUICE,,
9586,MAURITIA FLEXUOSA SEED OIL PEG-8 ESTERS,,
9587,SOLANUM QUITOENSE FRUIT JUICE,,
9588,ALOE ARBORESCENS LEAF POWDER,223747-76-0,
9589,ALUMINUM HYDROGENATED TALLOW GLUTAMATE,,
9590,OLIGOPEPTIDE-126,,
9591,MENTHA ARVENSIS BRANCH/LEAF EXTRACT,90063-97-1,
9592,AVENA SATIVA KERNEL FLOUR,134134-86-4 / 84012-26-0,
9593,METHOXY PEG-10 POLYSILSESQUIOXANE,1838163-04-4,
9594,SACCHAROMYCES/PANAX GINSENG ROOT/RHODODENDRON CHRYSANTHEMUM LEAF/LYCIUM CHINENSIS FRUIT/ANTLER VELVET FERMENT FILTRATE,,
9595,SILANETRIOL ARGINATE,190270-68-9,
9596,TRIENTALIS EUROPAEA FLOWER EXTRACT,,
9597,GLYCOL DIPIVALATE,20267-20-3,
9598,GLYCERYL STEARATE/MALATE,,
9599,GLYCOL PALMITATE,4219-49-2,
9600,CRITHMUM MARITIMUM POWDER,89997-98-8,
9601,CALLICARPA JAPONICA FRUIT EXTRACT,,
9602,SODIUM OLEATE,143-19-1 / 16558-02-4,
9603,LANETH-25,61791-20-6,
9604,PRIMULA VULGARIS EXTRACT,84604-06-8,
9605,GLYCERYL DI-HYDROXYSTEARATE,122546-20-7,
9606,CITRUS AURANTIUM BERGAMIA FRUIT EXTRACT,89957-91-5,
9607,STEARALKONIUM BENTONITE,130501-87-0,
9608,ETHYLHEXYL STEARATE,22047-49-0,
9609,ENDOMYCES/AESCULUS TURBINATA FERMENT FILTRATE,,
9610,POLYGLYCERYL-6 ARGAN KERNELATE,,
9611,CIMICIFUGA SIMPLEX LEAF/STEM EXTRACT,,
9612,CAPSICUM ANNUUM FRUIT POWDER,84625-29-6,
9613,TRIMETHYLOLPROPANE TRISTEARATE,15196-52-8,
9614,TRIMETHYLOLPROPANE TRIISOSTEARATE,68541-50-4,
9615,ALTEROMONAS FERMENT FILTRATE,,
9616,HYDROLYZED RICE LEAF EXTRACT,,
9617,N-FERULOYL SEROTONIN,,
9618,PHYTOSTERYL GLUCOSIDE/GLUCOSYLCERAMIDE,85116-74-1,
9619,TETRAPEPTIDE-57 DIMER,,
9620,DEUTZIA GRACILIS LEAF/STEM EXTRACT,,
9621,SOPHORA MICROPHYLLA BARK/LEAF EXTRACT,,
9622,OLEYL STEARATE,17673-50-6,
9623,N-FERULOYL DOPAMINE,142350-99-0,
9624,CAPRYLYL METHICONE,17955-88-3,
9625,TRIOLEIN,122-32-7,
9626,SOYBEAN OIL PROPYLENE GLYCOL ESTERS,,
9627,PALMITOYL TRIPEPTIDE-42,,
9628,COPPER TRIPEPTIDE-34,,
9629,ACANTHOPANAX SENTICOSUS CALLUS CULTURE EXTRACT,,
9630,PALMITOYL HYDROXYPROPYLTRIMONIUM AMYLOPECTIN/GLYCERIN CROSSPOLYMER,,
9631,ACETYL TETRAPEPTIDE-2 ACETATE,,
9632,ACETYLATED SUCROSE DISTEARATE,121684-92-2,
9633,GOAT BUTTER,,
9634,DITRIMETHYLOLPROPANE MYRISTATE/STEARATE,,
9635,BORON NITRIDE,10043-11-5,
9636,THYMUS SERPYLLUM LEAF EXTRACT,,
9637,VACCINIUM CORYMBOSUM SEED OIL,,
9638,KINETIN,525-79-1,
9639,QUERCETIN,117-39-5,
9640,SAFFLOWER SEED OIL POLYGLYCERYL-6 ESTERS,,
9641,POLYGLYCERYL-6 ADANSONIA DIGITATA SEEDATE,,
9642,LYSYL ORNITHINE,,
9643,GLYCOSPHINGOLIPIDS,,
9644,MAGNESIUM ASCORBATE,15431-40-0,
9645,SACCHARUM SPONTANEUM EXTRACT,,
9646,SODIUM CARBOXYMETHYL BETAGLUCAN,9050-93-5,
9647,EPIGAEA REPENS LEAF EXTRACT,90028-30-1,
9648,GLYCERYL DIMALTODEXTRIN,,
9649,SACCHAROMYCES/SAUSSUREA INVOLUCRATA FLOWER/ARTEMISIA PRINCEPS LEAF/HOUTTUYNIA CORDATA/LEONURUS SIBIRICUS/SALICORNIA HERBACEA FERMENT EXTRACT FILTRATE,,
9650,MAGNOLIA OFFICINALIS FLOWER EXTRACT,,
9651,DIISOPROPYL SEBACATE,7491-02-3,
9652,NELUMBO NUCIFERA LEAF/SAURURUS CHINENSIS EXTRACT,,
9653,HEXAPEPTIDE-45,,
9654,ERGOSTEROL,57-87-4,
9655,LOTUS CORNICULATUS LEAF CELL EXTRACT,84696-24-2,
9656,MALLOTUS JAPONICUS FLOWER OIL,,
9657,STEARAMIDOPROPYL DIMETHICONE,227200-31-9,
9658,MALACHITE,1319-53-5,
9659,PERFLUORONONYLETHYL CARBOXYDECYL LAURYL/BEHENYL DIMETHICONE,,
9660,THIAZOLYLALANINE,119433-80-6,
9661,CAPRIC/LAURIC/MYRISTIC/OLEIC TRIGLYCERIDE,,
9662,ETHYL HYDROXY PICOLINIUM LACTATE,220610-55-9,
9663,SAPINDUS MUKOROSSI LEAF EXTRACT,,
9664,HEXYLDECYL LAURATE,,
9665,HOYA CARNOSA LEAF EXTRACT,92347-10-9,
9666,FRAGARIA ANANASSA FRUIT EXTRACT,1175540-74-5,
9667,GENTIANELLA PARVIFLORA EXTRACT,,
9668,POTENTILLA CHINENSIS CALLUS CULTURE CONDITIONED MEDIA,,
9669,CARYOCAR VILLOSUM KERNEL OIL,,
9670,COCCULUS SARMENTOSUS BRANCH/LEAF EXTRACT,,
9671,LITHOSPERMUM OFFICINALE SEED OIL,90063-58-4,
9672,TRIDECYL STEARATE,31556-45-3,
9673,BIS-PEG-15 DIMETHICONE/IPDI COPOLYMER,190793-18-1,
9674,LILIUM CANDIDUM FLOWER WATER,84776-67-0,
9675,ADONIS AMURENSIS/AKEBIA QUINATA/ALBIZIA JULIBRISSIN/ALTHAEA ROSEA/ANGELICA ACUTILOBA/ANGELICA ANOMALA/AQUILEGIA BUERGERIANA/ARTEMISIA PRINCEPS/ASTER CILIOSUS/ASTER SCABER/BRASSICA CAMPESTRIS/BROUSSONETIA KAZINOKI/CALLISTEPHUS CHINENSIS/CAMELLIA JAPONICA/CAMELLIA SINENSIS/CAMPSIS GRANDIFLORA/CARAGANA SINICA/CARTHAMUSTINCTORIUS/CASSIA OBTUSIFOLIA/CELOSIA CRISTATA/CERCIS CHINENSIS/CHAENOMELES SINENSIS/CHRYSANTHEMUM INDICUM/CHRYSANTHEMUM ZAWADSKII/CLEMATIS TERNIFLORA/COMMELINA COMMUNIS/CORNUS KOUSA/CORNUS OFFICINALIS/CORYDALIS INCISA/CORYDALIS TURTSCHANINOVII/CUCURBITA MOSCHATE/DENDROBIUM NOBILE/DIANTHUS CHINENSIS/ELSHOLTZIA SPLENDENS/EUPATORIUM LINDLEYANUM/FORSYTHIA KOREANA/FRITILLARIA USSURIENSIS/GARDENIA JASMINOIDES/GINKGO BILOBA/HELIANTHUS ANNUUS/HELIANTHUS TUBEROSUS/HEMEROCALLIS FULVA/HIBISCUS MUTABILIS/HIBISCUS SYRIACUS/HOSTA PLANTAGINAE/HYDRANGEA MACROPHYLLA/IMPATIENS BALSAMINA/IPOMEA HEDERACEA/IRIS PALLASII/IRIS PSEUDACORUS/KERRIA JAPONICA/LAGERSTROEMIA INDICA/LEONURUS SIBIRICUS/LESPEDEZA BICOLOR/LILIUM LANCIFOLIUM/LINDERA OBTUSILOBA/LIRIOPES MUSCARI/LONICERA JAPONICA/LYCORIS RADIATA/MAGNOLIA KOBUS/MAGNOLIA LILIFLORA/MALUS SIEBOLDII/NARCISSUS TAZETTA/NELUMBO NUCIFERA/OENOTHERA BIENNIS/PAEONIA LACTIFLORA/PAEONIA SUFFRUTICOSA/PAPAVER RHOEAS/PATRINIASCABIOSIFOLIA/PAULOWNIA COREANA/PERSICARIA THUNBERGII/PETASITES JAPONICUS/PHYTOLACCA ESCULENTA/PLATYCODON GRANDIFLORUS/POLYGONUM ODORATUM/PONICIRUS TRIFOLIATA/PRUNUS ARMENIACA/PRUNUS MUME/PRUNUS PERSICA/PRUNUS SERRULATA/PRUNUS TOMENTOSA/PUERARIA LOBATA/RHODODENDRON MUCRONULATUM/ROBINIA PSEUDACACIA/ROSA MULTIFLORA/ROSA RUGOSA/SASA BOREALIS/SOPHORA JAPONICA/SPIRAEA PRUNIFOLIA/STYRAX JAPONICA/SYRINGA VULGARIS/TARAXACUM PLATYCARPUM/TULIPA EDULIS/VIOLA MANDSCHURICA/WEIGELA SUBSESSILIS/WISTERIA SINENSIS/ZANTHOXYLUM SCHINIFOLIUM/ZEA MAYS/ZINGIBER MIOGA/ZINNIA ELEGANS FLOWER EXTRACT,,
9676,RAVENALA MADAGASCARIENSIS LEAF/STEM EXTRACT,,
9677,POLYGLYCERYL-10 PENTAHYDROXYSTEARATE,,
9678,TORILIS JAPONICA SEED EXTRACT,,
9679,OLIGOPEPTIDE-82,,
9680,LACTOBACILLUS/TELOPEA SPECIOSISSIMA FLOWER/LEAF FERMENT FILTRATE,,
9681,VINYLDIMETHYL/TRIMETHYLSILOXYSILICATE STEARYL DIMETHICONE CROSSPOLYMER,,
9682,OENOCARPUS BATAUA ACID,1951440-37-1,
9683,ESCHERICHIA COLI/PTEROCLADIA TENUIS FERMENT FILTRATE,,
9684,HYDROLYZED RED BLOOD CELLS,227025-34-5,
9685,ERICA CANALICULATA FLOWER/LEAF/STEM EXTRACT,,
9686,HYDROGENATED BRASSICA ALCOHOL,,
9687,POLYOXYISOBUTYLENE/METHYLENE UREA COPOLYMER,,
9688,ATRACTYLODES JAPONICA RHIZOME/(ACHYRANTHES BIDENTATA/ANEMARRHENA ASPHODELOIDES/CYNANCHUM WILFORDII/PINELLIA TERNATA/PLATYCODON GRANDIFLORUS/POLYGONUM MULTIFLORUM/SCUTELLARIA BAICALENSIS) ROOT/ACORUS GRAMINEUS ROOT/STEM/PEUCEDANUM JAPONICUM EXTRACT,,
9689,PHELLINUS BAUMII MYCELIUM/PANAX GINSENG ROOT FERMENT EXTRACT FILTRATE,,
9690,GRIFOLA FRONDOSA ROOT/RICE SEED/CITRUS UNSHIU PEEL/CARTHAMUS TINCTORIUS FLOWER FERMENT FILTRATE EXTRACT,,
9691,DECYLTETRADECYL ETHYLHEXANOATE,,
9692,SH-OLIGOPEPTIDE-80,,
9693,METHYL METHACRYLATE/TRIMETHOXYSILYLPROPYL METHACRYLATE CROSSPOLYMER,,
9694,TEA-PHENYLBENZIMIDAZOLE SULFONATE,73705-00-7,
9695,ARMERIA ALPINA LEAF CELL EXTRACT,,
9696,MALLOTUS JAPONICUS BARK EXTRACT,,
9697,C32 ALKYL DIMETHICONE,,
9698,CAPRYL/LAURYL WHEAT BRAN/STRAW GLYCOSIDES,,
9699,C12-15 ALKYL LACTATE,93925-36-1,
9700,SACCHAROMYCES/VISCUM ALBUM FERMENT EXTRACT,,
9701,PHYLLACANTHA FIBROSA EXTRACT,,
9702,ISOCETYL ETHYLHEXANOATE,125804-19-5,
9703,ETHOXYHEPTYL BICYCLOOCTANONE,,
9704,CORNUS OFFICINALIS FLOWER EXTRACT,,
9705,GLYCERYL LAURATE,27215-38-4 / 142-18-7,
9706,ALANINE GLUTAMATE,13187-90-1,
9707,OLIGOPEPTIDE-126 SH-OLIGOPEPTIDE-1,,
9708,MYRISTYL ACETATE,638-59-5,
9709,PORPHYRA UMBILICALIS POWDER,223751-76-6,
9710,THUJIC ACID,499-89-8,
9711,AURICULARIA POLYTRICHA FRUITING BODY EXTRACT,,
9712,HYDROLYZED SILK GLAND EXTRACT,,
9713,STYRENE/ACRYLATES/ETHYLHEXYL ACRYLATE/LAURYL ACRYLATE COPOLYMER,,
9714,BIS-LAURYL COCAMINOPROPYLAMINE/HDI/PEG-100 COPOLYMER,,
9715,LARREA MEXICANA EXTRACT,84603-72-5,
9716,BERTHOLLETIA EXCELSA SEED OIL,356065-50-4,
9717,GUAZUMA ULMIFOLIA LEAF EXTRACT,,
9718,BACILLUS/LACTOBACILLUS/SACCHAROMYCES/RICE BRAN FERMENT FILTRATE,,
9719,DIPROPYLENE GLYCOL CAPRYLATE,220604-16-0,
9720,ACETYL PENTAPEPTIDE-35,,
9721,PALMITOYL TRIPEPTIDE-38,,
9722,HISTIDYL D-TRYPTOPHANYL DIPEPTIDE-29 D-PHENYLALANYL LYSINAMIDE,87616-84-0,
9723,NOTHOLIRION BULBULIFERUM BULB EXTRACT,,
9724,SYMPHYTUM OFFICINALE LEAF EXTRACT,84696-05-9,
9725,PEG-60 PASSIFLORA INCARNATA SEED GLYCERIDES,,
9726,SWEET ALMOND OIL DECYL ESTERS,,
9727,BIS-PEG/PPG-14/14 DIMETHICONE,,
9728,MUSA BASJOO EXTRACT,,
9729,TMP LAURYL DIMETHICONE,,
9730,PALMITOYL ISOLEUCINE,54617-29-7,
9731,HYDROXYPHENOXY PROPIONIC ACID,94050-90-5,
9732,POLYSILICONE-1 CROSSPOLYMER,1004791-75-6,
9733,TETRADECYLEICOSYL STEARATE,,
9734,ACETYLENEDIUREA/FORMALDEHYDE/TOSYLAMIDE CROSSPOLYMER,,
9735,SACCHAROMYCES/ALCHEMILLA VULGARIS/ACHILLEA MILLEFOLIUM/BORAGO OFFICINALIS/EUCALYPTUS GLOBULUS/HELICHRYSUM ARENARIUM FERMENT EXTRACT FILTRATE,,
9736,FUKITANPOPO EKISU,,
9737,TRIBUTYL CITRATE,77-94-1,
9738,POLYBUTYLENE GLYCOL/MDI COPOLYMER,,
9739,ALMONDAMIDE DEA,124046-18-0,
9740,POLYGLYCERYL-10 DIMER DILINOLEATE/STEARATE/HYDROXYSTEARATE,,
9741,BUTYROSPERMUM PARKII SEEDCAKE EXTRACT,91080-23-8,
9742,STEARYL GLYCOL ISOSTEARATE,,
9743,PROLINAMIDOETHYL IMIDAZOLE,,
9744,POTENTILLA ERECTA ROOT/LEAF/THYMUS VULGARIS FLOWER/LEAF/STEM EXTRACT,,
9745,POLYGLYCERYL-10 PENTARICINOLEATE,,
9746,SARGACHROMANOL F,,
9747,CAMELLIA RETICULATA SEED BUTTER,,
9748,SCHIZOPHYLLUM COMMUNE MYCELIUM FERMENT FILTRATE EXTRACT,,
9749,PUMPKIN SEED OIL PEG-8 ESTERS,,
9750,EPHEDRA SINICA ROOT EXTRACT,,
9751,MACADAMIA TERNIFOLIA SEED OIL PEG-8 ESTERS,,
9752,ERICERUS PELA CERA,,
9753,POTASSIUM GLUCONATE,299-27-4,
9754,CARLINA ACAULIS HAIRY ROOT CULTURE EXTRACT,85940-33-6,
9755,PAEONIA LACTIFLORA ROOT POWDER,,
9756,YUCCA SCHIDIGERA FRUIT JUICE,90147-57-2,
9757,ALOE FEROX LEAF JUICE EXTRACT,84649-82-1,
9758,FICUS INDICA BARK,90082-21-6,
9759,PSIDIUM GUAJAVA SEED OIL,91770-12-6,
9760,CITRUS NOBILIS FRUIT/ROSMARINUS OFFICINALIS EXTRACT,,
9761,C12-16 ALKYL PEG-2 HYDROXYPROPYL HYDROXYETHYL ETHYLCELLULOSE,,
9762,DIGALLOYL TETRAPEPTIDE-19,,
9763,TRIPEPTIDE-67,,
9764,SACCHAROMYCES/HYDROLYZED STACHYS AFFINIS TUBER FERMENT EXTRACT,,
9765,DENDROBIUM NOBILE/PHALAENOPSIS AMABILIS EXTRACT,,
9766,POLYACRYLATE-36,,
9767,DIMETHICONOL HYDROXYSTEARATE,133448-13-2,
9768,ISOPROPYL TITANIUM TRIISOSTEARATE/METHICONE CROSSPOLYMER,,
9769,TETRAPEPTIDE-46,,
9770,SALIX PURPUREA BARK EXTRACT,84604-23-9,
9771,CITRUS AURANTIUM DULCIS JUICE,,
9772,OXALIS TRIANGULARIS WATER,,
9773,QUATERNIUM-18 BENTONITE,68953-58-2 / 1340-69-8,
9774,DIVINYLDIMETHICONE/DIMETHICONE/PHENYLSILSESQUIOXANE CROSSPOLYMER,,
9775,TERREIN,582-46-7,
9776,COUMAROYL METHOXYTRYPTAMINE,366452-03-1,
9777,LACTOBACILLUS/TURMERIC FERMENT FILTRATE,,
9778,AGERATUM CONYZOIDES FLOWER/LEAF/STEM EXTRACT,85480-32-6,
9779,DIGALACTOSYL GLYCERYL LINOLEATE/PALMITATE/OLEATE,,
9780,ORYZA SATIVA BRAN OIL EXTRACT,68553-81-1,
9781,MALVA SYLVESTRIS LEAF WATER,84082-57-5,
9782,NEOLEPISORUS FORTUNEI RHIZOME EXTRACT,,
9783,PTYCHOPETALUM OLACOIDES EXTRACT,84929-46-4,
9784,EUGENYL GLUCOSIDE,18604-50-7,
9785,ELAEIS GUINEENSIS FLOWER EXTRACT,8023-79-8,
9786,LAUROYL METHYL BETA-ALANINE,21539-57-1,
9787,MICROBIAL CELLULOSE,,
9788,CENTELLA ASIATICA FLOWER/LEAF/STEM EXTRACT,84696-21-9,
9789,HYDROXYPROPYLTRIMONIUM CORN/WHEAT/SOY AMINO ACIDS,,
9790,DIMETHICONOL ILLIPE BUTTERATE,,
9791,SCIADOPITYS VERTICILLATA BRANCH/LEAF EXTRACT,,
9792,PEG-6 BUTYLENE GLYCOL LAURATE,,
9793,BLETIA HYACINTHINA BULB EXTRACT,223748-10-5,
9794,SORBETH-230 TETRAOLEATE,,
9795,MENTHYL SAFFLOWERSEEDATE,,
9796,LAURYL PCA,22794-26-9,
9797,CARPINUS BETULUS BUD EXTRACT,91745-92-5,
9798,PIMPINELLA SAXIFRAGA EXTRACT,85085-62-7,
9799,MEVALONOYL TRIPEPTIDE-35,,
9800,HYDROXYCYCLOHEXYL ETHYLTRISILOXANE SAPUCAINHATE,,
9801,ISOSTEAROYLOXY ETHYLHEXYLBUTYRAMIDE,1971838-46-6,
9802,FICUS CARICA SEED,90028-74-3,
9803,ASPERGILLUS/DEFATTED SOYBEAN SEED FERMENT EXTRACT FILTRATE,,
9804,HYDROLYZED AGRIMONIA PILOSA LEAF EXTRACT,,
9805,FUSCOPORIA OBLIQUA MYCELIA FERMENT EXTRACT,,
9806,SODIUM CARBOXYMETHYL DEXTRAN SULFATE,,
9807,NATTO GUM,9079-02-1,
9808,MALVA VERTICILLATA FLOWER/LEAF/STEM EXTRACT,,
9809,PULSATILLA TONGKANGENSIS EXTRACT,,
9810,PEG-60 GLYCERYL TRIISOSTEARATE,,
9811,ASPARAGUS RACEMOSUS ROOT POWDER,,
9812,LYCIUM BARBARUM AMINO ACIDS,,
9813,GLYCERYL POLYISOBUTENYLSUCCINATE,,
9814,GANODERMA LUCIDUM FERMENT FILTRATE,,
9815,DIOCTYLDODECYL IPDI,185458-75-7,
9816,BUTYL ACRYLATE/CYCLOHEXYL METHACRYLATE COPOLYMER,,
9817,LEPISORUS THUNBERGIANUS EXTRACT,,
9818,ETHYL CARBAZIDO HYALURONATE RH-POLYPEPTIDE-3,,
9819,POLYGLYCERYL-6 CITRULLUS LANATUS SEEDATE,,
9820,GALLOYL SH-PENTAPEPTIDE-19,,
9821,LANETH-15,61791-20-6 / 84650-19-1,
9822,CANNA INDICA ROOT EXTRACT,,
9823,OLEYL ACETATE,693-80-1,
9824,SORBUS COMMIXTA BERRY OIL,,
9825,PRUNUS MUME FLOWER WATER,,
9826,BUTYL BABASSUATE,,
9827,DIETHYL SEBACATE,110-40-7,
9828,ACETYL TRIHEXYL CITRATE,24817-92-3,
9829,ALEURITES MOLUCCANUS BAKOLY SEED OIL,,
9830,GLYCERIN/OXYBUTYLENE COPOLYMER STEARYL ETHER,,
9831,BARLEY SH-POLYPEPTIDE-8,,
9832,SR-SPIDER OLIGOPEPTIDE-1,,
9833,VERBENA OFFICINALIS FLOWER WATER,84961-67-1,
9834,ZINC NITRATE,7779-88-6,
9835,MALPIGHIA GLABRA FRUIT EXTRACT,223747-63-5,
9836,DIPHYLLEIA GRAYI FLOWER EXTRACT,,
9837,HYDROLYZED GOLD OF PLEASURE,227024-32-0,
9838,LACTOBACILLUS/RHODOPSEUDOMONAS/SACCHAROMYCES/SUCROSE/(SCUTELLARIA BAICALENSIS/COPTIS CHINENSIS) ROOT/PHELLODENDRON AMURENSE BARK/LONICERA JAPONICA FLOWER/CHAENOMELES SINENSIS FRUIT/CAMELLIA SINENSIS LEAF/BRASSICA OLERACEA ITALICA FERMENT FILTRATE,,
9839,DISODIUM GUANYLATE,85-32-5 / 117-68-0 / 5550-12-9,
9840,PRINSEPIA UTILIS SEED OIL,,
9841,LILIUM BROWNII BULB/SEED EXTRACT,,
9842,CETEARYL ALCOHOL,67762-27-0 / 8005-44-5,
9843,CITRUS UNSHIU LEAF EXTRACT,,
9844,TRITICUM VULGARE BRAN EXTRACT,84012-44-2,
9845,TRIPEPTIDE-7 SH-PENTAPEPTIDE-19,,
9846,R-CHAETOCEROS NEOGRACILE POLYPEPTIDE-1,,
9847,MAGNESIUM SULFATE,7487-88-9; 10034-99-8 -heptahydrate- ; 18939-43-0,
9848,SH-POLYPEPTIDE-45,,
9849,SH-OLIGOPEPTIDE-1 TRIPEPTIDE-58 HEXAPEPTIDE-40 DECAPEPTIDE-41 SR-SPIDER POLYPEPTIDE-3,,
9850,PALMITOYL HEXAPEPTIDE-32,,
9851,STIGMASTANOL MALTOSIDE,,
9852,QUERCUS ACUTISSIMA FRUIT POWDER,,
9853,CARNEGIEA GIGANTEA FLOWER EXTRACT,,
9854,PHORMIUM TENAX EXTRACT,,
9855,SACCHAROMYCES/CAMELLIA SINENSIS LEAF FERMENT FILTRATE,,
9856,MEADOWFOAMAMIDOPROPYL BETAINE,,
9857,HYDROGENATED MINERAL OIL,64742-54-7,
9858,PEG-10 HYDROGENATED CASTOR OIL,61788-85-0,
9859,GRACILARIA CONFERTA POWDER,,
9860,SH-DECAPEPTIDE-1 SH-POLYPEPTIDE-9,,
9861,GLYCERYL TRIPALMATE/PALM KERNELATE/OLIVATE/MACADAMIATE/RAPESEEDATE,,
9862,OLIGOPEPTIDE-141 HEXAPEPTIDE-8,,
9863,HYDROLYZED CORAL,,
9864,UNDECETH-7,,
9865,TOCOPHERYL NICOTINATE,16676-75-8 / 43119-47-7 / 51898-34-1 / 86362-36-9,
9866,PERFLUORONONYLETHYL STEARYL DIMETHICONE,,
9867,PRIMULA VERIS FLOWER EXTRACT,84787-68-8,
9868,VITEX AGNUS CASTUS LEAF CELL EXTRACT,91722-47-3,
9869,SPIRANTHES SINENSIS FLOWER/LEAF/STEM EXTRACT,,
9870,AMMONIUM SULFATE,7783-20-2,
9871,PHYLLOSTACHYS PUBESCENS/EDULIS SHOOT SHEATH EXTRACT,,
9872,DIISOPROPYL ADIPATE,6938-94-9,
9873,TRIHYDROXYMETHOXYSTEARIN,,
9874,EMPETRUM NIGRUM CALLUS CULTURE EXTRACT,,
9875,DIOSPYROS KAKI FRUIT EXTRACT,91721-74-3,
9876,CITRUS UNSHIU PEEL/(ANGELICA GIGAS/ASTRAGALUS MEMBRANACEUS/ATRACTYLODES MACROCEPHALA/LICORICE/PAEONIA LACTIFLORA/PANAX GINSENG/REHMANNIA ROOT)/PORIA COCOS EXTRACT,,
9877,TERMINALIA CHEBULA ROOT EXTRACT,90131-48-9,
9878,CAPROOYL TETRAPEPTIDE-3,,
9879,TALLOWAMIDE MEA,90640-29-2,
9880,SH-POLYPEPTIDE-36,,
9881,LACTOCOCCUS FERMENT LYSATE,,
9882,ISOOCTYL CAPRYLATE/CAPRATE,,
9883,ALLIUM GRAYI CALLUS CULTURE EXTRACT,,
9884,SODIUM MA/DIISOBUTYLENE COPOLYMER,37199-81-8,
9885,DIMETHICONOL CARNAUBATE,,
9886,AMMONIUM ACRYLOYLDIMETHYLTAURATE/VINYL FORMAMIDE COPOLYMER,58374-69-9,
9887,SALIX DAPHNOIDES BARK EXTRACT,,
9888,HYDROLYZED ZANTHOXYLUM PIPERITUM SEED EXTRACT,97404-53-0,
9889,POTASSIUM BEHENOYL HYDROXYPROLINE,,
9890,POLYGLYCERIN-20,25618-55-7,
9891,SACCHAROMYCES/DEFATTED RICE BRAN FERMENT,,
9892,LESPEDEZA CAPITATA LEAF/STEM EXTRACT,84837-05-8,
9893,SH-POLYPEPTIDE-25,,
9894,HYDROXYDAIDZEIN,485-63-2,
9895,SACCHAROMYCES/GRAPE LEES FERMENT FILTRATE,,
9896,GLYCYRRHIZA GLABRA ROOT/SUCROSE FERMENT EXTRACT FILTRATE,,
9897,TETRAPEPTIDE-51,,
9898,TRISODIUM INOSITOL TRIPHOSPHATE,,
9899,BIS-DIPHENYLETHYL DISILOXANE,,
9900,CAMELLIA SINENSIS LEAF CELL EXTRACT,,
9901,CHOLESTERYL STEARATE,35602-69-8,
9902,ORBIGNYA MARTIANA SEED OIL,91078-92-1,
9903,ETHYLENE/MALEIC ANHYDRIDE/PROPYLENE COPOLYMER,31069-12-2,
9904,JUNIPERUS COMMUNIS BRANCH/FRUIT/LEAF EXTRACT,84603-69-0,
9905,DIMETHICONOL FLUOROALCOHOL DILINOLEIC ACID,,
9906,OCTACOSANYL GLYCOL,97338-11-9,
9907,NICOTINOYL DIPEPTIDE-24,,
9908,BETULA PLATYPHYLLA JAPONICA JUICE,223748-09-2,
9909,LAVANDULA ANGUSTIFOLIA FLOWER CERA,90063-37-9,
9910,PALMITOYL SH-OCTAPEPTIDE-24 AMIDE,,
9911,ACRYLIC ACID/ACRYLONITROGENS COPOLYMER,61788-40-7,
9912,S-LACTOYLGLUTATHIONE,54398-03-7,
9913,HIBISCUS SABDARIFFA CALLUS EXTRACT,84775-96-2,
9914,ALGAE,,
9915,BENZOPHENONE-4,4065-45-6,
9916,ASPERGILLUS/CAMELLIA SINENSIS LEAF EXTRACT FERMENT FILTRATE,,
9917,GLYCOLAMIDE STEARATE,16509-77-6,
9918,INGA EDULIS SEED EXTRACT,,
9919,ROSA MOSCHATA SEED OIL,,
9920,NAGEIA NAGI SEED OIL,,
9921,LACTOBACILLUS/HOUTTUYNIA CORDATA LEAF EXTRACT/VOLCANIC ASH FERMENT FILTRATE,,
9922,PHYLLOSTACHYS PUBESCENS MERISTEM CELL LYSATE,,
9923,2-AMINO-4‚5-DIMETHYLTHIAZOLE HBR,7170-76-5,
9924,LAURDIMONIUM HYDROXYPROPYL DECYLGLUCOSIDES CHLORIDE,,
9925,NICOTINOYL TRIPEPTIDE-48,,
9926,GLYCOGEN,9005-79-2,
9927,POLYACRYLATE-44,,
9928,DIMETHOXYPHENYL PHENYLOXOETHYL ETHYLCARBONATE,769122-28-3,
9929,GENISTEIN GLUCOSIDE,,
9930,PAEONIA LACTIFLORA FLOWER EXTRACT,,
9931,THYMOL TRIMETHOXYCINNAMATE,,
9932,ANACARDIUM OCCIDENTALE PEDUNCLE FIBER,,
9933,HYDROLYZED WHEAT GLUTEN EXTRACT,,
9934,SILANEDIOL SALICYLATE,,
9935,HIRUDINEA EXTRACT,,
9936,ANGELICA JAPONICA EXTRACT,97593-07-2,
9937,LEUCONOSTOC/MORUS BOMBYCIS FERMENT EXTRACT FILTRATE,,
9938,CARTHAMUS TINCTORIUS SEEDCAKE EXTRACT,,
9939,DIGLYCERYL SEBACATE/ISOPALMITATE,,
9940,KLUYVEROMYCES/LACTOBACILLUS/LACTOCOCCUS/LEUCONOSTOC/SACCHAROMYCES LAC FERMENT FILTRATE,,
9941,BOUGAINVILLEA SPECTABILIS LEAF CELL EXTRACT,,
9942,COPPER TRIPEPTIDE-34 HCL,,
9943,LEPTADENIA RETICULATA LEAF EXTRACT,92457-15-3,
9944,HYDROXYETHYL METHYLTHIOPROPENAMIDE,1819988-54-9,
9945,CHENOPODIUM QUINOA HUSK EXTRACT,,
9946,VP/EICOSENE COPOLYMER,28211-18-9,
9947,LIGUSTICUM JEHOLENSE FLOWER/ROOT EXTRACT,,
9948,COREGONUS CLUPEAFORMIS EXTRACT,,
9949,PHELLODENDRON CHINENSE BARK EXTRACT,,
9950,METHIONYL SH-POLYPEPTIDE-92,,
9951,HYDROLYZED FRUIT/MENTHA ARVENSIS LEAF/ROOT EXTRACT,,
9952,CRATAEGUS MONOGYNA LEAF EXTRACT,90045-52-6,
9953,ISOPROPYL RICINOLEATE,71685-99-9,
9954,FICUS PUMILA SEED EXTRACT,,
9955,GOAT MILK,,
9956,LEPISTA NUDA FERMENT EXTRACT,31916,
9957,RHUS SEMIALATA GALL EXTRACT,,
9958,PPG-14 LAURETH-60 HEXYL DICARBAMATE,226994-82-7,
9959,TRIMETHYLPENTANEDIOL/ADIPIC ACID/ISONONANOIC ACID COPOLYMER,200512-90-9,
9960,ORIDONIN,28957-04-2,
9961,BARLEY SH-POLYPEPTIDE-9,127464-60-2,
9962,HYDROGENATED PALM/PALM KERNEL GLYCERIDES,,
9963,ISATIS TINCTORIA SEED EXTRACT,,
9964,PHLOROGLUCINOL TRIMETHYL ETHER,621-23-8,
9965,CETYL ISONONANOATE,84878-33-1,
9966,MELIA AZADIRACHTA CONDITIONED MEDIA/CULTURE,,
9967,TETRADECYL/HEXADECYL C18-20 HYDROXYALKYL ACID,74124-36-0 / 3349-28-8,
9968,TOCOPHEROL/WHEAT POLYPEPTIDES,,
9969,ETHYLTOSYLAMIDE EPOXY RESIN-2,,
9970,ACETYL PROLINE,68-95-1,
9971,MORUS ALBA CALLUS EXTRACT,,
9972,TETRAPEPTIDE-49,,
9973,NICOTIANA BENTHAMIANA RH-OLIGOPEPTIDE-1,,
9974,HIBISCUS HAMABO EXTRACT,,
9975,HYDROGENATED PLUKENETIA VOLUBILIS SEED OIL,,
9976,ETHYL GLUCOSIDE,30285-48-4,
9977,HYDROXYPROPYLTRIMONIUM LEMON PROTEIN,,
9978,CHINPI EKISU,,
9979,OENOTHERA BIENNIS FLOWER/LEAF/STEM EXTRACT,90028-66-3,
9980,ETTLIA TEXENSIS EXTRACT,,
9981,PICHIA/RETINOL FERMENT EXTRACT,,
9982,IMIDAZOLYLETHYL DIAMINOPROPANAMIDE HCL,1414930-04-3,
9983,LONICERA JAPONICA LEAF EXTRACT,223749-79-9,
9984,CHICKEN PLURIPOTENT PRIMORDIAL GERM CELL CONDITIONED MEDIA,,
9985,RHODODENDRON INDICUM FLOWER EXTRACT,,
9986,PTEROCARPUS SANTALINUS WOOD POWDER,84650-41-9,
9987,PERFLUOROCYCLOHEXYLMETHANOL,28788-68-3,
9988,BIS-STEARYL IPDI/PEG-795 COPOLYMER,,
9989,(CAMELLIA JAPONICA/PRUNUS MUME/SAFFLOWER FLOWER)/(ARONIA ARBUTIFOLIA/BLUEBERRY/CRANBERRY/EUTERPE OLERACEA FRUIT)/CAMELLIA SINENSIS LEAF/GARCINIA MANGOSTANA PEEL/COFFEE SEED/PROPOLIS/WINE EXTRACT,,
9990,TRIISOPROPYL TRILINOLEATE,,
9991,TRIRICINOLEIN,2540-54-7,
9992,ECHINACEA PURPUREA FLOWER/LEAF/STEM EXTRACT,90028-20-9,
9993,BIS-VINYLDIMETHICONE/BIS-ISOBUTYL PPG-20 CROSSPOLYMER,,
9994,ETHYLHEXYL ACETOXYSTEARATE,61800-40-6,
9995,RUBUS HIRSUTUS FRUIT/LEAF EXTRACT,,
9996,METHYLSILANOL CARBOXYMETHYL THEOPHYLLINE,105883-42-9,
9997,SODIUM PALMATE,61790-79-2,
9998,POLYACRYLOYLDIMETHYLTAURATE POLYOXYMETHYLENE MELAMINE,,
9999,BRASSICA CAMPESTRIS STEROLS,90989-79-0,
10000,HEPTAPEPTIDE-38 DIMER,,
10001,RIBES NIGRUM LEAF WATER,68606-81-5,
10002,IRIS FLORENTINA FLOWER WAX,,
10003,AMMONIUM ACRYLOYLDIMETHYLTAURATE/STEARETH-25 METHACRYLATE CROSSPOLYMER,,
10004,NELUMBO NUCIFERA GERM,85085-51-4,
10005,BENZOYL ISOPROPANOL,7473-98-5,
10006,SUCROSE HEXAERUCATE,,
10007,SR-OLIGOPEPTIDE-1,,
10008,CYTISUS SCOPARIUS FLOWER EXTRACT,84696-48-0,
10009,CITRUS LIMON PEEL CERA,85085-28-5,
10010,GLYCERYL CAPRATE,26402-22-2,
10011,ACORUS CALAMUS RHIZOME WATER,84775-39-3,
10012,HEPTAPEPTIDE-40 DIMER,,
10013,LAVENDER FLOWER/(OLIVE/ORIGANUM VULGARE/ROSEMARY/THYME LEAF)/GOLDENSEAL EXTRACT,,
10014,UDOTEA ABBOTTIORUM CALLUS CULTURE EXTRACT,,
10015,MALTITOL LAURATE,75765-49-0,
10016,C30-50 ALKYL BEESWAX,223707-19-5,
10017,CARBOXYDECYL TRISILOXANE,,
10018,CALOPHYLLUM TACAMAHACA FRUIT OIL,223748-12-7,
10019,ACETYL HEXAPEPTIDE-8 OLIGOPEPTIDE-133,,
10020,C30-50 ALKYL STEARATE,223239-94-9,
10021,OLIGOPEPTIDE-56,,
10022,PYRUS GERMANICA EXTRACT,,
10023,PLECTRANTHUS AMBOINICUS LEAF/STEM OIL,,
10024,TETRADECENE,1120-36-1,
10025,MONASCUS/ORYZA SATIVA FERMENT,,
10026,SUCROSE BENZOATE,12738-64-6,
10027,PYRUS BRETSCHNEIDERI FRUIT JUICE,,
10028,GLYCERYL RICINOLEATE,1323-38-2 / 141-08-2,
10029,TRISILOXANE,107-51-7,
10030,HYDROLYZED MYRTUS COMMUNIS LEAF EXTRACT,,
10031,PETASITES JAPONICUS POWDER,91845-41-9,
10032,CUPROUS OXIDE,1317-39-1,
10033,ALUMINUM STEAROYL GLUTAMATE,,
10034,PPG-2 DIMETHICONE,,
10035,MACROCYSTIS PYRIFERA EXTRACT,347174-92-9,
10036,LACTOBACILLUS/SCHIZOSACCHAROMYCES FERMENT FILTRATE,,
10037,ALOE BARBADENSIS CALLUS POWDER,,
10038,TRIDECYL ISONONANOATE,125804-18-4,
10039,PPG-2-CETETH-10,9087-53-0 / 37311-01-6,
10040,MUSA SAPIENTUM FRUIT EXTRACT,,
10041,DIMETHYLOL BUTANOIC ACID/IPDI/PPG-17/PPG-34 COPOLYMER,1285663-88-8,
10042,GELIDIUM AMANSII OLIGOSACCHARIDES,,
10043,CHRYSOCOLLA,,
10044,STEARIC ACID,57-11-4,
10045,OPHIOPOGON JAPONICUS SEED EXTRACT,952500-62-8,
10046,MANDRAGORA OFFICINARUM ROOT EXTRACT,90063-85-7,
10047,POTASSIUM SULFATE,7778-80-5,
10048,PYRUS MALUS CARPEL POWDER,,
10049,GALANGIN,548-83-4,
10050,DIISOPROPYL NONYL PHOSPHINE OXIDE,1507344-37-7,
10051,METHYL AMINOLEVULINATE HCL,79416-27-6,
10052,PPG-16,25322-69-4,
10053,ISOSTEARYL FERULATE,,
10054,POTASSIUM LAUROYL METHYL BETA-ALANINE,,
10055,SACCHAROMYCES/LITHOSPERMUM ERYTHRORHIZON ROOT OIL FERMENT FILTRATE,,
10056,SH-OLIGOPEPTIDE-82,,
10057,MORINGA DROUHARDII SEED OIL,,
10058,EMPETRUM NIGRUM FRUIT JUICE,,
10059,DIISOSTEAROYL POLYGLYCERYL-3 DIMER DILINOLEATE,,
10060,PPG-4 MYRISTYL ETHER,63793-60-2,
10061,MEVALONOYL TETRAPEPTIDE-36,,
10062,MIMOSA PUDICA LEAF EXTRACT,92201-96-2,
10063,ACRYLATES/RHUS VERNICIFLUA SAP EXTRACT CROSSPOLYMER,,
10064,HYDROLYZED PEARL,,
10065,PICEA MARIANA BRANCH/LEAF OIL,91722-19-9,
10066,MORUS BOMBYCIS STEM EXTRACT,,
10067,PASSIFLORA QUADRANGULARIS FLOWER EXTRACT,,
10068,OLEOYL METHYLGLUCAMIDE OLEATE,,
10069,TIARELLA POLYPHYLLA EXTRACT,,
10070,PODOPHYLLUM PELTATUM RHIZOME/ROOT EXTRACT,90063-90-4,
10071,GERANIUM MACRORRHIZUM FLOWER/LEAF/STEM OIL,,
10072,PANTOEA AGGLOMERANS FERMENT LYSATE EXTRACT,,
10073,REPAGERMANIUM,12758-40-6,
10074,CYCLOTETRAGLUCOSE,159640-28-5,
10075,POLYGLYCERYL-4 CAPRYLATE,,
10076,DITHIAOCTANEDIOL,5244-34-8,
10077,BUTYLOCTYL BEESWAX,151661-98-2,
10078,ROSA RUBIGINOSA SEED OIL,,
10079,DICRANOPTERIS PEDATA EXTRACT,,
10080,POTASSIUM STEAROYL HYDROLYZED RICE PROTEIN,,
10081,PORPHYRA YEZOENSIS POWDER,,
10082,DISODIUM MALYL TYROSINATE,126139-79-5,
10083,ZINC NEODECANOATE,27253-29-8,
10084,HYDROLYZED MILLET SEED EXTRACT,,
10085,HYDROLYZED FISH SCALE EXTRACT,,
10086,ASPERGILLUS/BIFIDOBACTERIUM/LACTOBACILLUS/SACCHAROMYCES/STREPTOCOCCUS /RHIZOME/(ARCTIUM LAPPA/CARROT/DANDELION/ELEUTHERO/EURYCOMA LONGIFOLIA/LEPIDIUM MEYENII/LICORICE/PANAX GINSENG/PANAX NOTOGINSENG/PLATYCODON GRANDIFLORUM/SALACIA RETICULATA ROOT)/(PANAX GINSENG/GINGER/POLYGONATUM ODORATUM ROOT/STEM)/(CASSIA OBTUSIFOLIA/JOB'S TEARS SEED)/(COMMELINA COMMUNIS/CORCHORUS OLITORIUS SPROUT)/SAMBUCUS SIEBOLDIANA STEM/GLOIOPELTIS TENAX/LAMINARIA JAPONICA/ARTEMISIA PRINCEPS/CASSIA OBTUSIFOLIA/EQUISETUM ARVENSE/GLECHOMA HEDERACEA/GYNOSTEMMA PENTAPHYLLUM/HYPERICUM ERECTUM/ISODON JAPONICUS/NANDINA DOMESTICA/PLANTAGO ASIATICA/VIGNA RADIATA EXTRACT FERMENT FILTRATE,,
10087,GLUCONOBACTER FERMENT FILTRATE,,
10088,RAHNELLA/SOY PROTEIN FERMENT,,
10089,OLEANOLIC ACID,508-02-1,
10090,FERULA FOETIDA ROOT EXTRACT,93455-94-8 / 90028-70-9,
10091,CAPSAICINYL SUCCINOYL HEXAPEPTIDE-24 AMIDE,,
10092,TRIPROPYLENE GLYCOL CITRATE,,
10093,BETA-SITOSTEROL,83-46-5,
10094,ECHINACEA ANGUSTIFOLIA CELL CULTURE EXTRACT,84696-11-7,
10095,FRUCTAN,,
10096,GANODERMA PFEIFFERI FRUITING BODY EXTRACT,,
10097,METHACRYLOYL PROPYLTRIMETHOXYSILANE,2530-85-0,
10098,ALOE YOHJYU MATSU EKISU,,
10099,PEG-2 LAURDIMONIUM BROMIDE NYLON-6 CROSSPOLYMER,,
10100,SOPHORA FLAVESCENS ROOT POWDER,,
10101,BENZYLIDENE DIMETHOXYDIMETHYLINDANONE,924626-15-3,
10102,GLYCERETH-20,31694-55-0,
10103,OLEUROPEIN AGLYCONE,,
10104,MORTIERELLA GLYCERIDES,,
10105,NICOTIANA BENTHAMIANA HEXAPEPTIDE-40 SH-POLYPEPTIDE-6,,
10106,IPOMOEA PURGA RESIN,9000-35-5 / 84696-22-0,
10107,TROLOXOYL DECAPEPTIDE-10,,
10108,LAMIUM ALBUM FLOWER/LEAF/STEM EXTRACT,84012-23-7,
10109,TRIMETHYL HYDROXYMETHYL CYCLOHEXANOL,195060-85-6,
10110,HORDEUM VULGARE SEED EXTRACT,85251-64-5,
10111,PEG-20 HYDROGENATED PALM GLYCERIDES,,
10112,FICUS ERECTA LEAF/STEM EXTRACT,,
10113,ACACIA DECURRENS FLOWER WAX,,
10114,CAMELLIA JAPONICA FLOWER/LEAF/SEED WATER,,
10115,ALBIZIA AMARA SEED EXTRACT,,
10116,DIHYDROCHOLESTERYL MACADAMIATE,226994-24-7,
10117,CALCIUM LAURATE,4696-56-4,
10118,PHYTOSPHINGOSINE GLYCOLATE,,
10119,SR-DOG POLYPEPTIDE-1,,
10120,PIPER NIGRUM CALLUS EXTRACT,,
10121,SACCHAROMYCES/ALOE BARBADENSIS LEAF/APPLE FRUIT/ARTEMISIA PRINCEPS LEAF/GRAPE FRUIT/PRUNUS MUME FRUIT/PUMPKIN/TOMATO FRUIT FERMENT FILTRATE,,
10122,HELICHRYSUM ITALICUM FLOWER/STEM EXTRACT,,
10123,TETRAHYDROJASMONIC ACID,,
10124,MOMORDICA COCHINCHINENSIS SEED ARIL POWDER,,
10125,BUTYL METHACRYLATE/DMAPA ACRYLATES/VINYLACETAMIDE CROSSPOLYMER,,
10126,GLYCERYL OLIVATE OLEATE ESTOLIDES,,
10127,YUCCA SCHIDIGERA FRUIT,90147-57-2,
10128,BENZYL HYALURONATE,111744-92-4,
10129,DEFATTED ISATIS TINCTORIA SEED EXTRACT,,
10130,OVUM OIL,8001-17-0,
10131,RESVERATRYL TRIACETATE,42206-94-0,
10132,LAURYL LACTATE,6283-92-7,
10133,PEG-40 HYDROGENATED CASTOR OIL PCA ISOSTEARATE,,
10134,ETHYLHEXYL MYRISTATE,29806-75-5,
10135,POLYGLYCERYL-3 DICOCOATE,223706-50-1,
10136,1‚4-BUTANEDIOL DIMETHACRYLATE,2082-81-7,
10137,CYMBOPOGON CITRATUS LEAF POWDER,89998-14-1,
10138,PINUS TABULIFORMIS BARK EXTRACT,,
10139,PEG-3 METHYL ETHER,9004-74-4,
10140,LENS CULINARIS FRUIT EXTRACT,,
10141,AMINOBUTYROYL PENTAPEPTIDE-4,,
10142,BERTHOLLETIA EXCELSA PERICARP EXTRACT,,
10143,THALASSIOSIRA ECCENTRICA EXTRACT,,
10144,SACCHAROMYCES/PLATINUM FERMENT,,
10145,JUGLANS REGIA WOOD EXTRACT,84012-43-1,
10146,LITHIUM GUANOSINE TRIPHOSPHATE,85737-04-8,
10147,HYDROLYZED MORUS ALBA LEAF EXTRACT,,
10148,LACTOBACILLUS/LEUCONOSTOC/BLUEBERRY FRUIT EXTRACT FERMENT FILTRATE,,
10149,MACROPTILIUM ATROPURPUREUM FLOWER/LEAF/STEM EXTRACT,,
10150,SOPHORA JAPONICA ROOT EXTRACT,90131-19-4,
10151,RUBUS IDAEUS LEAF CELL CULTURE,84929-76-0,
10152,SH-POLYPEPTIDE-85,,
10153,RHIZOPUS/SOYBEAN FERMENT EXTRACT FILTRATE,,
10154,ALARIA ESCULENTA/UNDARIA PINNATIFIDA EXTRACT,,
10155,OROBANCHE RAPUM EXTRACT,223747-85-1,
10156,POTASSIUM OXIDIZED MICROCRYSTALLINE CERA,,
10157,ZINC ASPARTATE,36393-20-1,
10158,POLYGLYCERYL-3 CAPRATE/CAPRYLATE/STEARATE/DIMER DILINOLEATE CROSSPOLYMER,,
10159,METHYL DIHYDROABIETATE,67893-02-1,
10160,BIS-VINYLDIMETHICONE/PPG-20 CROSSPOLYMER,,
10161,TRIS(ACETIMINOACETOXYETHOXY METHACRYLATE) PPG-6 TRIMETHYLOLPROPANE,,
10162,PENTAPEPTIDE-33,,
10163,MALVA SYLVESTRIS FLOWER/LEAF EXTRACT,84082-57-5,
10164,COMMELINA COMMUNIS FLOWER EXTRACT,,
10165,HYDROLYZED STURGEON OVARY MEMBRANE EXTRACT,,
10166,EQUISETUM ARVENSE LEAF POWDER,71011-23-9,
10167,POLYGLYCERYL-10 MYRISTATE,87390-32-7,
10168,(LIQUIDAMBAR STYRACIFLUA/TRIBULUS TERRESTRIS) FRUIT/PAEONIA LACTIFLORA ROOT EXTRACT,,
10169,MICROMERIA CHAMISSONIS FLOWER/LEAF/STEM EXTRACT,,
10170,GLYCERYL/POLYGLYCERYL-6 ISOSTEARATE/BEHENATE ESTERS,,
10171,PIPER AURANTIACUM FRUIT EXTRACT,,
10172,KERRIA JAPONICA FLOWER EXTRACT,,
10173,SALICYLYL BEESWAX,,
10174,LUPINUS SUBCARNOSUS SYMBIOSOME EXTRACT,,
10175,POLYDECENE,37309-58-3 / 25189-70-2,
10176,SEC-BUTYL METHACRYLATE,2998-18-7,
10177,SNAIL SECRETION FILTRATE,,
10178,CITRUS AURANTIUM DULCIS PEEL OIL,8008-57-9,
10179,PILOCARPUS MICROPHYLLUS LEAF EXTRACT,84604-03-5,
10180,COBALT ALUMINUM OXIDE,1345-16-0,
10181,CITRUS AURANTIUM BERGAMIA FRUIT WATER,89957-91-5,
10182,BAMBUSA ARUNDINACEA JUICE,91771-32-3,
10183,LAURYL METHACRYLATE,142-90-5,
10184,OCTAPEPTIDE-35,,
10185,PYRUS MALUS STEM EXTRACT,85251-63-4,
10186,DIISOSTEARYL GLUTARATE,,
10187,CITRUS TANGELO FRUIT JUICE,,
10188,APRICOT KERNEL OIL POLYGLYCERYL-3 ESTERS,,
10189,JASMINUM OFFICINALE EXTRACT,90045-94-6,
10190,BASSIA BUTYRACEA SEED BUTTER,,
10191,MONTAN ACID WAX,68476-03-9,
10192,ASPERGILLUS/SACCHAROMYCES/PUMPKIN SEED FERMENT FILTRATE,,
10193,DIHYDROABIETYL METHACRYLATE,,
10194,ACETYL HEXAPEPTIDE-31,,
10195,NICOTINOYL DIPEPTIDE-22,,
10196,PERSICARIA THUNBERGII EXTRACT,,
10197,METHYL COCOATE,61788-59-8,
10198,OXYGEN,7782-44-7,
10199,PEG-15 HYDROGENATED CASTOR OIL ISOSTEARATE,,
10200,ISOSTEARETH-10 STEARATE,,
10201,AMYLOPECTIN,9037-22-3,
10202,CEREUS GRANDIFLORUS SEED POWDER,8007-78-1,
10203,RUBUS DELICIOSUS FRUIT JUICE,,
10204,PEG-20 GLYCERYL TRIOLEATE,68958-64-5,
10205,TRIARACHIDIN,620-64-4,
10206,ACACIA ARABICA STEM BARK POWDER,93164-88-6,
10207,SAXIFRAGA ROTUNDIFOLIA FLOWER/LEAF/STEM EXTRACT,,
10208,ERYTHROXYLUM CATUABA BARK EXTRACT,,
10209,SILENE UNIFLORA FLOWER/LEAF EXTRACT,,
10210,PODOCARPUS MACROPHYLLUS LEAF EXTRACT,,
10211,PALMITOYL TRIPEPTIDE-37,,
10212,SEA WATER,,
10213,POTASSIUM PALM KERNELATE,70969-43-6,
10214,POLYPROPYL METHACRYLATE,,
10215,TETRADECYL AMINOBUTYROYLVALYLAMINOBUTYRIC UREA TRIFLUOROACETATE,934368-60-2,
10216,PHYTOSPHINGOSINE ASCORBATE,,
10217,TOSYLAMIDE/EPOXY RESIN,,
10218,CARYA ILLINOENSIS SEED OIL,129893-27-2,
10219,PPG-25 SORBITOL,,
10220,ANGELICA ACUTILOBA ROOT/CITRUS AURANTIUM AMARA FRUIT/COPTIS JAPONICA ROOT/FORSYTHIA VIRIDISSIMA FRUIT/GARDENIA FLORIDA FRUIT/GLYCYRRHIZA GLABRA ROOT/MENTHA ARVENSIS LEAF /PAEONIA LACTIFLORA ROOT/PLATYCODON GRANDIFLORUS ROOT/REHMANNIA GLUTINOSA ROOT/SCUTELLARIA BAICALENSIS ROOT EXTRACT,,
10221,PERSEA GRATISSIMA BUTTER,8024-32-6,
10222,TETRAHYDROMAGNOLOL,20601-85-8,
10223,PROPYLENE GLYCOL CETETH-3 ACETATE,93385-03-6,
10224,MYRISTOYL NONAPEPTIDE-2,,
10225,CITRUS RETICULATA LEAF WATER,8008-31-9,
10226,PASSIFLORA EDULIS FLOWER EXTRACT,91770-48-8,
10227,PHORMIUM TENAX SEED,,
10228,CHOLESTERYL MACADAMIATE,,
10229,BOSWELLIA SERRATA WATER,97952-72-2,
10230,PROPYLENE GLYCOL HYDROXYSTEARATE,33907-47-0 / 38621-51-1,
10231,PENTADESMA BUTYRACEA SEED BUTTER,94349-99-2,
10232,PEI-250,9002-98-6,
10233,LESPEDEZA CAPITATA EXTRACT,84837-05-8,
10234,FICUS SIMPLICISSIMA ROOT EXTRACT,,
10235,METHOXYCINNAMIDOPROPYL DIMETHYLAMINOBENZAMIDOPROPYL DIMETHICONOL,,
10236,BUTYL METHACRYLATE/ACRYOYLOXY PG METHACRYLATE COPOLYMER,1431551-12-0,
10237,ENTEROMORPHA PROLIFERA WATER,,
10238,CITRUS LIMON LEAF/PEEL/STEM OIL,92346-89-9 / 84929-31-7,
10239,HYDROLYZED SPIDER WEB,,
10240,BOSWELLIA FREREANA RESIN,,
10241,ANGELICA DAHURICA ROOT/CNIDIUM OFFICIANALE ROOT/CORYDALIS TURTSCHANINOVII ROOT/GLYCYRRHIZA GLABRA ROOT/PAEONIA LACTIFLORA ROOT/PONCIRUS TRIFOLIATA FRUIT/PUERARIA THUNBERGIANA ROOT EXTRACT,,
10242,SODIUM OLEOYL HYALURONATE,,
10243,SODIUM THIOCTOYL HYALURONATE,1223313-45-8,
10244,CURCUMA AROMATICA ROOT WATER,94349-73-2,
10245,ACHYROCLINE SATUREIOIDES FLOWER/LEAF/STEM EXTRACT,92346-81-1,
10246,BLETILLA STRIATA ROOT/STALK POWDER,,
10247,PIPER NIGRUM CALLUS POWDER,,
10248,PROPIONIBACTERIUM ACIDIPROPIONICI/SOYBEAN EXTRACT FERMENT FILTRATE,,
10249,MANNAN,9036-88-8 / 51395-96-1,
10250,PERILLA FRUTESCENS JUICE,,
10251,DODECENYL OLEYLSUCCINAMIDE,1637582-29-6,
10252,SYRINGA VULGARIS FLOWER EXTRACT,90063-50-6,
10253,POLYBETA-ALANINE/GLUTARIC ACID CROSSPOLYMER,,
10254,LAURYL TRIMETHICONE,139614-44-1,
10255,ISOPHORONEDIAMINE/ISOPHTHALIC ACID/PENTAERYTHRITOL COPOLYMER,,
10256,CARNITINE ISOMERIZED LINOLEATE,,
10257,PPG-4 LAURETH-7,,
10258,HEXADECENOIC ACID,17004-51-2,
10259,LACTOBACILLUS/ASPERGILLUS/PRUNUS MUME FRUIT FERMENT FILTRATE,,
10260,VIBRIO ALGINOLYTICUS FERMENT FILTRATE,,
10261,SCHIZOSACCHAROMYCES FERMENT EXTRACT FILTRATE,,
10262,TOFIELDIA JAPONICA LEAF EXTRACT,,
10263,BITTER CHERRY SEED OIL PEG-8 ESTERS,,
10264,OLIGOPEPTIDE-56 AMIDO PEG-75 METHYL ETHER,,
10265,SCROPHULARIA KORAIENSIS ROOT EXTRACT,,
10266,STYRENE/METHYLSTYRENE/INDENE COPOLYMER,149613-90-1,
10267,HYDROLYZED FUCUS VESICULOSUS PROTEIN,84696-13-9,
10268,ACETYL MONOFLUOROHEPTAPEPTIDE-1,,
10269,LACTOBACILLUS/LAC FERMENT,,
10270,ILLICIUM VERUM FRUIT/MYRISTICA FRAGRANS FRUIT/PIMENTA OFFICINALIS FRUIT EXTRACT,,
10271,ISOAMYL STEARATE,627-88-3,
10272,ACRYLATES/ETHYLHEXYL ACRYLATE/HEMA/STYRENE COPOLYMER,,
10273,POLYSILICONE-33,,
10274,ROSA RUGOSA ROOT EXTRACT,92347-25-6,
10275,ADENIUM OBESUM LEAF CELL EXTRACT,,
10276,SOLANUM MURICATUM FRUIT EXTRACT,,
10277,HESPERIDIN,520-26-3,
10278,PROPYLENE GLYCOL DIRICINOLEATE/IPDI COPOLYMER,351425-00-8,
10279,RED PETROLATUM,8009-03-8,
10280,OLEOYL OLEAMIDE SERINOL,1487457-13-5,
10281,SCABIOSA ARVENSIS EXTRACT,90046-08-5,
10282,PRUNUS CAMPANULATA/YEDOENSIS LEAF EXTRACT,,
10283,ISOTRIDECYL STEARATE,31565-37-4,
10284,ACRYLATES/METHOXY PEG-23 METHACRYLATE COPOLYMER,,
10285,HYDROLYZED SOYBEAN PALMITATE,,
10286,DIERUCIC ACID,63541-50-4,
10287,KAEMPFERIA GALANGA ROOT EXTRACT,92347-13-2,
10288,HYDROGENATED CAMELLIA JAPONICA SEED OIL,,
10289,METHYL PALMATE,91051-34-2,
10290,PUERARIA LOBATA LEAF/STEM EXTRACT,,
10291,PPG-38 STEARETH-6,,
10292,CALLITRIS QUADRIVALVIS GUM,9000-57-1,
10293,MYRISTOYL TETRAPEPTIDE-3,,
10294,PROPYLENE GLYCOL DIUNDECANOATE,68227-47-4,
10295,THALASSIOSIRA AESTIVALIS/GRAVIDA/NITZSCHIOIDES/NORDENSKIOELDII/ROTULA EXTRACT,,
10296,PEUCEDANUM OSTRUTHIUM LEAF EXTRACT,90082-65-8,
10297,PHYLLOSPADIX IWATENSIS EXTRACT,,
10298,C14-15 DIALKYL CARBONATE,,
10299,BIS-HYDROXYPROPYL DIMETHICONE BEHENATE,,
10300,CANDELILLA/JOJOBA/RICE BRAN POLYGLYCERYL-3 ESTERS,,
10301,SHIRAKABA JYUHI EKISU,,
10302,TROLOXOYL NONAPEPTIDE-38,,
10303,AMP-ACRYLATES POLYACRYLATE CROSSPOLYMER-9,,
10304,KLUYVEROMYCES/LACTOBACILLUS/LACTOCOCCUS/LEUCONOSTOC/SACCHAROMYCES MILK FERMENT,,
10305,ISOPHORONE DIAMINE/CYCLOHEXYLAMINE/ISOPHTHALIC ACID/AZELAIC ACID COPOLYMER,68584-15-6,
10306,ISONONYL ISONONANOATE,59219-71-5 / 42131-25-9,
10307,POLYGLYCERYL-3 STEARATE/OLEATE/DIMER DILINOLEATE CROSSPOLYMER,,
10308,PRUNUS AMYGDALUS DULCIS LEAF CELL EXTRACT,90320-37-9,
10309,SACCHAROMYCES/HORSE PLACENTA FERMENT FILTRATE,,
10310,METHYLSILANOL CARBOXYMETHYL THEOPHYLLINE ALGINATE,,
10311,CAPRYLYL 3-GLYCERYL ASCORBATE,1120360-26-0,
10312,SYRINGA VULGARIS LEAF CELL CULTURE EXTRACT,90063-50-6,
10313,2-METHYL-4-HYDROXYPYRROLIDINE,94134-94-8,
10314,ECHINACEA ANGUSTIFOLIA ROOT CELL CULTURE EXTRACT,84696-11-7,
10315,POUTERIA LUCUMA PULP EXTRACT,,
10316,ZEA MAYS BRAN EXTRACT,,
10317,DIHYDROXYBENZYL ADAMANTANYLDIMETHOXYBENZAMIDE,,
10318,GLYCERYL DIARACHIDATE,89648-24-8 / 127039-55-8,
10319,PEG-150 DISTEARATE,9005-08-7,
10320,GLYCERIN/ISOPHTHALIC ACID COPOLYMER CASTORATE,,
10321,MICHELIA LONGIFLORA FLOWER EXTRACT,,
10322,PENTAERYTHRITYL TETRALAURATE,13057-50-6,
10323,BACILLUS/(ASPARAGUS COCHINCHINENSIS/LYCIUM CHINENSE/OPHIOPOGON JAPONICUS/PANAX GINSENG/REHMANNIA GLUTINOSA) ROOT/PORIA COCOS FERMENT FILTRATE,,
10324,BERGENIA EMEIENSIS ROOT EXTRACT,,
10325,R-(SH-POLYPEPTIDE-92 OLIGOPEPTIDE-159 SH-OLIGOPEPTIDE-1),,
10326,POLYGLYCERYL-20 HEPTADECABEHENATE/LAURATE,,
10327,PALMITIC ACID,57-10-3,
10328,ISOBUTYL TALLOWATE,68526-50-1,
10329,PALMITOYL HEXAPEPTIDE-19,,
10330,CETYLHYDROXYPROLINE PALMITAMIDE,791838-11-4,
10331,CURCUMA LONGA ROOT POWDER,84775-52-0,
10332,ETHYLARGININOATE ACETAMIDOMETHIONAMIDE HCL,,
10333,CASTOR OIL PHOSPHATE,,
10334,POLYQUATERNIUM-32,35429-19-7,
10335,ALUMINUM DIBENZOATE/STEARATE HYDROXIDE,94166-87-7,
10336,PPG-9 LAURATE,9035-84-1,
10337,DILINOLEYL ALCOHOL/IPDI COPOLYMER,224948-76-9,
10338,HYDROLYZED COMARUM PALUSTRE ROOT/STEM EXTRACT,,
10339,PEG-4 DITALLOW ETHER,,
10340,CYCLOVINYLMETHICONE,,
10341,RUBUS VILLOSUS LEAF EXTRACT,93165-71-0,
10342,MORINGA OLEIFERA SEEDCAKE EXTRACT,,
10343,CHAMAZULENE,529-05-5,
10344,NIACINAMIDE/YEAST POLYPEPTIDE,,
10345,FISH OIL,8016-13-5,
10346,SH-OLIGOPEPTIDE-60,,
10347,CHAMOMILLA RECUTITA (MATRICARIA) FLOWER JUICE,,
10348,DIETHYL ASPARTATE,43101-48-0 / 13552-87-9,
10349,CANDIDA BOMBICOLA/RAPESEED SEED OIL FERMENT EXTRACT,,
10350,HARPAGIDE,6926-08-5,
10351,LUFFA CYLINDRICA CALLUS EXTRACT,,
10352,ACRYLATES/STEARETH-20 METHACRYLATE CROSSPOLYMER,,
10353,DYSMORPHOCOCCUS GLOBOSUS EXTRACT,,
10354,CALLISTEPHUS CHINENSIS LEAF EXTRACT,,
10355,POLYURETHANE-59,,
10356,BUDDLEJA DAVIDII MERISTEM CELL CULTURE,94465-67-5,
10357,RICE BRAN OIL/HYDROGENATED RICE BRAN OIL ESTERS,,
10358,SODIUM URSOLATE,220435-39-2,
10359,CENTAUREA CYANUS FLOWER EXTRACT,84012-18-0,
10360,SPIRULINA MAXIMA POWDER,,
10361,SH-OLIGOPEPTIDE-72,,
10362,CITRUS JABARA PERICARP EXTRACT,,
10363,ISOSTEARETH-200 LINOLEATE,,
10364,ALOE BARBADENSIS CALLUS EXTRACT,,
10365,STARCH ACETATE/ADIPATE,,
10366,HYDROXYPROPYLTRIMONIUM HYALURONATE,,
10367,LITCHI CHINENSIS FRUIT JUICE,91722-81-5,
10368,BARKLYA SYRINGIFOLIA SEED OIL,,
10369,ZANTHOXYLUM ALATUM BARK EXTRACT,91770-90-0,
10370,HYDROGENATED SHEA BUTTER,,
10371,POTASSIUM ACETATE,127-08-2,
10372,CREPIDIASTRUM DENTICULATUM LEAF/STEM EXTRACT,,
10373,HORTONIA FLORIBUNDA LEAF EXTRACT,,
10374,CHLOROGENIC ACIDS,327-97-9 / 72690-58-5,
10375,GIBBERELLIC ACID,77-06-5,
10376,ADIPIC ACID/CHDM/MA/NEOPENTYL GLYCOL/TRIMELLITIC ANHYDRIDE COPOLYMER,,
10377,LYSINE LAUROYL METHIONATE,,
10378,ACACIA DECURRENS/JOJOBA/SUNFLOWER SEED WAX POLYGLYCERYL-3 ESTERS,,
10379,URACIL,66-22-8,
10380,HYDROLYZED F-FUCOIDAN,,
10381,VERBASCUM THAPSUS LEAF EXTRACT,90064-13-4,
10382,SODIUM MACADAMIASEEDATE,,
10383,POLYQUATERNIUM-7,26590-05-6,
10384,ASCORBYL PROPYL HYALURONATE,,
10385,JASMINUM SAMBAC FLOWER CERA,91770-14-8,
10386,HYDROLYZED SACCHAROMYCES/LACTOBACILLUS/UBIQUINONE FERMENT,,
10387,LAURYL METHACRYLATE/SODIUM METHACRYLATE CROSSPOLYMER,,
10388,ADENOSINE,58-61-7,
10389,OCIMUM BASILICUM ROOT EXTRACT,,
10390,POTENTILLA ANEMONIFOLIA EXTRACT,,
10391,METHIONYL R-SALMON OLIGOPEPTIDE-1 SH-POLYPEPTIDE-8,,
10392,RUBUSOSIDE,64849-39-4,
10393,SILYBIN,22888-70-6,
10394,CAPRYLOYL OCTAPEPTIDE-33 D-METHIONINE,,
10395,OCTAPEPTIDE-26,,
10396,ALUMINUM ISOSTEARATES/MYRISTATES,,
10397,PPG-2-LAURETH-8,,
10398,DIHYDROCHOLESTERYL ISOSTEARATE,87677-90-5,
10399,PHORMIUM TENAX LEAF WATER,,
10400,3-GLYCERYL ASCORBATE,,
10401,HYDROLYZED MORINGA OLEIFERA SEED EXTRACT,93165-54-9,
10402,PRUNUS AMYGDALUS DULCIS OIL UNSAPONIFIABLES,90320-37-9,
10403,PRUNUS CERASIFERA FLOWER EXTRACT,,
10404,METHYL LAURATE/MYRISTATE,,
10405,ALUMINUM ISOSTEARATE,72277-75-9,
10406,GELIDIUM PULCHRUM PROTEIN,,
10407,SH-POLYPEPTIDE-91,,
10408,PTEROCLADIA TENUIS EXTRACT,,
10409,CHLOROGLOEOPSIS FRITSCHII EXTRACT,,
10410,VALERIANA JATAMANSI RHIZOME OIL,94280-15-6,
10411,ETHYLHEXANAMIDE SERINOL,1483513-33-2,
10412,ANONA MURICATA FRUIT EXTRACT,93165-81-2,
10413,HYDROXYPROPYL BIS-HYDROXYETHYLDIMONIUM CHLORIDE,,
10414,ALUMINUM SUCROSE OCTASULFATE,54182-58-0,
10415,ETHYL MORRHUATE,73049-58-8,
10416,DIISOPROPANOLAMINE/METHYLHEXAHYDROPHTHALIC ANHYDRIDE ETHYLHEXANOATE COPOLYMER,1590416-18-4,
10417,MYRISTYL LACTATE,1323-03-1,
10418,CETYL CAPRATE,,
10419,SODIUM ACRYLOYLDIMETHYL TAURATE/ACRYLAMIDE/VP COPOLYMER,,
10420,OLIGOPEPTIDE-71,,
10421,PEG-75 SOY GLYCERIDES,,
10422,PEG-40 GLYCERYL TRIISOSTEARATE,,
10423,SALSOLA KOMAROVII EXTRACT,,
10424,SALIX TETRASPERMA BARK EXTRACT,,
10425,HERACLEUM SPHONDYLIUM EXTRACT,90045-67-3,
10426,ALLANTOIN PANTHENOL,,
10427,CASSIA AURICULATA LEAF POWDER,97593-53-8,
10428,SH-BARLEY SEED EXTRACT,,
10429,THUJA OCCIDENTALIS BARK EXTRACT,90131-58-1,
10430,BEHENAMIDE,3061-75-4,
10431,SODIUM STEAROYL DNA,,
10432,LACTOBACILLUS/MILK/GLYCINE SOJA OIL FERMENT,,
10433,HYDROXYPROPYLCOCOATE PEG-8 DIMETHICONE,,
10434,PYROGLUTAMYL DIPEPTIDE-30 AMIDE,24305-27-9,
10435,BUTEA FRONDOSA FLOWER,93333-82-5,
10436,MANIHOT UTILISSIMA LEAF EXTRACT,92456-72-9,
10437,LILIUM TIGRINUM EXTRACT,90063-51-7,
10438,CASSYTHA FILIFORMIS POWDER,,
10439,CALYCANTHUS PRAECOX LEAF EXTRACT,,
10440,C10-30 CHOLESTEROL/LANOSTEROL ESTERS,,
10441,HYDROGENATED TALLOWALKONIUM BENTONITE,71011-24-0,
10442,FERRIC HEXAPEPTIDE-35,,
10443,POLYBUTENE,9003-28-5 / 9003-29-6,
10444,COMMIPHORA GILEADENSIS SAP EXTRACT,,
10445,DECYL ALCOHOL,112-30-1,
10446,ASPERGILLUS/DEFATTED RICE BRAN/ALCOHOL/BORNEOL FERMENT FILTRATE,,
10447,ANANAS SATIVUS FRUIT JUICE,,
10448,N-COUMAROYL SEROTONIN,68573-24-0,
10449,CLOSTRIDIUM AKAGII/CLOSTRIDIUM BUTYRIUM/BACILLUS/HONEY/LYCIUM CHINENSE FRUIT/SOYBEAN/TURMERIC ROOT/ZIZYPHUS FRUCTUS FRUIT FERMENT EXTRACT FILTRATE,,
10450,XYLITYLGLUCOSIDE,,
10451,RAOULIA AUSTRALIS SHOOT EXTRACT,,
10452,APHANOTHECE SACRUM POWDER,,
10453,ZINGIBER CASSUMUNAR ROOT POWDER,84696-15-1,
10454,CAPSELLA BURSA-PASTORIS SPROUT WATER,84604-19-3,
10455,SH-OCTAPEPTIDE-16,,
10456,DIPTEROCARPUS INTRICATUS EXTRACT,,
10457,BRASSICA JUNCEA SPROUT EXTRACT,,
10458,SH-OLIGOPEPTIDE-1 NONAPEPTIDE-29,,
10459,PASSIFLORA LAURIFOLIA FLOWER EXTRACT,223747-97-5,
10460,STEARYLDIMONIUMHYDROXYPROPYL DECYLGLUCOSIDES CHLORIDE,,
10461,TRIPALMITOLEIN,20246-55-3 / 129784-33-4,
10462,ANGELICA POLYMORPHA SINENSIS ROOT EXTRACT,92456-66-1,
10463,TDI OXIDIZED MICROCRYSTALLINE CERA,,
10464,ADIPIC ACID/NEOPENTYL GLYCOL COPOLYMER,,
10465,ISOSTEARYL GLYCERYL ETHER,,
10466,MAGNESIUM ASCORBYL PHOSPHATE,114040-31-2 --- 113170-55-1,
10467,HOYA LACUNOSA FLOWER EXTRACT,,
10468,POLYGLYCERYL-5 TRIOLEATE,,
10469,HYDROGEN TRIFLUOROPROPYL DIMETHICONE,766542-38-5,
10470,CHLORANTHUS GLABER EXTRACT,,
10471,LIGNOCERYL ERUCATE,,
10472,HUMAN UMBILICAL BLOOD DERIVED NATURAL KILLER CELL CONDITIONED MEDIA,,
10473,KLUYVEROMYCES/LACTOBACILLUS/LEUCONOSTOC SOYBEAN FERMENT FILTRATE,,
10474,BOTRYOCLADIA OCCIDENTALIS EXTRACT,,
10475,ETHYLHEXYL POLYHYDROXYSTEARATE,1423155-00-3,
10476,GRAPE SEED OIL POLYGLYCERYL-6 ESTERS,,
10477,LUFFA CYLINDRICA STEM EXTRACT,,
10478,PALMITOYL TETRAPEPTIDE-12,,
10479,ASPERGILLUS/SACCHAROMYCES/IPOMOEA BATATAS ROOT FERMENT FILTRATE,,
10480,SODIUM HYALURONATE CROSSPOLYMER-5,,
10481,WHEAT GERM OIL GLYCERETH-8 ESTERS,,
10482,ACRYLATES/VP/DIMETHYLAMINOETHYL METHACRYLATE/DIACETONE ACRYLAMIDE/HYDROXYPROPYL ACRYLATE COPOLYMER,,
10483,METHIONYL HEXAPEPTIDE-40 SH-DECAPEPTIDE-1 RH-POLYPEPTIDE-50,,
10484,DRACAENA MARGINATA LEAF/STEM EXTRACT,,
10485,BACILLUS/MONASCUS/RICE BRAN/ROYAL JELLY FERMENT FILTRATE,,
10486,SEC-BUTYL ACETATE,105-46-4,
10487,ALTHAEA ROSEA FLOWER WATER,,
10488,CITRUS JUNOS SEED OIL,,
10489,ACACIA DEALBATA SEED EXTRACT,165800-52-2,
10490,HEXAMIDINE DIISETHIONATE,659-40-5,
10491,FICUS AWKEOTSANG FRUIT EXTRACT,,
10492,PEANUTAMIDE MEA,93572-05-5,
10493,HYDROXYPROLINE PALMITAMIDE,41736-92-9,
10494,COPPER LYSINATE/PROLINATE,1613132-70-9,
10495,VANILLYLIDENE PENTANEDIONE,91418-45-0,
10496,SCHIZOSACCHAROMYCES/(SOLANUM LYCOPERSICUM/CUCUMIS SATIVUS/ANANAS COMOSUS/CITRUS LIMON/PYRUS MALUS/CUCURBITA MAXIMA/CARICA PAPAYA/CITRULLUS LANATUS/CUCUMIS MELO/PRUNUS ARMENIACA/AMYGDALUS PERSICA/FICUS CARICA/AKEBIA QUINATA/CHAENOMELES SINENSIS/FRAGARIA ANNANASSA/VITIS VINIFERA/ACTINIDIA DELICIOSA/PRUNUS MUME/ERIOBOTYRA JAPONICA/PRUNUS SALICINA/BENINCASA HISPIDA) FRUIT/(RAPHANUS SATIVUS/BRASSICA OLERACEA CAPITATA/DAUCUS CAROTA/ALOE ARBORESCENS/SASA VEITCHII/DIOSPYROS KAKI/PERILLA FRUTESCENS) LEAF/(RAPHANUS SATIVUS/DAUCUS CAROTA/SOLANUM TUBEROSUM/IPOMOEA BATATAS/COLOCASIA ESCULENTA/NELUMBO NUCIFERA/ARCTIUM LAPPA/DIOSCOREA JAPONICA/ZINGIBER OFFICINALE) ROOT/(GLYCINE MAX/VIGNA ANGULARIS/COIX LACRYMA-JOBI MA-YUEN/SETARIA ITALICA/PANICUM MILIACEUM) SEED/FARFUGIUM JAPONICUM STEM/EQUISETUM ARVENSE/OENANTHE JAVANICA/CRYPTOTAENIA JAPONICA/ORYZA SATIVA/LENTINUS EDODES FRUITING BODY/UNDARIA PINNATIFIDA FERMENT FILTRATE,,
10497,PEG-13 SUNFLOWER GLYCERIDES,70377-91-2 / 186511-05-7,
10498,SH-OLIGOPEPTIDE-74,386264-39-7,
10499,PEG-5 BERTHOLLETIA EXCELSA SEED OIL GLYCERYL ESTERS,,
10500,ACRYLATES/DIMETHICONE METHACRYLATE/ETHYLHEXYL ACRYLATE COPOLYMER,,
10501,MONTAN WAX,8002-53-7,
10502,PEG-4 MONTANATE,68476-04-0,
10503,RHUS SEMIALATA ROOT EXTRACT,,
10504,LACTOBACCILLUS/HIBISCUS SABDARIFFA CALLUS CULTURE FERMENT FILTRATE,,
10505,R-CLOSTRIDIUM HISTOLYTICUM COLLAGENASE H SH-OLIGOPEPTIDE-60,,
10506,INDOLEBUTYROYL ASPARTIC ACID,,
10507,BIOSACCHARIDE GUM-2,283602-75-5 /758716-52-8,
10508,TRI-PPG-3 MYRISTYL ETHER CITRATE,,
10509,RISSOELLA VERRUCULOSA EXTRACT,,
10510,HYDROGENATED CAMELINA SATIVA SEED OIL,,
10511,SAXIFRAGA STOLONIFERA LEAF POWDER,,
10512,METHIONYL SH-POLYPEPTIDE-7 SH-OLIGOPEPTIDE-1 SH-OLIGOPEPTIDE-2,,
10513,NYMPHAEA ALBA ROOT EXTRACT,84696-27-5,
10514,ILEX AQUIFOLIUM FLOWER EXTRACT,90045-83-3,
10515,HYDROLYZED STARFISH EXTRACT,,
10516,CETAMIDO LYSINAMIDO POLYASPARTIC ACID,,
10517,DIETHYL TOLUAMIDE,134-62-3 / 26545-51-7,
10518,TILIA PLATYPHYLLOS LEAF,91770-16-0,
10519,GLYCERETH-18 BENZOATE,,
10520,AHNFELTIA CONCINNA EXTRACT,,
10521,ROBINIA PSEUDOACACIA FLOWER WATER,89957-93-7,
10522,FRAGARIA VESCA SEED OIL,84929-78-2,
10523,PAECILOMYCES JAPONICA/SAUSSUREA INVOLUCRATA FERMENT EXTRACT FILTRATE,,
10524,BIS-METHYLISOCYTOSINE HYDROGENATED POLYBUTADIENE/IPDI COPOLYMER,1234379-92-0,
10525,CARBOXYMETHYL HYDROXYETHYLCELLULOSE,9088-04-4,
10526,OPUNTIA TUNA FLOWER/STEM EXTRACT,,
10527,SUIKAZURA EKISU,,
10528,CITRUS AURANTIUM DULCIS PEEL WAX,,
10529,POLYGLYCERYL-6 SCHINZIOPHYTON RAUTANENII KERNELATE,,
10530,OZONIZED SESAME SEED OIL,,
10531,HYDROLYZED ASPERGILLUS/SACCHAROMYCES/HORDEUM VULGARE FERMENT EXTRACT FILTRATE,,
10532,MANGO SEED OIL PEG-70 ESTERS,,
10533,COIX LACRYMA-JOBI MA-YUEN SEED POWDER,,
10534,GLYCERETH-7 TRIACETATE,57569-76-3,
10535,HOMOSALATE,118-56-9,
10536,PTYCHOPETALUM OLACOIDES BARK/ROOT EXTRACT,84929-46-4,
10537,ETHYL CYANOACRYLATE,7085-85-0,
10538,SACCHAROMYCES/(PANAX GINSENG/OPHIOPOGON JAPONICUS) ROOT/RHUS SEMIALATA GALL/(EUCALYPTUS GLOBULUS/ALCHEMILLA VULGARIS)LEAF/HIZIKIA FUSIFORME/SALICORNIA HERBACEA/SARGASSUM FULVELLUM FERMENT EXTRACT FILTRATE,,
10539,SCHIZANDRA NIGRA FRUIT EXTRACT,,
10540,GINKGO BILOBA LEAF EXTRACT,90045-36-6,
10541,PPG-26 OLEATE,31394-71-5,
10542,OLIGOPEPTIDE-146 DIMER,,
10543,TITANIUM ISOSTEARATES,,
10544,OLIVE ALCOHOL,,
10545,ZANTHOXYLUM ALATUM FRUIT OIL,91770-90-0,
10546,RH-POLYPEPTIDE-66,,
10547,POLYACRYLAMIDE,9003-05-8,
10548,SUCROSE MORTIERELLATE,,
10549,DENDROBIUM CANDIDUM CALLUS EXTRACT,,
10550,LAURAMIDE MEA,142-78-9,
10551,CAPPARIS SPINOSA FLOWER EXTRACT,89958-23-6,
10552,MANGIFERA INDICA SEED OIL,90063-86-8,
10553,ARTEMISIA TRIDENTATA EXTRACT,,
10554,ATRIPLEX NUMMULARIA EXTRACT,223748-04-7,
10555,ACACIA FARNESIANA FLOWER/STEM EXTRACT,89958-31-6,
10556,OLIGOPEPTIDE-103,,
10557,SH-TETRAPEPTIDE-1,,
10558,PRUNUS PEDUNCULATA SEED OIL,,
10559,DIMETHOXYBENZAMIDO PHENYLHYDROXYLACETAMIDE,,
10560,JIOU EKISU,,
10561,ADINA RUBELLA FLOWER/LEAF/STEM EXTRACT,,
10562,NYMPHAEA CAERULEA LEAF CELL EXTRACT,,
10563,CAPRYLOYL HEPTAPEPTIDE-33,,
10564,LACTOBACILLUS/WATERMELON FRUIT FERMENT EXTRACT,,
10565,BUTYLENE GLYCOL SESQUIISOSTEARATE,,
10566,OLEYL OLEATE,3687-45-4,
10567,SOLANUM LYCOPERSICUM FRUIT OIL,90131-63-8,
10568,ETHYLHEXYL METHACRYLATE/METHYL METHACRYLATE/VP COPOLYMER,155532-97-1,
10569,PROPANEDIOL ROSINATES,,
10570,ACACIA CATECHU LEAF/WOOD POWDER,8001-76-1,
10571,HYDROLYZED TREMELLA FUCIFORMIS POLYSACCHARIDE,,
10572,OPUNTIA ROBUSTA LEAF JUICE,,
10573,OLIGOPEPTIDE-98 AMIDE,,
10574,CLERODENDRON TRICHOTOMUM BRANCH/LEAF EXTRACT,,
10575,PEI-700,9002-98-6,
10576,IRIS PSEUDACORUS LEAF EXTRACT,90045-91-3,
10577,POLYGLYCERYL-3 STEARATE/ISOSTEARATE/DIMER DILINOLEATE CROSSPOLYMER,1361332-58-2,
10578,GYMNANTHEMUM AMYGDALINUM LEAF,,
10579,AMMONIUM DIMETHICONE PEG-7 SULFATE,,
10580,BATYL ALCOHOL,544-62-7,
10581,PALMITOYL TRIPEPTIDE-29,,
10582,COCONUT OIL ETHYL ESTERS,,
10583,ALTEROMONAS FERMENT EXTRACT,,
10584,CAPRYLIC/CAPRIC/STEARIC TRIGLYCERIDE,,
10585,STEARAMIDE,124-26-5,
10586,BIS-ISOBUTYL PEG-24/PPG-7/DIMETHICONE COPOLYMER,158451-77-5 -generic-,
10587,GLYCINE SOJA SPROUT EXTRACT,84776-91-0,
10588,TILLANDSIA USNEOIDES EXTRACT,,
10589,HYDROGENATED GLYCERYL ABIETATE,,
10590,LACTOBACILLUS/SACCHAROMYCES/POLYGONATUM SIBIRICUM RHIZOME FERMENT EXTRACT,,
10591,SUCROSE POLYSTEARATE,,
10592,PEG-20 GLYCERYL TRIISOSTEARATE,,
10593,DIMETHICONOL CANDELILLATE,,
10594,CAESALPINIA SPINOSA FRUIT EXTRACT,,
10595,PENTAERYTHRITYL TRIOLEATE,39874-62-9,
10596,SACCHAROMYCES/COIX LACRYMA-JOBI MA-YUEN SEED/GLUCOSE FERMENT FILTRATE,,
10597,KORTHALSELLA JAPONICA EXTRACT,,
10598,PAECILOMYCES JAPONICA MYCELIUM/ACORUS CALAMUS ROOT FERMENT EXTRACT FILTRATE,,
10599,PYRUS CYDONIA SEED OIL,90106-03-9,
10600,SHEA BUTTERAMIDE/CASTORAMIDE DEA,,
10601,HYDROLYZED LITCHI CHINENSIS FRUIT EXTRACT,,
10602,C20-28 ALKYL PERFLUORODECYLETHOXY DIMETHICONE,,
10603,DISTARCH PHOSPHATE ACETATE,68130-14-3,
10604,HETEROPANAX FRAGRANS LEAF EXTRACT,,
10605,PPG-1 TRIDECETH-13,78330-23-1,
10606,HYDROGENATED OSTRICH OIL,,
10607,CASSIA ARTEMISIOIDES LEAF/STEM EXTRACT,,
10608,HYDROLYZED CANDELILLA WAX,,
10609,ISOPROPYL LAURATE,10233-13-3,
10610,RETINYL METHOXY PEG-22 ACETATE,,
10611,WATERMELON SEED OIL POLYGLYCERYL-10 ESTERS,,
10612,LONICERA JAPONICA FLOWER/ROOT/GLYCYRRHIZA GLABRA EXTRACT,,
10613,ETHYLHEXETH-2 PHOSPHATE,,
10614,CITRUS HYSTRIX LEAF WATER,,
10615,DECYL PALMITATE,42232-27-9,
10616,KOJYL CARBOXY SH-OLIGOPEPTIDE-75 AMIDE,,
10617,EUPATORIUM REBAUDIANUM LEAF EXTRACT,,
10618,POLYQUATERNIUM-17,148506-50-7,
10619,PSOPHOCARPUS TETRAGONOLOBUS SEED EXTRACT,828927-84-0,
10620,TRIMETHYLBENZOYL DIPHENYLPHOSPHINE OXIDE,75980-60-8,
10621,EUGENIA CUMINI ROOT EXTRACT,,
10622,APRICOT KERNEL OIL POLYGLYCERYL-5 ESTERS,,
10623,PHOENIX DACTYLIFERA FRUIT JUICE,90027-90-0,
10624,CITRUS DEPRESSA PEEL WATER,,
10625,C12-14 SEC-PARETH-7,,
10626,GYPSOPHILA PANICULATA ROOT EXTRACT,94167-03-0,
10627,PAEONIA OFFICINALIS CALLUS EXTRACT,84929-40-8,
10628,TETRAHYDROPYRANYL RESORCINOL,1228321-01-4,
10629,TILIA PLATYPHYLLOS FLOWER EXTRACT,91770-16-0,
10630,LACTOBACILLUS/APPLE FRUIT/ORANGE PEEL/CARROT ROOT/CUCUMBER FRUIT/LEMON FRUIT EXTRACT FERMENT FILTRATE,,
10631,HYDROLYZED BIFIDA/SOYMILK FERMENT FILTRATE,,
10632,ALLANTOIN PABA,4207-42-5,
10633,CHLORANTHUS SERRATUS EXTRACT,,
10634,BOTRYTIS CINEREA FERMENT LYSATE FILTRATE,,
10635,GERANIUM NEPALENSE EXTRACT,,
10636,ARACHIDYL GLYCOL,39825-93-9,
10637,METHYL CANOLATE,,
10638,PALMITOYL GLUTAMIC ACID,38079-66-2,
10639,C12-13 ALKYL LACTATE,,
10640,ACETYL TETRAPEPTIDE-22,,
10641,LACTITOL,585-86-4,
10642,HYLOCEREUS COSTARICENSIS PEEL EXTRACT,,
10643,QUERCUS ACUTISSIMA WOOD VINEGAR EXTRACT,8030-97-5,
10644,HYDROGENATED COCO-GLYCERIDES,91744-42-2,
10645,ETHYL AMINOLEVULINATE HCL,183151-37-3,
10646,BETULINIC ACID,472-15-1,
10647,GENTIANA SEPTEMFIDA FLOWER/LEAF/STEM EXTRACT,,
10648,PISCUM LECUR OIL,8009-00-5,
10649,OPAL POWDER,,
10650,NARCISSUS PSEUDONARCISSUS FLOWER WATER,,
10651,TROLOX,53188-07-1,
10652,C7-8 ISOPARAFFIN,70024-92-9,
10653,SACCHAROMYCES/IPOMOEA BATATAS ROOT FERMENT FILTRATE EXTRACT,,
10654,DI-C12-15 ALKYL FUMARATE,,
10655,METHOXY PEG-23 METHACRYLATE/GLYCERYL DIISOSTEARATE METHACRYLATE COPOLYMER,,
10656,SODIUM STYRENE/ACRYLATES/PEG-10 DIMALEATE COPOLYMER,,
10657,MACADAMIA INTEGRIFOLIA SEED OIL,438545-25-6; 159518-86-2,
10658,XYLITAN CAPRYLATE,,
10659,PRUNUS SPECIOSA FLOWER EXTRACT,,
10660,INULIN LAURYL CARBAMATE,478483-27-1,
10661,DIMYRISTYL ETHER,5412-98-6,
10662,SAFFLOWER SEED OIL DECYL ESTERS,,
10663,DIMETHYLAMINOETHYL RICE BRANATE,,
10664,TRITICUM VULGARE KERNEL FLOUR,130498-22-5,
10665,BIS-ETHOXYDIGLYCOL SUCCINATE,828918-62-3,
10666,PHYLLOSTACHYS BAMBUSOIDES RHIZOME EXTRACT,,
10667,ALIBERTIA PATINOI PULP EXTRACT,,
10668,TRILAURIN,538-24-9,
10669,DECYL COCOATE,,
10670,R-SPIDER-POLYPEPTIDE-3,,
10671,DIMETHICONOL MOHWA BUTTERATE,225233-88-5,
10672,CYSTEIC ACID,498-40-8 / 13100-82-8,
10673,C12-14 SEC-PARETH-40,84133-50-6,
10674,SORGHUM VULGARE SEED/SKIN/STALK EXTRACT,97676-10-3,
10675,CETYL STEARATE,1190-63-2,
10676,CEDRELA SINENSIS LEAF EXTRACT,,
10677,LACTOBACILLUS/DIPTERYX ODORATA SEED FERMENT FILTRATE,,
10678,CATALPA BIGNONIOIDES LEAF EXTRACT,89958-33-8,
10679,PEG-60 PASSIFLORA EDULIS SEED GLYCERIDES,,
10680,MONOSACCHARIDE LACTATE CONDENSATE,,
10681,SH-POLYPEPTIDE-42,,
10682,CORN OIL PEG-8 ESTERS,61789-25-1,
10683,ISOCETYL MYRISTATE,83708-66-1,
10684,HYDROXYPROPYL TETRAHYDROPYRANTRIOL,439685-79-7,
10685,ASPERGILLUS/LACTOBACILLUS/SACCHAROMYCES/BARLEY/RICE/SOYBEAN SEED FERMENT FILTRATE,,
10686,DOLICHOS UNGUICULATA SEED EXTRACT,,
10687,SYNURUS PALMATOPINNATIFIDUS LEAF/STEM EXTRACT,,
10688,PRUNUS CERASUS FLOWER EXTRACT,89997-53-5,
10689,CYTIDINE,65-46-3,
10690,HEXYLDECYL STEARATE,17618-45-0,
10691,ZIYU GLYCOSIDE II,84787-71-3,
10692,HYSSOPUS OFFICINALIS FLOWER/LEAF/STEM OIL,84603-66-7,
10693,FORSYTHIA VIRIDISSIMA FRUIT/(ACTAEA DAHURICA/GLYCYRRHIZA GLABRA/PAEONIA LACTIFLORA/PLATYCODON GRANDIFLORUS/PUERARIA MONTANA) ROOT EXTRACT,,
10694,BULBINE FRUTESCENS LEAF JUICE,,
10695,CANNABIS SATIVA SEED OIL PEG-8 ESTERS,,
10696,DIOCTYLDODECYL ADIPATE,85117-94-8,
10697,PSORALEA CORYLIFOLIA FRUIT EXTRACT,,
10698,BIFIDA/PANAX GINSENG ROOT FERMENT FILTRATE,,
10699,GLYCERYL PPG-16/SMDI HEA/HYDROXYISOPROPYL METHACRYLATE,143708-48-9,
10700,LINUM USITATISSIMUM SEED FLOUR,8001-26-1,
10701,SOLANUM AVICULARE FRUIT EXTRACT,1415551-72-2,
10702,HYDRASTIS CANADENSIS ROOT EXTRACT,84603-60-1,
10703,CYPERUS PAPYRUS LEAF CELL EXTRACT,,
10704,PALMITOYL LYSYL AMINOVALEROYL LYSINE,,
10705,BUTYROSPERMUM PARKII LEAF EXTRACT,91080-23-8,
10706,C16-17 ALKYL BENZOATE,,
10707,PEG-16 CASTOR OIL,61791-12-6,
10708,CALCIUM MYRISTATE,15284-51-2,
10709,QUASSIA AMARA WOOD POWDER,84604-10-4,
10710,ETHYLHEXYL ESTER OF TETRADECENE/HEXADECENE/MA COPOLYMER,173521-40-9,
10711,STYRENE/METHACRYLAMIDE/ACRYLATES COPOLYMER,28632-83-9,
10712,SODIUM C4-12 OLEFIN/MALEIC ACID COPOLYMER,,
10713,DIAMINOPROPIONOYL TRIPEPTIDE-33,,
10714,MYRISTOYL HEXAPEPTIDE-13,,
10715,AGRIMONIA EUPATORIA FLOWER EXTRACT,84775-40-6,
10716,PEG-5 PENTAERYTHRITYL DMPA-2 CAPRATE/CAPRYLATE DENDRIMER,462113-22-0,
10717,MYOSOTIS SYLVATICA FLOWER/LEAF/STEM EXTRACT,223747-82-8,
10718,TRIPEPTIDE-68,,
10719,HONEY EXTRACT,91052-92-5,
10720,COCHLEARIA OFFICINALIS FLOWER/LEAF/STALK EXTRACT,84961-47-7,
10721,BIS-HYDROXYETHYL ACRYLATE POLY(1‚4-BUTANEDIOL)-9/TMHDI COPOLYMER,,
10722,PEG/PPG-14/7 DIMETHYL ETHER,61419-46-3,
10723,SH-POLYPEPTIDE-89,,
10724,GLYCERIN/PHTHALIC ACID COPOLYMER CASTORATE,,
10725,RUBUS CAESIUS FRUIT EXTRACT,,
10726,PPG-26/TDI COPOLYMER,,
10727,PALM OIL POLYGLYCERYL-5 ESTERS,,
10728,GLUCOMANNAN,,
10729,GLYCERYL LINOLENATE,18465-99-1,
10730,STEARYLDIMONIUMHYDROXYPROPYL LAURYLGLUCOSIDES CHLORIDE,,
10731,KIDACHI ALOE YOUJYUU MATSU,,
10732,ROSA HYBRID FLOWER CERA,93062-88-5,
10733,BUTOXYDIGLYCOL,112-34-5,
10734,XYLOGLUCAN,37294-28-3,
10735,ETHYLHEXYL LAURATE,20292-08-4,
10736,HEXAMETHYLENEDIAMINE/MDI COPOLYMER,,
10737,CETETH-9 STEARATE,,
10738,ALLIUM MONANTHUM EXTRACT,,
10739,GINKGO BILOBA CALLUS CULTURE EXTRACT,,
10740,CUCURBITA MAXIMA FRUIT EXTRACT,89998-02-7,
10741,OZONIZED PERESKIA GRANDIFOLIA CALLUS CULTURE EXTRACT,,
10742,LITHIUM GLUCONATE,60816-70-8,
10743,ISOPROPYL CYANOACRYLATE,10586-17-1,
10744,TAPIOCA STARCH,9005-25-8,
10745,ALTHAEA ROSEA CALLUS,,
10746,HEXACARBOXYMETHYL DIPEPTIDE-12,,
10747,CITRUS GRANDIS/PARADISI FRUIT WATER,,
10748,SACCHAROMYCES/HYDROLYZED COLLAGEN/SUCROSE FERMENT FILTRATE,,
10749,MYRCIARIA DUBIA SEED EXTRACT,,
10750,SACCHAROMYCES/RICE BRAN/GERM FERMENT FILTRATE,,
10751,PEG/PPG-27/14 DIMETHYL ETHER,,
10752,DIPHENYLETHYL BENZYLOXY DISILOXANE,,
10753,AMMONIUM PHOSPHATIDYL RAPESEEDATE,100085-59-4,
10754,DILINOLEIC ACID/GLYCOL COPOLYMER,68855-78-7,
10755,ASPERGILLUS/SNAIL SECRETION FILTRATE FERMENT FILTRATE,,
10756,PPG-4 LAURETH-15,,
10757,SH-OLIGOPEPTIDE-84,,
10758,METHYL UNDECENOYL LEUCINATE,,
10759,CALCIUM GLYCINATE,35947-07-0,
10760,CAFFEOYL HEXAPEPTIDE-65,,
10761,ARTEMISIA ABROTANUM LEAF/STEM EXTRACT,89957-58-4,
10762,C9-15 FLUOROALCOHOL PHOSPHATE,223239-92-7,
10763,OLIGOPEPTIDE-88,,
10764,POUTERIA LUCUMA SEED EXTRACT,,
10765,PENTAPEPTIDE-52,,
10766,METHYLBUTYLPHENYL PROPYLBENZOATE,94442-17-8,
10767,ETHYL AVOCADATE,91078-91-0,
10768,LACTOBACILLUS/STREPTOCOCCUS THERMOPHILUS/MOLASSES/RICE BRAN/(CITRUS JUNOS/FIG/LYCIUM CHINENSE/MYRICA RUBRA/PRUNUS DOMESTICA/VACCINIUM ASHEI/VACCINIUM AUSTRALE) FRUIT/(ARTEMISIA PRINCEPS/ERIOBOTRYA JAPONICA/LAVENDER/MELISSA OFFICINALIS/TURNIP) LEAF/(MELISSA OFFICINALIS/LAVENDER/TURNIP) STALK/AGARICUS BLAZEI/LENTINULA EDODES/GRIFOLA FRONDOSA/HIZIKIA FUSIFORME/LAMINARIA JAPONICA/UNDARIA PINNATIFIDA FERMENT FILTRATE,,
10769,AMINOPROPYL MENTHYL PHOSPHATE,,
10770,COCAMIDE DIPA,,
10771,MICROCRYSTALLINE WAX,63231-60-7,
10772,ROSA GALLICA FLOWER,,
10773,POLYUREA CROSSPOLYMER-3,,
10774,SYNTHETIC PETROLATUM,,
10775,ULMUS DAVIDIANA CALLUS CULTURE EXTRACT,,
10776,POLYGLYCERYL-10 DECASTEARATE,39529-26-5,
10777,METHOXYPHENYL T-BUTYLPHENYL PROPANEDIOL,955359-35-0,
10778,BIFIDA/HYDROLYZED MILK/LACTOSE/SODIUM ASCORBATE/SILICON FERMENT FILTRATE,,
10779,BERGENIA CILIATA ROOT EXTRACT,,
10780,ACACIA CATECHU SEED POWDER,8001-76-1,
10781,ANGELICA GIGAS SPROUT EXTRACT,,
10782,LINUM ALPINUM FLOWER/LEAF/STEM EXTRACT,,
10783,SACCHAROMYCES/RICE FERMENT FILTRATE EXTRACT,,
10784,HYDRANGEA ARBORESCENS ROOT EXTRACT,90045-81-1,
10785,QUERCUS MONGOLICA LEAF EXTRACT,,
10786,DIMETHOXYPHENETHYL RESORCINOL,1206192-99-5,
10787,POLYGLYCERYL-10 BEHENATE/EICOSADIOATE,,
10788,HYDROLYZED CERCIDIUM FLORIDUM BARK,,
10789,HYDROLYZED LECITHIN EXTRACT,,
10790,HYDRANGEA MACROPHYLLA ROOT EXTRACT,97722-03-7,
10791,CAPRYLOYL SH-NONAPEPTIDE-6,,
10792,BUTYL 3-GLYCERYL ASCORBATE,1120360-69-1,
10793,POLYGLYCERYL-8 DECAERUCATE/DECAISOSTEARATE/DECARICINOLEATE,,
10794,KLUYVEROMYCES/LACTOBACILLUS/HIPPOPHAE RHAMNOIDES OIL FERMENT FILTRATE,,
10795,PEG-8,5117-19-1 / 25322-68-3 -generic-,
10796,PRUNUS YEDOENSIS FLOWER/TWIG WATER,,
10797,DIPHYLLEIA GRAYI EXTRACT,,
10798,PALMITOYL OLIGOPEPTIDE-135,,
10799,TEA-LANETH-5 SULFATE,,
10800,PYRUS COMMUNIS FRUIT JUICE,90082-43-2,
10801,HYDROGENATED BUTADIENE/ISOPRENE/STYRENE COPOLYMER,132778-07-5,
10802,CURCUMA LONGA CALLUS LYSATE,,
10803,ASPERGILLUS/LACTOBACILLUS/GINGER ROOT/RICE FERMENT FILTRATE,,
10804,GERMINATED CARTHAMUS TINCTORIUS SEED/PLANTAGO ASIATICA SEED/NELUMBO NUCIFERA SEED/PSORALEA CORYLIFOLIA SEED/ALLIUM TUBEROSUM SEED/BRASSICA CAMPESTRIS SEED/ZIZYPHUS JUJUBA FRUIT/ASTRAGALUS MEMBRANACEUS ROOT/PLATYCODON GRANDIFLORUM ROOT/POLYGONUM MULTIFLORUM/ANGELICA GIGAS/VELVET/PORIA COCOS/LYCIUM CHINENSE FRUIT/PANAX GINSENG ROOT/EUCOMMIA ULMOIDES BARK/TRIBULUS TERRESTRIS FRUIT/POLYGALA TENUIFOLIA ROOT/DENDROBIUM NOBILE/ACHYRANTHES JAPONICA/EPIMEDIUM KOREANUM/REHMANNIA GLUTINOSA ROOT/CORNUS OFFICINALIS FRUIT/RUBUS COREANUS FRUIT/MORINDA CITRIFOLIA/ALPINIA OXYPHYLLA SEED EXTRACT,,
10805,AMINOPROPYL ZINC POLYSILSESQUIOXANE CHLORIDE,,
10806,METHYL METHACRYLATE CROSSPOLYMER-2,,
10807,HYDROLYZED PUNICA GRANATUM MESOCARP EXTRACT,,
10808,PPG-2 TOCOPHERETH-5,,
10809,HYDROLYZED CITRUS AURANTIUM DULCIS FRUIT EXTRACT,8028-48-6 / 84012-28-2,
10810,BLETILLA STRIATA ROOT POWDER,,
10811,CASTANEA CRENATA BRANCH/LEAF EXTRACT,,
10812,ASIMINA TRILOBA LEAF EXTRACT,,
10813,PARIETARIA OFFICINALIS EXTRACT,84012-32-8,
10814,C11-12 ISOPARAFFIN,246538-76-1,
10815,RICE HULL VINEGAR,,
10816,PEG/PPG-52/32 DIMETHYL ETHER,,
10817,TETRAPEPTIDE-64,,
10818,QUERCETAGETIN,90-18-6,
10819,ACRYLONITRILE/GLYCOL DIMETHACRYLATE CROSSPOLYMER,,
10820,SAMBUCUS EBULUS FRUIT EXTRACT,85940-37-0,
10821,ISOAMYL LAURATE,6309-51-9,
10822,POLYQUATERNIUM-35,,
10823,HIPPOPHAE RHAMNOIDES KERNEL EXTRACT,90106-68-6,
10824,STREPTOMYCES PULVERACEUS FERMENT FILTRATE,,
10825,BIFIDOBACTERIUM/LACTOBACILLUS ACANTHOPANAX KOREANUM ROOT EXTRACT FERMENT,,
10826,ISOPROPYLIDENEGLYCERYL COCOATE,,
10827,SYMPLOCOS RACEMOSA BARK EXTRACT,93165-83-4,
10828,METHYL PERFLUOROBUTYL ETHER,163702-07-6,
10829,WALTHERIA INDICA LEAF EXTRACT,,
10830,SEC-BUTYLPHENYL GLYCERYL ETHER,1262965-14-9,
10831,MANGANESE ASPARTATE,16351-10-3,
10832,WATERMELON SEED OIL POLYGLYCERYL-6 ESTERS,,
10833,SH-POLYPEPTIDE-70,,
10834,ACRYLATES/STEARETH-20 ITACONATE COPOLYMER,,
10835,RUBUS FRUTICOSUS LEAF EXTRACT,84787-69-9,
10836,DIMETHICONE/PEG-3/PPG-15 CROSSPOLYMER,1608475-69-9,
10837,METHIONYL SH-POLYPEPTIDE-7 ALANYL SR-SPIDER OLIGOPEPTIDE-1,,
10838,DRACONTIUM LONGIPES EXTRACT,,
10839,OLEYL MYRISTATE,22393-93-7,
10840,TETRAPEPTIDE-11,,
10841,QUATERNIUM-90 MONTMORILLONITE,,
10842,DEFINED CELL CULTURE MEDIA 8,,
10843,SILENE COLORATA EXTRACT,,
10844,POTASSIUM GLYCOL SULFATE,59599-54-1,
10845,POLYMETHYL METHACRYLATE,9011-14-7,
10846,PASSIFLORA LAURIFOLIA FRUIT EXTRACT,223747-97-5,
10847,OLIGOPEPTIDE-137,,
10848,HELICHRYSUM ITALICUM FLOWER/LEAF/STEM WATER,,
10849,PERSEA JAPONICA BRANCH EXTRACT,,
10850,CORYDALIS AMBIGUA BARK/ROOT EXTRACT,,
10851,CYMBOPOGON MARTINI OIL,84649-81-0,
10852,PYRIDOXINE HYDROXYBENZOATE,,
10853,GLYCERIN/DIMER DILINOLEATE COPOLYMER,,
10854,SECALE CEREALE SEED EXTRACT,90106-48-2,
10855,PPG-3-ISODECETH-1,155683-77-5,
10856,OLEA EUROPAEA BUD EXTRACT,8001-25-0 / 84012-27-1,
10857,TORREYA NUCIFERA EXTRACT,,
10858,SIMMONDSIA CHINENSIS MEAL EXTRACT,,
10859,GYNOSTEMMA PENTAPHYLLUM/LUFFA CYLINDRICA HYBRID CELL EXTRACT,,
10860,ALLANTOIN GALACTURONIC ACID,5119-24-4,
10861,ASCORBYL METHYLSILANOL PECTINATE,227200-22-8,
10862,HYDROLYZED HORSE AMNION EXTRACT,,
10863,SD ALCOHOL 46,,
10864,NARINGENIN,480-41-1,
10865,BIS-DECYLTETRADECANYL IPDI/PEG-795 COPOLYMER,,
10866,LAUROYL POLYNEOPENTYL GLYCOL ADIPATE PHTHALTE/PEI-45 CROSSPOLYMER,1610887-62-1,
10867,LIGUSTRUM JAPONICUM WOOD EXTRACT,,
10868,ISOCHRYSIS GALBANA/PHAEODACTYLUM TRICORNUTUM EXTRACT,,
10869,PRUNUS ARMENIACA KERNEL OIL,68650-44-2 / 72869-69-3,
10870,POLYGLYCERYL-2 DIISOSTEARATE/IPDI COPOLYMER,,
10871,CITRUS JUNOS FRUIT JUICE,233683-84-6,
10872,SH-OLIGOPEPTIDE-33,,
10873,TRIPEPTIDE-65 DIMER,,
10874,SUBTILISIN,9014-01-1,
10875,NICOTINOYL OCTAPEPTIDE-13,,
10876,POLYGLYCERYL-10 DECAETHYLHEXANOATE,,
10877,ADANSONIA DIGITATA SEED OIL PEG-8 ESTERS,,
10878,DIBUTYLOCTYL MALATE,399551-19-0,
10879,INGA ALBA BARK EXTRACT,,
10880,HYDROXYPROPYLTRISILOXYL IPDI/PEG-14 COPOLYMER,,
10881,AHNFELTIOPSIS CONCINNA EXTRACT,,
10882,PRUNUS AMYGDALUS DULCIS SEED EXTRACT,90320-37-9,
10883,MAGNOLIA LILIFLORA BUD EXTRACT,246536-69-6,
10884,BRASENIA SCHREBERI LEAF EXTRACT,,
10885,ZINC PYRIDOXAL 5-PHOSPHATE,,
10886,PYRUS COMMUNIS TWIG EXTRACT,90082-43-2,
10887,GLYCERYL PALMITATE,26657-96-5,
10888,METHYL ALOESINYL CINNAMATE,175413-23-7,
10889,ROSA RUBIGINOSA FRUIT EXTRACT,,
10890,ABIES SACHALINENSIS LEAF EXTRACT,,
10891,CITRUS DEPRESSA PEEL EXTRACT,,
10892,OLIGOPEPTIDE-123,,
10893,INDOLE ACETIC ACID,87-51-4,
10894,OCTYLDODECYL BENZOATE,,
10895,PEG-23 OLIVATE,226708-41-4,
10896,ECLIPTA PROSTRATA WAX,,
10897,PANAX GINSENG FLOWER/LEAF/STEM EXTRACT,,
10898,CROCUS SATIVUS STYLE EXTRACT,,
10899,EIJITSU EKISU,,
10900,PENTAERYTHRITYL ADIPATE/CAPRATE/CAPRYLATE/HEPTANOATE,68130-55-2,
10901,ACRYLATES/VINYL NEODECANOATE CROSSPOLYMER,,
10902,CYPERUS PAPYRUS LEAF CELL CULTURE EXTRACT,,
10903,ORYZANOL,11042-64-1 / 12738-23-7,
10904,ANANAS SATIVUS FRUIT WATER,,
10905,CAPSAICINYL GLUCOSIDES,,
10906,CAMELLIA SINENSIS SPROUT EXTRACT,,
10907,VINCETOXICUM HIRUNDINARIA ROOT EXTRACT,,
10908,C26-28 ALKYL METHICONE,,
10909,SACCHAROMYCES/ASTRAGALUS MEMBRANACEUS ROOT FERMENT EXTRACT,,
10910,GLYCERYL LINOLEATE,2277-28-3 / 26545-74-4,
10911,ACACIA DECURRENS EXTRACT,98903-76-5,
10912,ALPINIA OFFICINARUM ROOT EXTRACT,90320-42-6,
10913,VERBASCUM PULVERULENTUM FLOWER/STEM EXTRACT,,
10914,PHILADELPHUS CORONARIUS FLOWER EXTRACT,94279-93-3,
10915,GREYIA FLANAGANII LEAF EXTRACT,,
10916,DEFINED CELL CULTURE MEDIA 5,,
10917,PEG-10 ACRYLATE/PERFLUOROHEXYLETHYL ACRYLATE COPOLYMER,,
10918,REYNOUTRIA SACHALINENSIS FRUIT EXTRACT,,
10919,MYRETH-2 MYRISTATE,59686-68-9,
10920,TRIMETHYLAMINE OXIDE,62637-93-8,
10921,AUREOBASIDIUM PULLULANS/OLIVE OIL FERMENT FILTRATE,,
10922,PRUNUS INSITITIA JUICE,,
10923,ABRUS FRUTICULOSUS LEAF EXTRACT,,
10924,CELLULOSE ACETATE,9004-35-7,
10925,ORYZA SATIVA LEAF EXTRACT,68553-81-1,
10926,POLYGONUM FAGOPYRUM SEED EXTRACT,89958-09-8,
10927,MANTIS EXTRACT,,
10928,PINUS PINASTER LEAF EXTRACT,,
10929,ETHYLHEXYL HYDROXYSTEARATE,29710-25-6 / 29383-26-4,
10930,CAMELLIA SINENSIS CALLUS EXTRACT,,
10931,ECHINACEA PURPUREA LEAF/STEM/MERISTEM CELL CULTURE EXTRACT,90028-20-9,
10932,SUAEDA MARITIMA FLOWER/LEAF/STEM EXTRACT,,
10933,HESPERETHUSA CRENULATA BARK EXTRACT,,
10934,TRIISOSTEAROYL 3-GLYCERYL ASCORBATE,,
10935,MELAMPYRUM ROSEUM EXTRACT,,
10936,YOMOGI EKISU,,
10937,MORINDA CITRIFOLIA SEED OIL,84929-68-0,
10938,LACTOBACILLUS/SCUTELLARIA BAICALENSIS ROOT EXTRACT FERMENT FILTRATE,,
10939,GALLOYL HEXAPEPTIDE-48,,
10940,CORDYCEPIN,73-03-0,
10941,ACETOBACTER/ASPERGILLUS/LACTOBACILLUS/LEUCONOSTOC/PEDIOCOCCUS/SACCHAROMYCES/ZYGOSACCHAROMYCES/CITRUS UNSHIU FRUIT/CITRUS JAPONICA FRUIT/CITRUS JUNOS FRUIT/ APPLE FRUIT/BANANA FRUIT/PAPAYA FRUIT/ PYRUS SEROTINA FRUIT/ DIOSPYROS KAKI FRUIT/WATERMELON FRUIT/PEACH FRUIT/ PRUNUS MUME FRUIT/FIG FRUIT/CHAENOMELES SINENSIS FRUIT/ERIOBOTRYA JAPONICA FRUIT/APRICOT FRUIT/ ZIZYPHUS JUJUBA FRUIT/CUCURBITA MAXIMA FRUIT/CASTANEA CRENATA FRUIT/VITIS COIGNETIAE FRUIT/RASPBERRY FRUIT/MOMORDICA GROSVENORII FRUIT/LYCIUM CHINENSE FRUIT/GLYCINE MAX SEED/PHASEOLUS ANGULARIS SEED/CANAVALIA ENSIFORMIS SEED/RICE SEED/HORDEUM VULGARE SEED/COIX LACRYMA-JOBI MA-YUEN SEED/ECHINOCHLOA CRUS-GALLI SEED/SETARIA ITALICA SEED/MILLET SEED/HEMEROCALLIS FULVA FLOWER/CABBAGE LEAF/STEM/MORUS BOMBYCIS LEAF/PERILLA FRUTESCENS LEAF/IPOMOEA BATATAS ROOT/COLOCASIA ANTIQUORUM TUBER/DIOSCOREA BATATAS RHIZOME/IRIDEA LAMINARIOIDES/LAMINARIA JAPONICA/NEMACYSTUS DECIPIENS/UNDARIA PINNATIFIDA/RADISH ROOT/TURNIP ROOT/CARROT ROOT/ARCTIUM LAPPA ROOT/NELUMBO NUCIFERA RHIZOME/ONION BULB/LILIUM AURATUM BULB/LICORICE ROOT/SAGITTARIA TRIFOLIA ROOT/SESAME SEED/GINKGO BILOBA SEED/JUGLANS SUBCORDIFORMIS FRUIT/PANAX GINSENG SEED/ACTINIDIA POLYGAMA FRUIT/HYDNUM ERINACEUM FRUITING BODY/GRIFOLA FRONDOSA FRUITING BODY/PRUNUS SALICINA FRUIT/AKEBIA QUINATA FRUIT/CRATAEGUS CUNEATA FRUIT/CORNUS OFFICINALIS FRUIT/NEPHELIUM LONGANA FRUIT/HOUTTUYNIA CORDATA/ARTEMISIA PRINCEPS/SASA VEITCHII LEAF/GLECHOMA HEDERACEA/CHAMOMILLA RECUTITA FLOWER/EQUISETUM ARVENSE/CASSIA OBTUSIFOLIA SEED/TARAXACUM OFFICINALE/ISODON JAPONICUS/SAFFLOWER FLOWER/PLANTAGO ASIATICA/SMALLANTHUS SONCHIFOLIUS ROOT/GARLIC BULB/GINGER RHIZOME/BEET RHIZOME/POLYGONUM ODORATUM RHIZOME/TURMERIC RHIZOME/ACANTHOPANAX SIEBOLDIANUS ROOT/PINUS KORAIENSIS SEED/LENTINUS EDODES FRUITING BODY/AURICULARIA AURICULA/VITIS LABRUSCA FRUIT/HELIANTHUS TUBEROSUS TUBER FERMENT EXTRACT,,
10942,SODIUM CAPRYLYL SULFATE,,
10943,GLYCERYL TRIACETYL RICINOLEATE,101-34-8,
10944,PHASEOLUS ANGULARIS HAIRY ROOT EXTRACT,,
10945,OXYCOCCUS PALUSTRIS SEED OIL,,
10946,CALCIUM CHLORIDE,10043-52-4,
10947,AKEBIA QUINATA SEED EXTRACT,,
10948,RESVERATRYL FERULATE,,
10949,CETYL-PG HYDROXYETHYL DECANAMIDE,143378-76-1,
10950,GLYCERYL TRIBEHENATE/ISOSTEARATE/EICOSANDIOATE,,
10951,PUERARIA THUNBERGIANA FLOWER/LEAF/STEM EXTRACT,,
10952,TAXUS MEDIA/TAXUS CUSPIDATA/TAXUS BREVIFOLIA/TAXUS BACCATA/TAXUS CANADENSIS MERISTEM CELL CULTURE EXTRACT,,
10953,SODIUM CHLORIDE,7647-14-5,
10954,SH-POLYPEPTIDE-29,,
10955,LILIUM HYBRID FLOWER EXTRACT,,
10956,METHYL GLUCOSE SESQUICAPRYLATE/SESQUICAPRATE,,
10957,GLYCERETH-7 DIISONONANOATE,125804-15-1,
10958,DIMETHICONE PEG-7 OCTYLDODECYL CITRATE,,
10959,CYATHUSAL A,,
10960,CITRUS NATSUDAIDAI FRUIT OIL,,
10961,BOSWELLIA PAPYRIFERA RESIN OIL,,
10962,NYPA FRUTICANS SHOOT EXTRACT,,
10963,VINYL DIMETHICONE/LAURYL/BEHENYL DIMETHICONE CROSSPOLYMER,,
10964,ARGININE FERULATE,,
10965,COCOYL TRIPEPTIDE-36,,
10966,PPG-9 DIGLYCERYL ETHER,61710-63-2,
10967,BUTYLOCTYL PALMITATE,,
10968,BRASSICA CAMPESTRIS FLOWER EXTRACT,90989-79-0,
10969,MALVA MOSCHATA ROOT EXTRACT,223747-73-7,
10970,POLYQUATERNIUM-18,,
10971,TRILANETH-4 PHOSPHATE,,
10972,SECALE CEREALE ADVENTITIOUS ROOT EXTRACT,,
10973,ARABINOXYLAN,9040-27-1,
10974,ACTINIOPTERIS DICHOTOMA EXTRACT,,
10975,HIBISCUS CANNABINUS STEM WATER,,
10976,TRIPEPTIDE-64,,
10977,MELANIN,8049-97-6,
10978,PNA-8 CARBOXYETHYL FLUORENE,,
10979,DAUCUS CAROTA SATIVA ROOT EXTRACT,84929-61-3,
10980,MINOXIDIL HYALURONAMIDE,,
10981,BUTYLENE GLYCOL MONTANATE,93763-20-3,
10982,DI-C14-15 ALKYL TARTRATE,149144-86-5,
10983,ASPERGILLUS/GARLIC/RICE BRAN/VINEGAR FERMENT,,
10984,CALLUNA VULGARIS FLOWER EXTRACT,84603-54-3,
10985,CURCULIGO ORCHIOIDES ROOT EXTRACT,,
10986,SIGESBECKIA ORIENTALIS EXTRACT,90106-87-9,
10987,OLIGOPEPTIDE-144,,
10988,PUNICA GRANATUM CALLUS CULTURE EXTRACT,,
10989,ERICA CINEREA FLOWER EXTRACT,90028-38-9,
10990,SACCHAROMYCES/HYDROLYZED RICE BRAN FERMENT FILTRATE,,
10991,HYDROLYZED OPLOPANAX ELATUS ROOT EXTRACT,,
10992,BIS-ADAMANTANYL PEG-800 DICARBOXAMIDE,,
10993,CALOTHRIX CRUSTACEA,,
10994,BULNESIA SARMIENTOI WOOD OIL,,
10995,AQUA,7732-18-5,
10996,SCHIZOPHYLLUM COMMUNE/PANAX GINSENG ROOT FERMENT FILTRATE,,
10997,BROUSSONETIA KAZINOKI STEM EXTRACT,,
10998,CORTHELLUS SHIITAKE EXTRACT,,
10999,CLEMATIS MANSHURICA EXTRACT,,
11000,PYRROLOQUINOLINE QUINONE,72909-34-3,
11001,QUERCUS PETRAEA FRUIT EXTRACT,,
11002,DICAPRYLYL ETHER,629-82-3,
11003,SODIUM ACRYLATE/ACRYLOYLDIMETHYLTAURATE/DIMETHYLACRYLAMIDE CROSSPOLYMER,187725-30-0,
11004,LACTOBACILLUS/PINUS KORAIENSIS SEED EXTRACT FERMENT EXTRACT FILTRATE,,
11005,PEG-50 GLYCERYL TRIOLEATE,68958-64-5,
11006,ACRYLIC ACID/C12-22 ALKYL ACRYLATE COPOLYMER,,
11007,PRUNUS ARMENIACA JUICE,68650-44-2,
11008,SHIRAKABA HA EKISU,,
11009,SODIUM COCOYL METHYL BETA-ALANINE,,
11010,BIFIDA FERMENT EXTRACT,,
11011,BIS-C24-28 HYDROXYALKYL OLIVOYL GLUTAMATE,,
11012,POLYSILICONE-21,1013922-83-2,
11013,CARAPA GUAIANENSIS SEED OIL,352458-32-3; 906347-26-0,
11014,PALMITOYL HEXAPEPTIDE-15,,
11015,LINUM USITATISSIMUM HULL EXTRACT,8001-26-1,
11016,ACTINIDIA POLYGAMA FRUIT EXTRACT,,
11017,TRIFOLIUM PRATENSE LEAF EXTRACT,85085-25-2,
11018,MESYLOXYBENZYL METHOXYETHYL CHLOROBENZAMIDE,853081-53-5,
11019,COUMARAMIDO FERULAMIDOBUTANE,,
11020,TRITICUM AESTIVUM FLOUR LIPIDS,84012-44-2,
11021,7-DEHYDROCHOLESTEROL,434-16-2,
11022,C14-16 GLYCOL PALMITATE,246159-40-0,
11023,MYRISTYLDIMONIUMHYDROXYPROPYL COCOGLUCOSIDES CHLORIDE,,
11024,LACTOBACILLUS/STREPTOCOCCUS THERMOPHILUS/BIFIDA/YELLOW OCHER FERMENT LYSATE EXTRACT,,
11025,ETHYLHEXYL BENZYLDIOXOPIPERAZYL ACETATE,,
11026,PEG-50 HYDROGENATED CASTOR OIL SUCCINATE,,
11027,PIPERAZINE BISFERULATE,96585-18-1,
11028,HYDROLYZED CONALBUMIN,,
11029,PERICHLAENA RICHARDII LEAF EXTRACT,,
11030,ALPINIA FORMOSANA LEAF/STEM POWDER,,
11031,OLEAMIDE MEA,111-58-0,
11032,TIBOUCHINA LEPIDOTA BARK/FLOWER/LEAF EXTRACT,,
11033,ASTRAGALUS MEMBRANACEUS ROOT POWDER,94166-93-5,
11034,BIS(GLYCIDOXYPHENYL)PROPANE/BISAMINOMETHYLNORBORNANE COPOLYMER,,
11035,IPOMOEA BATATAS LEAF EXTRACT,,
11036,SOPHORA JAPONICA BUD EXTRACT,90131-19-4,
11037,HEPTASODIUM HEXACARBOXYMETHYL DIPEPTIDE-12,1894171-13-1,
11038,CYANOCOBALAMIN,68-19-9,
11039,EUGLENA GRACILIS POLYSACCHARIDE,,
11040,PELARGONIUM GRAVEOLENS FLOWER/LEAF/STEM EXTRACT,90082-51-2,
11041,DISTEARYL PEG-18 FORMOYL GLUTAMATE,,
11042,PYROGLUTAMYLAMIDOETHYL INDOLE,,
11043,BACILLUS/LACTOBACILLUS/SACCHAROMYCES/COLLOIDAL GOLD/HYALURONIC ACID/RICE BRAN FERMENT FILTRATE,,
11044,HYDROLYZED CORALLINA OFFICINALIS EXTRACT,89997-92-2,
11045,RETINYL LINOLEATE,631-89-0,
11046,SH-POLYPEPTIDE-82,,
11047,TARAXACUM SINICUM ROOT EXTRACT,,
11048,GRIFOLA FRONDOSA /(ACORUS GRAMINEUS/CODONOPSIS LANCEOLATA) ROOT/TORREYA NUCIFERA FRUIT (MORUS ALBA/ACANTHOPANAX KOREANUM) BARK FERMENT FILTRATE,,
11049,AMOMUM XANTHIOIDES SEED EXTRACT,,
11050,VANILLOSMOPSIS ERYTHROPAPPA FLOWER/LEAF EXTRACT,,
11051,MELALEUCA ALTERNIFOLIA LEAF/ROSMARINUS OFFICINALIS LEAF/THYMUS VULGARIS LEAF EXTRACT,,
11052,DIPHENYLMETHYLSILOXY PHENYL METHICONE/PHENYL SILSESQUIOXANE CROSSPOLYMER,1373772-30-5,
11053,COIX LACRYMA-JOBI MA-YUEN SEED WATER,,
11054,ASPARAGUS OFFICINALIS ROOT EXTRACT,84649-90-1,
11055,MOMORDICA GROSVENORII FRUIT JUICE,,
11056,GRAPE SEED OIL GLYCERETH-8 ESTERS,,
11057,SODIUM PORPHYRA YEZOENSIS EXTRACT,,
11058,MOTH COCOON EXTRACT,,
11059,OLIGOPEPTIDE-142,,
11060,PRUNUS SERRULATA BRANCH/LEAF EXTRACT,,
11061,STYRENE/ALLYL BENZOATE COPOLYMER,,
11062,METHIONYL R-SALMON OLIGOPEPTIDE-1 SH-OLIGOPEPTIDE-2,,
11063,PULVINATAL,,
11064,CAPRYLIC/CAPRIC GLYCERIDES POLYGLYCERYL-10 ESTERS,,
11065,DIMETHICONE/DIVINYLDIMETHICONE/SILSESQUIOXANE CROSSPOLYMER,,
11066,PLANTAGO PSYLLIUM HUSK POWDER,84961-55-7,
11067,PEG-15 HYDROGENATED CASTOR OIL TRIISOSTEARATE,,
11068,ALKALINE PHOSPHATASE,9001-78-9,
11069,ALLANTOIN BIOTIN,4492-73-3,
11070,BIS-OCTYLDODECYL/STEARYL HYDROGENATED DIMER DILINOLEIC ACID/PROPANEDIOL COPOLYMER,,
11071,OPHIOPOGON JAPONICUS ROOT EXTRACT,,
11072,SUCROSE MYRISTATE,27216-47-3,
11073,THYMUS MASTICHINA FLOWER OIL,84837-14-9,
11074,MELASTOMA CANDIDUM EXTRACT,,
11075,MONASCUS/DIOSCOREA JAPONICA ROOT FERMENT,,
11076,NYMPHAEA CAERULEA FLOWER WATER,,
11077,ALUMINUM ISOSTEARYL GLYCERYL PHOSPHATE,,
11078,LILIUM HYBRID EXTRACT,,
11079,SH-POLYPEPTIDE-49,,
11080,NYMPHAEA COLORADO FLOWER EXTRACT,,
11081,DENDROBIUM MOSCHATUM FLOWER EXTRACT,,
11082,HEXAFLUOROPROPYLENE/TETRAFLUOROETHYLENE COPOLYMER,,
11083,CANNA HYBRID ROOT EXTRACT,,
11084,BIS-STEARYL DIMETHICONE,,
11085,CHAMOMILLA RECUTITA FLOWER POWDER,84082-60-0,
11086,PEG-8 LINOLENATE,,
11087,ACRYLATES/DIETHYLAMINOETHYL METHACRYLATE/ETHYLHEXYL ACRYLATE COPOLYMER,67874-96-8,
11088,R-(METHIONYL SH-POLYPEPTIDE-60 DECAPEPTIDE-40),,
11089,LAURYL MALAMIDE,,
11090,OCTYDODECYL BIS-HYDROXYPROPYL DIMETHICONE CITRATE CROSSPOLYMER,,
11091,PEG-3 DIROSINATE,242812-90-4,
11092,GLYCERIN,56-81-5,
11093,PHENOXYETHANOL,122-99-6,
11094,NIACINAMIDE,98-92-0,
11095,"1,2-HEXANEDIOL",,
11096,ETHYLHEXYLGLYCERIN,70445-33-9,
11097,CHLORPHENESIN,104-29-0,
11098,FRAGRANCE,,
11099,SODIUM BENZOATE,532-32-1,
11100,CAPRYLYL GLYCOL,1117-86-8,
11101,CITRIC ACID,77-92-9 / 5949-29-1,
11102,CAPRYLIC/CAPRIC TRIGLYCERIDE,73398-61-5 / 65381-09-1,
11103,POTASSIUM SORBATE,24634-61-5 / 590-00-1,
11104,CYCLOPENTASILOXANE,,
11105,PANTHENOL,81-13-0 / 16485-10-2,
11106,CENTELLA ASIATICA EXTRACT,,
11107,CERAMIDE NP,72968-43-5,
11108,HYDROGENATED LECITHIN,,
11109,DIPROPYLENE GLYCOL,110-98-5 / 25265-71-8,
11110,PEG-100 STEARATE,9004-99-3,
11111,MALTODEXTRIN,9050-36-6,
11112,HYDROLYZED HYALURONIC ACID,,
11113,POTASSIUM HYDROXIDE,1310-58-3,
11114,POLYSORBATE 20,9005-64-5,
11115,TRIETHANOLAMINE,102-71-6,
11116,CAMELLIA SINENSIS LEAF EXTRACT,,
11117,ALOE BARBADENSIS LEAF JUICE,,
11118,ARGININE,74-79-3 / 7200-25-1,
11119,GLUTATHIONE,70-18-8,
11120,SALICYLIC ACID,69-72-7,
11121,SODIUM HYDROXIDE,1310-73-2,
11122,CERAMIDE EOP,,
11123,PEG-40 HYDROGENATED CASTOR OIL,,
11124,CERAMIDE AP,100403-19-8,
11125,ISOHEXADECANE,,
11126,SCUTELLARIA BAICALENSIS ROOT EXTRACT,,
11127,POTASSIUM HYALURONATE,,
11128,SODIUM POLYACRYLATE,9003-04-7 / 25549-84-2,
11129,BETAINE,107-43-7,
11130,AQUA (WATER),,
11131,POLYSORBATE 60,9005-67-8,
11132,LAURETH-7,,
11133,SODIUM CITRATE,68-04-2 / 6132-04-3,
11134,POLYMETHYLSILSESQUIOXANE,68554-70-1,
11135,PHYTOSPHINGOSINE,554-62-1,
11136,BIS-ETHYLHEXYLOXYPHENOL METHOXYPHENYL TRIAZINE,187393-00-6,
11137,SQUALANE,111-01-3,
11138,BHT,128-37-0,
11139,CI 19140,1934-21-0,
11140,TRIETHOXYCAPRYLYLSILANE,2943-75-1,
11141,HYDROXYACETOPHENONE,99-93-4,
11142,HYDROXYETHYLCELLULOSE,,
11143,METHYLPARABEN,99-76-3,
11144,TROMETHAMINE,77-86-1,
11145,DEIONIZED WATER,,
11146,ISODODECANE,31807-55-3 / 93685-81-5 / 13475-82-6,
11147,BUTYROSPERMUM PARKII (SHEA) BUTTER,,
11148,HYDROGENATED POLYDECENE,68037-01-4,
11149,CI 42090,3844-45-9,
11150,ALOE BARBADENSIS LEAF EXTRACT,,
11151,DIMETHICONE CROSSPOLYMER,,
11152,PERFUME,,
11153,CI 77492,51274-00-1 / 1345-27-3 / 20344-49-4 / 52357-70-7,
11154,CI 77491,1309-37-1 / 1317-61-9 / 1345-27-3 / 52357-70-7 / 1345-25-1,
11155,POLYSORBATE 80,9005-65-6,
11156,CAPRYLHYDROXAMIC ACID,7377-03-9,
11157,ZINC PCA,,
11158,COLLAGEN,9007-34-5,
11159,CETYL PEG/PPG-10/1 DIMETHICONE,,
11160,GLYCOLIC ACID,79-14-1,
11161,SODIUM LAUROYL LACTYLATE,13557-75-0,
11162,CENTELLA ASIATICA LEAF EXTRACT,,
11163,ASCORBYL PALMITATE,137-66-6,
11164,ALPHA-ARBUTIN,84380-01-8,
11165,CHONDRUS CRISPUS EXTRACT,,
11166,SERINE,302-84-1 / 56-45-1,
11167,ROSMARINUS OFFICINALIS LEAF EXTRACT,,
11168,SODIUM METABISULFITE,7681-57-4 / 7757-74-6,
11169,HYDROLYZED COLLAGEN,92113-31-0 / 73049-73-7,
11170,SORBITAN ISOSTEARATE,71902-01-7,
11171,SODIUM ASCORBYL PHOSPHATE,66170-10-3,
11172,ASCORBYL GLUCOSIDE,129499-78-1,
11173,TRIDECETH-6,24938-91-8 / 69011-36-5,
11174,CETEARYL GLUCOSIDE,246159-33-1,
11175,BENZOIC ACID,65-85-0,
11176,ARBUTIN,497-76-7,
11177,ASIATICOSIDE,16830-15-2,
11178,GLYCYRRHIZA GLABRA ROOT EXTRACT,,
11179,POTASSIUM CETYL PHOSPHATE,84861-79-0; 19035-79-1,
11180,CI 77891,,
11181,METHYLPROPANEDIOL,2163-42-0,
11182,HOUTTUYNIA CORDATA EXTRACT,,
11183,POLYGONUM CUSPIDATUM ROOT EXTRACT,,
11184,GLYCERINE,,
11185,GLYCINE,56-40-6,
11186,CITRULLUS LANATUS FRUIT EXTRACT,,
11187,MICA,12001-26-2,
11188,CYCLOMETHICONE,69430-24-6 / 556-67-2 / 541-02-6 / 540-97-6,
11189,ZINC OXIDE,1314-13-2,
11190,MINERAL OIL,,
11191,CYCLOHEXASILOXANE,,
11192,CERAMIDE NS,,
11193,ISOPROPYL MYRISTATE,110-27-0,
11194,SIMMONDSIA CHINENSIS SEED OIL,,
11195,HYDROGENATED POLYISOBUTENE,,
11196,ISOLEUCINE,73-32-5 / 443-79-8,
11197,CI 15985,2783-94-0,
11198,DIMETHICONOL,,
11199,GLYCYRRHIZA GLABRA (LICORICE) ROOT EXTRACT,,
11200,SORBITAN OLEATE,,
11201,POLYGLYCERYL-3 METHYLGLUCOSE DISTEARATE,,
11202,CERAMIDE AS,,
11203,ACACIA SENEGAL GUM,,
11204,ZINC GLUCONATE,4468-02-4,
11205,VALINE,516-06-3 / 640-68-6 / 72-18-4,
11206,PHENYLALANINE,63-91-2 / 150-30-1,
11207,THREONINE,72-19-5 / 80-68-2,
11208,GLUTAMIC ACID,56-86-0,
11209,PROLINE,147-85-3 -L-- / 609-36-9 -dl-alpha-,
11210,ASPARTIC ACID,56-84-8 / 617-45-8,
11211,ALANINE,302-72-7 / 56-41-7,
11212,OLEA EUROPAEA (OLIVE) FRUIT OIL,,
11213,SODIUM STEAROYL GLUTAMATE,38517-23-6 / 79811-24-8,
11214,CROTON LECHLERI RESIN EXTRACT,,
11215,HAMAMELIS VIRGINIANA (WITCH HAZEL) EXTRACT,,
11216,PROPYLPARABEN,94-13-3,
11217,POTASSIUM PHOSPHATE,7778-77-0 / 16068-46-5,
11218,CI 16255,2611-82-7,
11219,CHAMOMILLA RECUTITA (MATRICARIA) FLOWER EXTRACT,,
11220,CI 77499,12227-89-3 / 1309-37-1 / 1317-61-9 / 1345-25-1 / 1345-27-3 / 52357-70-7,
11221,CETEARYL OLIVATE,,
11222,SODIUM PCA,,
11223,PORTULACA OLERACEA EXTRACT,,
11224,HAMAMELIS VIRGINIANA WATER,84696-19-5,
11225,PALMITOYL TRIPEPTIDE-1,147732-56-7,
11226,BUTYLOCTYL SALICYLATE,190085-41-7,
11227,BENZYL ALCOHOL,100-51-6,
11228,CI 17200,3567-66-6,
11229,MELALEUCA ALTERNIFOLIA LEAF OIL,85085-48-9 / 8022-72-8 / 68647-73-4,
11230,BAKUCHIOL,17015-60-0,
11231,TRIETHYLENE GLYCOL,112-27-6,
11232,ANHYDROXYLITOL,,
11233,SODIUM ACRYLATES COPOLYMER,,
11234,PARFUM (FRAGRANCE),,
11235,CI 14720,3567-69-9,
11236,LINOLENIC ACID,463-40-1 -CIS-,
11237,CETETH-20,9004-95-9,
11238,PEG-75 STEARATE,,
11239,SORBITAN OLIVATE,223706-40-9,
11240,STEARETH-20,9005-00-9 -Generic-,
11241,PANAX GINSENG ROOT EXTRACT,,
11242,LIMONENE,138-86-3,
11243,LINALOOL,78-70-6,
11244,CETEARETH-20,68439-49-6,
11245,HIBISCUS SABDARIFFA FLOWER EXTRACT,,
11246,SORBITAN SESQUIOLEATE,8007-43-0,
11247,LEUCONOSTOC/RADISH ROOT FERMENT FILTRATE,,
11248,HELIANTHUS ANNUUS SEED OIL,,
11249,O-CYMEN-5-OL,3228-02-2 / 39660-61-2,
11250,ETHOXYDIGLYCOL,111-90-0,
11251,SORBIC ACID,110-44-1,
11252,CERAMIDE EOS,,
11253,MENTHOL,1490-04-6 / 2216-51-5 / 89-78-1 / 15356-70-4,
11254,HYDROLYZED ALGIN,,
11255,SACCHARUM OFFICINARUM EXTRACT,,
11256,METHYLENE BIS-BENZOTRIAZOLYL TETRAMETHYLBUTYLPHENOL (NANO),,
11257,METHYLENE BIS-BENZOTRIAZOLYL TETRAMETHYLBUTYLPHENOL,,
11258,COCO-GLUCOSIDE,,
11259,TYROSINE,556-02-5 / 556-03-6 / 60-18-4,
11260,LYSINE,56-87-1,
11261,LEUCINE,61-90-5,
11262,CETYL DIMETHICONE,,
11263,POLYGLYCERYL-4 ISOSTEARATE,,
11264,PVM/MA COPOLYMER,,
11265,OCTYL SALICYLATE,,
11266,ACETYL HEXAPEPTIDE-8,,
11267,CI 16035,25956-17-6,
11268,DISODIUM PHOSPHATE,7558-79-4 / 7782-85-6,
11269,PISTACIA LENTISCUS GUM,,
11270,PHENETHYL ALCOHOL,60-12-8,
11271,BUDDLEJA OFFICINALIS FLOWER EXTRACT,,
11272,PEG-10 DIMETHICONE,,
11273,METHICONE,,
11274,ASPALATHUS LINEARIS EXTRACT,,
11275,HAMAMELIS VIRGINIANA LEAF EXTRACT,,
11276,DEXTRIN PALMITATE,83271-10-7,
11277,ISOCETETH-20,,
11278,CETEARETH-25,68439-49-6,
11279,POLYACRYLATE-13,,
11280,BEHENIC ACID,112-85-6,
11281,ALGAE EXTRACT,,
11282,TRIETHYLHEXANOIN,7360-38-5,
11283,VITIS VINIFERA FRUIT EXTRACT,,
11284,LINOLEIC ACID,60-33-3 -CIS-,
11285,PHENYL TRIMETHICONE,2116-84-9,
11286,ETHYL HEXANEDIOL,,
