ingredient_id,function_id
1,54
2,25
3,8
3,36
3,54
4,54
5,25
5,26
6,36
6,56
7,56
7,59
8,8
8,54
8,56
9,54
10,54
11,1
11,8
11,54
12,36
13,54
14,25
14,54
14,56
15,36
16,54
17,54
18,54
19,54
20,54
21,25
21,54
22,25
22,54
23,25
23,40
24,11
24,19
24,30
24,37
24,61
24,66
25,28
26,54
27,8
27,54
28,54
29,54
30,54
31,8
31,36
31,54
32,8
32,54
33,36
33,54
34,54
35,54
36,13
36,27
36,66
37,66
38,54
39,25
39,54
39,56
40,25
41,54
42,54
43,25
44,28
45,56
46,36
46,54
47,54
47,64
48,5
48,8
48,18
48,51
48,56
49,7
49,54
50,66
51,25
51,54
52,54
53,54
54,54
55,36
56,25
56,48
56,58
57,54
58,36
58,54
59,54
59,60
60,54
61,25
62,54
63,54
64,8
64,54
64,56
65,54
66,11
66,54
66,61
67,54
68,54
69,8
69,36
69,54
70,8
70,54
71,28
72,13
72,28
72,66
73,26
73,27
73,54
74,26
74,54
74,57
74,66
75,54
76,36
76,54
77,54
78,54
79,8
79,56
80,54
81,54
82,54
83,28
83,36
83,66
84,25
85,54
86,28
87,25
87,54
88,27
88,66
89,27
89,66
90,54
91,54
92,54
93,25
94,58
94,66
95,54
96,54
97,54
98,54
99,36
99,54
100,54
101,54
102,25
103,8
103,54
104,54
105,54
106,54
107,30
107,66
108,54
109,54
110,54
111,25
111,48
111,54
111,58
112,54
113,54
114,40
114,54
114,63
115,26
115,27
115,61
116,54
117,26
117,27
118,26
118,54
119,54
120,28
120,66
121,25
122,28
122,66
123,25
123,26
123,54
123,61
124,40
124,54
125,25
126,28
127,54
127,56
128,54
129,54
130,54
131,36
131,54
132,8
132,51
132,56
133,36
133,54
134,54
135,36
135,54
136,54
137,25
138,8
138,25
138,54
139,26
139,54
139,61
140,54
141,54
142,19
142,25
142,26
142,43
142,61
143,54
144,54
145,54
146,27
147,8
147,25
147,54
147,56
148,25
148,54
148,56
149,25
149,26
150,54
151,25
152,54
153,36
153,58
154,8
154,9
154,44
154,56
155,8
155,10
155,56
156,13
156,27
156,48
157,13
157,28
157,36
157,54
157,66
158,8
158,56
159,54
160,66
161,36
161,43
161,54
162,43
162,66
163,54
164,54
165,54
166,25
166,26
166,54
166,61
167,25
167,54
168,54
169,25
169,66
170,10
170,54
171,25
171,54
172,36
172,54
173,54
174,54
175,54
176,54
177,56
178,28
179,54
180,54
181,25
181,54
182,8
182,40
182,54
183,54
183,66
184,54
185,7
185,8
185,56
186,8
186,36
186,54
187,54
188,56
189,66
190,25
190,36
190,54
191,54
192,25
192,26
192,54
193,8
193,56
194,36
194,54
195,54
196,25
197,54
198,36
198,54
199,54
199,56
200,12
200,36
201,54
202,56
203,54
203,56
204,56
205,54
206,54
207,54
208,54
209,66
210,36
211,54
212,54
213,56
214,54
215,25
215,54
216,54
216,66
217,54
218,25
218,54
218,58
219,28
220,56
221,36
221,54
222,19
222,30
222,31
222,37
222,54
222,61
223,54
224,54
225,25
225,66
226,56
227,36
228,28
229,54
230,28
231,54
232,8
232,56
233,8
233,12
233,25
233,54
233,56
234,54
235,54
236,8
236,56
237,25
237,40
237,54
238,1
238,40
238,56
239,25
239,26
239,54
240,54
241,54
242,7
242,8
242,12
242,25
243,36
243,54
244,54
245,54
246,7
246,8
246,12
246,65
247,54
248,25
248,54
248,61
249,56
250,25
250,26
250,54
250,61
251,66
252,7
252,9
252,10
252,36
252,44
253,54
254,54
255,54
256,27
256,43
256,66
257,28
257,66
258,54
259,66
260,54
261,56
262,13
262,56
263,54
264,8
264,56
265,8
265,25
265,54
266,54
267,54
268,36
269,54
270,54
271,11
271,26
271,27
271,30
271,61
271,66
272,54
273,54
274,36
274,54
275,25
275,36
275,54
276,25
276,26
276,54
277,54
278,25
278,54
279,54
280,25
280,54
281,25
281,26
281,54
281,61
282,56
283,54
284,54
285,54
286,54
287,54
288,54
289,54
289,56
290,54
291,8
291,54
292,25
293,25
294,8
294,54
295,54
296,36
296,54
297,8
297,36
297,54
298,54
299,36
299,54
300,11
300,19
300,27
300,30
300,37
300,61
301,28
302,54
303,54
304,54
305,54
306,8
306,25
306,36
306,54
306,56
307,54
308,1
308,40
308,56
309,54
310,54
311,54
312,54
313,13
313,27
313,28
314,54
315,54
316,56
317,28
317,54
318,54
319,54
320,54
321,8
321,36
322,8
322,56
323,8
323,18
323,56
324,25
325,13
325,25
325,54
326,54
327,54
328,36
328,54
329,8
329,54
330,8
330,54
331,36
331,54
332,25
332,54
333,8
333,54
334,19
334,25
334,37
335,36
335,54
336,11
336,28
337,54
338,54
339,54
340,25
341,32
341,66
342,25
342,26
342,54
342,58
342,66
343,54
344,56
345,26
345,27
345,30
345,61
345,66
346,36
346,54
347,54
348,54
349,25
349,54
350,54
351,36
351,54
352,54
353,8
353,10
353,56
354,8
354,36
354,54
355,54
356,54
357,8
357,54
358,28
359,54
359,56
360,54
361,8
361,25
361,36
361,54
362,54
363,36
363,54
364,54
365,54
366,7
366,25
366,40
366,54
367,54
367,66
368,56
369,25
369,54
370,54
371,54
372,54
373,8
373,54
374,36
374,54
375,54
376,54
377,54
378,54
379,28
379,54
379,66
380,9
380,54
381,25
382,25
382,60
383,54
384,27
384,54
384,61
385,54
386,36
386,54
387,54
388,54
389,25
390,54
391,54
392,54
393,54
394,54
395,8
395,54
396,54
397,54
398,54
399,54
400,54
401,56
402,54
403,54
404,1
404,2
404,3
404,17
404,43
404,66
405,54
406,36
406,58
406,66
407,36
408,54
409,54
410,13
410,19
410,54
411,54
412,54
413,36
414,54
415,25
415,26
415,54
415,61
416,54
417,54
418,27
419,36
419,54
419,56
420,54
421,54
422,25
423,56
424,66
425,8
425,54
426,54
427,28
428,28
429,54
430,30
430,61
430,66
431,54
432,25
432,26
433,26
433,36
434,36
434,54
435,54
436,28
436,54
436,56
436,66
437,8
437,18
437,56
438,25
439,18
439,27
439,66
440,8
440,56
441,25
441,26
441,61
442,54
443,54
444,25
444,54
445,54
446,27
447,66
448,54
449,54
449,56
450,54
451,28
452,13
452,27
452,28
452,60
452,66
453,25
453,54
453,66
454,56
455,28
455,66
456,36
456,54
456,56
457,25
457,26
457,54
458,19
458,26
458,54
458,61
458,66
459,54
460,8
460,56
461,54
462,54
463,54
464,25
464,36
464,54
465,40
465,54
465,63
466,56
467,36
467,54
468,8
468,36
468,54
469,54
470,8
470,25
470,54
471,54
472,25
472,36
472,54
473,54
474,25
474,54
475,56
476,8
476,54
477,54
478,28
478,43
479,25
479,54
480,19
480,25
480,26
480,54
480,61
481,54
482,54
483,54
484,25
484,28
484,54
485,54
486,36
487,58
487,66
488,54
489,54
490,25
490,36
490,61
491,25
491,36
491,54
492,54
493,25
493,26
494,54
495,54
495,66
496,13
496,27
496,28
496,66
497,28
498,36
499,54
500,56
501,25
501,54
502,25
502,54
503,27
504,54
505,25
505,54
506,54
506,61
506,66
507,1
507,54
508,54
509,54
510,28
511,13
511,54
512,25
512,54
513,54
514,56
515,19
515,26
515,61
515,66
516,54
517,36
517,54
518,54
519,36
520,54
521,25
521,54
522,54
523,36
523,66
524,54
525,54
526,54
527,28
527,54
527,66
528,54
529,25
529,28
529,54
529,58
530,54
531,58
531,66
532,25
532,54
533,54
533,58
534,66
535,36
536,8
536,36
536,54
537,54
538,25
538,26
539,25
539,26
540,54
541,54
542,54
542,56
543,54
544,54
545,54
546,54
547,48
547,58
547,66
548,54
549,54
550,54
550,60
551,11
551,28
552,19
552,26
552,27
552,61
553,54
553,56
554,54
555,25
556,54
557,54
558,54
559,9
559,10
559,25
559,44
559,56
560,54
561,36
562,60
562,66
563,25
564,54
565,54
566,28
567,36
568,8
568,54
569,40
569,56
570,8
570,54
570,56
571,8
571,25
571,54
572,54
573,54
574,54
575,8
575,54
576,54
577,54
578,28
578,48
579,54
580,25
580,28
580,48
581,25
581,26
581,61
582,58
582,66
583,25
583,54
584,25
584,54
585,8
585,40
585,54
585,56
586,54
587,54
588,54
589,36
590,27
590,66
591,25
591,54
591,56
592,28
593,54
594,54
595,54
596,66
597,54
598,54
599,54
600,54
601,54
602,54
603,56
604,54
605,25
605,54
605,58
606,25
606,54
607,13
607,36
607,40
607,41
607,54
608,8
608,56
609,8
609,56
610,54
611,54
612,40
612,54
613,54
614,28
615,25
615,54
616,25
616,26
617,8
617,56
618,12
618,54
619,54
619,61
620,54
621,27
621,28
621,32
621,61
621,66
622,54
623,25
623,54
624,25
624,54
625,3
625,13
625,28
625,54
626,8
626,36
626,54
627,54
628,54
628,56
629,13
629,17
629,25
629,28
629,54
630,25
630,26
630,54
630,61
631,54
632,25
632,36
633,11
633,54
634,54
635,8
635,25
635,54
636,54
637,25
638,28
639,54
640,25
640,54
641,27
641,66
642,54
643,54
644,25
644,54
645,54
646,54
647,54
648,27
648,29
648,66
649,25
649,48
649,54
650,54
651,54
652,54
653,54
654,54
655,54
656,54
657,25
657,54
658,25
658,28
658,54
659,54
660,30
660,61
660,66
661,66
662,66
663,36
664,27
665,7
665,8
665,54
665,56
666,11
666,28
667,66
668,54
669,13
669,25
669,54
670,26
670,66
671,8
671,36
671,54
672,54
673,54
674,54
675,54
676,54
677,25
677,54
678,44
678,54
678,66
679,54
680,1
680,54
681,19
681,26
681,66
682,54
682,57
683,56
684,54
685,54
686,25
687,66
688,13
688,28
688,54
688,66
689,54
690,54
691,25
692,8
692,56
692,64
693,54
694,26
694,27
694,60
695,54
696,54
696,56
697,54
697,66
698,54
699,25
699,54
700,36
700,54
701,66
702,54
703,54
704,54
705,12
705,36
705,54
706,25
706,54
706,58
707,54
708,54
709,54
710,54
711,26
711,66
712,54
713,54
714,25
714,54
715,54
716,19
716,30
716,31
716,37
716,54
716,61
717,36
718,28
718,54
719,54
720,13
720,27
720,66
721,54
722,54
723,17
723,66
724,36
725,25
726,8
726,54
727,28
727,66
728,25
728,58
729,8
729,54
730,54
731,54
732,54
733,54
733,56
734,54
735,36
735,54
736,54
737,54
738,25
738,54
739,54
740,54
741,54
742,13
742,27
742,28
742,43
742,54
743,54
744,54
745,26
745,54
745,57
745,66
746,27
746,66
747,25
747,54
747,56
747,66
748,54
749,54
750,25
750,26
750,54
751,54
752,36
753,25
753,26
753,54
754,36
755,54
756,36
756,54
757,25
757,54
758,25
759,25
759,54
760,8
760,54
761,54
762,40
762,56
762,59
763,56
764,25
765,54
766,54
767,25
767,54
768,36
768,54
769,36
769,54
770,25
771,54
772,54
773,66
774,28
775,54
776,54
777,54
778,54
779,8
779,25
779,54
780,54
781,54
782,36
782,54
783,54
784,54
785,54
786,54
787,54
788,25
788,54
789,8
789,54
790,54
790,61
791,25
792,7
792,8
792,10
792,56
793,36
794,26
794,27
794,54
794,61
795,56
796,8
796,56
797,54
798,26
798,27
798,30
798,61
798,66
799,25
799,36
799,54
800,25
800,54
801,26
801,27
802,54
803,54
804,19
804,26
804,30
804,61
804,66
805,54
806,25
806,54
807,54
808,36
808,54
808,56
809,36
810,28
810,40
811,7
811,8
811,56
812,25
812,26
812,27
812,52
812,66
813,54
814,54
814,61
815,66
816,25
816,36
817,25
817,54
817,66
818,36
818,54
819,25
819,36
819,54
820,54
821,54
822,25
822,54
823,7
823,10
823,54
824,56
825,54
826,7
826,8
826,54
827,54
828,25
828,54
829,56
830,54
831,40
831,54
832,66
833,25
833,27
833,66
834,54
835,25
835,27
835,54
836,54
837,28
838,54
839,54
840,12
840,54
840,56
841,54
842,10
842,56
843,54
844,54
845,19
845,30
845,31
845,37
845,54
845,61
846,25
846,26
847,28
848,25
848,40
848,54
849,54
850,25
850,54
851,54
852,8
852,25
852,54
853,25
853,54
854,54
855,8
855,54
856,54
857,25
858,36
858,54
859,40
859,54
860,54
861,66
862,28
863,54
864,26
864,54
865,54
866,54
867,8
867,36
867,54
868,40
868,54
868,56
869,54
870,8
870,54
871,54
872,54
873,56
874,54
875,54
876,56
877,40
877,54
878,54
879,25
879,60
880,54
881,25
881,54
881,66
882,36
882,54
882,56
883,66
884,54
885,25
885,26
885,54
885,61
886,8
886,56
887,54
888,54
889,54
890,28
890,56
891,8
891,25
891,36
891,54
892,54
892,66
893,36
893,48
893,54
894,3
894,25
895,26
895,54
896,54
897,54
898,25
898,26
898,60
898,61
898,66
899,54
900,54
900,61
901,56
902,54
903,25
903,54
904,54
905,54
906,25
907,54
908,54
908,63
909,54
910,54
911,54
912,7
912,56
913,54
914,27
915,54
916,25
916,54
917,54
918,66
919,56
920,8
920,56
921,54
922,25
922,26
923,54
924,36
924,54
925,54
926,28
927,40
927,56
928,8
928,44
928,54
929,8
929,54
929,56
930,25
930,26
930,61
931,28
932,54
933,19
933,25
933,27
933,58
933,61
934,54
935,54
936,54
937,26
937,54
938,54
939,54
940,26
940,27
941,25
941,26
942,28
943,54
944,11
944,25
945,54
946,54
946,55
947,25
947,54
948,54
949,54
949,58
950,54
950,56
951,54
952,36
952,54
953,25
953,54
954,8
954,66
955,36
955,66
956,36
956,56
956,66
957,26
957,27
957,54
957,61
958,54
959,54
959,61
960,36
960,54
960,61
961,36
961,54
962,54
963,54
964,25
964,27
964,54
965,54
966,36
966,54
967,13
967,17
967,23
967,28
967,48
968,54
969,54
970,25
970,54
970,56
971,28
972,54
973,36
973,54
974,54
975,25
975,58
976,36
976,54
977,54
978,54
979,54
980,54
981,54
981,66
982,54
983,25
983,43
983,54
984,60
984,65
985,25
985,54
986,54
987,28
988,3
988,8
988,13
988,26
988,27
988,48
988,54
988,61
988,64
989,25
990,54
991,54
992,26
992,61
992,66
993,25
993,54
994,25
994,36
994,54
995,54
996,1
996,54
996,66
997,54
998,54
999,56
1000,2
1000,12
1000,36
1001,36
1001,54
1002,54
1003,8
1003,25
1004,54
1005,54
1006,54
1007,54
1008,28
1009,25
1009,26
1010,25
1010,54
1010,66
1011,54
1012,54
1013,54
1014,54
1014,59
1015,54
1016,25
1017,36
1018,54
1018,66
1019,54
1020,54
1021,54
1022,8
1022,54
1023,54
1024,54
1025,56
1026,8
1026,25
1026,26
1026,54
1026,56
1026,61
1027,54
1028,7
1028,54
1029,54
1030,25
1030,54
1031,54
1031,56
1032,54
1033,25
1033,26
1034,54
1035,54
1036,56
1037,40
1037,54
1038,25
1038,54
1039,54
1040,54
1041,54
1042,54
1042,56
1043,54
1044,54
1045,54
1046,54
1047,25
1047,28
1047,54
1048,36
1048,54
1048,56
1049,36
1049,56
1050,25
1050,36
1050,54
1051,54
1052,54
1053,8
1053,25
1053,36
1053,54
1054,28
1055,54
1056,54
1057,8
1057,36
1057,54
1058,28
1059,54
1060,25
1061,25
1061,54
1062,54
1063,54
1064,54
1065,25
1065,54
1066,28
1066,54
1066,66
1067,54
1068,54
1069,36
1069,54
1070,54
1071,54
1072,54
1072,56
1073,54
1074,54
1075,54
1076,36
1076,54
1077,56
1078,54
1079,25
1079,54
1080,13
1080,66
1081,8
1081,54
1081,56
1082,54
1083,54
1084,1
1084,2
1084,12
1084,54
1085,8
1085,54
1086,25
1086,28
1086,54
1086,66
1087,27
1087,43
1087,66
1088,54
1089,54
1090,25
1091,54
1092,36
1092,54
1093,36
1094,36
1094,54
1095,7
1095,8
1095,54
1096,25
1096,54
1097,36
1097,54
1098,54
1099,28
1100,25
1100,36
1100,54
1101,26
1101,61
1101,66
1102,54
1102,66
1103,13
1103,66
1104,54
1105,54
1106,54
1107,54
1108,36
1109,16
1109,36
1109,38
1110,56
1111,36
1111,54
1112,25
1112,26
1112,54
1113,54
1114,8
1114,36
1114,54
1115,25
1116,25
1116,36
1116,54
1117,56
1118,25
1118,26
1119,36
1120,54
1121,56
1122,11
1122,30
1122,61
1122,66
1123,54
1124,36
1124,54
1125,25
1125,54
1125,58
1126,54
1127,36
1128,25
1128,26
1129,54
1130,28
1131,11
1131,28
1132,19
1132,26
1132,54
1132,61
1133,54
1134,36
1134,54
1135,8
1135,56
1136,8
1136,25
1136,36
1136,54
1137,25
1138,56
1139,54
1139,56
1139,59
1140,54
1141,54
1142,10
1142,12
1142,54
1143,54
1144,25
1144,54
1145,25
1145,26
1145,54
1145,61
1146,54
1147,54
1148,25
1149,36
1150,54
1151,25
1151,54
1152,54
1153,8
1153,54
1153,56
1154,28
1155,3
1155,27
1155,28
1155,43
1155,66
1156,66
1157,54
1158,54
1159,8
1159,56
1160,25
1160,26
1161,11
1161,25
1161,26
1161,54
1161,61
1162,27
1163,25
1163,54
1164,25
1164,54
1165,54
1166,40
1166,54
1167,26
1167,27
1167,61
1168,28
1169,54
1170,54
1171,13
1171,27
1171,28
1171,43
1171,54
1172,25
1172,36
1172,54
1173,54
1174,54
1175,36
1176,54
1177,54
1178,54
1178,56
1179,56
1180,17
1180,28
1180,54
1180,66
1181,54
1182,54
1183,36
1183,54
1184,54
1185,54
1186,25
1186,54
1187,23
1187,54
1188,54
1189,54
1190,25
1191,54
1192,28
1193,66
1194,1
1194,54
1195,8
1195,54
1195,56
1196,54
1197,54
1198,54
1199,54
1200,54
1201,8
1201,36
1201,54
1201,56
1202,28
1203,1
1203,17
1203,27
1204,8
1204,12
1204,54
1205,54
1205,63
1206,66
1207,7
1207,8
1207,36
1207,56
1208,54
1209,54
1210,25
1210,54
1211,25
1211,54
1212,54
1213,12
1213,13
1213,16
1213,36
1214,54
1215,54
1216,54
1217,36
1218,40
1218,54
1219,54
1220,54
1221,54
1222,25
1222,54
1223,8
1223,54
1224,6
1224,7
1224,12
1224,40
1224,58
1224,66
1225,54
1226,54
1227,66
1228,54
1228,56
1229,1
1229,54
1230,25
1230,54
1231,54
1232,54
1233,36
1233,54
1234,36
1235,54
1236,54
1237,25
1237,26
1238,36
1238,54
1239,54
1240,36
1241,25
1241,54
1242,54
1243,8
1243,56
1244,36
1245,27
1245,28
1245,66
1246,25
1246,54
1247,54
1248,56
1249,54
1250,36
1250,54
1251,54
1252,54
1253,5
1253,54
1254,25
1254,54
1254,66
1255,13
1255,17
1255,32
1255,66
1256,54
1257,36
1257,54
1258,25
1258,54
1259,54
1260,8
1260,54
1261,25
1261,26
1262,25
1262,54
1263,54
1264,54
1265,25
1265,26
1266,25
1266,54
1267,25
1267,54
1268,54
1269,54
1270,54
1271,54
1272,54
1273,54
1274,54
1275,54
1276,2
1276,54
1277,54
1278,25
1278,26
1279,54
1279,61
1280,36
1280,58
1281,40
1281,54
1282,54
1283,28
1284,27
1284,54
1284,66
1285,54
1286,54
1287,56
1288,25
1288,36
1288,54
1289,54
1290,54
1291,54
1292,54
1293,12
1293,54
1294,54
1295,36
1295,54
1296,54
1297,54
1298,1
1298,2
1298,17
1298,43
1298,66
1299,54
1300,28
1300,43
1301,25
1302,54
1303,66
1304,27
1304,66
1305,12
1305,58
1305,66
1306,54
1307,54
1308,25
1308,26
1308,54
1308,61
1309,54
1310,25
1310,54
1311,25
1311,36
1311,54
1311,56
1312,54
1313,26
1313,27
1313,54
1314,54
1315,54
1316,56
1317,8
1317,10
1317,54
1317,56
1318,28
1319,54
1320,7
1320,8
1320,36
1320,56
1321,26
1321,27
1321,61
1322,28
1323,54
1323,63
1324,54
1325,8
1325,54
1325,56
1326,54
1327,54
1328,27
1328,28
1328,54
1329,54
1330,54
1331,7
1331,25
1331,36
1331,54
1332,54
1333,54
1334,54
1335,29
1335,56
1336,7
1336,36
1337,26
1337,27
1337,30
1337,61
1337,66
1338,54
1339,54
1340,66
1341,54
1342,54
1343,56
1344,28
1345,56
1346,36
1346,54
1347,25
1348,56
1349,19
1349,26
1349,27
1349,30
1349,60
1349,61
1350,19
1350,61
1350,66
1351,54
1352,36
1352,54
1353,8
1353,54
1354,36
1354,54
1355,56
1356,36
1356,54
1357,7
1357,54
1357,56
1358,54
1359,25
1360,54
1361,66
1362,54
1363,66
1364,54
1365,54
1366,54
1367,54
1368,25
1368,54
1369,54
1370,40
1370,54
1371,36
1371,54
1372,54
1373,8
1373,18
1373,56
1373,65
1374,54
1375,25
1375,26
1375,54
1375,61
1376,54
1377,54
1378,25
1379,27
1379,66
1380,54
1381,54
1382,13
1382,28
1382,54
1382,66
1383,12
1383,54
1383,63
1384,8
1384,36
1384,54
1385,54
1386,54
1387,28
1388,54
1389,1
1389,54
1390,54
1391,25
1391,54
1392,8
1392,56
1393,56
1394,36
1394,54
1394,56
1395,1
1395,7
1395,54
1396,3
1396,7
1396,12
1396,54
1396,59
1396,63
1397,54
1398,54
1399,66
1400,54
1401,28
1402,13
1402,26
1402,27
1402,28
1402,66
1403,54
1404,54
1405,10
1405,54
1406,28
1406,54
1406,56
1407,54
1408,54
1409,54
1410,28
1410,66
1411,1
1411,17
1411,66
1412,54
1413,54
1414,28
1414,66
1415,8
1415,10
1415,25
1415,36
1415,54
1416,56
1417,54
1418,54
1419,25
1419,54
1420,54
1421,54
1422,12
1422,58
1422,66
1423,54
1424,54
1425,61
1425,66
1426,54
1427,36
1427,54
1428,54
1429,54
1430,54
1431,54
1432,36
1432,54
1433,54
1434,54
1435,56
1436,25
1436,26
1437,25
1438,56
1439,54
1440,8
1440,54
1440,56
1441,25
1441,54
1442,25
1442,27
1442,54
1443,54
1443,56
1444,54
1445,11
1445,30
1445,66
1446,54
1447,36
1447,54
1448,54
1449,56
1450,25
1451,25
1451,26
1451,61
1452,54
1453,54
1454,36
1455,25
1456,54
1457,8
1457,36
1457,54
1458,54
1459,36
1460,54
1461,19
1461,26
1461,61
1461,66
1462,54
1463,54
1464,36
1464,54
1465,54
1466,54
1467,54
1468,40
1468,54
1469,8
1469,25
1469,36
1469,54
1470,25
1470,26
1471,54
1472,54
1473,25
1473,26
1473,54
1473,61
1474,54
1475,25
1475,36
1476,54
1477,54
1478,54
1478,61
1479,54
1480,8
1480,36
1480,54
1481,36
1481,54
1481,56
1482,54
1483,54
1484,56
1485,25
1485,54
1486,28
1486,54
1487,25
1487,54
1488,25
1489,54
1490,25
1490,54
1491,66
1492,8
1492,28
1492,54
1493,25
1493,54
1493,66
1494,8
1494,54
1494,56
1495,54
1496,54
1497,54
1498,1
1498,54
1499,25
1499,54
1500,54
1501,54
1502,66
1503,19
1503,25
1503,30
1503,61
1504,25
1504,54
1505,27
1505,56
1506,54
1507,54
1508,13
1508,54
1509,38
1509,44
1509,66
1510,54
1511,40
1511,56
1512,56
1513,54
1513,56
1514,26
1514,54
1514,61
1515,54
1516,27
1516,66
1517,54
1518,54
1519,8
1519,25
1519,56
1520,54
1521,54
1522,54
1523,54
1524,54
1525,54
1526,54
1527,36
1528,56
1529,28
1529,48
1530,36
1531,54
1532,25
1532,54
1533,25
1534,7
1534,8
1534,10
1534,25
1534,54
1535,56
1536,25
1536,54
1537,19
1537,30
1537,37
1537,54
1537,61
1538,8
1538,36
1538,54
1539,36
1539,54
1540,8
1540,51
1540,54
1541,54
1542,27
1542,66
1543,36
1543,54
1544,54
1545,54
1546,54
1547,1
1547,56
1548,54
1549,48
1549,54
1549,58
1550,54
1551,8
1551,56
1552,36
1552,54
1553,54
1554,54
1555,25
1555,26
1555,54
1555,61
1556,54
1557,54
1557,66
1558,54
1559,25
1559,36
1559,54
1560,25
1560,54
1560,58
1561,25
1562,66
1563,9
1563,18
1563,54
1564,54
1565,54
1566,3
1566,27
1566,43
1566,66
1567,54
1568,25
1568,36
1568,54
1569,25
1569,54
1570,54
1571,25
1571,54
1572,26
1572,54
1573,25
1573,54
1574,26
1574,54
1575,54
1576,54
1576,63
1577,8
1577,25
1577,54
1578,36
1578,54
1579,54
1580,8
1580,36
1580,54
1581,54
1582,54
1583,54
1584,54
1585,8
1585,54
1586,60
1586,66
1587,54
1588,54
1588,66
1589,25
1589,54
1589,56
1590,36
1590,54
1591,36
1591,54
1591,56
1592,25
1592,54
1593,6
1593,54
1594,54
1595,54
1596,36
1596,66
1597,25
1597,54
1598,28
1599,36
1600,36
1600,54
1601,56
1602,26
1602,66
1603,36
1604,54
1605,54
1606,66
1607,8
1607,54
1608,54
1609,56
1610,25
1610,54
1610,58
1611,36
1611,54
1612,54
1613,54
1614,25
1614,36
1614,54
1615,13
1615,25
1615,27
1615,28
1615,54
1615,60
1615,66
1616,54
1617,25
1617,36
1617,54
1618,25
1618,54
1619,25
1619,54
1620,54
1621,32
1621,66
1622,13
1622,54
1623,54
1624,8
1624,12
1624,54
1624,56
1625,54
1626,54
1627,25
1628,8
1628,36
1629,25
1629,26
1630,8
1630,56
1631,27
1631,54
1631,56
1631,66
1632,54
1633,54
1634,54
1635,2
1635,13
1635,28
1635,54
1635,66
1636,8
1636,54
1636,56
1637,56
1638,6
1638,26
1638,54
1639,11
1639,54
1640,3
1640,43
1640,66
1641,54
1642,56
1643,54
1644,25
1644,26
1645,54
1646,10
1646,56
1647,25
1647,26
1647,54
1647,61
1648,8
1648,36
1648,54
1649,54
1650,54
1650,66
1651,8
1651,54
1651,56
1652,66
1653,54
1654,54
1655,54
1655,56
1656,54
1657,12
1657,54
1658,8
1658,25
1658,54
1659,8
1659,36
1660,54
1661,54
1662,25
1662,54
1662,66
1663,54
1664,25
1665,25
1665,54
1665,56
1666,56
1667,54
1668,8
1668,12
1668,25
1668,54
1669,54
1670,54
1670,56
1671,25
1671,40
1671,54
1672,25
1673,54
1674,11
1674,30
1674,66
1675,25
1676,54
1677,36
1678,8
1678,54
1679,54
1680,56
1681,54
1682,25
1682,54
1682,61
1683,54
1684,54
1685,54
1686,25
1686,36
1686,54
1687,28
1688,13
1688,27
1688,66
1689,54
1690,36
1690,54
1690,56
1691,36
1691,54
1691,56
1692,54
1693,25
1693,54
1694,54
1695,25
1695,54
1696,54
1697,36
1698,66
1699,25
1699,54
1699,63
1700,13
1700,27
1700,43
1700,66
1701,26
1701,27
1701,30
1701,61
1701,66
1702,25
1702,54
1703,36
1703,40
1703,54
1704,54
1705,54
1705,56
1706,54
1707,25
1708,13
1708,25
1708,27
1708,66
1709,54
1710,25
1710,26
1710,54
1710,61
1711,54
1712,54
1713,66
1714,56
1715,54
1716,36
1717,54
1718,54
1719,36
1720,54
1721,27
1721,61
1722,66
1723,54
1724,54
1725,54
1726,25
1726,28
1727,54
1728,54
1729,27
1729,28
1729,66
1730,54
1731,36
1732,54
1733,54
1733,56
1734,26
1734,36
1734,61
1735,54
1736,54
1737,13
1737,25
1737,27
1737,66
1738,54
1739,54
1740,36
1741,54
1742,54
1743,7
1743,8
1743,12
1743,36
1743,54
1743,56
1744,7
1744,8
1744,25
1744,54
1745,8
1745,54
1746,36
1746,54
1747,54
1748,54
1749,54
1750,36
1751,36
1752,56
1753,36
1753,54
1754,54
1755,54
1756,8
1756,54
1757,25
1757,26
1758,56
1759,54
1760,8
1760,54
1761,8
1761,17
1761,54
1762,54
1763,25
1764,8
1764,60
1764,65
1765,40
1765,54
1766,56
1767,54
1768,13
1768,19
1768,30
1768,54
1768,61
1769,25
1769,66
1770,54
1771,36
1772,25
1772,54
1773,54
1774,25
1774,54
1775,36
1775,54
1775,56
1776,36
1776,54
1777,54
1778,12
1778,40
1778,54
1778,63
1779,54
1779,56
1780,54
1781,8
1781,54
1782,25
1782,54
1783,54
1784,28
1785,25
1785,54
1785,66
1786,54
1787,54
1788,54
1789,25
1789,54
1790,54
1791,36
1791,54
1792,36
1792,54
1793,8
1793,54
1793,56
1794,25
1794,36
1794,54
1795,26
1795,66
1796,54
1797,36
1797,54
1798,54
1799,54
1800,54
1801,7
1801,8
1801,36
1801,54
1802,54
1803,66
1804,54
1805,54
1806,25
1806,28
1806,54
1807,54
1808,25
1808,54
1808,66
1809,8
1809,56
1810,25
1811,26
1811,36
1811,61
1812,28
1813,54
1814,54
1815,25
1815,26
1816,54
1817,28
1817,66
1818,56
1819,54
1820,54
1821,54
1822,54
1823,13
1823,25
1823,54
1823,58
1824,25
1824,58
1825,54
1826,54
1827,54
1828,54
1829,19
1829,26
1829,61
1829,66
1830,8
1830,54
1830,56
1831,25
1831,26
1831,61
1832,13
1832,27
1832,28
1832,40
1832,66
1833,54
1834,28
1835,54
1836,54
1837,54
1838,54
1839,19
1839,27
1839,61
1839,66
1840,1
1840,54
1841,54
1842,54
1843,54
1844,8
1844,60
1844,65
1845,25
1845,54
1846,19
1846,54
1847,12
1847,19
1847,40
1847,54
1847,59
1847,63
1848,54
1849,25
1850,12
1850,54
1851,54
1852,54
1853,54
1854,8
1854,44
1854,54
1855,13
1855,17
1855,43
1855,56
1856,26
1856,54
1856,61
1856,66
1857,26
1857,27
1857,54
1857,66
1858,54
1859,54
1860,1
1860,2
1860,17
1860,56
1861,19
1861,31
1861,37
1861,54
1861,61
1862,54
1863,54
1864,36
1864,54
1865,54
1866,54
1866,66
1867,54
1868,54
1869,25
1869,26
1870,8
1870,54
1871,25
1871,54
1872,25
1873,54
1874,28
1874,54
1874,66
1875,27
1876,25
1876,54
1876,58
1877,54
1878,26
1878,66
1879,25
1879,26
1880,54
1881,54
1882,25
1882,54
1883,54
1884,54
1885,25
1885,54
1886,25
1887,54
1888,28
1888,66
1889,25
1889,26
1890,54
1891,54
1892,25
1892,54
1893,36
1893,54
1894,54
1895,8
1895,26
1895,54
1896,28
1896,66
1897,54
1897,56
1898,1
1898,54
1899,8
1899,56
1900,25
1901,25
1901,54
1901,58
1902,36
1903,54
1904,13
1904,27
1904,58
1905,28
1906,54
1907,28
1908,25
1908,54
1909,25
1910,26
1910,27
1910,28
1911,54
1912,54
1913,54
1914,7
1914,8
1914,10
1914,25
1914,54
1915,54
1916,7
1916,8
1916,12
1916,56
1917,36
1918,36
1918,54
1919,28
1920,25
1920,26
1920,54
1920,61
1921,54
1922,54
1923,28
1924,36
1924,61
1925,54
1926,54
1927,56
1928,54
1929,54
1930,40
1930,54
1931,54
1932,28
1933,8
1933,25
1934,54
1935,25
1935,54
1936,25
1936,54
1937,54
1938,11
1938,25
1938,54
1939,25
1939,54
1940,54
1941,1
1941,2
1941,17
1941,66
1942,54
1943,54
1944,54
1945,25
1945,48
1945,58
1945,64
1946,54
1947,36
1947,54
1947,66
1948,28
1949,12
1949,53
1949,54
1949,63
1950,54
1951,25
1951,28
1951,54
1952,25
1953,54
1953,59
1954,54
1955,54
1956,54
1957,54
1958,54
1959,54
1960,25
1961,27
1962,54
1963,28
1964,36
1964,54
1965,25
1965,36
1965,54
1966,54
1967,56
1968,25
1968,56
1968,66
1969,54
1970,54
1971,54
1972,36
1972,54
1973,36
1974,36
1974,54
1975,25
1975,54
1976,54
1977,25
1977,54
1977,58
1978,25
1978,54
1979,54
1980,25
1980,54
1981,66
1982,25
1982,54
1983,25
1983,54
1984,54
1985,54
1986,54
1987,54
1988,25
1989,54
1990,11
1990,30
1990,61
1990,66
1991,8
1991,56
1992,27
1992,28
1992,61
1992,66
1993,13
1993,28
1993,66
1994,54
1995,54
1996,54
1997,54
1998,54
1999,54
2000,36
2001,9
2001,54
2001,56
2002,25
2002,27
2002,54
2002,61
2003,25
2004,66
2005,36
2005,54
2006,25
2006,26
2006,54
2006,61
2007,28
2008,25
2008,41
2009,54
2010,54
2011,25
2011,27
2011,54
2012,54
2013,54
2013,56
2014,36
2014,54
2015,25
2015,54
2016,28
2017,54
2018,8
2018,54
2018,56
2019,13
2019,28
2019,66
2020,25
2020,26
2021,54
2022,13
2022,28
2023,54
2023,63
2024,8
2024,54
2024,56
2025,7
2025,54
2026,54
2027,2
2027,66
2028,58
2028,66
2029,54
2030,36
2030,54
2031,54
2032,54
2033,54
2034,54
2035,36
2035,54
2036,54
2037,8
2037,56
2038,54
2039,54
2040,54
2041,25
2041,56
2042,8
2042,54
2043,25
2043,26
2044,41
2044,54
2045,54
2046,54
2047,54
2048,25
2048,43
2048,54
2049,8
2049,56
2050,11
2050,54
2051,54
2052,25
2052,54
2053,54
2054,28
2054,66
2055,54
2056,25
2057,8
2057,56
2058,54
2059,8
2059,54
2060,25
2060,54
2061,25
2061,54
2062,54
2063,54
2064,25
2064,54
2065,36
2066,54
2067,54
2068,8
2068,56
2069,54
2070,54
2071,8
2071,18
2071,56
2072,54
2073,25
2074,54
2075,8
2075,54
2076,54
2077,25
2077,54
2078,54
2079,54
2080,56
2081,25
2081,54
2082,54
2082,66
2083,54
2084,54
2085,28
2086,66
2087,54
2088,19
2088,26
2088,54
2088,61
2089,19
2089,36
2090,25
2090,36
2090,54
2091,28
2092,54
2093,25
2093,26
2094,54
2095,54
2096,56
2097,54
2098,25
2099,25
2099,26
2099,54
2099,61
2100,54
2101,19
2101,26
2101,54
2101,61
2102,54
2103,36
2104,54
2105,54
2106,54
2107,54
2108,28
2108,66
2109,54
2110,10
2110,56
2111,54
2112,54
2113,25
2113,54
2113,56
2114,25
2114,54
2115,25
2115,28
2115,40
2115,48
2115,58
2116,56
2117,54
2118,36
2118,54
2118,56
2119,54
2120,54
2120,56
2121,54
2122,54
2123,58
2123,66
2124,28
2125,7
2125,54
2126,54
2127,54
2128,54
2129,54
2130,56
2131,54
2132,54
2133,54
2134,8
2134,56
2135,54
2136,28
2137,25
2137,26
2138,54
2139,2
2139,28
2139,36
2139,58
2139,61
2140,54
2141,54
2142,13
2142,26
2142,27
2142,61
2142,66
2143,54
2143,66
2144,54
2145,54
2146,36
2147,54
2148,54
2149,64
2149,65
2150,54
2151,2
2151,3
2151,17
2151,32
2151,43
2151,66
2152,54
2153,54
2154,36
2155,11
2155,54
2156,54
2157,54
2158,25
2158,26
2158,54
2159,54
2160,25
2160,28
2160,54
2161,54
2162,54
2163,25
2163,26
2163,54
2163,61
2164,25
2164,26
2165,29
2165,36
2165,40
2166,36
2167,54
2167,56
2168,54
2169,54
2170,54
2171,54
2172,54
2173,25
2174,53
2174,54
2175,66
2176,27
2176,28
2176,61
2177,54
2178,25
2178,27
2179,54
2180,25
2180,26
2180,54
2180,61
2181,54
2182,54
2183,56
2184,54
2185,54
2186,28
2186,43
2187,54
2188,28
2189,12
2189,58
2189,66
2190,36
2190,54
2191,54
2192,54
2193,13
2193,66
2194,11
2194,25
2194,58
2195,54
2196,54
2197,12
2197,54
2198,36
2198,54
2199,54
2200,8
2200,56
2201,54
2202,29
2202,54
2203,8
2203,12
2203,25
2204,54
2205,36
2206,56
2207,36
2207,54
2208,54
2208,56
2208,57
2209,25
2209,54
2210,36
2210,41
2211,36
2211,54
2211,58
2211,66
2212,54
2213,19
2213,26
2213,61
2213,66
2214,8
2214,36
2214,54
2215,11
2215,25
2215,26
2215,54
2216,8
2216,54
2217,54
2218,54
2219,54
2220,56
2221,25
2221,54
2222,19
2222,26
2222,54
2222,61
2223,36
2223,54
2224,1
2224,5
2224,54
2225,66
2226,25
2227,12
2227,58
2227,66
2228,54
2229,25
2229,54
2229,58
2229,61
2230,36
2230,54
2231,8
2231,18
2231,56
2232,36
2233,54
2234,25
2234,26
2235,25
2235,54
2235,56
2236,54
2237,8
2237,54
2238,54
2239,3
2239,6
2239,25
2239,27
2239,66
2240,3
2240,8
2240,13
2240,27
2240,48
2240,54
2240,61
2240,64
2241,56
2242,6
2242,25
2242,54
2243,36
2244,61
2244,66
2245,54
2246,25
2246,54
2247,54
2248,36
2249,61
2249,66
2250,54
2251,25
2251,26
2252,54
2253,54
2254,54
2255,7
2255,8
2255,54
2256,54
2257,54
2257,56
2258,25
2258,54
2259,54
2260,66
2261,28
2261,56
2262,25
2262,26
2262,54
2262,61
2263,56
2264,54
2265,54
2266,11
2266,28
2267,54
2268,54
2269,26
2269,54
2270,54
2271,54
2272,54
2273,8
2273,25
2273,56
2274,25
2274,54
2274,56
2275,36
2276,40
2276,54
2277,36
2278,25
2279,54
2280,54
2281,1
2281,2
2281,17
2281,43
2281,66
2282,54
2283,54
2284,54
2285,25
2285,54
2286,54
2287,54
2288,54
2289,25
2290,54
2291,54
2292,7
2292,8
2292,36
2292,54
2293,25
2294,54
2295,19
2295,26
2295,61
2295,66
2296,66
2297,54
2298,54
2299,25
2299,26
2300,25
2300,26
2301,25
2301,54
2302,8
2302,54
2303,27
2304,8
2304,54
2304,56
2305,54
2306,25
2306,54
2307,61
2307,66
2308,27
2308,54
2309,54
2310,40
2310,54
2311,54
2311,56
2312,54
2313,54
2314,54
2315,25
2315,54
2316,8
2316,18
2316,56
2316,64
2317,40
2317,54
2318,25
2318,26
2319,54
2320,25
2320,54
2321,6
2321,54
2322,54
2323,54
2324,8
2324,54
2324,56
2325,54
2326,54
2326,56
2327,54
2328,54
2329,36
2329,54
2330,25
2330,54
2331,54
2332,54
2333,8
2333,36
2333,54
2334,8
2334,54
2334,56
2335,28
2336,25
2336,54
2337,54
2338,54
2339,2
2339,43
2339,56
2340,28
2341,56
2342,25
2342,54
2343,54
2344,54
2345,25
2345,27
2345,54
2346,13
2346,25
2346,27
2346,54
2347,25
2347,54
2348,8
2348,54
2349,54
2350,54
2351,25
2351,26
2351,54
2351,61
2352,54
2353,54
2354,56
2355,54
2356,25
2356,54
2357,12
2357,56
2358,7
2358,36
2358,54
2359,54
2360,7
2360,8
2360,12
2360,65
2361,54
2362,40
2362,54
2363,40
2363,54
2364,13
2364,25
2364,54
2365,25
2365,54
2366,54
2367,54
2368,28
2369,25
2369,54
2370,25
2370,54
2371,25
2371,54
2372,54
2373,36
2374,36
2374,56
2375,28
2376,25
2377,25
2377,26
2378,8
2378,54
2379,54
2379,56
2380,28
2380,36
2380,54
2380,56
2381,25
2381,26
2382,25
2382,54
2383,54
2384,36
2384,54
2385,54
2386,8
2386,56
2387,54
2387,66
2388,54
2389,1
2389,2
2389,3
2389,17
2389,43
2389,56
2390,54
2391,56
2392,54
2393,7
2393,12
2393,54
2394,54
2395,54
2396,3
2396,8
2396,54
2397,8
2397,54
2398,5
2398,7
2398,10
2398,54
2399,56
2400,60
2400,66
2401,25
2402,2
2402,3
2402,27
2402,54
2403,36
2403,58
2404,25
2404,36
2404,54
2405,25
2405,26
2406,54
2407,36
2407,54
2408,54
2409,54
2410,54
2411,54
2412,36
2412,54
2413,54
2414,56
2415,25
2415,26
2415,54
2415,61
2416,54
2417,25
2418,25
2418,26
2419,25
2419,54
2420,54
2421,54
2421,56
2421,59
2422,8
2422,56
2423,54
2424,36
2424,54
2425,54
2426,30
2426,37
2426,54
2426,61
2427,54
2428,25
2428,54
2429,56
2430,54
2431,25
2431,36
2431,54
2432,8
2432,36
2433,54
2434,13
2434,26
2434,27
2434,28
2434,66
2435,25
2436,54
2437,28
2438,54
2439,54
2440,26
2440,54
2441,54
2442,1
2442,2
2442,54
2442,56
2443,54
2444,54
2445,40
2445,54
2446,25
2446,54
2447,54
2448,8
2448,56
2449,56
2450,54
2451,54
2452,25
2453,54
2454,8
2454,54
2454,56
2455,25
2456,36
2456,54
2457,44
2457,54
2458,54
2459,54
2460,28
2460,54
2461,54
2462,54
2463,25
2464,54
2465,19
2465,30
2465,37
2465,54
2465,61
2466,54
2466,56
2467,54
2468,25
2468,54
2469,25
2469,54
2469,56
2470,54
2471,54
2472,12
2472,40
2472,54
2473,54
2474,19
2474,30
2474,61
2474,66
2475,27
2475,28
2476,36
2476,54
2477,28
2478,29
2478,40
2478,54
2479,56
2480,8
2480,36
2480,54
2481,54
2482,54
2483,54
2484,13
2484,28
2485,58
2485,66
2486,25
2486,54
2487,36
2487,58
2488,54
2489,27
2490,25
2490,54
2491,25
2491,54
2492,54
2493,25
2494,36
2494,54
2495,54
2496,54
2497,25
2497,54
2498,54
2499,8
2499,25
2499,54
2500,54
2501,8
2501,56
2502,54
2503,54
2504,1
2504,8
2504,54
2505,54
2506,28
2507,26
2507,54
2508,25
2509,36
2509,54
2510,54
2511,54
2512,28
2512,66
2513,25
2513,54
2514,3
2514,43
2514,66
2515,54
2516,54
2517,54
2518,25
2519,25
2519,26
2519,27
2519,30
2519,40
2519,43
2519,61
2519,66
2520,25
2520,54
2521,36
2521,54
2522,56
2523,54
2524,1
2524,56
2525,28
2525,54
2526,40
2526,56
2527,25
2527,54
2528,54
2529,54
2530,54
2531,36
2531,54
2531,56
2532,28
2533,54
2534,25
2534,54
2535,25
2535,54
2536,25
2536,54
2537,54
2538,54
2539,54
2540,25
2540,26
2540,27
2540,54
2540,61
2541,8
2541,18
2541,54
2542,28
2543,28
2544,56
2545,26
2545,54
2545,66
2546,13
2546,19
2546,66
2547,36
2547,54
2548,25
2548,54
2549,1
2549,54
2550,54
2551,54
2552,25
2553,54
2554,25
2554,26
2554,61
2555,54
2556,54
2557,54
2558,25
2558,54
2558,59
2558,63
2559,16
2559,54
2560,54
2561,36
2561,54
2562,54
2563,8
2563,54
2563,56
2564,54
2565,54
2566,54
2567,36
2567,54
2568,36
2568,54
2569,54
2570,54
2571,54
2572,7
2572,8
2572,12
2572,25
2572,54
2572,56
2573,18
2573,32
2573,61
2573,66
2574,23
2574,54
2575,36
2575,54
2576,13
2576,54
2576,66
2577,25
2577,36
2577,54
2578,36
2578,54
2579,8
2579,54
2579,56
2580,54
2581,66
2582,54
2583,54
2584,54
2585,54
2586,54
2587,54
2588,54
2589,36
2589,54
2590,54
2591,25
2592,54
2593,66
2594,27
2594,61
2595,54
2596,54
2597,25
2597,54
2598,56
2599,36
2599,54
2599,56
2600,36
2601,8
2601,54
2602,54
2603,54
2604,11
2604,41
2604,61
2605,25
2606,54
2606,56
2607,56
2608,8
2608,54
2609,54
2609,56
2610,54
2610,56
2611,25
2611,26
2612,25
2612,58
2613,54
2614,42
2614,66
2615,54
2616,36
2616,54
2617,8
2617,54
2618,25
2618,26
2618,43
2619,28
2620,12
2620,58
2620,66
2621,8
2621,56
2622,56
2623,8
2623,54
2623,56
2624,6
2624,54
2625,2
2625,17
2625,27
2625,66
2626,28
2626,36
2626,54
2627,54
2628,25
2628,54
2629,13
2629,25
2629,54
2630,41
2630,54
2631,54
2632,36
2633,7
2633,10
2633,54
2634,54
2635,28
2636,54
2637,54
2638,56
2639,28
2639,43
2639,44
2640,64
2640,65
2641,25
2641,54
2642,36
2642,54
2643,25
2644,25
2644,26
2644,54
2644,61
2645,54
2645,61
2646,36
2647,36
2647,54
2648,36
2648,54
2649,25
2649,40
2649,54
2650,54
2651,36
2651,54
2651,56
2652,25
2652,26
2653,54
2654,8
2654,25
2654,26
2654,36
2654,54
2655,54
2656,54
2657,36
2657,54
2658,54
2659,54
2660,25
2660,54
2661,27
2661,32
2661,66
2662,54
2663,54
2664,54
2664,56
2665,54
2665,61
2666,54
2667,54
2668,28
2669,25
2669,26
2670,36
2670,54
2671,54
2672,25
2672,54
2673,54
2673,56
2674,30
2674,66
2675,56
2676,25
2676,26
2676,54
2676,61
2677,54
2678,8
2678,54
2678,56
2679,54
2680,54
2681,8
2681,12
2681,56
2682,25
2683,36
2683,54
2684,2
2684,17
2684,66
2685,25
2685,54
2686,54
2687,54
2688,54
2689,11
2689,28
2690,25
2690,54
2691,28
2691,66
2692,54
2693,54
2694,25
2695,54
2696,66
2697,25
2697,36
2697,54
2698,8
2698,54
2698,56
2699,25
2700,54
2701,28
2701,66
2702,7
2702,8
2702,54
2702,56
2703,36
2703,54
2704,54
2705,25
2705,26
2706,25
2706,40
2706,54
2707,8
2707,56
2708,19
2708,30
2708,31
2708,37
2708,54
2708,61
2709,25
2710,56
2711,36
2711,54
2712,40
2712,54
2713,54
2713,56
2714,54
2715,54
2716,1
2716,2
2716,13
2716,17
2716,66
2717,28
2718,28
2719,54
2720,25
2720,26
2720,54
2720,61
2721,54
2722,7
2722,8
2722,10
2722,54
2723,54
2724,28
2725,36
2726,54
2727,16
2727,26
2727,27
2727,61
2728,43
2728,66
2729,58
2729,66
2730,54
2731,54
2732,66
2733,25
2733,54
2734,54
2735,7
2735,8
2735,12
2735,25
2735,56
2736,54
2737,8
2737,56
2738,8
2738,54
2739,26
2739,27
2739,60
2739,61
2740,25
2740,26
2741,54
2742,25
2742,54
2743,8
2743,56
2744,54
2745,8
2745,36
2745,54
2746,54
2747,54
2748,25
2748,54
2749,25
2749,36
2749,54
2750,54
2751,25
2751,26
2752,40
2752,54
2753,8
2753,25
2753,54
2753,56
2753,64
2754,8
2754,54
2754,56
2755,36
2755,54
2756,54
2757,54
2758,54
2759,54
2760,25
2760,56
2761,25
2761,54
2762,54
2763,27
2763,28
2763,66
2764,54
2765,54
2766,56
2767,54
2768,25
2768,40
2768,48
2768,58
2769,25
2769,54
2770,54
2771,54
2772,54
2773,54
2774,11
2774,54
2775,54
2776,54
2777,7
2777,12
2777,54
2777,56
2778,54
2779,54
2780,54
2781,36
2781,54
2782,36
2782,54
2783,54
2784,54
2784,60
2785,54
2786,54
2787,54
2788,54
2789,54
2790,54
2791,28
2792,28
2793,54
2794,8
2794,54
2795,6
2795,7
2795,8
2795,36
2795,54
2795,56
2796,25
2796,54
2797,54
2798,54
2799,36
2800,54
2801,56
2802,8
2802,54
2803,54
2804,11
2804,28
2805,54
2806,8
2806,36
2806,54
2807,54
2808,54
2809,7
2809,27
2810,25
2810,54
2811,54
2812,54
2813,36
2813,54
2814,54
2815,54
2816,5
2816,19
2816,26
2816,31
2816,40
2816,41
2816,54
2816,61
2817,27
2818,54
2819,36
2819,54
2820,19
2820,27
2820,36
2820,61
2821,54
2822,54
2823,54
2824,25
2825,56
2826,54
2827,7
2827,8
2827,54
2828,54
2829,36
2829,58
2830,8
2830,25
2830,54
2830,56
2831,54
2832,19
2832,30
2832,31
2832,37
2832,54
2832,61
2833,54
2834,28
2835,40
2835,54
2836,25
2836,54
2837,54
2838,54
2839,56
2840,54
2841,54
2841,56
2842,54
2843,54
2844,1
2844,40
2844,56
2845,40
2845,54
2846,54
2847,54
2848,54
2849,40
2849,54
2850,28
2850,32
2850,66
2851,54
2852,54
2853,54
2854,54
2855,54
2856,25
2856,41
2856,54
2856,59
2857,54
2858,66
2859,56
2860,54
2861,25
2861,54
2862,40
2862,56
2863,54
2864,8
2864,56
2865,13
2865,28
2866,54
2867,36
2867,54
2868,54
2869,27
2869,54
2869,66
2870,54
2871,56
2872,54
2873,13
2873,27
2873,60
2873,66
2874,40
2874,54
2874,59
2875,54
2876,54
2877,54
2878,11
2878,30
2878,66
2879,54
2880,25
2880,54
2880,61
2881,54
2882,36
2883,54
2884,56
2885,54
2886,54
2886,63
2887,54
2888,54
2889,54
2889,56
2890,54
2891,8
2891,56
2892,10
2892,36
2892,54
2892,60
2893,19
2893,30
2893,37
2893,54
2893,61
2894,54
2895,25
2895,54
2896,25
2896,54
2897,28
2898,25
2898,26
2898,54
2898,58
2898,61
2899,25
2899,54
2900,28
2900,66
2901,54
2902,54
2903,36
2903,58
2904,54
2905,54
2906,54
2907,25
2907,54
2908,54
2909,56
2909,59
2910,25
2911,54
2912,25
2912,54
2913,54
2914,54
2915,54
2916,19
2916,30
2916,37
2916,54
2916,61
2917,54
2918,54
2919,54
2920,36
2920,54
2921,54
2922,54
2923,8
2923,56
2924,54
2925,36
2925,54
2926,56
2927,54
2928,12
2928,54
2929,54
2930,25
2931,54
2932,5
2932,7
2932,11
2932,54
2933,25
2934,28
2934,36
2934,54
2935,36
2936,8
2936,54
2936,56
2937,25
2938,25
2938,54
2939,60
2939,66
2940,56
2941,25
2941,52
2941,54
2941,66
2942,54
2943,56
2944,54
2945,19
2945,25
2945,61
2946,19
2946,26
2946,61
2946,66
2947,54
2948,56
2949,30
2949,61
2949,66
2950,54
2951,25
2951,54
2952,1
2952,54
2953,54
2954,25
2954,54
2955,36
2955,54
2956,54
2957,11
2957,27
2957,28
2957,66
2958,54
2959,30
2959,61
2959,66
2960,54
2960,56
2961,66
2962,54
2963,54
2964,25
2964,54
2965,54
2966,54
2967,54
2968,54
2969,54
2969,56
2970,8
2970,25
2971,40
2971,54
2972,54
2973,54
2974,8
2974,56
2975,54
2976,36
2976,54
2976,56
2977,8
2977,54
2978,9
2978,36
2978,40
2978,44
2978,54
2979,54
2980,26
2980,66
2981,36
2982,54
2983,8
2983,56
2984,54
2985,54
2986,54
2987,54
2988,2
2988,17
2988,43
2988,46
2988,66
2989,8
2989,25
2989,28
2989,54
2989,60
2990,54
2991,54
2992,56
2993,8
2993,56
2994,58
2994,66
2995,25
2996,8
2996,54
2996,56
2997,40
2997,54
2998,66
2999,54
3000,36
3000,54
3001,40
3001,54
3002,28
3003,13
3003,66
3004,25
3004,26
3005,54
3006,25
3006,36
3006,54
3007,25
3007,48
3007,54
3008,54
3009,54
3010,36
3010,54
3011,54
3012,54
3013,54
3014,54
3015,25
3015,54
3016,25
3016,27
3016,40
3016,52
3016,54
3016,66
3017,36
3017,54
3018,30
3018,61
3018,66
3019,54
3020,27
3020,66
3021,7
3021,11
3021,64
3021,65
3022,1
3022,28
3022,66
3023,54
3024,25
3025,36
3025,54
3026,25
3026,26
3027,54
3028,54
3029,54
3030,54
3031,54
3032,54
3033,25
3034,25
3034,26
3034,54
3034,61
3035,8
3035,60
3035,65
3036,36
3036,54
3037,36
3038,54
3039,25
3039,54
3039,66
3040,40
3040,54
3041,28
3041,66
3042,1
3042,36
3042,40
3042,56
3043,54
3044,54
3045,25
3045,40
3045,54
3046,54
3047,54
3048,54
3049,25
3050,54
3051,54
3052,54
3053,40
3053,56
3054,66
3055,8
3055,54
3056,7
3056,10
3056,54
3057,54
3058,54
3059,54
3060,36
3060,54
3061,26
3061,54
3062,8
3062,54
3062,56
3063,54
3064,8
3064,36
3064,54
3065,54
3066,7
3066,25
3066,54
3067,54
3068,25
3069,54
3070,54
3071,10
3071,54
3072,25
3072,54
3073,25
3073,54
3074,54
3075,54
3076,56
3077,25
3077,26
3077,27
3077,54
3077,61
3078,54
3079,54
3080,54
3081,40
3081,56
3082,66
3083,54
3084,7
3084,36
3084,54
3084,56
3085,54
3086,1
3086,40
3086,56
3087,8
3087,56
3088,28
3089,25
3090,28
3091,54
3092,13
3092,27
3092,28
3092,43
3093,25
3093,54
3094,25
3095,28
3095,66
3096,25
3096,26
3097,27
3097,61
3098,54
3099,8
3099,54
3100,19
3100,26
3100,61
3100,66
3101,54
3102,54
3103,36
3103,54
3104,36
3104,54
3105,54
3106,54
3107,54
3108,54
3109,54
3110,54
3111,54
3112,36
3112,54
3113,54
3114,54
3115,54
3116,36
3116,54
3117,54
3118,54
3119,54
3120,54
3121,54
3121,56
3122,1
3122,54
3123,54
3124,54
3124,56
3125,54
3126,54
3127,25
3127,27
3127,66
3128,11
3128,25
3128,54
3129,25
3129,36
3129,54
3129,56
3130,54
3131,54
3132,25
3132,36
3133,54
3134,8
3134,54
3135,56
3136,8
3136,54
3137,54
3138,25
3139,54
3140,54
3141,28
3142,54
3143,25
3143,52
3143,54
3143,66
3144,56
3145,54
3146,36
3146,54
3146,56
3147,54
3147,59
3148,54
3149,8
3149,54
3150,7
3150,8
3150,36
3150,54
3150,56
3151,36
3151,54
3152,54
3152,63
3153,54
3154,8
3154,54
3155,25
3155,54
3156,36
3157,54
3158,54
3159,25
3160,25
3160,54
3161,54
3162,66
3163,40
3163,54
3164,40
3164,56
3165,54
3166,54
3167,27
3167,61
3168,54
3169,54
3170,54
3171,8
3171,51
3171,56
3172,54
3173,28
3174,64
3174,65
3175,28
3175,48
3176,25
3177,54
3178,54
3179,36
3179,54
3179,59
3180,54
3181,25
3181,54
3182,25
3182,27
3182,54
3183,54
3184,13
3184,54
3184,66
3185,54
3186,28
3187,25
3187,26
3188,25
3188,54
3189,54
3190,54
3190,59
3191,8
3191,54
3192,56
3193,54
3193,56
3194,54
3195,25
3196,54
3197,54
3198,25
3199,28
3200,8
3200,25
3200,36
3200,54
3201,54
3202,54
3202,56
3203,8
3203,25
3203,54
3204,36
3204,54
3205,54
3206,54
3207,26
3207,27
3207,61
3208,54
3209,36
3209,54
3210,54
3211,40
3211,54
3212,54
3213,8
3213,36
3213,54
3213,56
3214,54
3215,54
3216,54
3217,54
3218,11
3218,25
3218,54
3219,54
3220,25
3220,27
3220,54
3221,25
3221,54
3222,54
3223,54
3224,25
3224,54
3225,28
3225,48
3225,66
3226,54
3227,54
3228,54
3229,2
3229,13
3229,28
3230,25
3230,26
3230,27
3230,61
3231,25
3232,36
3233,8
3233,36
3233,54
3234,28
3234,40
3234,48
3234,58
3235,13
3235,66
3236,54
3237,36
3238,8
3238,54
3239,26
3239,27
3240,56
3241,66
3242,56
3243,54
3244,28
3244,61
3244,66
3245,25
3245,54
3246,54
3247,56
3248,54
3249,54
3250,54
3251,54
3252,54
3253,54
3254,25
3254,36
3254,54
3255,12
3255,54
3256,25
3256,54
3256,66
3257,54
3258,19
3258,30
3258,31
3258,37
3258,54
3258,61
3259,3
3259,8
3259,13
3259,27
3259,48
3259,54
3259,61
3259,64
3260,25
3260,54
3261,54
3262,25
3263,36
3264,66
3265,25
3265,54
3266,19
3266,26
3266,54
3266,61
3267,56
3268,25
3268,36
3268,54
3269,25
3269,54
3270,8
3270,54
3270,56
3271,26
3271,54
3271,61
3272,36
3273,25
3273,54
3274,25
3274,54
3275,8
3275,25
3275,48
3275,54
3276,25
3276,48
3276,54
3277,54
3278,36
3278,54
3279,28
3280,36
3280,54
3281,25
3281,54
3282,25
3282,54
3283,40
3283,54
3284,54
3285,26
3285,66
3286,54
3287,19
3287,53
3287,54
3287,63
3288,28
3289,40
3289,54
3290,26
3290,27
3290,61
3291,25
3291,54
3292,13
3292,28
3293,11
3293,25
3293,61
3294,56
3295,54
3296,25
3296,54
3297,54
3298,54
3299,25
3299,54
3300,36
3300,54
3301,54
3302,1
3302,17
3302,43
3302,66
3303,54
3304,54
3305,25
3305,54
3306,25
3306,40
3306,63
3307,54
3308,54
3309,36
3309,58
3310,54
3310,66
3311,54
3312,25
3313,36
3313,54
3314,26
3314,66
3315,25
3316,26
3316,27
3316,30
3316,61
3316,66
3317,54
3318,54
3319,54
3320,54
3321,25
3321,27
3321,30
3321,54
3321,66
3322,54
3323,54
3324,25
3324,54
3325,13
3325,25
3326,7
3326,25
3326,54
3327,19
3327,27
3327,54
3327,61
3328,25
3328,54
3329,25
3329,54
3330,54
3331,54
3332,54
3333,54
3334,54
3335,40
3335,66
3336,36
3336,54
3337,40
3337,53
3337,54
3338,36
3338,58
3339,56
3340,54
3340,56
3341,25
3341,26
3341,28
3341,54
3341,61
3342,54
3342,56
3343,25
3343,54
3343,56
3344,54
3345,54
3346,54
3347,8
3347,56
3348,54
3349,25
3349,26
3350,54
3351,54
3352,54
3353,27
3354,36
3354,54
3355,56
3356,54
3357,36
3357,54
3358,36
3358,54
3359,54
3360,8
3360,36
3361,54
3362,54
3363,54
3364,25
3364,26
3364,54
3364,61
3365,54
3366,13
3366,25
3366,28
3366,54
3366,66
3367,54
3368,25
3368,40
3368,54
3369,54
3370,13
3370,66
3371,25
3372,25
3373,25
3373,54
3374,56
3375,8
3375,56
3376,25
3376,54
3377,54
3378,25
3378,54
3379,25
3379,54
3379,56
3379,66
3380,8
3380,12
3380,54
3381,25
3381,54
3382,36
3382,54
3383,28
3383,48
3384,8
3384,36
3384,54
3385,64
3385,65
3386,54
3387,36
3387,54
3388,25
3388,26
3388,54
3388,61
3389,54
3390,1
3390,5
3390,54
3391,1
3391,17
3391,36
3392,54
3393,54
3394,28
3394,66
3395,54
3396,28
3397,56
3398,54
3399,54
3400,54
3401,54
3402,54
3403,54
3404,54
3404,56
3405,28
3406,54
3406,66
3407,25
3408,54
3409,56
3410,54
3411,25
3411,54
3411,56
3412,54
3413,54
3414,28
3415,26
3415,27
3415,30
3415,61
3415,66
3416,36
3416,54
3416,56
3417,54
3418,54
3419,54
3420,54
3421,54
3422,42
3422,54
3423,36
3424,25
3424,36
3424,54
3424,56
3425,32
3425,66
3426,36
3427,25
3427,54
3427,66
3428,54
3429,54
3430,36
3430,54
3431,54
3432,54
3433,54
3434,54
3435,7
3435,8
3435,54
3436,36
3436,54
3437,54
3438,54
3439,26
3439,60
3439,66
3440,54
3441,56
3441,59
3442,36
3442,54
3442,56
3443,36
3444,36
3444,54
3445,54
3446,27
3447,54
3448,25
3448,54
3449,25
3449,26
3450,56
3451,54
3452,54
3453,54
3454,25
3454,54
3455,36
3456,54
3457,25
3458,54
3459,25
3459,54
3460,54
3461,54
3462,25
3462,54
3463,54
3464,8
3464,36
3464,54
3465,25
3465,54
3466,36
3467,54
3468,54
3469,19
3469,26
3469,54
3469,61
3470,1
3470,56
3471,28
3471,54
3472,25
3472,26
3472,28
3472,54
3473,54
3474,28
3475,54
3476,26
3476,27
3476,61
3476,66
3477,36
3477,54
3478,54
3479,25
3479,54
3480,36
3481,25
3481,54
3482,54
3483,8
3483,56
3484,25
3485,54
3486,19
3486,27
3486,37
3486,61
3487,8
3487,56
3488,54
3489,54
3490,54
3491,54
3492,56
3493,54
3494,25
3494,26
3495,54
3496,36
3496,41
3497,54
3497,56
3497,66
3498,54
3499,54
3500,54
3501,25
3501,26
3502,8
3502,56
3503,54
3504,54
3505,60
3505,66
3506,66
3507,54
3508,54
3509,54
3509,56
3510,25
3510,54
3511,66
3512,25
3512,54
3513,54
3514,25
3514,26
3514,54
3514,61
3515,54
3516,25
3516,26
3516,54
3516,61
3517,36
3518,54
3519,54
3520,25
3520,36
3521,56
3522,8
3522,56
3523,7
3523,8
3523,54
3523,56
3524,54
3525,54
3526,54
3526,66
3527,36
3527,58
3527,66
3528,54
3529,36
3530,25
3530,26
3531,54
3532,28
3533,28
3533,36
3533,54
3534,54
3535,54
3536,11
3536,32
3536,66
3537,54
3538,54
3539,25
3539,54
3540,54
3541,28
3542,54
3543,25
3543,54
3544,54
3545,54
3546,54
3547,7
3547,8
3547,36
3547,56
3548,36
3548,54
3549,54
3550,54
3551,8
3551,54
3552,66
3553,13
3553,40
3553,66
3554,25
3554,26
3554,30
3554,54
3554,60
3554,61
3554,66
3555,28
3555,54
3555,66
3556,25
3556,54
3557,54
3558,54
3559,36
3560,25
3561,56
3562,54
3563,8
3563,54
3563,56
3563,59
3564,54
3565,25
3565,36
3565,54
3565,56
3566,66
3567,54
3568,54
3569,26
3569,54
3570,25
3570,54
3571,54
3572,36
3572,54
3573,25
3573,54
3574,26
3574,66
3575,54
3576,28
3577,26
3577,66
3578,27
3578,66
3579,54
3580,54
3581,36
3581,54
3582,54
3583,8
3583,12
3583,54
3584,54
3585,11
3585,25
3585,54
3586,54
3587,54
3588,28
3589,54
3590,56
3591,25
3591,26
3591,54
3591,61
3592,2
3592,7
3592,8
3592,36
3593,54
3594,54
3595,8
3595,54
3596,54
3597,25
3597,54
3597,66
3598,56
3599,36
3599,54
3600,54
3601,27
3601,28
3601,54
3602,54
3603,26
3603,61
3603,66
3604,54
3605,54
3605,61
3606,7
3606,25
3606,36
3606,54
3606,56
3607,36
3607,44
3607,54
3608,54
3609,54
3610,8
3610,25
3610,54
3611,54
3612,54
3613,25
3613,26
3613,54
3613,61
3614,54
3614,58
3615,54
3616,8
3616,25
3616,54
3617,40
3617,54
3618,54
3619,25
3619,54
3620,36
3620,54
3621,54
3622,54
3623,54
3624,27
3625,54
3626,54
3627,56
3628,36
3628,54
3629,8
3629,27
3630,10
3630,36
3630,56
3630,58
3631,54
3632,25
3633,8
3633,25
3634,25
3635,54
3636,25
3636,26
3636,54
3637,13
3637,28
3637,66
3638,54
3639,25
3639,54
3640,8
3640,54
3641,25
3642,25
3642,28
3642,48
3642,54
3643,54
3644,54
3645,54
3646,8
3646,56
3647,12
3647,54
3648,54
3649,54
3650,25
3650,54
3651,36
3651,54
3652,54
3653,54
3654,54
3655,54
3656,54
3657,54
3658,54
3659,66
3660,60
3660,66
3661,56
3662,36
3662,54
3663,25
3663,54
3664,54
3664,56
3665,56
3666,36
3666,54
3667,25
3667,54
3667,56
3668,8
3668,54
3669,27
3669,28
3669,66
3670,25
3670,36
3671,54
3672,25
3673,56
3674,26
3674,27
3674,54
3674,60
3675,19
3675,30
3675,37
3675,54
3675,61
3676,54
3677,10
3677,54
3678,25
3678,26
3678,54
3678,61
3679,54
3680,54
3681,54
3682,54
3683,54
3684,56
3685,54
3685,56
3686,54
3687,8
3687,56
3688,54
3689,25
3689,54
3689,66
3690,54
3691,25
3691,54
3692,66
3693,40
3693,54
3694,66
3695,54
3696,54
3697,54
3697,56
3698,54
3699,54
3700,56
3701,54
3702,64
3702,65
3703,8
3703,54
3704,54
3705,25
3705,54
3706,54
3707,54
3708,66
3709,36
3710,40
3710,54
3711,54
3712,54
3713,25
3714,25
3714,54
3715,54
3716,54
3717,25
3717,54
3718,28
3719,54
3720,25
3720,26
3720,61
3721,54
3722,56
3723,2
3723,13
3723,28
3723,66
3724,25
3724,26
3724,54
3724,60
3724,66
3725,54
3726,8
3726,36
3727,25
3727,66
3728,54
3729,54
3730,54
3731,25
3731,36
3731,54
3732,25
3732,26
3732,30
3732,54
3733,66
3734,54
3735,8
3735,54
3736,7
3736,36
3736,49
3736,54
3736,61
3737,54
3738,7
3738,8
3738,54
3738,56
3739,54
3740,54
3741,25
3741,54
3741,61
3742,25
3742,54
3743,56
3744,8
3744,36
3744,54
3744,56
3745,54
3746,54
3747,54
3748,54
3749,66
3750,8
3750,56
3751,10
3751,25
3751,54
3752,25
3752,54
3753,25
3753,26
3754,36
3755,28
3755,54
3755,56
3756,8
3756,25
3756,54
3756,56
3757,54
3758,56
3759,60
3759,65
3760,54
3761,1
3761,17
3761,41
3761,54
3762,12
3762,28
3762,66
3763,19
3763,27
3763,61
3764,25
3764,54
3765,13
3765,27
3765,28
3765,61
3765,66
3766,25
3767,54
3768,54
3769,54
3770,8
3770,12
3770,25
3770,54
3771,54
3772,25
3773,54
3774,54
3775,25
3775,40
3775,48
3775,54
3775,58
3776,54
3777,54
3778,40
3778,54
3779,25
3779,54
3780,54
3780,61
3781,54
3782,25
3782,54
3783,8
3783,56
3784,54
3785,12
3785,56
3786,54
3786,61
3787,54
3788,54
3789,54
3790,54
3791,54
3792,54
3793,54
3794,25
3794,54
3795,54
3796,7
3796,9
3796,18
3796,44
3796,49
3796,54
3797,54
3798,54
3799,54
3800,28
3801,54
3802,54
3803,26
3803,54
3804,8
3804,25
3804,54
3804,56
3805,11
3805,28
3806,54
3806,66
3807,19
3807,54
3807,61
3808,25
3808,26
3809,25
3809,26
3809,54
3809,61
3810,54
3811,16
3811,54
3812,54
3813,56
3814,2
3814,17
3814,43
3814,66
3815,54
3816,66
3817,8
3817,56
3818,25
3818,54
3819,54
3820,54
3821,8
3821,54
3821,56
3822,25
3823,54
3824,26
3824,54
3824,61
3825,8
3825,36
3825,54
3825,56
3826,25
3826,54
3827,54
3828,54
3829,54
3830,25
3830,54
3831,11
3831,30
3831,61
3831,66
3832,25
3833,28
3834,13
3834,25
3834,54
3835,56
3836,54
3837,25
3837,40
3837,54
3838,25
3838,54
3839,36
3839,54
3840,25
3840,54
3841,29
3841,54
3842,3
3842,13
3842,43
3842,66
3843,25
3843,26
3844,54
3845,54
3846,25
3846,26
3847,12
3847,54
3848,54
3849,25
3849,26
3849,54
3849,61
3850,36
3851,54
3852,54
3853,7
3853,8
3853,54
3853,56
3854,36
3854,54
3855,25
3855,44
3855,54
3855,56
3856,54
3857,25
3858,54
3859,28
3860,54
3861,54
3862,28
3863,54
3864,30
3864,60
3864,61
3864,66
3865,25
3865,48
3866,25
3867,54
3867,66
3868,54
3869,36
3869,54
3869,56
3870,25
3870,26
3870,54
3871,54
3872,25
3872,54
3873,54
3874,54
3875,54
3875,58
3875,66
3876,28
3877,64
3877,65
3878,54
3879,54
3880,54
3881,25
3881,26
3882,54
3883,36
3883,54
3884,36
3884,54
3885,25
3885,26
3886,30
3886,61
3886,66
3887,64
3887,65
3888,8
3888,12
3888,54
3888,56
3889,25
3889,54
3889,61
3889,63
3889,66
3890,56
3891,36
3891,54
3892,7
3892,8
3892,10
3892,25
3893,12
3893,54
3893,63
3894,25
3894,54
3895,54
3896,8
3896,54
3896,56
3897,25
3897,54
3898,25
3899,54
3900,19
3900,30
3900,37
3900,54
3900,61
3901,54
3902,54
3903,54
3904,25
3904,54
3905,36
3906,25
3906,54
3907,36
3907,54
3908,7
3908,54
3909,25
3910,54
3911,54
3912,54
3913,36
3913,54
3914,54
3915,54
3916,28
3917,1
3917,54
3918,25
3918,54
3919,54
3920,54
3921,25
3921,26
3921,54
3921,61
3922,54
3923,25
3923,54
3924,54
3925,54
3926,25
3926,54
3927,25
3927,54
3928,25
3929,26
3929,27
3929,66
3930,54
3931,25
3932,54
3933,25
3933,26
3933,54
3933,61
3934,54
3935,25
3936,54
3936,61
3937,36
3937,41
3937,54
3938,25
3938,54
3939,54
3940,28
3940,54
3940,66
3941,54
3942,8
3942,54
3943,13
3943,25
3943,54
3944,54
3945,54
3946,54
3947,54
3948,56
3948,60
3949,36
3949,54
3950,56
3951,54
3952,54
3953,54
3954,66
3955,54
3956,54
3957,8
3957,25
3957,54
3957,56
3958,25
3958,26
3959,54
3960,54
3961,36
3962,25
3963,54
3964,1
3964,9
3964,16
3964,17
3964,44
3964,66
3965,54
3966,25
3966,54
3967,25
3967,54
3968,25
3968,54
3969,28
3970,54
3971,25
3971,48
3971,54
3972,8
3972,56
3973,54
3974,40
3974,54
3975,54
3976,54
3977,54
3978,8
3978,54
3979,25
3979,36
3979,54
3980,8
3980,12
3980,54
3981,54
3982,54
3983,8
3983,54
3984,1
3984,17
3984,66
3985,12
3985,54
3986,25
3986,26
3987,36
3987,54
3988,54
3989,54
3990,54
3991,56
3992,8
3992,36
3992,54
3993,25
3993,26
3994,36
3995,54
3996,56
3997,56
3998,54
3999,25
3999,54
4000,25
4000,54
4001,56
4002,54
4003,54
4004,7
4004,8
4004,10
4004,56
4005,54
4006,13
4006,28
4007,54
4008,1
4008,40
4008,56
4009,54
4010,25
4010,36
4010,54
4011,54
4012,54
4013,54
4014,54
4015,54
4016,54
4017,56
4018,7
4018,8
4018,54
4019,54
4020,13
4020,27
4020,66
4021,25
4021,54
4022,54
4023,56
4024,54
4025,56
4025,66
4026,54
4027,13
4027,27
4027,66
4028,25
4028,54
4029,25
4029,54
4030,25
4031,40
4031,54
4032,36
4032,54
4033,13
4033,25
4033,54
4034,54
4035,54
4036,60
4036,66
4037,28
4037,66
4038,54
4039,54
4040,28
4041,36
4041,54
4042,54
4043,54
4044,12
4044,54
4045,54
4046,54
4047,16
4047,40
4047,66
4048,54
4049,36
4049,54
4050,26
4050,27
4050,54
4050,61
4051,54
4052,36
4052,54
4053,8
4053,56
4054,25
4054,54
4055,54
4056,8
4056,56
4057,54
4058,8
4058,56
4059,54
4060,8
4060,54
4060,56
4061,54
4061,56
4062,25
4062,54
4063,2
4063,13
4063,66
4064,36
4065,8
4065,56
4066,54
4066,56
4067,54
4068,54
4069,54
4070,54
4071,54
4072,19
4072,26
4072,61
4072,66
4073,28
4074,54
4075,25
4075,54
4076,48
4076,66
4077,54
4077,56
4078,13
4078,28
4079,7
4079,8
4079,36
4079,54
4079,56
4080,54
4081,54
4082,54
4082,56
4082,58
4083,25
4084,54
4085,8
4085,25
4085,54
4085,56
4086,28
4087,19
4087,26
4087,61
4087,66
4088,66
4089,66
4090,54
4091,54
4092,54
4093,28
4094,41
4094,54
4095,8
4095,25
4095,36
4096,54
4097,25
4097,54
4098,54
4099,54
4100,54
4101,27
4101,61
4101,66
4102,25
4102,26
4102,27
4102,54
4103,8
4103,54
4103,56
4104,54
4104,56
4105,8
4105,25
4105,54
4106,27
4106,66
4107,54
4108,54
4109,54
4110,36
4110,54
4111,25
4112,54
4113,54
4114,54
4115,54
4116,54
4117,25
4117,54
4118,54
4119,28
4120,54
4121,54
4122,25
4122,61
4122,66
4123,8
4123,54
4124,25
4124,54
4125,25
4126,54
4127,8
4127,54
4128,25
4128,26
4129,43
4129,64
4129,65
4130,54
4130,56
4131,25
4131,54
4132,36
4133,54
4134,26
4134,66
4135,36
4135,40
4136,36
4137,3
4137,27
4137,43
4137,66
4138,7
4138,8
4138,10
4138,54
4138,56
4139,54
4140,2
4140,26
4140,27
4140,66
4141,36
4141,54
4142,25
4143,12
4143,56
4144,25
4144,54
4144,61
4145,54
4146,54
4147,54
4148,25
4148,54
4149,8
4149,36
4149,54
4150,56
4151,54
4152,36
4152,54
4153,27
4154,54
4155,11
4155,16
4155,36
4155,54
4156,25
4156,48
4156,54
4156,58
4157,54
4158,25
4158,26
4159,25
4159,54
4160,8
4160,56
4161,28
4161,36
4161,54
4161,66
4162,54
4163,25
4163,36
4163,54
4163,56
4164,54
4165,54
4166,28
4166,54
4167,12
4167,54
4168,25
4169,25
4170,66
4171,54
4172,26
4172,54
4173,8
4173,54
4173,56
4174,54
4175,16
4175,36
4175,38
4175,54
4176,54
4177,54
4178,30
4178,54
4178,61
4178,66
4179,54
4180,25
4181,54
4182,3
4182,27
4182,66
4183,54
4184,54
4185,8
4185,36
4185,54
4186,54
4187,54
4188,54
4189,54
4190,25
4190,54
4191,54
4192,54
4193,54
4194,54
4195,25
4195,54
4196,26
4196,66
4197,54
4198,54
4199,66
4200,54
4201,54
4202,54
4203,56
4204,54
4205,54
4206,7
4206,25
4206,36
4206,54
4206,56
4207,27
4208,25
4208,26
4209,54
4209,63
4210,11
4210,28
4211,25
4211,54
4212,28
4213,54
4214,8
4214,25
4214,54
4215,13
4215,25
4215,54
4216,27
4216,28
4216,66
4217,25
4217,28
4217,48
4217,54
4217,58
4218,54
4219,54
4220,54
4221,2
4221,54
4222,13
4222,25
4222,27
4222,66
4223,8
4223,36
4224,66
4225,54
4226,19
4226,25
4227,25
4227,54
4228,54
4228,56
4229,54
4230,36
4230,54
4231,28
4231,36
4231,56
4231,66
4232,28
4233,36
4234,13
4234,28
4235,54
4236,54
4237,27
4238,54
4239,54
4240,25
4240,54
4241,36
4241,54
4241,61
4242,8
4242,54
4243,54
4244,54
4244,57
4244,59
4245,25
4246,54
4247,19
4247,25
4247,61
4248,54
4249,8
4249,18
4249,56
4250,36
4250,54
4251,25
4252,28
4253,13
4253,25
4254,54
4255,36
4256,8
4256,56
4257,25
4258,25
4259,25
4259,54
4260,2
4260,54
4260,64
4261,54
4261,56
4262,54
4263,28
4264,54
4265,13
4265,54
4266,36
4267,25
4267,54
4268,25
4268,36
4268,54
4269,25
4269,54
4270,8
4270,54
4271,25
4271,54
4272,12
4272,25
4272,44
4272,54
4272,56
4273,54
4274,54
4275,54
4276,25
4276,40
4276,54
4277,25
4277,54
4278,54
4278,60
4279,27
4280,54
4281,36
4281,54
4282,54
4283,54
4284,54
4285,56
4286,54
4287,54
4288,25
4289,54
4290,54
4291,54
4292,28
4293,54
4294,36
4294,54
4295,25
4295,54
4296,54
4297,25
4297,36
4297,54
4298,28
4299,54
4300,28
4300,48
4301,54
4302,8
4302,56
4303,25
4303,54
4304,25
4304,48
4304,54
4304,58
4305,25
4305,66
4306,25
4306,26
4306,54
4306,61
4307,16
4307,54
4308,36
4309,1
4309,66
4310,36
4311,54
4312,54
4313,54
4313,63
4314,54
4315,54
4316,54
4317,54
4318,36
4319,25
4320,40
4320,54
4321,27
4321,66
4322,28
4323,54
4324,7
4324,25
4324,54
4325,54
4326,28
4326,66
4327,28
4327,66
4328,54
4329,54
4330,19
4330,26
4330,66
4331,8
4331,54
4332,54
4333,54
4334,25
4334,54
4335,54
4336,54
4337,3
4337,26
4337,61
4337,66
4338,54
4339,25
4339,54
4340,54
4341,36
4341,54
4342,8
4342,36
4342,54
4343,25
4343,36
4343,54
4344,25
4344,36
4344,54
4344,56
4345,54
4346,25
4346,36
4346,54
4347,25
4348,54
4349,25
4349,48
4349,54
4350,8
4350,54
4351,54
4352,25
4352,54
4353,25
4353,26
4354,8
4354,54
4355,54
4356,54
4357,19
4357,54
4357,61
4358,25
4358,54
4359,25
4359,26
4359,27
4359,61
4360,11
4360,28
4361,25
4361,54
4362,8
4362,25
4362,36
4362,54
4362,56
4363,25
4363,54
4363,56
4364,25
4364,54
4365,54
4366,54
4367,3
4367,43
4367,66
4368,13
4368,25
4368,54
4368,58
4369,25
4369,54
4370,54
4371,27
4371,66
4372,54
4373,8
4373,56
4374,12
4374,58
4374,66
4375,54
4376,56
4377,25
4377,26
4377,61
4378,54
4379,54
4380,54
4381,25
4382,54
4383,54
4384,54
4384,56
4385,16
4385,56
4386,13
4386,28
4387,25
4387,28
4387,54
4388,54
4389,54
4390,54
4391,29
4391,36
4391,40
4392,10
4392,54
4392,56
4393,54
4394,54
4395,54
4396,25
4396,26
4396,54
4396,56
4396,61
4397,54
4398,25
4399,16
4399,18
4399,36
4400,54
4401,2
4401,13
4401,17
4401,54
4401,66
4402,54
4403,54
4404,25
4404,54
4404,66
4405,54
4406,54
4407,25
4407,26
4407,27
4407,30
4407,40
4407,43
4407,52
4407,61
4407,66
4408,54
4409,25
4409,26
4409,54
4409,61
4410,36
4410,54
4410,56
4411,40
4411,54
4412,28
4413,13
4413,25
4413,54
4414,28
4414,66
4415,12
4415,54
4416,25
4416,54
4417,54
4418,25
4418,54
4419,40
4419,54
4420,54
4421,66
4422,8
4422,56
4423,54
4424,54
4425,25
4425,26
4426,25
4426,54
4427,54
4428,8
4428,25
4428,54
4428,56
4429,54
4430,11
4430,25
4430,54
4431,27
4431,28
4431,54
4431,66
4432,25
4433,54
4434,8
4434,54
4434,56
4435,25
4435,26
4435,54
4435,61
4436,25
4436,36
4436,54
4437,28
4438,54
4439,25
4440,54
4441,54
4442,54
4442,56
4443,56
4444,8
4444,25
4444,54
4445,25
4445,56
4445,66
4446,54
4447,54
4447,61
4448,25
4448,36
4449,54
4450,54
4450,56
4451,54
4452,8
4452,56
4453,40
4453,56
4454,54
4455,25
4455,54
4456,54
4457,54
4458,44
4458,54
4459,54
4460,27
4460,54
4461,54
4462,54
4463,25
4463,26
4464,54
4465,6
4465,27
4465,58
4465,66
4466,28
4466,54
4466,56
4467,54
4468,54
4469,25
4469,40
4469,54
4470,54
4471,54
4472,56
4473,54
4474,26
4474,36
4474,54
4474,61
4475,25
4475,54
4476,54
4477,19
4477,26
4477,30
4477,31
4477,37
4477,54
4477,61
4478,8
4478,56
4479,54
4480,56
4481,54
4482,54
4483,8
4483,56
4484,54
4485,25
4486,54
4487,54
4488,27
4488,54
4488,66
4489,54
4490,11
4490,28
4490,54
4490,66
4491,54
4492,56
4493,36
4494,54
4495,8
4495,56
4496,40
4496,54
4497,36
4497,54
4498,13
4498,28
4499,36
4499,54
4500,54
4501,54
4502,54
4503,54
4504,54
4505,54
4506,40
4506,54
4507,36
4507,54
4508,28
4509,54
4510,28
4511,54
4512,54
4513,54
4514,25
4514,36
4514,54
4515,36
4516,54
4517,54
4518,54
4519,25
4519,54
4520,54
4521,54
4522,54
4523,25
4523,26
4523,61
4524,54
4525,8
4525,54
4526,27
4526,61
4527,1
4527,56
4528,54
4529,8
4529,54
4529,56
4530,25
4530,26
4531,1
4531,40
4531,56
4532,54
4533,25
4533,26
4534,36
4534,54
4534,56
4535,54
4536,54
4537,54
4538,27
4538,66
4539,36
4540,25
4540,54
4541,54
4542,25
4543,25
4543,54
4544,25
4544,26
4544,54
4544,61
4545,10
4545,12
4545,54
4546,8
4546,56
4547,8
4547,54
4548,54
4549,25
4549,26
4549,61
4550,1
4550,54
4551,25
4551,26
4552,54
4553,54
4554,28
4555,54
4556,54
4557,54
4558,26
4558,61
4558,66
4559,40
4559,54
4560,54
4561,25
4561,54
4562,54
4563,28
4563,54
4564,36
4564,54
4565,54
4566,54
4567,54
4568,54
4569,54
4569,66
4570,54
4571,54
4572,54
4573,36
4574,54
4575,25
4576,25
4576,54
4577,11
4577,54
4578,25
4578,54
4579,42
4579,54
4580,1
4580,54
4581,54
4582,25
4582,26
4582,27
4582,66
4583,54
4584,54
4585,54
4586,36
4586,54
4587,12
4587,36
4588,54
4589,54
4590,54
4591,54
4592,25
4592,40
4592,54
4593,25
4593,54
4594,54
4595,44
4595,54
4595,59
4596,12
4596,58
4596,66
4597,54
4598,54
4599,54
4600,12
4600,54
4601,25
4602,54
4603,8
4603,54
4604,54
4605,54
4606,8
4606,10
4606,54
4606,65
4607,28
4608,36
4609,3
4609,8
4609,13
4609,27
4609,48
4609,54
4609,61
4609,64
4610,54
4611,54
4612,54
4613,54
4614,8
4614,25
4614,36
4614,54
4615,54
4616,54
4617,56
4618,54
4619,25
4619,54
4620,54
4621,54
4622,54
4623,54
4624,54
4625,17
4625,66
4626,54
4627,54
4628,25
4628,26
4628,54
4628,61
4629,7
4629,54
4630,56
4631,54
4632,54
4633,25
4633,54
4634,25
4634,26
4634,54
4635,54
4636,54
4637,54
4638,7
4638,25
4639,36
4640,54
4641,54
4642,25
4642,54
4643,36
4643,54
4644,36
4645,25
4645,54
4646,25
4647,8
4647,25
4647,54
4648,54
4649,8
4649,54
4649,56
4650,11
4650,25
4651,54
4652,36
4652,54
4653,54
4654,28
4654,61
4655,25
4655,54
4656,54
4657,54
4658,36
4658,41
4658,54
4659,54
4660,25
4660,54
4661,7
4661,25
4661,54
4662,54
4663,56
4664,54
4665,54
4665,61
4666,8
4666,54
4667,25
4667,36
4667,54
4668,5
4668,7
4668,8
4668,44
4668,54
4669,54
4670,1
4670,7
4670,8
4670,36
4670,49
4671,54
4672,25
4672,54
4672,66
4673,54
4674,54
4675,66
4676,25
4676,56
4677,36
4678,54
4679,8
4679,54
4680,54
4681,40
4681,54
4682,25
4682,54
4682,66
4683,36
4684,54
4685,66
4686,25
4686,41
4686,54
4687,36
4688,54
4689,25
4689,27
4690,19
4690,54
4691,8
4691,10
4691,56
4692,54
4693,8
4693,54
4694,25
4694,36
4694,54
4695,40
4695,54
4696,25
4696,54
4697,54
4698,54
4699,25
4699,48
4699,54
4699,58
4700,54
4701,54
4702,25
4702,61
4703,54
4704,25
4704,26
4704,54
4704,60
4704,61
4705,13
4705,40
4705,66
4706,28
4707,25
4707,27
4707,54
4708,54
4708,61
4709,36
4709,54
4710,54
4710,56
4711,13
4711,66
4712,13
4712,28
4713,25
4713,36
4713,54
4714,36
4714,54
4715,28
4715,43
4716,8
4716,36
4716,54
4717,13
4717,23
4717,28
4717,66
4718,56
4719,25
4719,52
4719,54
4719,66
4720,66
4721,54
4721,56
4722,54
4723,54
4724,25
4725,54
4726,54
4726,56
4727,7
4727,36
4728,36
4728,58
4728,66
4729,19
4729,26
4729,66
4730,36
4730,54
4731,54
4732,54
4732,66
4733,8
4733,56
4734,8
4734,36
4735,26
4735,54
4735,61
4736,54
4737,54
4738,54
4739,26
4739,61
4739,66
4740,25
4740,54
4741,36
4742,66
4743,54
4744,54
4745,3
4745,43
4745,66
4746,8
4746,54
4747,54
4748,54
4748,61
4749,11
4749,13
4749,27
4749,28
4749,61
4749,66
4750,54
4751,56
4752,8
4752,56
4753,25
4753,54
4753,56
4754,25
4754,54
4755,36
4755,54
4756,8
4756,36
4756,53
4756,56
4757,54
4758,8
4758,12
4758,25
4758,54
4758,56
4759,13
4759,28
4759,54
4760,54
4761,8
4761,36
4761,54
4762,54
4763,54
4764,8
4764,12
4764,25
4764,36
4764,54
4765,54
4766,54
4767,54
4768,54
4769,54
4770,1
4770,40
4770,56
4771,54
4772,54
4773,27
4773,28
4774,36
4774,54
4775,25
4775,36
4775,54
4776,54
4777,28
4777,54
4778,25
4778,54
4779,54
4780,7
4780,54
4781,1
4781,8
4781,25
4781,54
4782,54
4783,28
4783,66
4784,12
4784,54
4785,56
4786,54
4787,54
4788,25
4788,54
4789,8
4789,27
4789,54
4790,36
4791,28
4792,54
4793,54
4794,25
4794,54
4795,25
4795,54
4796,36
4796,54
4797,54
4798,28
4799,54
4800,54
4801,54
4802,54
4803,25
4803,43
4803,54
4803,66
4804,54
4805,54
4806,11
4806,13
4806,27
4806,28
4807,54
4808,66
4809,54
4810,40
4810,54
4811,54
4812,8
4812,54
4813,25
4813,36
4813,54
4813,56
4814,54
4815,54
4816,8
4816,54
4817,25
4817,54
4817,58
4818,56
4819,25
4819,54
4820,8
4820,54
4821,25
4821,54
4822,54
4823,66
4824,54
4825,36
4825,54
4826,54
4827,40
4827,54
4827,63
4828,28
4829,25
4829,54
4830,54
4831,25
4831,54
4832,54
4833,25
4833,26
4834,19
4834,30
4834,31
4834,37
4834,54
4834,61
4835,28
4835,48
4835,58
4836,54
4836,63
4837,54
4838,36
4838,56
4839,25
4839,54
4840,36
4840,56
4841,8
4841,56
4842,54
4843,66
4844,54
4845,54
4846,54
4847,54
4848,54
4849,25
4849,26
4850,25
4850,36
4850,54
4851,60
4851,66
4852,25
4852,54
4852,66
4853,54
4854,56
4855,25
4856,54
4857,54
4858,19
4858,26
4858,54
4858,61
4859,25
4859,36
4859,54
4859,56
4860,54
4861,3
4861,8
4861,13
4861,26
4861,27
4861,48
4861,54
4861,61
4861,64
4862,54
4863,54
4864,54
4865,26
4865,36
4865,58
4865,66
4866,54
4867,8
4867,54
4868,54
4869,54
4870,54
4871,28
4871,40
4871,66
4872,54
4873,54
4873,66
4874,8
4874,54
4874,56
4875,54
4876,25
4876,26
4877,25
4877,26
4878,54
4879,54
4880,3
4880,43
4880,66
4881,54
4882,36
4882,54
4882,56
4883,54
4884,54
4885,56
4886,28
4887,54
4888,25
4888,54
4889,12
4889,58
4889,66
4890,54
4891,12
4891,54
4892,54
4893,54
4894,54
4895,54
4896,36
4897,54
4898,13
4898,27
4898,43
4898,66
4899,54
4900,54
4901,54
4902,8
4902,54
4902,56
4903,26
4903,54
4904,54
4905,25
4905,54
4905,56
4906,25
4906,26
4907,54
4908,25
4908,26
4908,54
4909,54
4910,54
4911,3
4911,8
4911,13
4911,26
4911,27
4911,48
4911,54
4911,61
4911,64
4912,54
4913,54
4914,54
4915,25
4915,54
4916,54
4917,54
4918,54
4919,66
4920,25
4920,36
4920,54
4921,54
4921,56
4922,54
4923,40
4923,54
4924,25
4924,54
4925,26
4925,54
4925,61
4925,66
4926,56
4927,25
4927,54
4928,8
4928,54
4929,12
4929,54
4930,54
4931,54
4932,36
4932,54
4933,19
4933,26
4933,30
4933,61
4933,66
4934,36
4934,54
4935,54
4936,36
4937,28
4938,25
4938,54
4939,18
4939,54
4940,54
4941,26
4941,30
4941,61
4941,66
4942,54
4943,13
4943,27
4943,66
4944,54
4945,54
4946,54
4947,54
4948,54
4949,54
4950,54
4951,36
4951,54
4952,29
4952,36
4953,25
4953,54
4954,8
4954,56
4955,54
4956,25
4956,66
4957,36
4957,54
4958,39
4958,64
4958,65
4959,40
4959,54
4960,1
4960,54
4961,18
4961,54
4962,2
4962,13
4962,17
4962,66
4963,54
4964,54
4965,54
4965,61
4966,28
4967,54
4968,54
4969,54
4970,54
4971,54
4972,11
4972,28
4973,25
4973,54
4974,54
4975,8
4975,36
4975,54
4975,56
4976,25
4976,54
4977,54
4978,25
4978,41
4978,57
4978,59
4979,36
4979,54
4980,8
4980,54
4981,54
4982,54
4983,54
4984,25
4984,54
4985,54
4986,54
4987,12
4987,56
4988,54
4989,13
4989,25
4989,27
4989,61
4989,66
4990,25
4991,54
4992,25
4993,54
4994,25
4994,54
4995,56
4996,54
4997,8
4997,36
4998,40
4998,54
4999,8
4999,54
5000,54
5001,66
5002,36
5003,54
5004,54
5005,8
5005,54
5006,56
5007,25
5007,26
5008,54
5009,25
5009,54
5010,56
5011,2
5011,13
5011,66
5012,56
5013,54
5014,36
5014,54
5015,25
5016,25
5016,54
5017,25
5017,54
5018,8
5018,10
5018,54
5018,56
5019,25
5019,54
5020,40
5020,54
5021,6
5021,26
5021,54
5022,54
5023,54
5024,26
5024,54
5025,54
5026,54
5027,54
5028,27
5029,13
5029,54
5029,66
5030,54
5031,25
5032,25
5033,25
5033,26
5034,8
5034,56
5035,25
5035,54
5035,56
5036,25
5037,13
5037,25
5037,54
5038,25
5038,54
5039,1
5039,56
5040,54
5041,36
5041,54
5042,54
5043,54
5044,54
5045,54
5046,28
5047,66
5048,54
5049,54
5050,26
5050,54
5050,57
5050,66
5051,54
5052,28
5052,54
5053,28
5054,25
5054,26
5055,56
5056,54
5057,28
5057,48
5058,25
5058,54
5058,56
5059,56
5060,25
5061,36
5061,54
5062,25
5063,25
5063,36
5063,54
5064,56
5065,54
5066,36
5066,58
5067,54
5068,16
5068,24
5068,54
5068,56
5069,36
5069,40
5069,41
5069,54
5070,54
5071,54
5072,25
5073,54
5074,54
5075,40
5075,54
5076,54
5077,54
5078,54
5079,54
5080,54
5081,54
5082,25
5082,26
5082,54
5082,61
5083,28
5083,36
5083,56
5084,54
5085,25
5085,54
5086,54
5087,66
5088,54
5089,19
5089,26
5089,54
5089,61
5090,28
5090,56
5090,66
5091,27
5091,36
5092,54
5093,54
5094,54
5095,8
5095,56
5096,26
5096,54
5097,36
5097,54
5098,13
5098,25
5098,66
5099,36
5099,54
5099,56
5100,54
5101,36
5101,44
5102,8
5102,54
5102,61
5103,25
5103,54
5104,26
5104,30
5104,54
5104,61
5105,54
5106,54
5107,44
5107,54
5108,25
5108,54
5109,54
5110,56
5111,54
5112,54
5113,36
5113,54
5114,56
5115,54
5116,36
5116,54
5117,54
5118,54
5118,56
5119,58
5119,66
5120,54
5121,54
5122,25
5122,27
5123,54
5124,3
5124,8
5124,54
5125,25
5125,54
5126,25
5126,54
5127,54
5128,36
5128,54
5129,54
5130,36
5130,54
5131,25
5131,26
5131,54
5131,61
5132,54
5132,56
5132,61
5133,25
5134,28
5135,54
5136,54
5137,56
5138,54
5139,36
5139,54
5140,40
5140,54
5141,54
5141,56
5142,28
5143,36
5143,54
5143,56
5144,54
5145,37
5145,61
5145,66
5146,25
5146,36
5146,54
5147,8
5147,54
5148,28
5149,54
5150,25
5150,54
5151,1
5151,54
5152,54
5153,36
5153,54
5154,54
5155,8
5155,54
5155,56
5156,54
5157,40
5157,54
5158,28
5158,48
5159,54
5160,54
5161,54
5162,36
5163,54
5164,54
5165,54
5166,25
5166,26
5167,36
5168,36
5168,54
5169,41
5170,54
5171,36
5171,54
5172,54
5172,56
5173,49
5173,56
5174,6
5174,25
5174,54
5175,54
5176,54
5177,54
5178,8
5178,56
5179,40
5179,54
5179,63
5180,28
5181,8
5181,12
5181,36
5182,54
5183,54
5184,54
5185,54
5186,54
5187,54
5188,54
5189,54
5190,54
5191,54
5192,54
5193,8
5193,54
5193,56
5194,54
5195,25
5195,26
5196,54
5197,25
5197,26
5198,54
5199,54
5199,56
5200,54
5201,25
5202,25
5202,48
5202,54
5203,36
5203,66
5204,28
5204,48
5205,8
5205,36
5205,54
5206,54
5207,54
5208,54
5209,36
5210,25
5210,54
5211,25
5211,28
5211,54
5212,8
5212,56
5213,54
5214,54
5215,25
5215,54
5216,54
5217,25
5217,27
5218,54
5219,25
5219,54
5220,54
5221,25
5221,26
5221,54
5221,61
5222,28
5222,66
5223,54
5224,8
5224,54
5225,25
5225,26
5225,54
5225,61
5226,25
5227,65
5228,54
5229,54
5230,13
5230,25
5230,54
5231,54
5232,8
5232,36
5233,8
5233,40
5233,54
5234,12
5234,56
5234,63
5235,25
5236,25
5236,54
5236,58
5237,54
5238,54
5239,54
5240,66
5241,25
5241,54
5242,54
5243,25
5243,36
5243,43
5243,56
5243,66
5244,11
5244,54
5245,54
5245,56
5246,36
5247,16
5247,19
5247,27
5248,12
5248,56
5249,36
5250,54
5251,56
5252,54
5253,56
5254,54
5255,54
5256,25
5256,26
5257,36
5257,54
5258,36
5258,54
5259,8
5259,36
5260,40
5260,54
5261,7
5261,8
5261,54
5261,56
5262,25
5262,54
5263,8
5263,25
5263,54
5264,25
5264,54
5265,54
5266,28
5266,43
5266,66
5267,36
5267,54
5268,54
5269,25
5269,54
5270,26
5270,27
5270,61
5271,8
5271,54
5272,54
5273,8
5273,10
5273,54
5273,56
5274,13
5274,36
5274,66
5275,54
5276,54
5277,26
5277,27
5277,61
5278,54
5279,25
5279,54
5280,8
5280,25
5280,54
5280,56
5281,54
5282,54
5283,66
5284,8
5284,13
5284,54
5285,36
5285,58
5286,54
5286,66
5287,25
5287,54
5287,63
5288,54
5289,54
5290,25
5290,36
5290,54
5291,54
5292,54
5293,54
5294,8
5294,36
5294,54
5295,54
5296,25
5296,54
5297,7
5297,54
5297,56
5298,7
5298,8
5298,9
5298,10
5298,56
5299,25
5299,60
5299,66
5300,54
5301,54
5302,54
5303,54
5304,36
5305,54
5306,36
5306,43
5306,54
5307,54
5308,54
5309,25
5309,36
5309,54
5310,25
5310,40
5310,54
5311,11
5311,30
5311,66
5312,54
5313,11
5313,28
5314,54
5315,54
5316,36
5316,58
5317,8
5317,56
5318,54
5319,36
5319,54
5320,66
5321,64
5321,65
5322,54
5323,8
5323,54
5324,8
5324,36
5325,28
5326,54
5327,54
5328,54
5329,8
5329,56
5330,25
5330,54
5331,54
5332,36
5332,54
5333,54
5334,40
5334,54
5335,2
5335,8
5335,54
5335,56
5336,36
5336,54
5337,54
5338,54
5339,25
5339,48
5339,54
5340,54
5341,54
5342,64
5342,65
5343,54
5344,40
5344,54
5345,13
5345,60
5345,66
5346,66
5347,28
5348,28
5349,54
5350,36
5350,54
5351,54
5352,26
5352,27
5352,30
5352,61
5352,66
5353,54
5354,28
5355,54
5356,54
5357,36
5357,54
5358,54
5358,66
5359,25
5359,36
5359,41
5360,25
5361,8
5361,36
5361,56
5362,25
5362,54
5363,54
5364,54
5365,54
5366,56
5367,54
5368,54
5369,8
5369,54
5370,7
5370,54
5371,54
5372,54
5373,54
5374,36
5374,54
5375,54
5376,54
5377,54
5378,54
5379,25
5379,54
5380,25
5380,54
5381,56
5382,54
5383,54
5384,25
5384,36
5384,44
5384,54
5385,54
5386,54
5387,25
5388,54
5389,56
5390,27
5391,54
5392,25
5392,54
5393,28
5393,48
5393,61
5394,54
5395,25
5395,61
5396,26
5396,61
5396,66
5397,28
5398,54
5399,28
5399,66
5400,30
5400,43
5400,66
5401,54
5402,36
5402,54
5403,25
5403,66
5404,54
5405,8
5405,56
5406,25
5406,36
5406,54
5407,54
5408,54
5409,54
5410,36
5411,28
5412,27
5412,61
5413,54
5413,63
5414,54
5415,36
5415,54
5416,56
5417,25
5417,54
5417,66
5418,54
5419,54
5420,54
5421,25
5421,26
5422,8
5422,25
5423,66
5424,54
5425,54
5425,63
5426,54
5427,54
5428,54
5429,25
5429,26
5429,61
5430,25
5430,54
5431,56
5432,40
5432,54
5433,25
5433,36
5433,54
5434,40
5434,54
5435,54
5436,56
5437,25
5437,54
5438,54
5439,1
5439,54
5440,54
5441,25
5442,36
5442,54
5442,58
5442,66
5443,28
5443,66
5444,54
5445,66
5446,54
5447,36
5447,54
5448,54
5449,36
5449,40
5450,7
5450,8
5450,36
5450,56
5451,36
5451,40
5451,54
5451,58
5451,66
5452,54
5453,26
5453,30
5453,58
5453,61
5453,66
5454,36
5455,54
5456,28
5457,54
5458,8
5458,54
5459,54
5460,54
5461,56
5462,54
5463,54
5464,54
5465,26
5465,54
5466,25
5466,54
5467,26
5467,27
5467,30
5467,61
5467,66
5468,54
5469,54
5470,25
5470,54
5471,56
5472,54
5473,54
5474,19
5474,26
5474,40
5474,61
5474,66
5475,54
5476,54
5477,25
5477,54
5477,66
5478,8
5478,36
5478,54
5478,56
5479,8
5479,54
5480,64
5480,65
5481,54
5482,36
5482,54
5483,56
5484,54
5485,54
5486,54
5487,7
5487,8
5487,12
5487,25
5487,54
5487,56
5488,54
5489,54
5490,54
5491,26
5491,54
5492,54
5493,54
5494,25
5495,66
5496,11
5496,13
5496,25
5496,26
5496,28
5496,54
5497,11
5497,30
5497,66
5498,54
5499,25
5500,7
5500,8
5500,54
5501,13
5501,27
5501,36
5502,54
5503,25
5504,25
5504,26
5504,61
5505,54
5506,54
5507,54
5508,25
5508,54
5508,58
5509,25
5509,54
5510,25
5510,27
5510,54
5511,54
5512,54
5513,54
5514,66
5515,54
5516,54
5517,8
5517,56
5518,25
5518,26
5519,54
5520,54
5521,54
5522,54
5523,54
5523,56
5524,54
5525,25
5525,54
5526,27
5527,54
5528,54
5529,8
5529,54
5529,56
5530,54
5531,13
5531,28
5531,66
5532,54
5533,54
5534,8
5534,54
5535,54
5536,54
5537,56
5538,54
5539,54
5540,36
5541,25
5541,54
5542,54
5543,54
5544,54
5544,56
5545,54
5546,54
5547,12
5547,54
5548,12
5548,54
5549,54
5550,8
5550,54
5551,13
5551,28
5552,56
5553,8
5553,56
5554,25
5554,26
5555,54
5556,8
5556,56
5557,25
5558,54
5559,54
5560,36
5561,54
5562,54
5563,2
5563,54
5563,66
5564,36
5565,54
5566,54
5567,27
5567,66
5568,19
5568,26
5568,66
5569,8
5569,54
5570,28
5571,66
5572,25
5572,54
5573,54
5574,25
5575,28
5576,26
5576,58
5576,66
5577,54
5578,54
5579,56
5580,54
5581,66
5582,26
5582,27
5582,30
5582,61
5582,66
5583,54
5584,54
5585,28
5586,2
5586,7
5586,8
5586,36
5586,54
5587,40
5587,58
5587,66
5588,54
5588,56
5589,54
5590,25
5590,54
5591,25
5591,54
5592,54
5593,36
5593,54
5594,28
5595,54
5596,17
5596,28
5597,25
5597,54
5598,28
5599,36
5600,2
5600,8
5600,54
5601,19
5601,26
5601,64
5601,66
5602,54
5603,3
5603,54
5603,61
5604,54
5605,54
5606,25
5606,26
5607,54
5608,12
5608,54
5608,56
5609,18
5609,66
5610,8
5610,56
5611,28
5612,54
5613,25
5614,56
5615,54
5616,28
5617,28
5618,54
5619,56
5620,12
5620,58
5620,66
5621,54
5622,8
5622,10
5622,18
5622,56
5623,54
5624,54
5625,26
5625,36
5625,58
5625,66
5626,54
5627,13
5627,28
5627,66
5628,7
5628,25
5628,48
5628,54
5628,61
5629,54
5630,54
5631,54
5632,25
5632,54
5632,56
5633,54
5634,25
5634,26
5634,54
5634,61
5635,12
5635,53
5635,54
5635,59
5635,60
5635,63
5636,54
5637,66
5638,54
5639,25
5639,54
5640,54
5641,25
5641,54
5642,36
5642,54
5642,56
5643,54
5644,36
5644,54
5645,54
5646,54
5647,54
5648,65
5649,27
5649,66
5650,25
5650,26
5650,54
5650,61
5651,66
5652,54
5653,25
5653,54
5654,56
5655,54
5656,54
5657,17
5657,28
5657,66
5658,54
5658,56
5659,8
5659,54
5660,54
5661,40
5661,54
5662,54
5663,54
5664,25
5664,54
5665,54
5665,56
5666,54
5667,56
5668,8
5668,28
5668,54
5668,56
5668,60
5669,25
5669,54
5670,28
5671,5
5671,7
5671,8
5671,12
5671,56
5672,18
5672,66
5673,25
5673,54
5674,54
5675,54
5676,54
5677,54
5678,29
5678,40
5678,56
5679,28
5679,66
5680,54
5681,25
5681,54
5682,54
5683,54
5684,56
5685,66
5686,54
5687,54
5688,54
5689,54
5690,54
5691,36
5692,36
5692,54
5693,54
5694,54
5695,54
5696,7
5696,8
5696,54
5697,54
5698,25
5698,54
5699,56
5700,54
5700,63
5701,25
5701,54
5702,54
5703,26
5703,66
5704,54
5705,31
5705,61
5705,66
5706,54
5707,56
5708,7
5708,25
5708,26
5709,36
5709,54
5709,56
5710,28
5711,27
5711,28
5711,66
5712,54
5713,54
5714,25
5714,26
5714,54
5715,2
5715,17
5715,27
5715,60
5715,66
5716,17
5716,43
5716,66
5717,36
5717,54
5717,56
5718,40
5718,54
5719,54
5720,28
5721,54
5722,25
5723,54
5723,56
5724,54
5725,54
5726,36
5727,2
5727,66
5728,26
5728,60
5728,61
5728,66
5729,8
5729,56
5730,54
5731,28
5731,66
5732,54
5733,26
5733,54
5734,8
5734,12
5734,36
5735,28
5736,54
5737,25
5737,54
5738,54
5739,25
5739,54
5739,58
5740,40
5740,54
5741,36
5741,54
5742,25
5742,26
5742,61
5743,54
5744,2
5744,3
5744,13
5744,27
5744,54
5745,60
5745,65
5746,54
5746,66
5747,7
5747,36
5747,54
5747,56
5748,54
5749,54
5750,54
5751,54
5752,54
5753,8
5753,56
5754,8
5754,54
5755,25
5755,54
5755,56
5756,25
5757,11
5757,30
5757,66
5758,25
5758,54
5759,25
5759,54
5760,54
5761,54
5762,26
5762,54
5762,61
5763,25
5763,54
5764,28
5764,40
5765,54
5766,36
5766,54
5767,36
5767,54
5767,56
5768,54
5769,25
5770,25
5770,54
5771,8
5771,54
5771,56
5772,25
5773,40
5773,54
5773,59
5774,13
5774,54
5775,36
5775,54
5776,54
5777,25
5777,54
5778,27
5778,28
5778,54
5778,66
5779,11
5779,54
5780,54
5781,54
5782,54
5783,26
5783,27
5784,54
5785,54
5786,36
5786,54
5787,25
5787,26
5787,54
5787,66
5788,54
5789,54
5790,54
5791,54
5792,25
5792,54
5793,54
5793,61
5794,56
5795,54
5796,54
5797,54
5798,25
5799,8
5799,56
5800,56
5801,25
5801,54
5802,54
5803,25
5803,26
5803,54
5803,61
5804,54
5805,8
5805,25
5805,36
5805,54
5806,54
5807,54
5808,1
5808,54
5809,8
5809,54
5810,36
5810,54
5810,56
5811,1
5811,36
5811,54
5812,54
5813,54
5814,54
5815,25
5816,40
5816,54
5817,25
5817,54
5818,12
5818,54
5819,54
5820,25
5820,54
5821,54
5822,25
5822,26
5822,61
5823,54
5824,36
5824,54
5825,25
5825,26
5825,54
5825,61
5826,56
5827,8
5827,56
5828,25
5829,25
5829,54
5830,54
5831,54
5832,54
5833,25
5833,26
5833,61
5834,56
5835,54
5836,28
5837,36
5837,54
5838,25
5838,54
5839,25
5839,26
5839,61
5840,8
5840,54
5841,41
5842,54
5843,28
5844,28
5845,54
5846,54
5847,12
5847,54
5848,25
5848,54
5849,54
5850,54
5851,54
5852,54
5852,61
5853,8
5853,44
5853,54
5854,25
5854,26
5854,27
5854,54
5854,60
5855,28
5856,27
5856,66
5857,54
5858,54
5859,54
5860,28
5861,40
5861,54
5862,54
5863,54
5864,25
5864,54
5865,56
5866,54
5867,54
5868,36
5869,28
5870,54
5871,54
5872,54
5873,40
5873,54
5874,36
5875,54
5875,56
5876,54
5877,36
5877,54
5878,8
5878,54
5879,27
5879,66
5880,28
5880,54
5880,66
5881,54
5882,54
5883,5
5883,54
5884,66
5885,54
5886,54
5887,66
5888,25
5888,54
5888,66
5889,25
5889,54
5890,25
5890,54
5891,56
5892,27
5893,51
5893,66
5894,54
5895,54
5896,25
5896,26
5896,54
5897,54
5898,36
5899,54
5900,28
5901,54
5902,66
5903,25
5903,48
5903,54
5904,25
5904,26
5905,54
5906,54
5907,12
5907,54
5908,54
5909,54
5910,58
5910,66
5911,54
5912,54
5913,54
5914,54
5915,54
5916,66
5917,11
5917,30
5917,61
5917,66
5918,54
5919,36
5919,54
5919,61
5919,66
5920,25
5920,54
5921,25
5921,54
5922,54
5923,54
5924,26
5924,61
5924,66
5925,54
5926,25
5926,54
5927,25
5927,54
5928,54
5929,28
5930,28
5930,61
5931,54
5932,2
5932,28
5933,54
5933,62
5934,54
5935,54
5936,7
5936,54
5937,54
5938,8
5938,56
5939,12
5939,25
5940,54
5941,8
5941,56
5942,28
5943,3
5943,27
5943,43
5943,66
5944,54
5945,54
5946,54
5947,54
5948,54
5949,25
5949,27
5949,66
5950,54
5951,25
5951,26
5951,54
5951,61
5952,7
5952,8
5952,10
5952,54
5953,25
5953,36
5953,54
5954,7
5954,8
5954,54
5955,56
5956,25
5957,54
5958,25
5958,54
5959,54
5960,54
5961,54
5961,58
5962,54
5963,56
5964,54
5965,25
5965,26
5965,54
5965,61
5965,66
5966,54
5967,25
5968,8
5968,54
5969,54
5970,8
5970,56
5971,25
5971,54
5972,54
5973,54
5974,54
5975,25
5975,54
5976,54
5977,26
5977,54
5978,1
5978,54
5978,64
5979,25
5979,54
5980,54
5981,54
5982,66
5983,25
5983,54
5984,54
5985,54
5986,54
5987,19
5987,26
5987,61
5987,66
5988,8
5988,18
5988,56
5988,65
5989,8
5989,36
5989,54
5989,56
5990,54
5991,8
5991,54
5992,60
5992,66
5993,54
5994,25
5994,26
5994,54
5995,56
5996,54
5997,8
5997,36
5997,54
5998,25
5998,54
5999,56
5999,64
6000,54
6001,18
6001,54
6002,54
6003,54
6004,54
6005,54
6006,36
6007,54
6008,54
6008,56
6009,27
6009,28
6009,66
6010,28
6011,12
6011,54
6012,54
6013,54
6014,54
6015,28
6016,66
6017,36
6017,54
6018,25
6018,36
6018,54
6019,25
6019,54
6020,13
6020,27
6020,66
6021,54
6022,54
6023,28
6024,25
6024,26
6024,61
6025,54
6026,54
6027,54
6028,25
6028,54
6028,58
6029,54
6030,36
6031,27
6031,36
6031,61
6032,8
6032,56
6033,8
6033,56
6034,28
6035,54
6036,54
6037,25
6037,36
6037,54
6038,7
6038,10
6038,51
6038,54
6038,56
6039,25
6039,26
6040,54
6041,54
6042,54
6043,12
6043,56
6044,11
6044,54
6045,54
6046,54
6047,25
6047,36
6047,54
6048,54
6049,28
6050,54
6051,28
6051,66
6052,54
6053,54
6054,54
6055,54
6056,28
6056,43
6057,54
6057,56
6058,54
6058,56
6059,54
6060,54
6061,54
6062,25
6062,54
6063,54
6064,56
6065,36
6065,54
6065,56
6066,56
6067,54
6068,54
6069,25
6070,54
6071,54
6072,54
6072,56
6073,54
6073,61
6074,11
6074,30
6074,61
6074,66
6075,54
6076,40
6076,54
6076,63
6077,54
6078,40
6078,54
6079,40
6079,56
6080,56
6081,54
6082,8
6082,56
6083,16
6083,25
6083,54
6084,54
6085,54
6086,54
6087,25
6087,54
6087,58
6088,25
6088,54
6089,58
6089,61
6089,66
6090,54
6091,3
6091,28
6091,54
6092,56
6093,56
6094,41
6094,54
6094,57
6095,8
6095,36
6095,54
6095,56
6096,54
6097,8
6097,54
6098,66
6099,8
6099,56
6100,56
6101,54
6102,54
6103,54
6104,54
6105,54
6105,56
6106,54
6107,25
6107,27
6107,54
6107,61
6108,28
6109,54
6110,25
6110,26
6111,2
6111,66
6112,36
6113,54
6114,54
6115,25
6115,58
6116,25
6116,54
6117,54
6118,56
6119,40
6119,54
6120,54
6121,12
6121,56
6122,25
6123,54
6124,25
6124,54
6125,54
6126,54
6127,25
6127,66
6128,12
6128,54
6129,25
6129,66
6130,54
6131,36
6131,54
6132,54
6133,25
6133,54
6134,25
6134,54
6135,25
6135,48
6135,54
6135,58
6136,54
6137,8
6137,56
6138,13
6138,28
6138,48
6139,54
6140,54
6141,54
6142,28
6143,25
6144,56
6145,11
6145,43
6145,66
6146,28
6146,66
6147,1
6147,2
6147,43
6147,66
6148,54
6149,54
6150,28
6151,28
6152,8
6152,56
6153,54
6154,54
6155,54
6156,25
6156,54
6156,58
6157,54
6158,54
6159,7
6159,8
6159,36
6159,56
6160,25
6160,54
6161,25
6162,54
6163,11
6163,25
6163,26
6164,54
6164,56
6165,25
6165,26
6166,54
6167,54
6168,54
6169,25
6169,28
6170,54
6171,11
6171,28
6172,40
6172,54
6173,54
6174,8
6174,54
6174,56
6175,54
6175,61
6176,25
6176,26
6176,54
6176,61
6177,8
6177,54
6178,54
6178,56
6179,54
6179,66
6180,54
6181,25
6182,13
6182,26
6182,27
6182,28
6182,66
6183,8
6183,25
6183,54
6183,56
6184,36
6184,54
6185,66
6186,36
6186,54
6187,25
6187,54
6187,58
6188,50
6188,58
6188,66
6189,54
6190,8
6190,56
6191,54
6192,54
6193,54
6194,25
6194,54
6195,54
6196,25
6196,54
6197,25
6197,26
6197,54
6198,25
6198,40
6198,54
6199,54
6200,54
6201,54
6202,54
6203,25
6204,54
6204,56
6205,54
6206,54
6207,3
6207,8
6207,13
6207,26
6207,27
6207,48
6207,54
6207,61
6207,64
6208,54
6209,54
6210,36
6210,54
6211,54
6212,25
6212,26
6212,61
6213,11
6213,13
6213,43
6213,66
6214,25
6214,26
6214,54
6215,28
6215,66
6216,54
6217,10
6217,28
6217,54
6218,54
6219,25
6219,26
6219,54
6219,61
6220,1
6220,54
6221,36
6222,66
6223,28
6223,66
6224,8
6224,54
6225,25
6225,54
6226,54
6227,54
6228,28
6229,25
6229,26
6230,25
6230,54
6231,54
6232,41
6232,54
6232,59
6232,63
6233,8
6233,56
6234,26
6234,66
6235,54
6236,25
6236,26
6237,25
6237,54
6238,54
6239,54
6240,54
6241,54
6242,54
6243,54
6244,36
6244,54
6245,8
6245,56
6246,54
6247,56
6248,36
6248,54
6249,54
6250,8
6250,25
6250,54
6250,56
6251,54
6251,56
6252,56
6253,54
6254,8
6254,56
6255,54
6256,25
6256,54
6257,25
6257,54
6258,8
6258,54
6259,25
6259,43
6259,54
6259,66
6260,36
6261,25
6261,40
6262,2
6262,13
6262,66
6263,54
6264,8
6264,56
6265,36
6266,54
6267,54
6268,60
6268,65
6269,54
6270,8
6270,25
6270,54
6271,28
6272,36
6273,25
6273,54
6274,66
6275,8
6275,56
6276,54
6277,54
6278,54
6279,54
6280,36
6281,54
6282,25
6282,28
6282,48
6282,54
6283,28
6284,54
6285,25
6285,26
6286,28
6287,54
6288,19
6288,66
6289,66
6290,66
6291,54
6292,25
6292,26
6293,54
6294,25
6294,27
6294,61
6295,54
6296,12
6296,54
6297,25
6297,54
6298,8
6298,36
6298,54
6299,25
6299,54
6300,40
6300,54
6301,54
6302,25
6302,36
6302,54
6303,5
6303,8
6303,10
6303,56
6304,54
6305,54
6306,66
6307,54
6308,54
6309,28
6310,54
6311,54
6312,8
6312,56
6313,54
6314,56
6315,13
6315,28
6315,66
6316,54
6317,54
6318,36
6318,54
6319,25
6319,26
6319,54
6319,61
6320,54
6321,8
6321,54
6321,56
6322,7
6322,16
6322,56
6323,54
6324,54
6325,54
6326,25
6326,54
6327,25
6327,54
6328,54
6329,54
6330,54
6331,25
6331,54
6332,54
6333,54
6334,54
6335,54
6336,54
6337,54
6338,54
6339,54
6340,19
6340,30
6340,37
6340,54
6340,61
6341,54
6342,54
6343,54
6344,25
6345,54
6346,54
6347,54
6348,25
6348,54
6349,25
6349,27
6349,54
6350,54
6351,54
6352,8
6352,54
6353,54
6354,54
6355,54
6356,54
6357,54
6358,66
6359,7
6359,12
6359,54
6359,56
6360,25
6360,26
6360,61
6361,11
6361,28
6362,8
6362,54
6363,54
6363,63
6364,54
6365,54
6366,54
6367,54
6368,54
6369,54
6370,54
6371,54
6372,54
6373,8
6373,56
6374,25
6375,2
6375,3
6375,13
6375,27
6375,54
6376,25
6376,54
6377,8
6377,54
6378,54
6379,54
6380,56
6381,36
6381,54
6382,8
6382,25
6383,36
6383,54
6384,25
6384,54
6385,8
6385,56
6385,65
6386,2
6386,3
6386,6
6386,66
6387,54
6388,54
6389,54
6390,1
6390,54
6391,25
6391,26
6392,54
6393,54
6394,54
6395,54
6396,54
6397,66
6398,36
6398,54
6399,28
6400,25
6400,54
6401,8
6401,36
6401,54
6402,25
6402,56
6403,54
6404,54
6405,27
6405,58
6406,25
6406,54
6407,54
6408,54
6409,25
6409,54
6409,56
6410,54
6411,56
6412,54
6413,25
6413,54
6414,36
6414,54
6415,25
6415,26
6415,54
6415,60
6416,54
6417,28
6418,54
6419,54
6420,54
6421,40
6421,48
6421,58
6421,66
6422,25
6423,54
6424,28
6425,28
6426,54
6427,54
6428,54
6429,54
6430,54
6431,30
6431,54
6431,61
6432,54
6433,8
6433,28
6433,56
6433,66
6434,8
6434,54
6435,27
6436,54
6437,36
6437,54
6438,54
6439,54
6440,36
6440,54
6441,25
6441,54
6442,54
6443,54
6444,25
6444,27
6444,54
6445,54
6446,56
6447,54
6448,36
6448,43
6448,54
6449,54
6450,25
6450,54
6451,54
6452,11
6452,25
6452,26
6452,54
6453,36
6453,54
6454,54
6455,54
6456,54
6457,54
6458,54
6458,56
6459,36
6459,54
6460,36
6461,28
6462,54
6463,54
6463,61
6464,54
6465,54
6466,56
6467,2
6467,66
6468,36
6469,36
6470,54
6471,36
6471,54
6472,66
6473,54
6474,8
6474,54
6475,54
6476,36
6477,54
6478,25
6478,28
6478,54
6479,54
6480,25
6481,19
6481,31
6481,37
6481,54
6481,61
6482,54
6482,56
6483,36
6484,8
6484,54
6485,25
6485,54
6486,28
6487,28
6488,6
6488,26
6488,27
6488,61
6489,54
6490,66
6491,54
6492,25
6492,36
6492,54
6493,8
6493,36
6494,54
6495,54
6496,54
6497,54
6498,8
6498,56
6499,40
6499,54
6499,56
6500,3
6500,25
6500,28
6500,54
6500,58
6500,66
6501,54
6502,54
6503,56
6504,54
6505,25
6506,36
6507,8
6507,25
6507,54
6508,54
6509,8
6509,54
6510,3
6510,8
6510,13
6510,26
6510,27
6510,48
6510,54
6510,61
6510,64
6511,25
6511,26
6511,54
6511,61
6512,28
6513,13
6513,25
6513,36
6514,54
6515,25
6515,54
6515,56
6516,54
6517,54
6518,54
6518,66
6519,36
6519,54
6520,66
6521,54
6522,54
6523,54
6524,54
6525,54
6526,25
6527,66
6528,1
6528,54
6529,25
6529,54
6530,54
6531,36
6531,54
6532,25
6532,54
6533,3
6533,27
6533,43
6533,66
6534,25
6535,25
6535,54
6536,8
6536,54
6537,66
6538,36
6539,26
6539,54
6539,66
6540,25
6540,54
6541,54
6542,8
6542,18
6542,56
6543,25
6543,54
6543,61
6544,54
6545,54
6546,54
6547,54
6548,25
6548,54
6549,54
6549,56
6549,58
6549,66
6550,54
6551,54
6552,54
6553,28
6554,54
6555,25
6555,54
6555,66
6556,8
6556,36
6556,54
6557,54
6558,54
6559,25
6559,28
6559,48
6559,54
6559,58
6560,54
6561,54
6562,25
6562,26
6563,18
6563,66
6564,54
6565,25
6565,54
6566,10
6566,56
6567,54
6568,25
6568,54
6568,66
6569,25
6570,51
6570,54
6571,54
6572,54
6573,25
6573,54
6574,54
6575,27
6575,28
6575,66
6576,66
6577,54
6578,54
6579,13
6579,66
6580,54
6581,54
6582,54
6583,54
6584,54
6585,66
6586,25
6587,54
6588,25
6588,54
6589,54
6590,66
6591,54
6592,25
6592,54
6593,54
6593,56
6593,60
6594,25
6594,52
6594,54
6595,54
6596,25
6596,26
6596,54
6596,61
6597,56
6598,36
6598,54
6599,27
6600,25
6601,28
6602,54
6603,25
6603,54
6604,54
6605,11
6605,36
6605,41
6605,54
6606,54
6607,25
6607,54
6608,25
6608,54
6609,28
6609,54
6610,54
6611,36
6612,54
6613,54
6614,54
6614,66
6615,7
6615,54
6616,54
6617,54
6617,66
6618,54
6619,25
6620,3
6620,27
6620,43
6620,66
6621,54
6622,25
6622,54
6623,12
6623,54
6624,28
6624,66
6625,66
6626,19
6626,54
6627,36
6628,66
6629,54
6630,36
6631,54
6632,54
6633,54
6634,36
6635,54
6636,25
6636,54
6637,54
6638,36
6639,13
6639,54
6640,25
6640,43
6640,54
6641,5
6641,7
6641,54
6642,54
6643,54
6644,54
6645,28
6645,43
6646,25
6646,26
6646,54
6646,61
6647,54
6648,54
6649,54
6650,54
6651,54
6652,25
6652,54
6653,28
6653,48
6654,54
6655,8
6655,56
6656,36
6657,54
6658,36
6658,54
6659,8
6659,56
6660,54
6661,25
6661,54
6662,26
6662,27
6662,30
6662,61
6662,66
6663,3
6663,43
6663,66
6664,1
6664,66
6665,25
6665,54
6666,54
6667,54
6668,54
6669,13
6669,28
6669,54
6669,66
6670,25
6670,54
6671,54
6672,13
6672,17
6672,28
6672,54
6673,54
6674,54
6675,54
6676,25
6676,54
6677,3
6677,27
6677,43
6677,66
6678,54
6679,54
6680,8
6680,54
6681,25
6681,54
6682,25
6682,54
6683,8
6683,56
6684,25
6684,54
6684,56
6685,29
6685,36
6685,54
6686,28
6687,54
6688,8
6688,10
6688,56
6689,10
6689,28
6690,8
6690,25
6690,36
6690,54
6690,56
6691,25
6691,54
6692,36
6692,54
6693,54
6694,11
6694,25
6695,54
6696,7
6696,8
6696,25
6696,54
6696,56
6697,54
6698,54
6699,8
6699,36
6699,54
6699,56
6700,36
6700,54
6701,28
6701,66
6702,54
6702,66
6703,54
6704,12
6704,54
6705,25
6705,26
6705,54
6705,61
6706,54
6707,8
6707,56
6708,54
6709,54
6710,25
6711,54
6712,54
6713,54
6714,26
6714,54
6714,61
6715,54
6716,56
6717,23
6717,54
6718,54
6719,54
6720,8
6720,49
6720,56
6721,54
6722,8
6722,56
6723,54
6724,25
6724,58
6725,25
6725,54
6726,54
6726,66
6727,54
6728,54
6729,54
6730,8
6730,54
6731,40
6731,54
6732,8
6732,54
6733,54
6734,54
6734,56
6735,25
6735,26
6736,54
6737,54
6738,54
6739,36
6739,54
6740,36
6740,54
6741,25
6741,54
6742,7
6742,8
6742,10
6742,27
6742,54
6743,54
6744,54
6745,54
6746,28
6747,54
6748,54
6749,54
6750,11
6750,54
6751,3
6751,27
6751,43
6751,66
6752,36
6752,54
6752,58
6752,61
6753,25
6753,26
6754,56
6755,25
6755,54
6756,54
6757,36
6758,56
6759,54
6760,56
6761,36
6762,54
6763,25
6764,36
6764,54
6764,56
6765,25
6765,54
6765,66
6766,54
6767,28
6768,54
6769,25
6770,40
6770,54
6770,63
6771,64
6771,65
6772,54
6773,24
6773,54
6773,58
6774,54
6775,8
6775,54
6776,54
6777,54
6778,36
6779,36
6779,54
6780,54
6781,54
6782,25
6782,36
6782,54
6783,54
6784,54
6785,54
6786,54
6787,54
6788,54
6789,54
6790,25
6790,26
6790,54
6791,54
6792,36
6793,8
6793,56
6794,27
6794,66
6795,56
6796,36
6797,54
6798,28
6798,54
6799,36
6800,54
6801,26
6801,43
6801,54
6802,54
6803,28
6804,54
6804,61
6805,54
6806,54
6807,54
6808,25
6808,54
6808,58
6809,25
6810,66
6811,36
6812,54
6813,8
6813,36
6813,56
6814,8
6814,54
6815,10
6815,25
6815,54
6815,56
6816,54
6817,54
6818,54
6819,54
6820,54
6821,54
6822,56
6823,36
6823,54
6823,56
6824,25
6824,26
6824,54
6824,61
6825,54
6826,54
6827,54
6828,54
6829,56
6830,25
6830,54
6831,54
6832,54
6833,36
6833,54
6834,36
6834,54
6835,25
6835,54
6836,7
6836,28
6836,40
6836,48
6836,58
6837,8
6837,54
6838,66
6839,25
6839,26
6839,54
6839,61
6840,54
6841,54
6842,26
6842,54
6843,25
6843,54
6844,54
6845,54
6845,56
6846,8
6846,56
6847,56
6848,8
6848,25
6848,36
6848,54
6848,56
6849,54
6849,56
6850,25
6851,12
6851,54
6852,36
6853,54
6854,25
6854,54
6854,58
6855,8
6855,25
6855,54
6856,8
6856,54
6857,54
6858,36
6858,54
6859,54
6860,54
6861,54
6862,56
6863,25
6863,36
6863,54
6863,56
6864,54
6865,54
6866,28
6867,40
6867,56
6868,25
6868,54
6869,25
6869,54
6870,11
6870,56
6871,36
6871,54
6872,36
6872,41
6872,54
6873,25
6873,54
6874,27
6874,54
6875,54
6876,54
6876,56
6877,13
6877,25
6877,54
6878,54
6879,25
6879,54
6879,63
6880,13
6880,28
6881,61
6881,66
6882,54
6883,28
6883,54
6884,56
6885,25
6885,26
6885,61
6886,7
6886,8
6886,10
6886,56
6887,36
6888,54
6889,54
6890,54
6891,36
6891,54
6891,58
6892,54
6893,66
6894,54
6895,8
6895,54
6896,8
6896,54
6897,25
6897,54
6898,54
6899,28
6899,54
6899,66
6900,28
6901,36
6902,54
6903,54
6904,66
6905,56
6906,54
6907,54
6908,25
6908,28
6908,48
6908,66
6909,54
6910,54
6910,56
6911,54
6912,54
6913,16
6913,36
6913,54
6914,54
6915,54
6916,56
6917,25
6918,54
6919,26
6919,27
6920,54
6920,56
6921,25
6922,54
6923,36
6923,54
6924,54
6925,54
6926,54
6927,54
6928,66
6929,8
6929,25
6929,36
6930,54
6931,26
6931,54
6931,61
6932,54
6933,36
6933,54
6934,54
6935,54
6936,25
6937,54
6938,18
6938,54
6939,25
6939,36
6939,54
6940,54
6940,56
6941,54
6942,36
6942,48
6942,54
6943,44
6943,54
6943,66
6944,54
6944,61
6945,54
6946,56
6947,54
6948,28
6949,7
6949,8
6949,36
6949,54
6949,56
6950,54
6951,54
6952,25
6953,54
6954,41
6954,54
6955,54
6956,40
6956,58
6956,66
6957,25
6958,54
6959,54
6960,54
6961,28
6961,66
6962,40
6962,56
6963,26
6963,54
6964,25
6964,40
6965,25
6965,54
6965,61
6966,54
6967,54
6968,66
6969,1
6969,2
6969,7
6969,17
6969,54
6970,54
6971,54
6971,56
6972,54
6973,54
6974,54
6975,54
6976,54
6977,56
6978,54
6979,54
6980,54
6981,28
6982,54
6982,66
6983,54
6984,28
6985,54
6986,54
6987,13
6987,27
6987,66
6988,25
6988,54
6989,8
6989,54
6990,54
6991,56
6992,56
6993,54
6994,8
6994,36
6995,3
6995,27
6995,43
6995,66
6996,54
6997,56
6998,54
6999,54
7000,54
7001,56
7002,25
7002,54
7003,54
7004,56
7005,36
7005,54
7006,28
7007,54
7008,54
7008,56
7009,54
7010,54
7011,5
7011,7
7011,8
7011,44
7011,54
7011,64
7012,8
7012,54
7013,56
7014,54
7015,54
7016,28
7016,30
7016,54
7017,54
7018,25
7018,54
7019,25
7019,54
7020,36
7020,54
7021,54
7022,54
7023,54
7024,54
7025,54
7026,40
7026,54
7027,25
7028,56
7029,54
7030,56
7031,28
7032,25
7032,28
7032,48
7032,54
7032,61
7033,54
7034,40
7034,54
7035,54
7036,40
7036,54
7037,25
7037,26
7037,54
7037,61
7038,54
7039,54
7040,8
7040,54
7041,36
7041,58
7042,48
7042,54
7042,61
7043,36
7044,54
7045,12
7045,36
7045,54
7046,25
7047,54
7048,3
7048,27
7048,43
7048,66
7049,54
7050,8
7050,54
7051,26
7051,66
7052,36
7053,54
7054,54
7055,54
7056,54
7057,56
7058,8
7058,54
7059,54
7060,54
7061,54
7062,66
7063,8
7063,10
7063,36
7063,54
7063,56
7064,25
7064,54
7065,25
7065,26
7066,54
7067,7
7067,10
7067,56
7068,54
7069,25
7069,54
7070,36
7071,43
7071,66
7072,36
7072,54
7073,56
7073,63
7074,8
7074,54
7075,12
7075,36
7076,11
7076,54
7077,54
7078,36
7078,54
7079,54
7080,54
7081,25
7082,19
7082,25
7082,26
7082,61
7083,36
7084,8
7084,25
7084,54
7085,54
7086,25
7086,54
7087,54
7088,54
7089,54
7090,11
7090,28
7091,1
7091,28
7091,54
7091,66
7092,8
7092,56
7093,56
7094,54
7095,25
7095,66
7096,54
7097,25
7097,54
7098,8
7098,54
7098,61
7099,2
7099,66
7100,25
7101,1
7101,56
7102,54
7102,56
7103,25
7104,54
7104,63
7105,54
7106,54
7107,54
7108,25
7108,54
7109,25
7110,36
7111,56
7112,25
7112,54
7113,54
7114,54
7115,54
7116,54
7117,54
7118,54
7119,54
7120,36
7120,54
7121,8
7121,27
7121,36
7121,54
7122,25
7123,36
7123,54
7124,25
7124,58
7125,54
7126,28
7126,66
7127,56
7128,54
7129,54
7130,54
7131,54
7132,54
7133,54
7134,25
7134,54
7135,26
7135,54
7136,54
7137,25
7138,54
7138,66
7139,1
7139,54
7140,7
7140,27
7140,36
7140,49
7140,54
7141,25
7141,54
7141,56
7142,36
7143,41
7143,54
7144,54
7145,54
7146,54
7147,54
7148,25
7148,54
7149,28
7150,26
7150,27
7150,61
7151,54
7152,25
7152,56
7153,25
7153,26
7154,54
7155,54
7156,54
7157,28
7158,54
7158,56
7159,25
7159,26
7160,25
7160,54
7161,54
7162,54
7163,25
7164,54
7165,54
7166,16
7166,38
7166,54
7167,54
7168,25
7168,54
7168,66
7169,28
7170,54
7171,7
7171,25
7171,54
7172,8
7172,56
7173,54
7174,54
7175,8
7175,56
7176,54
7177,54
7178,54
7178,56
7179,12
7179,54
7180,54
7180,61
7180,66
7181,36
7181,54
7182,54
7183,54
7184,54
7185,54
7186,66
7187,54
7188,54
7189,54
7190,54
7190,66
7191,28
7192,36
7192,54
7193,54
7194,54
7195,36
7195,58
7196,25
7196,26
7197,25
7197,54
7198,26
7198,54
7198,61
7199,54
7200,54
7201,54
7202,54
7203,54
7204,54
7205,26
7205,27
7205,36
7205,60
7205,66
7206,54
7207,13
7207,25
7207,27
7207,66
7208,54
7209,54
7210,56
7211,25
7211,54
7212,25
7212,26
7213,66
7214,54
7215,16
7215,54
7216,28
7217,26
7217,27
7217,61
7217,66
7218,54
7219,54
7220,25
7220,54
7221,54
7222,25
7222,54
7223,54
7224,26
7224,66
7225,11
7225,30
7225,66
7226,25
7226,26
7226,54
7226,61
7227,30
7227,43
7227,54
7227,66
7228,25
7228,48
7229,25
7230,54
7231,26
7231,27
7232,66
7233,54
7234,25
7234,54
7235,54
7236,54
7237,13
7237,27
7237,28
7237,43
7237,54
7238,25
7239,54
7239,56
7240,54
7240,56
7241,58
7241,66
7242,25
7242,54
7243,54
7244,12
7244,54
7245,36
7246,25
7246,26
7246,54
7246,61
7247,54
7248,54
7249,54
7250,66
7251,25
7251,54
7252,19
7252,26
7252,61
7252,66
7253,25
7253,54
7254,54
7255,54
7256,54
7257,25
7257,26
7258,54
7259,58
7259,66
7260,25
7260,54
7261,54
7262,25
7262,26
7263,17
7263,66
7264,54
7264,66
7265,54
7266,28
7267,54
7268,25
7268,26
7268,54
7268,61
7269,54
7270,54
7271,19
7271,30
7271,31
7271,37
7271,54
7271,61
7272,28
7272,54
7273,54
7274,54
7275,8
7275,36
7275,54
7276,54
7277,25
7277,54
7278,54
7279,25
7279,54
7280,11
7280,30
7280,66
7281,25
7281,26
7282,54
7283,19
7283,26
7283,54
7283,61
7284,54
7285,54
7286,54
7287,8
7287,54
7287,56
7288,54
7289,25
7289,26
7289,54
7289,61
7290,28
7291,8
7291,54
7292,54
7293,1
7293,54
7294,12
7294,54
7295,54
7296,54
7297,25
7298,54
7299,54
7300,36
7301,28
7302,11
7302,28
7302,54
7303,25
7303,54
7304,25
7304,54
7305,5
7305,9
7305,36
7305,54
7306,54
7307,7
7307,8
7307,36
7307,54
7307,56
7308,28
7309,25
7309,40
7309,47
7310,8
7310,56
7311,28
7312,54
7313,25
7313,54
7314,54
7315,28
7316,54
7317,25
7317,26
7317,54
7317,61
7318,25
7318,54
7319,54
7320,54
7321,54
7322,54
7323,25
7323,26
7324,64
7324,65
7325,12
7325,54
7326,66
7327,7
7327,8
7327,25
7327,54
7328,54
7329,54
7330,54
7331,54
7332,27
7332,66
7333,27
7333,28
7333,54
7334,36
7334,54
7334,56
7335,54
7336,25
7336,54
7337,54
7338,25
7338,54
7339,54
7340,54
7341,25
7341,54
7342,54
7343,56
7344,12
7344,25
7344,40
7344,63
7345,25
7345,54
7346,54
7347,54
7348,13
7348,27
7348,28
7348,66
7349,36
7349,54
7350,54
7351,8
7351,54
7352,13
7352,25
7352,36
7353,7
7353,8
7353,12
7353,25
7353,54
7354,25
7354,26
7355,36
7356,8
7356,56
7357,54
7357,66
7358,54
7359,28
7359,66
7360,54
7361,25
7361,54
7362,54
7363,25
7363,54
7364,54
7365,54
7366,54
7367,25
7367,54
7368,54
7369,54
7369,56
7370,8
7370,54
7371,54
7372,54
7373,8
7373,54
7374,54
7375,7
7375,45
7375,54
7376,54
7377,54
7378,25
7379,54
7380,25
7380,54
7381,8
7381,54
7382,25
7382,52
7382,54
7382,66
7383,54
7384,14
7384,27
7384,66
7385,25
7385,54
7386,54
7387,8
7387,56
7388,25
7389,8
7389,54
7390,54
7391,8
7391,56
7392,54
7393,36
7394,54
7395,25
7395,36
7395,54
7396,54
7397,25
7397,54
7398,8
7398,56
7399,54
7400,54
7401,54
7402,54
7403,36
7403,54
7404,54
7405,54
7406,54
7407,28
7408,54
7409,56
7410,54
7411,54
7412,54
7413,54
7414,25
7414,26
7415,54
7416,25
7416,54
7417,54
7418,25
7418,54
7419,38
7419,54
7420,54
7421,54
7422,8
7422,25
7422,56
7423,54
7424,54
7425,25
7425,54
7426,25
7426,54
7426,66
7427,25
7427,54
7427,66
7428,54
7429,54
7430,54
7431,25
7431,26
7432,8
7432,25
7432,54
7433,54
7434,27
7434,28
7435,54
7436,26
7436,27
7436,61
7437,25
7437,54
7438,54
7439,26
7439,54
7439,61
7440,8
7440,56
7441,54
7442,8
7442,54
7442,56
7443,25
7443,54
7443,56
7443,66
7444,54
7445,54
7446,54
7447,54
7448,54
7449,36
7449,54
7450,28
7451,36
7451,54
7452,54
7453,54
7454,25
7455,54
7456,54
7457,54
7458,25
7458,36
7458,54
7459,6
7459,25
7459,54
7459,56
7460,8
7460,60
7460,65
7461,54
7462,54
7463,54
7464,8
7464,56
7465,7
7465,8
7465,36
7466,25
7466,26
7466,54
7467,54
7468,54
7469,40
7469,54
7470,54
7471,56
7472,54
7473,54
7474,54
7475,25
7475,54
7475,56
7475,61
7476,54
7477,54
7478,25
7478,26
7479,54
7480,56
7480,66
7481,36
7482,54
7482,58
7483,54
7484,54
7485,36
7485,66
7486,54
7487,56
7488,54
7489,8
7489,54
7490,54
7491,54
7492,28
7493,25
7493,58
7494,54
7495,25
7495,36
7495,54
7495,56
7496,54
7497,25
7497,54
7498,28
7499,28
7500,8
7500,54
7500,56
7501,54
7502,54
7503,54
7504,54
7505,54
7506,54
7507,25
7507,54
7508,48
7508,54
7508,58
7509,54
7510,25
7510,54
7511,54
7512,61
7512,66
7513,54
7514,11
7514,28
7515,54
7516,25
7516,26
7517,13
7517,27
7517,58
7518,36
7518,54
7519,66
7520,54
7521,2
7521,17
7521,18
7521,43
7521,66
7522,25
7523,56
7524,25
7525,54
7526,25
7527,54
7528,54
7529,25
7529,54
7530,66
7531,54
7532,54
7533,54
7534,12
7534,25
7534,54
7535,54
7536,54
7537,54
7538,26
7538,54
7538,61
7539,54
7540,2
7540,8
7540,16
7540,56
7541,54
7542,54
7543,54
7544,66
7545,54
7546,25
7546,54
7547,54
7548,54
7549,25
7549,54
7550,48
7550,54
7551,19
7551,26
7551,27
7551,30
7551,66
7552,54
7553,28
7554,8
7554,36
7555,54
7555,66
7556,54
7557,54
7558,36
7559,54
7560,54
7560,66
7561,66
7562,54
7563,25
7564,25
7565,54
7566,54
7567,36
7567,40
7567,54
7567,58
7568,56
7569,7
7569,10
7569,54
7569,56
7570,12
7570,25
7570,40
7571,28
7572,8
7572,54
7573,54
7574,54
7575,40
7575,54
7576,54
7577,25
7577,54
7577,66
7578,12
7578,36
7578,56
7579,54
7580,25
7580,26
7580,27
7580,35
7580,36
7580,54
7580,61
7580,66
7581,56
7582,17
7582,36
7583,54
7583,66
7584,54
7585,54
7586,36
7587,54
7588,54
7589,25
7589,54
7590,54
7591,25
7592,54
7592,56
7593,25
7593,54
7594,25
7594,26
7595,54
7596,8
7596,19
7596,25
7596,29
7596,56
7596,61
7597,54
7598,28
7599,54
7600,25
7600,41
7601,28
7601,36
7602,54
7603,54
7604,54
7605,30
7605,61
7605,66
7606,54
7607,25
7607,54
7608,50
7608,58
7608,66
7609,54
7610,25
7610,26
7610,54
7610,61
7611,54
7612,27
7612,36
7612,66
7613,25
7613,54
7614,54
7615,25
7615,43
7615,46
7615,66
7616,54
7617,54
7618,8
7618,54
7619,54
7620,26
7620,54
7621,66
7622,25
7622,54
7623,54
7624,13
7624,27
7624,66
7625,54
7626,54
7627,36
7627,54
7628,54
7629,54
7629,56
7629,64
7630,28
7631,54
7632,10
7632,54
7633,54
7633,56
7634,10
7634,25
7634,54
7635,54
7636,54
7637,54
7638,25
7638,54
7639,25
7639,54
7640,8
7640,54
7641,40
7641,54
7642,54
7643,43
7643,66
7644,54
7645,8
7645,36
7645,54
7646,66
7647,54
7648,28
7648,36
7648,54
7649,11
7649,25
7650,36
7651,54
7652,54
7653,8
7653,12
7653,18
7653,56
7654,28
7654,36
7655,11
7655,36
7655,54
7656,54
7657,54
7658,28
7659,25
7659,54
7660,54
7661,54
7662,13
7662,27
7662,66
7663,54
7664,54
7665,25
7665,36
7665,54
7666,25
7666,26
7666,43
7666,61
7667,25
7667,26
7668,8
7668,54
7669,58
7669,66
7670,26
7670,54
7671,54
7672,54
7673,36
7673,54
7673,56
7674,54
7675,28
7675,54
7676,1
7676,7
7676,16
7676,54
7677,54
7678,54
7679,13
7679,16
7679,17
7679,66
7680,54
7681,25
7681,54
7682,54
7683,54
7684,54
7685,7
7685,8
7685,54
7686,25
7687,54
7688,54
7689,54
7690,8
7690,56
7691,58
7691,66
7692,25
7692,54
7693,25
7693,54
7694,40
7694,54
7695,8
7695,18
7695,56
7695,65
7696,40
7696,54
7697,54
7698,54
7698,58
7699,54
7700,25
7700,30
7700,42
7700,54
7701,40
7701,54
7702,25
7702,27
7702,54
7703,54
7704,54
7705,7
7705,8
7705,10
7705,56
7706,54
7707,25
7707,54
7708,25
7708,40
7709,54
7710,25
7710,26
7710,54
7710,61
7711,25
7711,54
7712,54
7713,66
7714,28
7715,54
7716,66
7717,25
7717,48
7717,54
7718,25
7718,26
7718,54
7718,61
7719,25
7719,26
7720,54
7721,28
7721,54
7722,54
7722,61
7723,28
7723,40
7724,54
7725,16
7725,26
7725,27
7725,61
7725,66
7726,54
7727,54
7728,36
7729,19
7729,26
7729,30
7729,61
7729,66
7730,54
7731,54
7732,54
7733,54
7734,54
7734,56
7735,54
7735,63
7736,54
7737,11
7737,25
7738,54
7739,54
7740,54
7741,54
7742,40
7742,54
7742,59
7743,54
7744,54
7745,25
7746,54
7747,2
7747,3
7747,17
7747,27
7747,43
7747,60
7747,66
7748,54
7749,51
7749,54
7749,62
7750,25
7750,54
7750,56
7751,36
7751,54
7751,56
7752,8
7752,54
7752,56
7753,25
7753,54
7754,26
7754,54
7755,54
7756,56
7757,54
7758,54
7759,8
7759,56
7760,10
7760,25
7760,40
7760,54
7760,66
7761,54
7762,54
7763,28
7764,54
7765,54
7766,7
7766,10
7766,54
7766,56
7767,54
7768,54
7769,54
7770,66
7771,54
7772,26
7772,54
7773,54
7774,54
7775,66
7776,54
7777,36
7777,54
7778,54
7779,54
7780,36
7781,28
7782,66
7783,54
7784,54
7785,54
7786,54
7787,25
7787,54
7787,58
7788,54
7789,25
7790,36
7791,25
7791,54
7791,66
7792,54
7793,54
7794,54
7795,54
7796,54
7796,56
7797,36
7797,54
7797,56
7798,54
7799,25
7799,54
7800,56
7801,54
7801,61
7802,28
7802,36
7803,54
7804,25
7804,40
7804,54
7804,58
7805,54
7806,44
7806,54
7807,36
7808,54
7809,1
7809,25
7810,25
7810,26
7810,54
7811,25
7811,54
7812,54
7813,28
7814,36
7815,54
7816,56
7816,65
7817,12
7817,54
7818,56
7819,28
7820,25
7820,27
7820,54
7820,66
7821,56
7822,8
7822,56
7823,54
7824,54
7824,56
7825,54
7826,25
7826,54
7827,64
7827,65
7828,28
7828,66
7829,54
7830,54
7831,54
7832,28
7833,54
7834,56
7835,3
7835,27
7835,66
7836,8
7836,54
7837,40
7837,54
7838,54
7839,54
7840,28
7841,25
7842,25
7843,54
7844,54
7845,25
7845,54
7846,54
7846,56
7847,54
7848,54
7849,19
7849,26
7849,54
7849,61
7850,54
7851,56
7852,8
7852,56
7853,1
7853,40
7853,56
7854,8
7854,11
7854,25
7854,54
7855,3
7855,43
7855,66
7856,25
7856,54
7856,56
7857,36
7858,54
7859,54
7860,7
7860,10
7860,54
7861,54
7862,42
7862,54
7863,54
7864,27
7864,28
7864,54
7864,66
7865,54
7866,54
7866,66
7867,19
7867,25
7867,66
7868,30
7868,61
7868,66
7869,54
7870,8
7870,54
7871,54
7872,54
7872,61
7872,66
7873,36
7874,54
7875,54
7876,6
7876,7
7876,12
7876,40
7876,58
7876,66
7877,25
7877,54
7878,25
7878,40
7878,54
7878,56
7879,25
7880,40
7880,54
7881,26
7881,27
7881,30
7881,61
7881,66
7882,54
7883,66
7884,8
7884,54
7885,54
7886,8
7886,56
7887,36
7888,54
7889,54
7890,54
7891,54
7892,28
7893,25
7893,26
7893,54
7893,61
7894,54
7895,54
7896,30
7896,61
7896,66
7897,36
7897,54
7898,54
7899,54
7900,36
7901,36
7901,54
7901,56
7902,25
7902,54
7903,25
7903,26
7904,13
7904,28
7904,66
7905,25
7905,36
7905,54
7905,56
7906,7
7906,54
7906,56
7907,54
7908,56
7909,54
7910,54
7911,54
7912,54
7913,8
7913,54
7914,8
7914,25
7914,56
7914,64
7915,36
7915,54
7916,54
7917,36
7917,54
7918,25
7918,54
7918,56
7919,28
7920,54
7921,54
7922,36
7922,54
7923,54
7924,1
7924,17
7924,66
7925,30
7925,61
7925,66
7926,25
7927,12
7927,25
7927,54
7928,28
7929,56
7930,54
7931,3
7931,27
7931,43
7931,66
7932,28
7933,54
7934,54
7935,25
7935,36
7935,54
7936,54
7937,8
7937,54
7937,56
7938,25
7939,19
7939,26
7939,27
7939,30
7939,61
7940,54
7941,25
7941,54
7942,54
7943,54
7944,25
7944,54
7945,54
7946,54
7946,66
7947,7
7947,56
7948,40
7948,54
7949,54
7950,25
7950,48
7950,54
7950,58
7951,54
7952,28
7952,56
7953,54
7954,28
7955,19
7955,25
7955,26
7955,61
7956,3
7956,8
7956,13
7956,27
7956,36
7956,48
7956,54
7957,54
7958,25
7959,54
7960,28
7961,27
7961,54
7962,25
7962,54
7963,36
7963,54
7964,7
7964,8
7964,36
7964,54
7964,56
7965,25
7965,27
7965,54
7966,54
7967,25
7968,56
7968,63
7969,54
7970,36
7970,54
7971,54
7972,54
7973,54
7974,54
7975,8
7975,54
7976,28
7976,54
7976,66
7977,25
7977,26
7978,54
7979,25
7980,54
7980,56
7981,54
7982,54
7983,8
7983,36
7983,54
7984,25
7984,54
7984,56
7985,54
7986,13
7986,28
7987,10
7987,41
7987,57
7988,17
7988,66
7989,54
7990,25
7990,26
7990,54
7991,36
7991,54
7992,17
7992,26
7992,54
7993,2
7993,27
7993,28
7993,66
7994,8
7994,56
7995,54
7996,54
7997,54
7998,54
7999,25
7999,26
8000,54
8001,54
8002,40
8002,54
8003,29
8003,40
8003,54
8004,54
8005,25
8005,36
8005,54
8006,25
8006,26
8007,25
8007,26
8007,54
8007,61
8008,54
8009,54
8010,54
8011,54
8012,54
8013,25
8013,48
8013,58
8014,56
8015,54
8016,8
8016,36
8017,54
8018,56
8019,54
8020,8
8020,10
8020,54
8021,54
8022,28
8022,54
8023,8
8023,54
8024,54
8025,54
8026,25
8026,54
8027,19
8027,26
8027,30
8027,37
8027,54
8028,19
8028,26
8028,30
8028,58
8028,61
8028,66
8029,7
8029,8
8029,56
8030,25
8030,54
8031,56
8032,54
8033,25
8033,54
8034,7
8034,36
8034,54
8035,54
8036,54
8037,54
8038,25
8038,54
8039,25
8039,26
8039,36
8039,54
8039,61
8040,54
8041,25
8041,54
8042,56
8043,54
8044,54
8045,54
8046,8
8046,56
8047,8
8047,56
8048,54
8049,54
8050,54
8051,28
8052,36
8052,54
8052,56
8053,25
8053,54
8054,25
8054,26
8055,8
8055,56
8056,56
8057,12
8057,58
8057,66
8058,25
8058,48
8058,54
8058,58
8059,54
8060,54
8061,56
8062,54
8063,54
8064,36
8065,25
8065,36
8065,54
8066,54
8066,56
8067,36
8067,54
8067,56
8068,12
8068,56
8069,28
8069,48
8070,27
8070,66
8071,8
8071,54
8071,56
8072,54
8073,25
8073,54
8074,25
8074,28
8074,66
8075,25
8076,54
8077,25
8077,28
8077,36
8077,54
8078,54
8078,61
8079,25
8080,36
8080,58
8081,54
8082,54
8083,11
8083,30
8083,61
8083,66
8084,25
8085,56
8086,54
8087,25
8087,54
8088,36
8088,54
8089,54
8090,54
8091,25
8091,54
8092,54
8093,54
8094,36
8094,54
8095,54
8096,48
8096,54
8097,54
8098,8
8098,54
8098,56
8099,54
8100,54
8101,54
8102,54
8103,25
8103,54
8104,36
8104,54
8104,56
8105,54
8106,54
8107,54
8108,54
8109,54
8110,56
8111,36
8111,41
8111,54
8112,25
8112,26
8113,54
8114,54
8115,54
8116,54
8117,54
8118,28
8119,66
8120,36
8120,54
8121,54
8122,54
8123,54
8124,25
8124,26
8125,56
8126,25
8126,28
8126,54
8127,66
8128,54
8129,54
8130,40
8130,54
8130,63
8131,25
8131,54
8132,3
8132,13
8132,25
8132,28
8132,54
8132,56
8133,54
8134,54
8135,54
8136,3
8136,27
8136,43
8136,66
8137,28
8137,66
8138,54
8139,54
8140,36
8141,56
8142,12
8142,58
8142,66
8143,54
8144,54
8144,66
8145,28
8146,54
8147,54
8148,8
8148,18
8148,56
8149,54
8149,59
8150,36
8151,1
8151,54
8152,13
8152,25
8152,27
8152,66
8153,40
8153,54
8154,54
8155,54
8156,54
8157,8
8157,56
8158,11
8158,66
8159,25
8159,26
8160,54
8161,36
8161,54
8162,56
8163,36
8164,26
8164,27
8164,30
8164,43
8164,61
8164,66
8165,54
8165,61
8166,25
8167,28
8168,54
8168,56
8169,54
8170,54
8171,54
8172,25
8172,54
8173,27
8174,54
8174,56
8175,19
8175,40
8175,56
8175,61
8176,25
8176,54
8177,54
8178,36
8179,54
8180,54
8181,8
8181,54
8181,61
8182,25
8183,28
8184,54
8185,54
8186,54
8186,63
8187,25
8187,54
8188,54
8189,54
8190,54
8191,54
8191,56
8192,25
8192,26
8192,61
8193,54
8194,36
8194,41
8195,12
8195,58
8195,66
8196,54
8197,25
8198,25
8198,36
8198,54
8199,25
8199,54
8200,25
8200,40
8200,54
8200,58
8201,54
8202,54
8202,56
8203,2
8203,3
8203,17
8203,43
8203,66
8204,36
8205,54
8206,54
8207,56
8208,13
8208,54
8208,66
8209,54
8210,54
8211,13
8211,27
8211,66
8212,36
8212,54
8213,8
8213,56
8214,25
8214,54
8215,54
8216,54
8217,54
8218,36
8218,58
8219,54
8220,36
8221,54
8222,25
8223,28
8223,36
8223,54
8223,56
8224,54
8225,54
8226,27
8226,54
8226,61
8227,54
8228,54
8229,8
8229,54
8230,54
8231,54
8232,54
8233,25
8233,54
8234,54
8235,54
8236,7
8236,54
8237,25
8237,54
8238,54
8239,36
8239,54
8239,56
8240,54
8241,28
8241,54
8241,66
8242,54
8243,24
8243,54
8243,58
8244,8
8244,29
8244,54
8245,54
8246,25
8246,28
8246,54
8247,54
8248,54
8249,36
8249,54
8249,56
8250,25
8250,54
8251,25
8251,48
8251,54
8252,54
8253,25
8253,54
8254,54
8255,54
8256,54
8257,66
8258,54
8259,54
8260,28
8261,54
8261,66
8262,25
8262,54
8262,58
8263,54
8264,25
8264,54
8265,8
8265,56
8266,54
8267,25
8267,54
8268,6
8268,48
8268,54
8268,61
8269,25
8269,54
8269,58
8269,64
8270,54
8271,54
8272,54
8273,19
8273,25
8273,26
8273,54
8273,61
8274,54
8275,54
8276,25
8276,54
8277,54
8278,5
8278,7
8278,8
8278,56
8279,8
8279,10
8279,54
8279,56
8280,36
8281,36
8281,54
8282,8
8282,36
8283,54
8283,56
8284,54
8285,25
8285,54
8286,54
8287,54
8288,25
8288,36
8288,54
8288,56
8289,25
8289,26
8289,54
8289,61
8290,36
8291,54
8292,19
8292,26
8292,61
8292,66
8293,26
8293,27
8293,48
8293,58
8293,61
8293,66
8294,56
8295,54
8296,54
8297,28
8297,36
8297,54
8298,54
8299,12
8299,54
8300,26
8300,27
8300,30
8300,61
8300,66
8301,7
8301,8
8301,25
8301,36
8301,56
8302,54
8303,25
8303,27
8303,54
8304,54
8305,54
8306,40
8306,54
8306,59
8307,54
8308,54
8309,7
8309,8
8309,25
8309,54
8309,56
8310,54
8311,8
8311,54
8311,56
8312,54
8313,54
8314,25
8314,26
8315,11
8315,30
8315,61
8315,66
8316,54
8317,25
8318,13
8318,66
8319,54
8320,25
8320,54
8321,54
8321,59
8322,54
8323,56
8324,54
8324,56
8325,54
8326,54
8327,8
8327,16
8327,40
8327,54
8328,28
8329,7
8329,8
8329,54
8330,36
8330,54
8331,8
8331,54
8331,56
8332,54
8333,54
8334,54
8335,56
8336,25
8336,26
8337,54
8338,25
8338,54
8339,36
8339,54
8340,28
8341,3
8341,7
8341,12
8341,54
8341,59
8341,63
8342,58
8342,66
8343,54
8344,54
8345,54
8346,25
8347,36
8348,54
8348,56
8349,25
8349,26
8349,36
8349,54
8350,25
8350,54
8351,54
8352,66
8353,54
8354,54
8355,54
8356,25
8356,54
8357,54
8358,13
8358,28
8359,25
8359,26
8359,54
8359,61
8360,25
8360,54
8361,56
8362,54
8363,8
8363,13
8363,54
8363,61
8364,54
8365,25
8365,54
8365,66
8366,54
8367,54
8368,27
8368,28
8368,54
8369,54
8370,40
8370,54
8371,11
8371,54
8371,56
8371,59
8372,12
8372,36
8372,54
8373,54
8374,54
8375,54
8376,54
8377,54
8378,54
8379,19
8379,30
8379,31
8379,37
8379,54
8379,61
8380,25
8380,54
8381,54
8381,56
8382,54
8383,56
8384,25
8384,26
8384,54
8384,61
8385,25
8385,54
8386,11
8386,25
8386,54
8387,27
8388,8
8388,56
8389,8
8389,54
8389,56
8390,66
8391,36
8391,54
8392,54
8393,54
8394,25
8394,27
8394,54
8395,27
8395,28
8395,66
8396,7
8396,8
8396,25
8396,54
8396,56
8397,25
8397,54
8398,54
8399,25
8399,27
8399,54
8400,54
8401,54
8402,25
8402,54
8403,54
8404,54
8404,56
8405,25
8405,54
8406,54
8407,56
8408,25
8408,54
8408,56
8409,30
8409,66
8410,54
8411,25
8411,54
8412,54
8413,1
8413,36
8413,40
8413,54
8413,56
8414,54
8415,54
8416,25
8417,25
8417,54
8418,25
8418,54
8419,1
8419,54
8420,36
8421,56
8422,54
8423,8
8423,36
8423,54
8423,56
8424,54
8425,54
8426,7
8426,8
8426,12
8426,25
8427,54
8427,61
8428,54
8429,54
8430,54
8431,54
8432,8
8432,56
8433,25
8434,54
8435,54
8436,17
8436,66
8437,28
8438,54
8439,8
8439,56
8440,36
8440,56
8441,54
8442,54
8443,54
8444,25
8444,54
8444,58
8445,54
8446,25
8446,66
8447,25
8448,54
8449,25
8449,26
8450,25
8450,54
8451,25
8451,26
8451,54
8451,61
8452,54
8453,54
8453,63
8454,25
8454,54
8455,25
8455,54
8456,36
8456,54
8456,56
8457,54
8458,54
8459,25
8460,54
8460,56
8461,25
8461,36
8461,54
8462,54
8463,54
8464,54
8465,54
8465,66
8466,54
8467,27
8467,66
8468,54
8468,56
8469,25
8469,54
8470,13
8470,27
8470,66
8471,54
8472,54
8473,25
8473,26
8473,54
8473,61
8474,25
8475,54
8476,25
8476,54
8477,11
8477,28
8478,54
8479,54
8480,36
8481,66
8482,54
8483,54
8484,25
8484,54
8485,25
8486,25
8486,26
8486,54
8486,61
8487,8
8487,56
8487,65
8488,54
8489,25
8489,54
8490,54
8491,54
8492,11
8492,30
8492,66
8493,19
8493,26
8493,54
8494,60
8494,61
8494,66
8495,58
8495,66
8496,8
8496,36
8496,54
8497,54
8498,19
8498,26
8498,30
8498,61
8498,66
8499,54
8500,54
8500,56
8500,59
8501,8
8501,56
8502,54
8503,11
8503,13
8503,25
8503,26
8503,54
8504,8
8504,10
8504,25
8504,54
8505,25
8505,58
8506,54
8507,54
8508,7
8508,56
8509,1
8509,40
8509,56
8510,54
8511,25
8511,54
8512,54
8512,56
8513,54
8514,26
8514,27
8514,61
8515,54
8516,66
8517,54
8518,25
8519,13
8519,26
8519,27
8519,32
8519,54
8519,61
8519,66
8520,56
8521,25
8521,66
8522,7
8522,8
8522,12
8522,25
8523,26
8523,27
8523,61
8524,54
8525,54
8526,19
8526,25
8526,54
8526,61
8527,25
8527,26
8527,54
8528,54
8529,26
8529,54
8530,25
8531,54
8532,54
8533,25
8533,26
8534,54
8535,28
8535,54
8536,54
8537,54
8538,54
8539,25
8539,26
8540,54
8541,54
8542,28
8543,25
8543,54
8543,66
8544,54
8545,1
8545,54
8546,5
8546,8
8546,10
8546,54
8547,8
8547,54
8548,36
8548,54
8549,36
8550,54
8551,36
8551,54
8552,36
8552,40
8553,36
8553,54
8554,54
8555,56
8556,54
8557,54
8558,54
8559,54
8560,25
8560,26
8561,25
8561,54
8562,54
8563,54
8564,54
8565,54
8566,54
8567,13
8567,27
8567,28
8568,8
8568,25
8568,54
8569,25
8569,58
8570,54
8571,54
8572,54
8573,28
8574,54
8575,54
8576,54
8577,1
8577,2
8577,3
8577,17
8577,43
8577,66
8578,54
8579,25
8579,54
8580,13
8580,27
8580,28
8580,66
8581,54
8582,13
8582,25
8582,54
8583,54
8584,54
8585,54
8586,54
8587,36
8587,54
8588,25
8588,26
8588,54
8588,61
8589,54
8590,54
8591,8
8591,54
8591,56
8592,56
8593,54
8594,28
8595,25
8596,54
8597,8
8597,56
8598,8
8598,25
8598,56
8599,36
8599,54
8600,66
8601,19
8601,25
8601,61
8602,54
8603,54
8604,11
8604,26
8604,60
8604,61
8604,66
8605,54
8605,66
8606,11
8606,30
8606,66
8607,58
8607,66
8608,36
8609,25
8609,54
8610,54
8611,36
8611,54
8612,25
8612,26
8612,27
8612,36
8612,48
8612,54
8613,66
8614,56
8615,8
8615,54
8616,25
8617,64
8617,65
8618,25
8618,54
8618,56
8619,54
8620,54
8621,18
8621,66
8622,56
8623,25
8623,54
8624,1
8624,54
8625,56
8626,11
8626,54
8627,54
8628,54
8629,8
8629,36
8629,54
8630,40
8630,54
8630,56
8631,27
8631,36
8632,25
8632,54
8633,27
8633,66
8634,25
8634,54
8635,54
8636,25
8637,54
8638,25
8639,8
8639,54
8640,54
8641,25
8641,26
8642,54
8643,1
8643,2
8643,3
8643,17
8643,43
8643,66
8644,8
8644,36
8644,54
8645,54
8646,11
8646,28
8647,36
8647,54
8647,56
8648,54
8649,54
8650,25
8650,61
8651,54
8652,26
8652,61
8652,66
8653,54
8654,54
8655,51
8655,54
8656,56
8657,54
8658,26
8658,27
8658,61
8659,54
8660,25
8660,54
8660,61
8661,25
8661,54
8662,54
8663,54
8664,36
8665,54
8666,54
8667,40
8667,41
8667,54
8668,54
8669,54
8670,28
8671,36
8671,54
8672,56
8673,25
8673,26
8674,16
8674,36
8674,54
8675,25
8675,54
8675,61
8676,54
8677,8
8677,54
8677,61
8678,64
8678,65
8679,28
8680,54
8681,36
8681,54
8682,43
8682,54
8683,54
8684,54
8685,36
8685,54
8686,54
8687,54
8688,54
8689,54
8690,36
8690,54
8691,54
8692,26
8692,61
8692,66
8693,54
8694,8
8694,10
8694,54
8694,56
8695,54
8696,27
8696,43
8696,66
8697,25
8697,54
8697,66
8698,54
8699,54
8700,25
8700,54
8701,28
8702,25
8702,26
8702,60
8702,61
8703,1
8703,54
8704,54
8705,54
8706,54
8706,56
8707,54
8708,56
8709,56
8710,8
8710,36
8710,54
8710,56
8711,54
8712,54
8713,54
8714,36
8714,54
8715,66
8716,54
8717,26
8717,27
8717,61
8718,5
8718,7
8718,8
8718,25
8718,54
8719,25
8720,54
8721,8
8721,54
8722,25
8722,40
8722,54
8723,54
8724,28
8724,54
8725,41
8726,54
8727,28
8728,8
8728,12
8728,54
8728,56
8729,66
8730,19
8730,26
8730,66
8731,54
8732,54
8733,54
8734,8
8734,56
8735,12
8735,54
8736,54
8737,54
8738,29
8738,40
8738,54
8739,11
8739,28
8740,25
8741,54
8742,54
8743,54
8744,54
8745,25
8745,54
8746,7
8746,49
8746,66
8747,25
8748,40
8748,54
8748,63
8749,25
8749,54
8750,36
8750,54
8751,56
8751,64
8752,54
8753,54
8754,54
8754,61
8755,54
8756,54
8757,54
8758,27
8758,66
8759,54
8760,25
8760,54
8761,1
8761,54
8762,54
8762,56
8763,25
8763,54
8763,66
8764,54
8765,54
8766,25
8766,26
8766,30
8766,54
8766,61
8767,64
8767,65
8768,25
8768,26
8769,54
8770,36
8771,36
8771,54
8772,25
8772,54
8773,56
8774,8
8774,54
8775,54
8776,54
8777,56
8778,36
8778,54
8779,54
8780,28
8781,25
8781,54
8781,58
8782,54
8783,25
8783,26
8783,54
8783,61
8784,27
8784,54
8785,54
8786,8
8786,54
8787,8
8787,56
8788,25
8788,54
8789,54
8790,25
8791,54
8792,25
8793,25
8793,28
8793,48
8793,54
8793,66
8794,36
8794,54
8795,54
8796,25
8796,54
8797,54
8798,54
8799,54
8800,54
8801,25
8801,54
8802,54
8803,25
8803,54
8804,8
8804,10
8804,54
8804,56
8805,25
8805,48
8805,58
8806,54
8807,54
8808,40
8808,54
8809,8
8809,56
8810,54
8811,54
8812,54
8813,66
8814,54
8815,36
8815,54
8816,54
8817,26
8817,66
8818,54
8819,25
8820,54
8821,54
8822,54
8823,54
8824,8
8824,56
8825,13
8825,28
8825,66
8826,54
8827,54
8828,25
8828,54
8829,25
8829,54
8830,27
8831,10
8831,25
8831,54
8832,54
8833,54
8834,8
8834,12
8834,36
8834,56
8835,8
8835,54
8835,61
8836,13
8836,28
8837,25
8837,26
8838,25
8838,54
8839,40
8839,54
8840,8
8840,18
8840,56
8841,56
8842,25
8842,54
8843,8
8843,25
8843,54
8844,25
8845,54
8846,25
8846,54
8847,7
8847,56
8848,54
8849,25
8849,40
8849,54
8850,11
8850,30
8850,61
8850,66
8851,54
8852,54
8853,13
8853,25
8853,54
8854,54
8855,54
8856,36
8856,54
8857,54
8858,54
8859,56
8860,28
8860,48
8861,25
8862,54
8863,25
8863,26
8864,25
8864,26
8864,54
8864,61
8865,40
8865,56
8866,8
8866,36
8866,54
8866,56
8867,54
8868,54
8869,7
8869,9
8869,12
8869,40
8869,54
8869,56
8870,54
8871,36
8871,54
8872,27
8872,66
8873,13
8873,25
8873,54
8874,54
8875,28
8876,56
8877,54
8878,36
8878,54
8879,54
8880,54
8881,54
8882,54
8883,54
8884,54
8885,54
8886,54
8887,54
8888,25
8888,54
8889,54
8890,25
8891,25
8891,54
8892,25
8892,54
8893,25
8893,26
8894,54
8895,54
8896,54
8897,54
8898,54
8899,54
8900,54
8901,8
8901,54
8902,1
8902,25
8902,54
8903,54
8904,54
8905,54
8906,54
8907,36
8907,66
8908,36
8908,54
8908,56
8909,54
8910,54
8911,54
8912,27
8913,56
8914,25
8914,54
8915,8
8915,12
8915,56
8916,40
8916,54
8917,54
8918,54
8919,54
8920,56
8921,25
8921,36
8921,54
8921,56
8922,54
8923,28
8924,54
8924,66
8925,54
8926,54
8927,54
8928,43
8928,54
8929,54
8930,25
8930,26
8930,58
8931,54
8932,54
8933,54
8934,54
8935,25
8935,54
8935,56
8936,28
8936,48
8936,66
8937,25
8937,36
8937,54
8938,54
8939,36
8939,56
8940,36
8940,54
8941,54
8941,56
8942,54
8943,56
8944,54
8945,54
8946,28
8947,54
8948,54
8949,54
8950,7
8950,25
8950,54
8951,54
8952,25
8952,54
8953,13
8953,26
8953,28
8953,30
8953,61
8954,36
8955,25
8955,54
8956,8
8956,54
8957,54
8958,25
8958,54
8959,54
8960,13
8960,27
8960,36
8960,54
8961,11
8961,30
8961,61
8961,66
8962,8
8962,36
8962,56
8963,54
8964,54
8965,12
8965,56
8966,36
8967,28
8968,40
8968,54
8969,54
8969,56
8970,17
8970,43
8970,66
8971,36
8971,54
8972,54
8973,54
8974,54
8975,54
8976,7
8976,36
8977,54
8978,54
8979,54
8980,56
8981,54
8982,8
8982,36
8982,54
8983,54
8984,36
8985,54
8986,54
8987,54
8987,64
8988,25
8988,54
8988,56
8989,8
8989,54
8989,56
8990,8
8990,25
8991,19
8991,25
8991,26
8991,54
8991,61
8992,54
8993,25
8993,54
8994,25
8995,27
8995,36
8996,54
8997,54
8998,54
8999,54
9000,54
9001,36
9001,54
9002,54
9003,54
9004,54
9005,54
9006,36
9007,19
9007,30
9007,37
9007,54
9007,61
9008,25
9008,30
9008,54
9008,61
9009,54
9010,66
9011,28
9012,25
9013,54
9013,61
9014,54
9015,54
9016,1
9016,2
9016,3
9016,17
9016,43
9016,66
9017,54
9018,27
9018,28
9018,66
9019,54
9020,54
9021,25
9021,36
9021,54
9022,54
9023,56
9024,54
9025,54
9025,56
9026,54
9026,66
9027,8
9027,56
9028,7
9028,8
9028,54
9029,54
9030,25
9030,54
9031,25
9031,28
9031,48
9031,54
9031,58
9032,54
9033,54
9034,54
9034,58
9035,54
9036,12
9036,54
9036,59
9036,63
9037,19
9037,30
9037,61
9037,66
9038,25
9039,25
9039,36
9039,54
9040,28
9041,25
9041,54
9041,63
9042,54
9043,54
9044,56
9045,25
9045,54
9046,25
9046,54
9046,56
9047,8
9047,54
9048,54
9048,61
9049,54
9050,54
9051,27
9052,54
9053,25
9053,56
9053,66
9054,56
9055,54
9056,54
9057,1
9057,54
9058,54
9059,40
9059,41
9059,54
9060,54
9061,54
9062,60
9062,66
9063,54
9064,26
9064,27
9065,1
9065,40
9065,56
9066,56
9067,54
9068,25
9068,54
9068,58
9069,25
9069,54
9070,36
9070,54
9070,56
9071,36
9072,54
9073,54
9074,36
9075,25
9075,54
9076,36
9076,54
9076,56
9077,1
9077,54
9078,25
9078,36
9078,54
9079,8
9079,36
9080,54
9081,25
9081,54
9081,56
9082,54
9083,54
9084,54
9085,25
9085,54
9086,25
9087,8
9087,56
9088,54
9089,54
9090,54
9091,28
9091,66
9092,54
9093,25
9093,54
9094,25
9094,54
9095,54
9095,56
9096,28
9097,56
9098,25
9098,54
9099,19
9099,26
9099,36
9099,61
9100,12
9100,54
9100,63
9101,54
9102,54
9103,25
9103,26
9103,27
9103,66
9104,36
9105,64
9105,65
9106,54
9107,12
9107,58
9107,66
9108,25
9109,25
9109,54
9109,56
9110,54
9111,54
9112,54
9113,25
9113,58
9114,25
9115,28
9116,6
9116,26
9116,54
9117,25
9117,54
9118,66
9119,54
9120,8
9120,56
9121,54
9122,7
9122,54
9123,66
9124,54
9125,54
9126,7
9126,8
9126,36
9127,54
9128,8
9128,25
9128,36
9128,54
9128,56
9129,54
9130,54
9131,25
9131,54
9132,56
9133,36
9134,8
9134,54
9134,56
9135,54
9136,25
9136,26
9137,28
9137,36
9137,54
9138,54
9139,54
9140,54
9141,54
9142,54
9143,54
9144,54
9145,54
9146,54
9147,19
9147,61
9147,66
9148,54
9149,54
9150,28
9151,40
9151,56
9152,8
9152,36
9152,56
9153,27
9153,61
9154,36
9154,54
9155,54
9156,56
9157,8
9157,36
9157,54
9157,56
9158,54
9159,54
9160,1
9160,13
9160,27
9160,66
9161,25
9161,54
9162,54
9163,28
9164,54
9165,8
9165,54
9166,54
9167,25
9167,54
9168,25
9168,43
9168,54
9168,66
9169,54
9170,41
9171,54
9172,54
9173,25
9173,26
9174,54
9175,54
9176,54
9177,54
9178,54
9179,29
9179,40
9179,54
9180,11
9180,30
9180,43
9180,66
9181,54
9182,25
9182,26
9183,25
9183,54
9184,54
9185,54
9186,25
9186,54
9187,36
9187,54
9188,25
9188,36
9188,54
9189,54
9190,8
9190,56
9191,54
9192,25
9192,54
9193,54
9193,66
9194,25
9194,54
9195,11
9195,25
9195,56
9195,58
9196,54
9197,8
9197,54
9198,54
9199,54
9200,19
9200,30
9200,66
9201,54
9202,8
9202,54
9202,56
9203,54
9204,13
9204,25
9204,58
9205,54
9206,8
9206,54
9207,12
9207,40
9207,54
9208,54
9209,40
9209,66
9210,13
9210,28
9211,54
9212,25
9212,54
9213,54
9214,54
9215,40
9215,54
9216,54
9217,54
9218,54
9219,54
9220,8
9220,12
9220,25
9221,54
9222,30
9222,61
9222,66
9223,8
9223,25
9223,54
9224,54
9225,54
9226,16
9226,18
9226,36
9227,54
9228,54
9228,56
9229,56
9230,54
9231,28
9232,54
9233,40
9233,44
9233,54
9234,36
9235,54
9236,54
9237,25
9238,25
9239,36
9239,54
9239,58
9240,8
9240,54
9241,54
9242,54
9242,56
9243,54
9244,25
9244,26
9244,54
9244,61
9245,8
9245,25
9245,54
9246,54
9247,8
9247,25
9247,54
9248,13
9248,28
9249,54
9250,54
9251,8
9251,10
9251,54
9251,56
9252,54
9253,54
9254,13
9254,28
9254,66
9255,25
9255,26
9255,54
9255,60
9255,61
9256,54
9257,54
9258,28
9259,25
9259,54
9259,66
9260,25
9260,54
9261,1
9261,40
9261,56
9262,28
9263,8
9263,25
9263,54
9263,56
9264,54
9265,54
9266,56
9267,25
9267,26
9267,54
9267,61
9268,54
9269,54
9270,56
9271,27
9271,58
9271,61
9272,54
9273,25
9273,54
9274,54
9274,56
9275,25
9275,48
9275,54
9275,58
9276,25
9277,56
9278,41
9279,54
9280,25
9280,54
9281,25
9281,54
9282,54
9283,25
9283,26
9284,54
9285,66
9286,54
9287,12
9287,54
9288,36
9289,54
9290,25
9290,36
9290,54
9291,8
9291,36
9292,54
9293,54
9294,54
9295,40
9295,54
9296,25
9297,25
9297,54
9298,25
9298,54
9299,25
9299,26
9300,54
9300,59
9301,25
9301,54
9302,25
9303,54
9304,54
9305,8
9305,54
9306,54
9307,61
9307,66
9308,54
9309,8
9309,44
9309,56
9310,25
9310,26
9310,60
9310,61
9311,3
9311,26
9311,61
9311,66
9312,54
9313,25
9313,66
9314,54
9315,13
9315,27
9315,28
9315,66
9316,36
9317,40
9317,54
9317,63
9318,56
9319,25
9319,54
9320,25
9320,54
9321,54
9322,11
9322,54
9323,54
9324,54
9325,54
9326,36
9326,54
9327,36
9328,54
9329,54
9330,25
9330,54
9331,54
9332,25
9332,54
9332,66
9333,36
9333,58
9334,25
9334,26
9334,54
9334,61
9335,7
9335,8
9335,36
9335,54
9336,25
9337,3
9337,66
9338,54
9339,54
9340,36
9341,54
9342,54
9343,28
9343,43
9344,25
9345,25
9345,54
9346,36
9347,54
9348,36
9348,54
9348,56
9349,54
9350,54
9350,56
9351,54
9351,57
9352,54
9353,28
9353,56
9354,12
9354,56
9355,7
9355,8
9355,54
9356,54
9357,25
9357,26
9358,25
9358,54
9359,28
9360,28
9361,54
9362,54
9363,25
9363,26
9364,54
9365,54
9366,36
9366,54
9367,27
9367,61
9368,54
9369,54
9370,54
9371,8
9371,54
9372,54
9373,54
9374,54
9375,54
9376,36
9377,54
9378,1
9378,54
9379,12
9379,25
9379,54
9379,63
9380,12
9380,54
9381,36
9382,56
9383,36
9383,54
9384,36
9384,54
9385,1
9385,54
9385,66
9386,13
9386,25
9387,54
9388,25
9388,36
9388,54
9388,56
9389,36
9389,54
9390,1
9390,36
9390,40
9390,54
9390,56
9391,36
9391,56
9392,8
9392,56
9393,54
9394,28
9395,54
9396,36
9396,54
9397,8
9397,25
9397,36
9397,54
9397,56
9398,25
9398,54
9399,44
9399,54
9400,54
9401,40
9401,54
9402,8
9402,56
9403,54
9404,25
9404,48
9404,54
9405,54
9406,36
9407,25
9407,26
9407,54
9407,56
9407,61
9408,42
9408,54
9409,36
9410,54
9411,54
9412,25
9412,54
9413,54
9414,54
9414,56
9415,54
9416,1
9416,54
9417,56
9417,59
9418,54
9419,54
9420,54
9421,36
9422,54
9423,11
9423,28
9424,54
9425,25
9425,27
9426,26
9426,61
9426,66
9427,54
9428,54
9429,54
9430,54
9431,8
9431,36
9432,28
9432,66
9433,54
9434,54
9435,54
9436,54
9437,54
9438,54
9439,54
9440,54
9441,8
9441,54
9441,56
9442,36
9442,54
9443,56
9444,54
9445,54
9446,25
9446,54
9447,54
9447,60
9448,25
9448,36
9448,54
9449,36
9449,54
9450,25
9451,54
9452,54
9453,8
9453,56
9454,54
9455,54
9456,54
9457,54
9458,54
9459,8
9459,54
9459,56
9460,25
9460,26
9460,54
9460,61
9461,8
9461,54
9461,56
9462,25
9463,54
9464,54
9465,25
9465,54
9466,54
9467,27
9467,54
9468,27
9468,28
9468,66
9469,25
9469,54
9469,56
9470,54
9470,61
9471,54
9472,8
9472,13
9472,28
9473,25
9474,8
9474,36
9474,56
9475,25
9475,26
9476,7
9476,66
9477,54
9478,54
9479,36
9479,54
9480,54
9481,25
9481,28
9481,54
9482,54
9482,66
9483,54
9484,54
9485,25
9485,54
9486,54
9487,54
9488,54
9489,54
9490,54
9491,54
9492,66
9493,54
9494,28
9495,25
9495,54
9496,54
9497,36
9497,54
9498,54
9499,28
9500,54
9501,25
9501,54
9501,56
9502,25
9503,36
9504,25
9504,54
9505,13
9505,66
9506,25
9506,26
9506,54
9506,61
9507,25
9508,54
9509,66
9510,25
9511,1
9511,40
9511,56
9512,54
9513,40
9513,56
9514,54
9515,25
9515,26
9515,54
9515,61
9516,27
9516,61
9517,54
9518,54
9519,27
9519,36
9520,54
9521,25
9522,54
9523,25
9523,26
9523,43
9523,54
9523,66
9524,36
9525,54
9526,54
9527,54
9528,54
9529,26
9529,54
9529,66
9530,54
9531,25
9532,25
9532,26
9532,54
9533,54
9534,25
9534,26
9535,25
9535,54
9536,11
9536,54
9537,8
9537,54
9537,56
9538,54
9539,54
9540,54
9541,66
9542,8
9542,36
9542,54
9543,25
9543,26
9544,25
9544,26
9545,13
9545,54
9546,28
9547,1
9547,13
9547,28
9548,54
9549,54
9550,36
9551,25
9551,54
9551,66
9552,27
9552,66
9553,28
9554,54
9555,8
9555,36
9555,54
9556,54
9557,25
9557,41
9557,54
9557,57
9557,59
9558,54
9559,8
9559,18
9559,56
9560,56
9561,8
9561,54
9562,28
9563,16
9563,54
9564,54
9565,54
9566,8
9566,36
9567,54
9568,54
9568,56
9569,8
9569,54
9570,54
9570,56
9571,25
9571,54
9572,66
9573,25
9573,54
9574,56
9575,8
9575,36
9576,54
9577,8
9577,54
9578,54
9579,25
9579,36
9579,54
9580,54
9581,25
9581,54
9581,58
9582,8
9582,54
9583,13
9583,28
9583,66
9584,54
9585,36
9586,25
9586,26
9587,54
9588,54
9589,54
9590,54
9591,36
9591,54
9592,1
9592,2
9592,17
9592,66
9593,19
9593,36
9593,54
9593,58
9593,61
9594,54
9595,25
9595,54
9596,25
9596,54
9597,54
9598,25
9598,61
9599,26
9599,43
9599,54
9600,54
9601,54
9602,19
9602,26
9602,61
9602,66
9603,19
9603,26
9603,61
9603,66
9604,25
9604,54
9604,59
9605,25
9605,54
9606,54
9607,32
9607,66
9608,25
9609,54
9610,25
9610,26
9611,36
9611,54
9612,54
9613,25
9613,54
9614,25
9614,54
9615,36
9616,8
9616,54
9617,56
9618,54
9618,56
9619,54
9620,36
9620,54
9621,54
9622,25
9623,54
9624,54
9625,54
9625,66
9626,25
9627,54
9628,54
9629,54
9630,54
9631,54
9632,25
9632,54
9633,54
9634,25
9634,54
9635,2
9635,43
9635,54
9636,54
9637,8
9637,25
9638,54
9639,8
9639,54
9640,25
9640,26
9640,61
9641,25
9641,26
9642,54
9643,25
9643,54
9644,8
9644,54
9645,36
9645,54
9646,13
9646,66
9647,54
9648,36
9648,54
9649,7
9649,25
9649,54
9650,54
9651,25
9651,48
9651,54
9651,58
9652,36
9652,54
9653,54
9654,54
9655,56
9656,54
9657,4
9657,28
9658,54
9659,54
9660,54
9661,25
9661,54
9661,56
9662,54
9663,8
9663,54
9663,56
9664,25
9664,54
9665,54
9666,54
9667,54
9668,7
9668,8
9668,54
9669,25
9669,66
9670,54
9671,54
9672,25
9672,54
9673,28
9674,54
9675,54
9676,54
9677,25
9677,26
9678,7
9678,12
9678,54
9679,8
9679,56
9680,54
9681,2
9681,17
9681,28
9681,66
9682,25
9682,54
9683,56
9684,54
9685,54
9686,25
9687,28
9688,54
9689,54
9690,25
9690,54
9691,25
9691,54
9692,54
9693,8
9693,54
9693,56
9694,64
9694,65
9695,8
9695,56
9696,54
9697,25
9698,19
9698,26
9698,30
9698,60
9698,61
9698,66
9699,25
9699,54
9700,54
9701,54
9702,25
9702,54
9703,54
9704,25
9704,36
9704,54
9705,25
9705,26
9706,54
9707,25
9707,36
9707,54
9708,25
9709,1
9709,13
9709,66
9710,54
9711,36
9711,54
9711,56
9712,36
9713,28
9714,66
9715,40
9715,66
9716,25
9716,54
9717,54
9718,54
9719,25
9719,54
9720,54
9721,54
9722,54
9723,54
9724,54
9725,25
9725,26
9726,54
9727,25
9727,26
9727,54
9727,61
9728,54
9729,27
9730,56
9731,54
9732,54
9732,66
9733,25
9733,54
9734,28
9735,8
9735,54
9736,54
9737,28
9737,48
9737,58
9738,28
9739,30
9739,66
9740,25
9740,54
9741,56
9742,25
9742,54
9742,66
9743,56
9744,36
9744,54
9745,25
9745,26
9746,54
9747,25
9748,36
9748,54
9749,25
9749,26
9750,54
9751,54
9752,54
9753,18
9753,56
9754,54
9755,1
9755,36
9756,54
9757,54
9758,54
9759,25
9760,54
9761,27
9761,28
9761,54
9761,66
9762,8
9762,18
9762,56
9763,8
9763,9
9763,54
9763,56
9764,54
9765,25
9765,54
9765,56
9766,28
9767,25
9767,54
9768,61
9768,66
9769,54
9770,54
9771,54
9772,56
9773,66
9774,3
9774,43
9774,66
9775,54
9776,54
9777,36
9778,54
9779,26
9779,27
9780,11
9780,54
9781,54
9782,54
9783,54
9784,25
9785,56
9786,54
9787,66
9788,54
9789,36
9789,54
9790,25
9790,54
9791,54
9792,25
9792,26
9793,54
9794,26
9794,61
9794,66
9795,25
9796,36
9796,54
9797,54
9798,36
9799,8
9799,54
9799,56
9800,25
9801,25
9801,54
9802,54
9803,36
9803,54
9804,54
9805,25
9806,36
9806,54
9806,56
9807,28
9808,54
9809,54
9810,25
9810,26
9811,54
9812,54
9813,54
9814,36
9814,54
9815,13
9815,28
9816,28
9817,54
9818,8
9818,36
9819,25
9819,26
9820,8
9820,56
9821,26
9821,61
9821,66
9822,54
9823,25
9824,54
9825,54
9826,25
9826,27
9826,54
9826,61
9827,25
9827,40
9827,48
9827,54
9827,58
9828,8
9828,18
9828,25
9828,48
9828,54
9829,7
9829,35
9829,44
9829,54
9830,25
9831,54
9832,54
9833,54
9834,54
9835,54
9836,25
9836,36
9836,54
9837,54
9838,36
9838,54
9838,56
9839,25
9839,36
9839,54
9840,25
9840,54
9841,25
9841,54
9842,25
9842,26
9842,27
9842,30
9842,43
9842,61
9842,66
9843,36
9843,54
9843,56
9844,54
9844,56
9845,54
9846,54
9846,56
9847,17
9847,66
9848,54
9849,36
9849,54
9849,56
9850,54
9851,25
9851,54
9852,12
9852,54
9853,54
9854,54
9855,54
9856,36
9856,56
9857,56
9858,25
9858,26
9859,12
9859,28
9859,36
9859,54
9859,66
9860,54
9861,54
9862,54
9863,54
9864,25
9864,26
9864,54
9864,61
9865,8
9865,54
9865,56
9866,28
9866,54
9867,54
9868,29
9868,40
9868,56
9869,54
9870,66
9871,7
9871,8
9871,54
9872,25
9872,40
9872,48
9872,54
9872,58
9873,25
9873,54
9874,8
9874,54
9875,54
9876,54
9876,56
9877,54
9878,56
9879,11
9879,26
9879,27
9879,30
9879,61
9879,66
9880,54
9881,54
9882,8
9882,25
9882,48
9882,54
9883,56
9884,28
9885,25
9885,54
9886,27
9886,66
9887,54
9888,54
9889,8
9889,26
9889,27
9890,7
9890,36
9891,36
9891,54
9892,54
9892,56
9893,54
9894,8
9894,54
9894,56
9895,36
9896,8
9896,25
9896,54
9897,54
9898,54
9899,54
9900,8
9900,56
9901,25
9901,26
9901,54
9901,66
9902,54
9903,66
9904,54
9905,54
9906,25
9906,60
9907,54
9908,54
9909,25
9909,54
9910,54
9911,13
9911,28
9911,54
9911,66
9912,54
9913,8
9913,54
9914,54
9915,64
9915,65
9916,8
9916,36
9916,54
9917,54
9918,54
9919,25
9919,54
9920,5
9920,10
9920,56
9921,54
9922,54
9923,54
9924,54
9924,61
9925,54
9926,36
9926,54
9927,28
9928,56
9928,60
9929,8
9929,54
9930,8
9930,56
9931,8
9931,56
9932,1
9932,54
9933,54
9934,25
9934,54
9935,54
9936,54
9937,54
9938,56
9939,25
9939,54
9940,54
9941,8
9941,56
9942,54
9943,54
9944,56
9945,54
9946,13
9946,28
9946,66
9947,54
9948,54
9949,25
9949,54
9950,56
9951,54
9952,54
9953,25
9953,54
9954,36
9955,54
9956,54
9956,56
9957,54
9958,66
9959,54
9960,54
9961,54
9962,26
9962,54
9962,61
9963,54
9964,54
9965,25
9965,54
9966,8
9966,28
9966,54
9967,56
9968,54
9969,28
9969,48
9970,25
9971,8
9971,56
9972,54
9973,56
9974,36
9974,54
9974,56
9975,25
9975,54
9976,36
9977,36
9978,54
9979,54
9980,54
9980,56
9981,54
9982,56
9983,54
9984,54
9985,54
9986,54
9987,27
9987,54
9988,28
9988,66
9989,54
9990,25
9990,54
9991,25
9991,52
9991,54
9991,66
9992,54
9993,25
9993,66
9994,25
9995,25
9996,54
9997,19
9997,26
9997,61
9997,66
9998,13
9998,28
9999,25
9999,54
10000,54
10001,54
10002,54
10003,27
10004,36
10004,54
10005,28
10006,25
10006,26
10006,54
10006,61
10007,56
10008,40
10008,54
10009,54
10010,25
10011,54
10012,54
10013,56
10014,54
10015,27
10015,54
10016,54
10017,54
10017,59
10018,25
10019,54
10020,54
10021,54
10022,54
10023,54
10024,25
10024,58
10024,66
10025,56
10026,28
10026,48
10027,25
10028,25
10029,6
10029,54
10030,56
10031,25
10032,54
10033,41
10033,54
10034,54
10034,61
10035,54
10036,36
10036,54
10037,8
10037,56
10038,25
10038,54
10039,54
10039,61
10040,54
10041,28
10042,36
10042,54
10043,54
10044,19
10044,26
10044,27
10044,40
10044,52
10044,61
10045,56
10046,54
10046,63
10047,66
10048,54
10049,56
10050,54
10051,7
10051,8
10051,56
10052,54
10053,54
10054,54
10055,54
10056,36
10056,54
10057,8
10057,25
10057,54
10058,54
10059,25
10059,54
10060,25
10060,54
10061,8
10061,54
10062,54
10063,8
10063,54
10064,54
10065,40
10065,54
10066,7
10066,8
10066,12
10066,25
10067,53
10067,56
10067,59
10068,25
10068,36
10068,54
10069,54
10069,56
10070,54
10071,40
10071,54
10072,54
10073,54
10074,13
10074,17
10074,36
10074,54
10074,66
10075,25
10075,26
10076,54
10077,25
10077,54
10078,25
10079,54
10080,8
10080,13
10080,25
10080,27
10080,36
10081,66
10082,54
10082,61
10083,3
10083,43
10083,66
10084,56
10085,36
10086,36
10087,36
10087,56
10088,54
10089,54
10090,54
10090,63
10091,8
10091,56
10092,25
10092,54
10093,27
10093,40
10093,54
10093,60
10094,8
10094,56
10095,54
10096,54
10097,28
10098,25
10098,36
10098,54
10099,36
10099,54
10099,56
10100,1
10100,40
10100,56
10101,56
10102,36
10102,66
10103,54
10104,25
10105,54
10106,40
10106,54
10107,54
10108,54
10109,54
10110,54
10111,25
10111,26
10112,36
10112,54
10113,25
10113,54
10114,54
10115,8
10115,54
10116,25
10116,54
10117,3
10117,27
10117,61
10117,66
10118,54
10119,56
10120,8
10120,56
10121,54
10122,54
10123,1
10123,54
10124,8
10124,25
10124,54
10125,28
10126,27
10126,36
10126,61
10126,66
10127,56
10128,36
10128,54
10129,54
10130,25
10131,54
10131,56
10132,25
10132,54
10133,54
10134,25
10135,25
10135,26
10136,28
10137,36
10137,54
10138,54
10139,36
10139,58
10140,56
10141,8
10141,56
10142,54
10143,25
10143,54
10144,54
10145,54
10146,54
10147,36
10148,36
10148,54
10149,36
10150,56
10151,54
10152,54
10153,54
10154,56
10155,56
10156,66
10157,54
10158,25
10158,28
10158,54
10159,66
10160,25
10160,66
10161,13
10161,28
10162,54
10163,54
10164,36
10164,54
10165,25
10165,54
10166,54
10167,54
10168,54
10169,54
10170,25
10171,54
10172,36
10172,54
10172,56
10173,25
10173,36
10174,54
10175,54
10176,28
10177,54
10178,40
10178,54
10179,54
10180,54
10181,54
10182,1
10182,54
10183,66
10184,56
10185,54
10186,25
10186,54
10187,36
10188,25
10188,26
10188,54
10188,61
10189,40
10189,41
10189,54
10189,59
10190,54
10191,11
10191,13
10191,66
10192,54
10193,66
10194,54
10195,54
10196,56
10197,25
10197,54
10198,54
10199,26
10199,66
10200,25
10200,26
10200,54
10201,13
10201,66
10202,2
10202,8
10202,54
10202,56
10203,12
10203,54
10204,25
10204,26
10205,25
10205,26
10205,54
10205,66
10206,54
10207,54
10208,54
10209,54
10210,8
10210,56
10211,54
10212,36
10212,58
10213,19
10213,66
10214,28
10215,54
10216,54
10217,28
10217,48
10218,54
10219,54
10220,36
10220,54
10221,54
10222,54
10223,25
10223,54
10224,54
10225,54
10226,54
10227,1
10227,54
10228,25
10228,54
10228,66
10229,54
10230,54
10230,61
10231,25
10232,66
10233,54
10234,36
10235,8
10235,25
10235,28
10235,60
10236,28
10237,36
10237,54
10237,56
10238,54
10239,54
10240,56
10241,54
10242,54
10243,54
10244,25
10245,54
10246,1
10246,40
10246,56
10247,54
10248,7
10248,54
10249,28
10250,54
10251,10
10251,27
10251,54
10251,56
10252,54
10253,28
10254,25
10254,54
10255,28
10256,25
10257,25
10257,26
10257,61
10258,25
10258,54
10259,54
10260,1
10260,54
10261,36
10261,54
10262,54
10263,25
10263,26
10263,54
10263,61
10264,54
10265,36
10265,54
10266,28
10266,43
10267,54
10268,56
10269,54
10270,54
10271,25
10271,54
10272,28
10273,54
10274,54
10275,40
10275,54
10276,54
10277,25
10278,13
10278,28
10278,54
10279,25
10279,41
10279,64
10280,56
10281,54
10281,59
10282,54
10283,54
10284,28
10285,54
10286,54
10287,54
10288,8
10288,25
10288,27
10288,36
10288,54
10289,25
10289,54
10290,36
10291,54
10291,61
10292,27
10292,40
10293,54
10294,25
10294,28
10294,66
10295,8
10295,54
10296,54
10297,54
10297,56
10298,25
10298,54
10299,25
10300,26
10300,27
10300,61
10301,54
10302,54
10303,28
10304,54
10305,28
10306,11
10306,25
10306,54
10307,25
10307,54
10308,8
10308,56
10309,25
10309,54
10310,54
10311,8
10311,36
10312,54
10313,44
10313,54
10313,59
10314,54
10315,54
10316,54
10317,25
10317,54
10317,56
10318,25
10319,26
10319,61
10319,66
10320,28
10321,54
10322,25
10323,54
10324,54
10325,56
10326,25
10326,26
10326,54
10326,61
10327,25
10327,26
10328,25
10328,54
10329,54
10330,54
10331,54
10332,56
10333,3
10333,27
10334,11
10334,28
10335,66
10336,25
10336,54
10337,28
10338,54
10339,52
10339,54
10340,28
10341,54
10342,25
10342,36
10342,54
10343,54
10344,54
10345,54
10346,54
10347,54
10348,11
10348,54
10349,54
10350,54
10350,56
10351,8
10351,54
10351,56
10352,28
10353,54
10354,54
10355,27
10355,66
10356,54
10357,56
10358,54
10359,12
10359,54
10360,8
10360,66
10361,54
10362,36
10362,54
10363,25
10363,54
10364,8
10364,56
10365,66
10366,28
10367,54
10368,8
10368,36
10368,54
10368,56
10369,54
10370,54
10370,66
10371,28
10372,54
10373,54
10374,8
10374,54
10374,56
10375,54
10376,28
10377,54
10378,25
10378,54
10379,54
10380,56
10381,54
10382,19
10382,26
10382,66
10383,11
10383,28
10384,54
10385,25
10385,54
10386,51
10386,54
10386,56
10387,28
10388,54
10389,54
10390,36
10390,54
10391,8
10391,56
10392,36
10392,54
10393,54
10394,7
10394,8
10394,10
10394,54
10395,54
10396,3
10396,27
10396,43
10396,66
10397,26
10397,54
10397,61
10398,25
10398,54
10399,8
10399,12
10399,36
10399,54
10399,56
10400,8
10400,36
10401,54
10402,27
10402,66
10403,56
10404,25
10404,54
10404,58
10404,61
10405,3
10405,27
10405,43
10405,66
10406,54
10407,8
10407,36
10407,54
10408,56
10409,54
10409,56
10410,7
10410,10
10410,25
10410,36
10410,40
10410,54
10411,25
10411,26
10411,54
10411,56
10411,61
10412,54
10413,36
10413,54
10414,54
10415,25
10416,28
10417,25
10417,54
10418,25
10418,54
10419,27
10419,43
10419,66
10420,54
10421,25
10421,26
10422,25
10422,26
10423,25
10423,54
10424,54
10425,54
10426,54
10427,54
10428,54
10429,54
10430,43
10430,66
10431,54
10432,54
10433,25
10433,61
10434,54
10435,56
10436,56
10437,54
10438,8
10438,10
10438,49
10438,54
10438,56
10439,54
10440,26
10440,54
10440,66
10441,66
10442,54
10443,13
10443,66
10444,7
10444,8
10444,12
10444,65
10445,25
10445,30
10445,40
10445,61
10445,66
10446,54
10447,54
10448,56
10449,54
10450,36
10450,54
10451,54
10452,8
10452,54
10452,56
10453,36
10453,54
10454,8
10454,56
10455,8
10455,56
10456,8
10456,25
10456,36
10456,54
10457,54
10458,25
10458,54
10458,56
10459,54
10460,19
10460,26
10460,54
10460,61
10461,25
10461,52
10461,54
10461,66
10462,54
10463,66
10464,13
10464,28
10464,54
10465,54
10466,8
10466,54
10467,54
10468,25
10468,26
10469,6
10469,13
10469,27
10470,54
10471,25
10472,54
10472,56
10473,54
10474,54
10475,25
10475,54
10476,19
10476,25
10476,27
10476,54
10476,61
10477,36
10477,54
10478,54
10479,25
10479,36
10479,54
10480,25
10480,36
10480,54
10481,25
10481,26
10482,28
10483,54
10484,54
10485,8
10485,25
10485,36
10485,54
10486,54
10486,58
10487,54
10487,58
10488,25
10489,54
10490,6
10490,25
10490,49
10490,54
10491,36
10492,26
10492,27
10492,30
10492,61
10492,66
10493,54
10494,54
10495,8
10495,18
10495,56
10496,54
10497,25
10497,26
10498,54
10499,54
10500,54
10501,13
10501,66
10502,13
10502,26
10502,66
10503,25
10504,7
10504,8
10504,36
10504,54
10505,54
10506,56
10507,54
10508,54
10508,56
10509,56
10510,25
10511,54
10512,25
10512,54
10513,54
10514,54
10515,54
10516,54
10517,56
10518,54
10519,54
10519,58
10520,54
10521,54
10522,25
10522,54
10523,54
10524,28
10525,13
10525,27
10525,28
10525,66
10526,54
10527,54
10528,54
10529,25
10529,26
10530,54
10531,25
10532,25
10532,54
10533,36
10533,54
10534,25
10534,58
10535,54
10535,64
10535,65
10536,25
10537,28
10538,8
10538,25
10538,54
10539,54
10540,54
10541,25
10541,54
10542,54
10543,28
10543,43
10544,27
10545,40
10545,44
10545,54
10546,54
10547,11
10547,13
10547,28
10548,25
10548,26
10548,54
10548,61
10549,54
10550,11
10550,30
10550,61
10550,66
10551,54
10552,25
10552,54
10553,54
10554,54
10555,12
10555,66
10556,54
10557,54
10558,25
10558,54
10559,8
10559,10
10559,54
10559,56
10560,54
10561,54
10562,54
10563,7
10563,8
10563,10
10563,54
10564,54
10565,25
10565,26
10565,54
10565,61
10566,25
10567,54
10568,28
10569,23
10569,28
10570,54
10571,25
10571,36
10572,54
10573,7
10573,8
10573,10
10573,56
10574,54
10575,66
10576,54
10577,36
10577,54
10578,36
10578,54
10578,56
10579,54
10580,25
10580,27
10580,54
10581,54
10582,25
10582,54
10582,56
10583,54
10584,54
10585,30
10585,43
10585,66
10586,28
10586,36
10587,25
10587,54
10588,54
10589,27
10589,28
10590,54
10591,25
10591,26
10591,54
10591,61
10592,25
10592,26
10593,25
10593,54
10594,56
10595,25
10596,54
10597,54
10598,36
10598,54
10599,25
10599,54
10600,66
10601,54
10602,28
10603,60
10603,66
10604,36
10605,25
10605,26
10605,54
10605,61
10606,54
10606,56
10607,54
10608,27
10608,54
10609,13
10609,25
10609,54
10610,54
10611,26
10611,54
10612,54
10612,56
10613,54
10614,8
10614,10
10614,12
10614,40
10614,54
10615,25
10615,54
10616,8
10616,54
10616,56
10617,54
10618,11
10618,28
10619,54
10620,54
10621,54
10622,25
10622,26
10622,54
10622,61
10623,54
10624,54
10625,26
10625,27
10625,61
10626,54
10627,56
10628,8
10628,54
10629,54
10630,54
10631,54
10632,54
10632,64
10633,36
10633,54
10634,25
10635,54
10636,36
10636,66
10637,25
10637,54
10638,54
10639,25
10639,54
10640,54
10641,36
10641,54
10642,54
10643,36
10643,54
10644,25
10644,54
10645,7
10645,8
10645,10
10645,54
10646,54
10647,54
10648,25
10649,54
10650,40
10650,54
10651,54
10652,58
10652,66
10653,36
10654,25
10654,58
10655,56
10656,28
10656,43
10657,54
10658,26
10658,54
10658,61
10659,36
10659,54
10659,56
10660,27
10660,61
10661,54
10662,54
10663,54
10664,1
10664,17
10664,66
10665,36
10665,54
10665,58
10666,54
10667,54
10668,54
10668,66
10669,25
10669,54
10670,54
10671,25
10671,54
10672,54
10673,26
10673,27
10673,61
10674,54
10675,25
10676,56
10677,54
10678,54
10679,25
10679,26
10680,11
10680,54
10681,54
10682,25
10682,26
10682,54
10682,61
10683,25
10683,54
10684,54
10685,36
10685,54
10686,54
10687,36
10688,54
10689,54
10689,56
10690,25
10690,54
10691,54
10692,40
10692,54
10693,54
10694,54
10695,25
10695,26
10695,54
10695,61
10696,25
10696,48
10696,54
10697,54
10697,63
10698,54
10699,28
10700,1
10700,2
10700,17
10700,66
10701,54
10702,40
10702,54
10703,8
10703,56
10704,54
10705,25
10705,54
10706,7
10706,25
10706,54
10706,58
10707,25
10707,26
10708,3
10708,27
10708,61
10708,66
10709,54
10710,54
10711,28
10711,66
10712,13
10712,27
10712,28
10712,66
10713,54
10714,54
10715,54
10716,66
10717,54
10718,54
10719,29
10719,36
10719,54
10720,54
10721,28
10722,54
10723,8
10723,36
10723,54
10724,28
10725,54
10726,28
10726,48
10727,25
10727,26
10727,54
10727,61
10728,54
10728,56
10729,25
10730,19
10730,26
10730,54
10730,61
10731,25
10731,54
10732,25
10733,40
10733,58
10733,66
10734,36
10735,25
10736,28
10737,54
10738,54
10739,54
10740,54
10741,54
10742,54
10743,28
10744,66
10745,25
10745,36
10745,54
10746,36
10747,40
10747,54
10748,36
10749,54
10750,54
10751,54
10752,54
10753,25
10753,26
10753,27
10753,54
10753,61
10753,66
10754,28
10755,54
10756,25
10756,26
10756,54
10756,61
10757,25
10757,36
10757,54
10758,54
10759,16
10759,54
10760,7
10760,8
10760,54
10760,56
10761,41
10761,54
10762,54
10763,54
10764,54
10765,54
10766,54
10767,25
10768,54
10769,5
10769,10
10769,54
10770,26
10770,61
10770,66
10771,13
10771,17
10771,27
10771,66
10772,54
10773,28
10774,54
10774,66
10775,54
10776,54
10777,54
10778,36
10779,54
10780,54
10781,54
10782,54
10783,8
10783,54
10783,56
10784,54
10785,54
10786,8
10786,54
10787,26
10787,54
10788,56
10789,25
10789,54
10789,56
10790,54
10791,54
10792,8
10792,36
10793,54
10794,8
10794,54
10794,56
10795,36
10795,58
10796,36
10796,54
10797,25
10797,36
10797,54
10798,54
10799,26
10799,54
10799,61
10800,12
10800,54
10801,28
10802,54
10803,54
10804,8
10804,54
10805,36
10805,54
10806,28
10806,43
10807,25
10807,36
10807,54
10808,3
10808,8
10808,54
10809,56
10810,7
10810,36
10810,54
10811,54
10812,36
10812,54
10813,25
10813,59
10814,54
10814,58
10815,54
10816,54
10817,54
10818,56
10819,2
10819,13
10819,28
10820,54
10821,25
10821,54
10822,11
10822,28
10823,40
10823,54
10824,36
10824,54
10825,25
10825,36
10825,54
10826,25
10826,54
10827,36
10827,54
10828,58
10828,66
10829,54
10830,8
10830,36
10831,54
10832,26
10832,54
10833,54
10834,66
10835,40
10835,54
10836,54
10836,66
10837,25
10837,54
10838,56
10839,25
10840,54
10841,26
10841,66
10842,8
10842,54
10842,56
10843,54
10844,66
10845,28
10846,54
10847,54
10848,54
10849,54
10850,54
10851,40
10851,54
10851,63
10852,8
10852,54
10853,25
10853,54
10854,1
10854,17
10854,54
10855,25
10855,54
10856,8
10856,25
10857,54
10858,25
10858,36
10858,54
10858,56
10859,54
10860,54
10860,56
10860,59
10861,8
10861,66
10862,25
10862,36
10862,54
10863,12
10863,58
10863,66
10864,54
10865,28
10865,66
10866,66
10867,54
10868,54
10869,40
10869,54
10870,13
10870,27
10870,28
10871,36
10872,54
10873,54
10874,38
10874,54
10875,8
10875,56
10876,36
10877,25
10877,26
10878,25
10878,48
10878,54
10878,58
10879,54
10880,13
10880,19
10880,30
10880,54
10880,61
10881,54
10882,54
10883,54
10884,54
10885,8
10885,54
10886,54
10887,25
10888,54
10889,25
10889,54
10890,36
10890,54
10891,36
10892,54
10893,54
10894,25
10895,25
10895,26
10895,61
10896,54
10897,12
10897,36
10898,54
10899,40
10899,54
10900,25
10900,66
10901,27
10901,28
10901,66
10902,54
10903,11
10903,54
10904,54
10905,36
10906,7
10906,8
10906,12
10906,44
10906,54
10907,54
10908,54
10909,8
10909,54
10909,56
10910,25
10910,26
10911,12
10911,54
10911,63
10912,54
10913,54
10914,54
10915,8
10915,65
10916,54
10917,28
10918,36
10918,54
10918,56
10919,25
10919,54
10919,61
10920,36
10920,40
10921,54
10921,56
10922,54
10923,54
10924,28
10925,54
10926,54
10927,54
10928,54
10929,25
10930,56
10931,54
10932,54
10933,54
10934,36
10934,54
10935,54
10936,54
10937,54
10938,8
10938,54
10939,8
10939,56
10940,54
10941,54
10942,37
10942,61
10942,66
10943,25
10944,54
10945,8
10945,25
10945,56
10946,12
10946,66
10947,56
10948,54
10949,54
10950,25
10951,54
10952,7
10952,8
10952,54
10953,17
10953,40
10953,44
10953,66
10954,54
10955,36
10956,25
10956,26
10956,54
10957,25
10957,58
10958,25
10958,54
10959,54
10960,36
10960,54
10961,40
10961,54
10962,25
10962,54
10963,54
10964,54
10965,54
10966,54
10967,25
10968,5
10968,7
10968,25
10968,54
10969,56
10970,11
10970,28
10971,26
10971,61
10971,66
10972,54
10973,28
10974,54
10975,8
10975,54
10975,56
10976,54
10977,56
10978,25
10978,36
10978,54
10979,54
10980,36
10981,25
10981,66
10982,25
10982,54
10983,25
10984,54
10985,54
10986,54
10986,63
10987,54
10988,54
10989,54
10989,63
10990,54
10991,54
10992,28
10992,36
10992,54
10992,56
10992,66
10993,36
10993,54
10994,40
10994,54
10995,9
10995,54
10995,58
10996,54
10997,54
10998,56
10999,54
11000,8
11000,36
11000,54
11000,56
11001,54
11002,25
11002,54
11002,58
11003,27
11003,28
11003,66
11004,8
11004,25
11004,36
11004,54
11005,25
11005,26
11006,13
11006,60
11006,66
11007,41
11008,54
11009,54
11010,36
11010,54
11011,25
11011,27
11011,56
11011,66
11012,66
11013,21
11013,54
11014,54
11015,54
11016,54
11017,8
11017,54
11018,23
11018,54
11019,54
11020,54
11021,27
11021,54
11021,66
11022,25
11022,26
11022,54
11023,19
11023,26
11023,54
11023,61
11024,54
11025,25
11025,36
11025,66
11026,26
11026,66
11027,54
11028,54
11029,8
11029,54
11029,56
11030,36
11030,54
11031,11
11031,30
11031,66
11032,54
11033,1
11033,40
11033,56
11034,28
11035,25
11036,56
11036,59
11037,54
11038,54
11039,32
11039,54
11039,66
11040,40
11040,54
11041,54
11042,56
11043,54
11044,54
11045,54
11046,54
11047,54
11048,8
11048,25
11048,54
11049,54
11050,54
11051,54
11052,28
11053,54
11054,54
11055,36
11055,58
11056,25
11056,27
11057,54
11058,54
11059,54
11060,54
11061,28
11061,66
11062,8
11062,56
11063,8
11063,54
11064,25
11064,26
11064,27
11064,54
11064,61
11065,3
11065,36
11065,56
11065,66
11066,1
11066,54
11067,26
11067,66
11068,54
11069,10
11069,54
11069,56
11069,59
11070,25
11070,54
11071,54
11071,63
11072,25
11072,26
11072,54
11072,61
11073,54
11074,36
11075,7
11075,54
11076,54
11077,66
11078,12
11078,54
11079,54
11080,54
11081,54
11082,25
11082,28
11083,36
11083,54
11084,25
11084,28
11084,54
11085,54
11086,25
11087,28
11088,54
11089,25
11089,54
11090,25
11090,54
11091,54
11091,66
11092,21
11092,33
11092,36
11092,44
11092,47
11092,56
11092,66
11093,49
11094,57
11095,54
11095,58
11096,22
11096,54
11097,7
11097,49
11099,4
11099,40
11099,49
11100,25
11100,33
11100,36
11100,54
11101,16
11101,18
11101,40
11102,40
11102,47
11102,54
11103,49
11104,54
11104,55
11104,58
11105,11
11105,33
11105,54
11106,54
11107,33
11107,54
11108,26
11108,54
11109,40
11109,47
11109,58
11109,66
11110,61
11111,2
11111,13
11111,27
11111,28
11111,33
11111,54
11112,36
11112,54
11113,16
11114,26
11114,61
11115,16
11115,26
11115,40
11115,61
11116,7
11116,8
11116,12
11116,36
11116,54
11116,55
11116,56
11116,63
11116,64
11117,54
11118,11
11118,33
11118,40
11118,54
11119,51
11120,5
11120,33
11120,38
11120,40
11120,49
11120,54
11121,16
11121,21
11122,33
11122,54
11123,19
11123,26
11123,61
11124,33
11124,54
11125,19
11125,58
11126,12
11126,36
11126,59
11127,54
11128,2
11128,13
11128,25
11128,27
11128,28
11128,34
11128,54
11128,66
11129,11
11129,33
11129,36
11129,54
11129,66
11130,58
11131,26
11131,61
11132,19
11132,26
11132,61
11133,16
11133,18
11133,40
11134,43
11135,33
11135,54
11136,33
11136,39
11136,64
11136,65
11137,25
11137,33
11137,52
11137,54
11138,8
11138,40
11139,20
11140,13
11141,8
11142,13
11142,27
11142,28
11142,39
11142,66
11143,49
11144,16
11144,40
11146,25
11146,47
11146,58
11147,54
11147,66
11148,25
11148,33
11148,40
11148,47
11148,54
11148,58
11149,20
11150,36
11150,54
11150,55
11151,27
11151,66
11153,20
11154,20
11155,21
11155,26
11155,61
11156,18
11157,36
11157,54
11158,33
11158,41
11158,54
11159,19
11159,26
11159,54
11160,16
11161,26
11162,54
11163,8
11163,40
11164,8
11164,15
11164,54
11165,54
11165,66
11166,11
11166,33
11166,40
11166,54
11167,7
11167,47
11167,54
11168,8
11168,49
11168,51
11169,11
11169,25
11169,28
11169,33
11169,36
11169,54
11170,26
11171,8
11172,8
11173,26
11173,61
11174,26
11174,61
11175,17
11175,40
11175,49
11176,8
11176,15
11176,54
11177,8
11177,47
11177,54
11178,54
11178,55
11178,57
11178,59
11179,26
11179,61
11180,20
11180,47
11181,58
11182,54
11183,8
11184,36
11184,47
11184,54
11184,58
11184,66
11185,11
11185,16
11185,33
11185,54
11186,54
11187,43
11188,11
11188,25
11188,33
11188,36
11188,58
11188,66
11189,17
11189,20
11189,56
11189,64
11189,65
11190,55
11190,56
11190,58
11191,54
11191,55
11191,58
11192,54
11193,13
11193,25
11193,40
11193,47
11194,54
11194,55
11195,54
11195,55
11195,66
11196,11
11196,33
11196,54
11197,20
11198,6
11198,41
11198,55
11199,15
11199,47
11199,54
11199,55
11199,57
11199,59
11200,26
11201,26
11202,54
11203,28
11203,47
11204,22
11204,54
11205,11
11205,33
11205,40
11205,54
11206,33
11206,40
11206,54
11207,11
11207,33
11207,35
11208,11
11208,33
11208,36
11209,33
11209,54
11210,11
11210,33
11210,40
11210,54
11211,11
11211,33
11211,40
11211,54
11212,47
11212,54
11212,58
11213,19
11213,26
11213,33
11213,54
11214,54
11215,12
11215,54
11216,47
11216,49
11217,16
11218,20
11219,47
11219,54
11220,20
11221,33
11222,11
11222,33
11222,36
11222,54
11223,54
11224,12
11224,33
11224,54
11224,59
11225,54
11226,33
11226,54
11226,58
11227,47
11227,49
11227,58
11227,66
11228,20
11229,8
11229,47
11230,7
11231,40
11231,47
11231,66
11232,36
11232,54
11233,13
11233,28
11233,43
11233,66
11235,20
11236,11
11236,19
11236,25
11236,33
11236,47
11236,54
11236,61
11237,19
11237,26
11237,61
11238,61
11239,26
11240,19
11240,26
11240,61
11241,55
11241,56
11241,63
11242,22
11242,47
11242,58
11243,22
11243,47
11244,19
11244,26
11244,61
11245,54
11246,26
11247,5
11247,7
11248,54
11248,55
11249,49
11250,36
11250,47
11250,58
11251,49
11252,54
11253,21
11253,40
11253,53
11253,59
11254,33
11255,41
11255,54
11256,65
11257,39
11257,65
11258,19
11258,31
11258,61
11259,11
11259,33
11259,40
11259,54
11260,11
11260,33
11260,54
11261,11
11261,33
11261,54
11262,55
11263,26
11264,11
11264,13
11264,27
11264,28
11264,66
11265,39
11265,64
11265,65
11266,36
11266,54
11267,20
11268,4
11268,16
11268,40
11269,28
11269,47
11270,40
11271,65
11272,54
11273,11
11273,54
11273,55
11274,54
11275,7
11275,8
11275,12
11275,19
11275,33
11275,54
11275,59
11276,3
11276,26
11276,61
11277,26
11277,61
11278,19
11278,26
11278,61
11279,28
11280,19
11280,26
11280,43
11280,61
11281,36
11281,54
11281,55
11282,33
11282,40
11282,47
11282,54
11283,54
11284,11
11284,19
11284,25
11284,33
11284,54
11284,61
11285,6
11285,33
11285,54
11286,58
