inci_name,cas_no,function,substance
terminalia ferdinandiana fruit extract,,antioxidant; bleaching,terminalia ferdinandiana fruit extract
hydroxymethylheptyl methyl ketone,67801-33-6,perfuming,"2-nonanone, 3-(hydroxymethyl)-"
ilex paraguariensis leaf oil,73296-98-7,perfuming,ilex paraguariensis leaf oil
nicotiana tabacum leaf extract,84961-66-0,perfuming; skin-conditioning,nicotiana tabacum leaf extract
vaccinium virgatum callus extract,,antioxidant; antiseborrhoeic; hair-conditioning; humectant; skin-protecting,vaccinium virgatum callus extract
myristalkonium chloride,139-08-2,preservative,benzyldimethyltetradecylammonium chloride
citronellyl methylcrotonate,20770-40-5,masking; perfuming,sinodor
linalyl phenylacetate,7143-69-3,perfuming,5-(arabino-tetrahydroxybutyl)-2-methyl-3-furoic acid
trans-methoxypropoxyhexene,97358-54-8,perfuming,bean hexene
citronellyl propionate,141-14-0,perfuming,citronellyl propionate
lactoscatone,21280-29-5,perfuming,lactoscatone
petroselinum crispum seed oil,84012-33-9,masking; perfuming,petroselinum crispum seed oil
coptis japonica rhizome extract,223748-66-1,antimicrobial; skin-conditioning,coptis japonica rhizome extract
isopropyl alcohol,67-63-0,antifoaming; perfuming; solvent; viscosity-controlling,isopropanol
p-anisonitrile,874-90-8,perfuming,4-methoxybenzonitrile
citronellyl benzoate,10482-77-6,perfuming,"6-octen-1-ol, 3,7-dimethyl-, 1-benzoate"
phenylethoxyacetaldehyde,41847-88-5,perfuming,3-phenylpiperidine
isopropyl isovalerate,32665-23-9,perfuming,isopropyl isovalerate
4-methyl-3-decen-5-ol,81782-77-6,perfuming,4-methyl-3-decen-5-ol
lauralkonium bromide,7281-04-1,antistatic; preservative,benzododecinium
2-methylnaphthalene,91-57-6,perfuming,2-methylnaphthalene
gamma-undecalactone,104-67-6,perfuming; skin-conditioning,gamma-undecalactone
aluminum zirconium octachlorohydrate,98106-55-9,antiperspirant; astringent; deodorant,aluminum zirconium pentachlorohydrate (usp)
paeonia suffruticosa phytoplacenta extract,,antimicrobial; antioxidant; hair-conditioning; skin-conditioning,paeonia suffruticosa phytoplacenta extract
veratraldehyde,120-14-9,perfuming,veratraldehyde
decyl acetate,112-17-4,perfuming,decyl acetate
2-undecenol,37617-03-1,perfuming,undec-2-enol
2‚4-dimethyl-4‚4a,27606-09-3,perfuming,"indeno[1,2-d]-1,3-dioxin, 4,4a,5,9b-tetrahydro-2,4-dimethyl-"
pinus nigra twig leaf oil,90082-74-9,perfuming,pinus nigra twig leaf oil
kazachstania/cornus officinalis fruit extract ferment filtrate,,bleaching; emollient; skin-conditioning,kazachstania/cornus officinalis fruit extract ferment filtrate
benzyl salicylate,118-58-1,perfuming; uv-absorber,benzyl salicylate
isobutyl tiglate,61692-84-0,perfuming,2-methylpropyl 2-methylbut-2-enoate
pentamethylcyclopent-3-ene-butanol,65113-99-7,perfuming,sandalore
2-dimethylbicyclohept-2-ylidene ethanol,2226-05-3,perfuming,diisoamyl disulfide
4-methyl-1-oxaspiroundecene,68228-06-8,perfuming,"benzenesulfonamide, 4-((4-ethoxyphenyl)amino)-n,n-dimethyl-3-nitro-"
malva sylvestris callus extract,,antimicrobial; antioxidant; hair-conditioning; humectant; skin-conditioning; skin-protecting,malva sylvestris callus extract
pinus halepensis needle extract,,antimicrobial; antioxidant; antiseborrhoeic,pinus halepensis needle extract
betaphycus gelatinum extract,,bleaching,betaphycus gelatinum extract
1‚5-dimethyl-1-vinylhex-4-enyl hexanoate,7779-23-9,perfuming,methylarsonic acid
linalool,78-70-6,deodorant; perfuming,linalool
chaetomorpha solitaria callus culture extract,,antimicrobial; antioxidant; hair-conditioning; skin-protecting,chaetomorpha solitaria callus culture extract
centipeda cunninghamii leaf/stem extract,,antioxidant; antiseborrhoeic; skin-protecting,centipeda cunninghamii leaf/stem extract
pyroligneous acids extracts,8028-47-5,perfuming,pyroligneous acids extracts
steapyrium chloride,14492-68-3 / 1341-08-8,antimicrobial; antistatic,steapyrium chloride
citrus limon fruit oil,8008-56-8,astringent; tonic,citrus limon fruit oil
mentha piperita american extract/hydrogen sulfide,94334-25-5,perfuming,mentha piperita american extract/hydrogen sulfide
nitrofurazone,59-87-0,antimicrobial,2-[(5-nitro-2-furanyl)methylene]-hydrazinecarboxamide
phenylpropionaldehyde,1335-10-0,perfuming,2-phenylpropanal
cinnamal,104-55-2,denaturant; flavouring; perfuming,3-phenylprop-2-enal
isopropyl phenylacetate,4861-85-2,perfuming,isopropyl phenylacetate
chlorhexidine diundecylenate,1884575-91-0,antimicrobial; deodorant; oral-care,"n,n'-bis(n-(n-(4-chlorophenyl)carbamimidoyl)carbamimidoyl)hexane-1,6-bis(aminium) diundec-10-enoate"
2-sec-butylcyclohexanone,14765-30-1,perfuming,2-sec-butyl cyclohexanone
methyl benzoate,93-58-3,perfuming; preservative; skin-conditioning; solvent,methyl benzoate
methyl beta-naphthyl ether,93-04-9,perfuming,2-methoxynaphthalene
monascus/paeonia suffruticosa flower/rice bran ferment filtrate,,antiseborrhoeic; skin-conditioning,monascus/paeonia suffruticosa flower/rice bran ferment filtrate
1-isopropyl-4-methylbicyclooctene-2-carbaldehyde,67920-94-9,perfuming,"bicyclo[2.2.2]oct-5-ene-2-carboxaldehyde, 4-methyl-1-(1-methylethyl)-"
ocimum basilicum flower/leaf/stem water,84775-71-3,masking; perfuming,ocimum basilicum flower/leaf/stem water
juniperus virginiana extract epoxidized,100209-33-4,perfuming,juniperus virginiana extract epoxidized
bacillus/monascus/plukenetia volubilis seed/rice bran ferment filtrate,,antimicrobial; antioxidant; skin-protecting,bacillus/monascus/plukenetia volubilis seed/rice bran ferment filtrate
galla rhois gallnut extract,,antimicrobial; antioxidant,galla rhois gallnut extract
dendropanax morbiferus callus culture extract,,antimicrobial; antioxidant; hair-conditioning; skin-conditioning; skin-protecting,dendropanax morbiferus callus culture extract
pelargonium graveolens flower water,90082-51-2 / 8000-46-2,astringent; deodorant; hair-conditioning; masking,pelargonium graveolens flower water
abies veitchii leaf extract,,astringent; humectant,abies veitchii leaf extract
ocimum americanum leaf/stem oil,91845-26-0,masking; perfuming,ocimum americanum leaf/stem oil
isobutylparaben,4247-02-3,antimicrobial,isobutylparaben
sodium hinokitiol,17387-01-8,antimicrobial,sodium hinokitiol
cinnamomum camphora formosana root extract,92704-03-5,perfuming,cinnamomum camphora formosana root extract
lactobacillus/(cinnamomum cassia/magnolia) bark/(alpinia officinarum/angelica gigas) root ferment extract filtrate,,antimicrobial,lactobacillus/(cinnamomum cassia/magnolia) bark/(alpinia officinarum/angelica gigas) root ferment extract filtrate
ranunculus pygmaeus callus culture extract,,antimicrobial; antioxidant; hair-conditioning; skin-protecting,ranunculus pygmaeus callus culture extract
hexahydro-dimethylspiromethanonaphthalene-oxirane,41723-98-2 / 41816-03-9,perfuming,hexahydro-dimethylspiromethanonaphthalene-oxirane
adamantanyl hydroxybenzamide,,antioxidant; bleaching; skin-protecting,adamantanyl hydroxybenzamide
nopol,128-50-7,perfuming,nopol
cuminyl acetate,59230-57-8,perfuming,p-isopropylbenzyl acetate
butyl butyrolactate,7492-70-8,perfuming,butyl butyryllactate
neopentanal butenyleneglycol acetal,53338-06-0,perfuming,"1,3-dioxepin, 2-(1-ethylpropyl)-4,7-dihydro-"
terpinyl propionate,80-27-3,perfuming,terpinyl propionate
rhododendron mucronulatum flower extract,,antioxidant; astringent; emollient; skin-conditioning; skin-protecting,rhododendron mucronulatum flower extract
rosa moschata leaf extract,,astringent,rosa moschata leaf extract
p-tolyl phenylacetate,101-94-0,perfuming,p-cresyl phenylacetate
aster spathulifolius phytoplacenta extract,,antimicrobial; hair-conditioning; humectant; skin-conditioning; skin-protecting,aster spathulifolius phytoplacenta extract
methyl linoleate,112-63-0,emollient; perfuming; skin-conditioning,"methyl 9,12-octadecadienoate"
thymus serpillum oil,84776-98-7,perfuming,thymus serpillum oil
p-tert-butyl acetophenone,943-27-1,perfuming,p-tert-butylacetophenone
carpinus laxiflora stem extract,,antimicrobial; antioxidant; astringent; emollient,carpinus laxiflora stem extract
3‚5-dimethylcyclohexene-1-methanol,67634-16-6,perfuming,"(3,5-dimethylcyclohex-3-en-1-yl)methanol"
isopropyl cinnamate,7780-06-5,perfuming,cinnamic acid isopropyl ester
hydrogenated nepeta cataria oil,84929-35-1,antimicrobial,hydrogenated nepeta cataria oil
commiphora gileadensis branch/fruit/leaf extract,,antimicrobial; antioxidant; astringent; uv-filter,commiphora gileadensis branch/fruit/leaf extract
alpha-terpinene,99-86-5,perfuming,alpha-terpinene
sh-oligopeptide-81 amide,,antimicrobial; antiplaque; antiseborrhoeic; humectant; oral-care,sh-oligopeptide-81 amide
evernia furfuracea lichen extract,90028-67-4 / 68648-41-9 / 68917-40-8,perfuming,evernia furfuracea lichen extract
juniperus virginiana wood extract,85085-41-2,perfuming; tonic,juniperus virginiana wood extract
butylquinoline,53452-65-6,perfuming,6-butylquinoline
aluminum citrate,813-92-3,antiperspirant; astringent; deodorant,aluminum citrate
antrodia cinnamomea ferment filtrate powder,,antioxidant; bleaching; skin-conditioning; skin-protecting,antrodia cinnamomea ferment filtrate powder
4-ethylguaiacol,2785-89-9,perfuming,4-ethylguaiacol
3-heptenyl isobutyrate,67801-45-0,perfuming,hept-3-enyl isobutyrate
lauryl isoquinolinium saccharinate,,antimicrobial; antistatic,lauryl isoquinolinium saccharinate
paulownia imperialis bark/flower/leaf extract,,astringent; hair-conditioning; skin-conditioning; soothing,paulownia imperialis bark/flower/leaf extract
2-ethyl-4-hydroxy-5-methylfuran-3(2h)-one,27538-10-9,perfuming,homofuraneol
phenylacetaldehyde glyceryl cyclic acetals,29895-73-6,perfuming,"2-(phenylmethyl)-1,3-dioxolane-4-methanol"
hypericum perforatum phytoplacenta culture extract,,antimicrobial; antioxidant; hair-conditioning; humectant,hypericum perforatum phytoplacenta culture extract
lysophosphatidylcholinylchlorin e6,,antioxidant; antiseborrhoeic,lysophosphatidylcholinylchlorin e6
bacillus/nelumbo nucifera leaf extract ferment filtrate,,antimicrobial; antioxidant,bacillus/nelumbo nucifera leaf extract ferment filtrate
3-butenyl phenyl ketone,3240-29-7,perfuming,"4-penten-1-one, 1-phenyl-"
guaiene,88-84-6,perfuming,"1,4-dimethyl-7-(propan-2-ylidene)-1,2,3,4,5,6,7,8-octahydroazulene"
caproic acid,142-62-1,cleansing; emulsifying; masking; perfuming; surfactant,hexanoic acid
3-methyldodecanonitrile,85351-07-1,perfuming,3-methyldodecanonitrile
agrimonia eupatoria root extract,84775-40-6,antioxidant; astringent,agrimonia eupatoria root extract
cotinus coggygria branch/leaf oil,89997-96-6,flavouring; masking; perfuming,cotinus coggygria branch/leaf oil
ethyl 2-methylbutyrate,7452-79-1,perfuming,ethyl 2-methylbutyrate
delta-decalactone,705-86-2,masking; perfuming,delta-decalactone
cinnamomum cassia wood extract,84961-46-6,perfuming,cinnamomum cassia wood extract
hexahydro-tetramethyl-methanonaphthalene-8-methanol,61826-53-7,perfuming,"[(8s)-2,2,7,7-tetramethyl-5-tricyclo[6.2.1.01,6]undec-5-enyl]methanol"
ethyl propyl ketone,589-38-8,perfuming,3-hexanone
benzoic acid,65-85-0,bulking; masking; preservative,benzoate
dimethylcyclohexenyl methyl ketone,22463-19-0,perfuming,"ethanone, 1-(3,3-dimethyl-1-cyclohexen-1-yl)-"
rubus fruticosus fruit extract,84787-69-9,astringent; masking; tonic,rubus fruticosus fruit extract
octenidine hcl,70775-75-6,antimicrobial,octenidine hydrochloride
adiantum pedatum extract,165800-54-4,antidandruff; astringent,adiantum pedatum extract
citrus aurantium bergamia leaf oil,89957-91-5,astringent,citrus aurantium bergamia leaf oil
sulfur,7704-34-9,antidandruff; antiseborrhoeic; antistatic; hair-conditioning; skin-conditioning,hydrogen sulfide
calcium sorbate,7492-55-9,preservative,"calcium;hexa-2,4-dienoate"
dendropanax morbiferus phytoplacenta extract,,antimicrobial; antioxidant; hair-conditioning; skin-protecting,dendropanax morbiferus phytoplacenta extract
bacillus/tagetes patula flower/soybean ferment filtrate,,antioxidant; antiseborrhoeic; skin-protecting,bacillus/tagetes patula flower/soybean ferment filtrate
triethylene glycol,112-27-6,masking; perfuming; viscosity-controlling,triethylene glycol
crataegus oxyacantha stem extract,84603-61-2 / 8057-51-0,antimicrobial,crataegus oxyacantha stem extract
ethyl linoleate,544-35-4,emollient; perfuming,"ethyl 9,12-octadecadienoic acid"
lindera umbellata leaf/twig oil,,antimicrobial; emollient; masking; skin-conditioning,lindera umbellata leaf/twig oil
sodium/aluminum/iron/sulfate/citrate/hydroxide,,antimicrobial; deodorant; humectant; opacifying; uv-absorber,sodium/aluminum/iron/sulfate/citrate/hydroxide
sodium magnesium silver phosphate,,antimicrobial,sodium magnesium silver phosphate
cyclopentanone,120-92-3,perfuming,cyclopentanone
2-ethyl-3,27043-05-6,perfuming,"3-ethyl-2,5-dimethylpyrazine"
calophyllum inophyllum seed oil,,antimicrobial; antioxidant; hair-conditioning; oral-care; skin-conditioning; uv-absorber,calophyllum inophyllum seed oil
aluminum lactate,18917-91-4,astringent; buffering; deodorant,2-hydroxypropanoic acid aluminium salt
salvia hispanica herb extract,93384-40-8,perfuming,salvia hispanica herb extract
prenyl benzoate,5205-11-8,perfuming,prenyl benzoate
cyclohexylethyl crotonate,68039-69-0,perfuming,1-cyclohexylethyl 2-butenoate
pinus cembra twig leaf extract,92202-04-5,perfuming,pinus cembra twig leaf extract
isoamylbenzoate,94-46-2,perfuming,isoamyl benzoate
rhodopseudomonas/paba ferment,,bleaching; skin-conditioning,rhodopseudomonas/paba ferment
cinnamomum camphora linalooliferum leaf extract,91745-89-0,perfuming,cinnamomum camphora linalooliferum leaf extract
cymbopogon winterianus herb oil,91771-61-8,perfuming,cymbopogon winterianus herb oil
trimethyl-1-cyclohexenylacrylonitrile,72214-33-6,perfuming,"3-(2,6,6-trimethyl-1-cyclohexen-1-yl)-2-propenenitrile"
3-ethyl-2-hydroxy-4-methylcyclopent-2-en-1-one,42348-12-9,perfuming,2-(6-methyl-1h-benzimidazol-2-yl)guanidine
4-formyl-2-methoxyphenyl isobutyrate,20665-85-4,perfuming,vanillin isobutyrate
isopropylchromenamido fluorobenzyl methanesulfonamide,,antioxidant; bleaching; skin-protecting,isopropylchromenamido fluorobenzyl methanesulfonamide
ocimene,13877-91-3,perfuming,beta-ocimene
ethyl lactate,97-64-3,perfuming; solvent,ethyl lactate
saccharomyces/acanthopanax sessiliflorus extract ferment filtrate,,antimicrobial; antioxidant; hair-conditioning; humectant; skin-protecting,saccharomyces/acanthopanax sessiliflorus extract ferment filtrate
myrica cerifera bark extract,84929-34-0,astringent,myrica cerifera bark extract
isobutyl hexanoate,105-79-3,perfuming,isobutyl hexanoate
mucor miehei extract,,astringent,mucor miehei extract
amyl phenylacetate,5137-52-0,perfuming,pentyl phenylacetate
undecyleneth-6,,antidandruff; antimicrobial; emulsifying; surfactant,undecyleneth-6
nonanal,124-19-6,perfuming,nonanal
tetrahydro-2-isobutyl-4-methyl-2h-pyran,13477-62-8,perfuming,7-[2-(3-hydroxyoct-1-enyl)-5-oxocyclopenten-1-yl]hept-5-enoic acid
melozone,30772-79-3,perfuming,"4,7-methano-1h-indenecarboxaldehyde, octahydro-"
manicouagan clay,,absorbent; astringent; surfactant,manicouagan clay
2-trans,67674-47-9,perfuming,"2,6-nonadien-1-ol, acetate, (2e,6e)-"
pimenta racemosa fruit leaf extract,85085-61-6,perfuming,pimenta racemosa fruit leaf extract
sclareol,515-03-7,perfuming,"(1r,2r,8as)-1-[(3r)-3-hydroxy-3-methylpent-4-enyl]-2,5,5,8a-tetramethyl-3,4,4a,6,7,8-hexahydro-1h-naphthalen-2-ol"
menaquinone-7,2124-57-4,antiseborrhoeic; astringent; bleaching; skin-protecting; uv-filter,vitamin k2-7;vitamin k2(35);vitamin mk-7
silene uralensis callus culture extract,,antimicrobial; antioxidant; hair-conditioning; skin-protecting,silene uralensis callus culture extract
2-cyclohexenyl cyclohexanone,1502-22-3,perfuming,2-cyclohexylcyclohexanone
sodium benzoate,532-32-1,anticorrosive; masking; preservative,benzoate
butenyl isoamyloxyacetate,72894-11-2,perfuming,buten-2-yl (3-methylbutoxy)acetate
trans-2-hexenyl butyrate,53398-83-7,perfuming,hex-2-enyl butyrate
vinylpyridine/tetrahydrodimethyl-methano-indene,125352-06-9,perfuming,vinylpyridine/tetrahydrodimethyl-methano-indene
phenyl salicylate,118-55-8,antimicrobial; denaturant; perfuming,phenyl salicylate
dihexyl fumarate,19139-31-2,perfuming,dihexyl but-2-enedioate
jasminum sambac leaf cell extract,91770-17-8,flavouring; masking; perfuming; skin-protecting,jasminum sambac leaf cell extract
aspergillus/thyme/root/lysimachia foenum-graecum/poria cocos/atractylodes japonica rhizome/ magnolia liliflora bud/ vitex trifolia fruit/bambusa vulgaris leaf/stem ferment filtrate,,antimicrobial,aspergillus/thyme/root/lysimachia foenum-graecum/poria cocos/atractylodes japonica rhizome/ magnolia liliflora bud/ vitex trifolia fruit/bambusa vulgaris leaf/stem ferment filtrate
aluminum sesquichlorohydrex pg,245090-60-2,antiperspirant; astringent; deodorant,aluminum sesquichlorohydrex pg
3‚5-dimethyl-3-cyclohexene-1-carbaldehyde,68039-48-5,perfuming,"3,5-dimethyl-3-cyclohexene carboxaldehyde"
mauloutchia humblotii seed butter,,antimicrobial; hair-conditioning; humectant; skin-conditioning; skin-protecting,mauloutchia humblotii seed butter
myristamidopropalkonium chloride,15809-19-5,antidandruff; antimicrobial; antiplaque,myramistin
methyl valerate,624-24-8,perfuming,methyl valerate
rosa canina flower extract,84696-47-9,astringent,rosa canina flower extract
endo-1‚2,28462-85-3,perfuming,"bicyclo(2.2.1)heptan-2-ol, 1,2,3,3-tetramethyl-, (1r,2r,4s)-rel-"
ethyl methylbutyl ketoxime,22457-23-4,masking; perfuming,3-methyl-5-heptanone oxime
nepeta cataria flower extract,84929-35-1,perfuming,nepeta cataria flower extract
methyl hexyl cyclopentanone carboxylate,37172-53-5,perfuming,"n,n-diethyl-2,5-diethoxyaniline"
dithiomethylbenzamide,2527-58-4,antimicrobial,"dithio-2,2'-bis(n-methylbenzamide)"
benzhydrol,91-01-0,perfuming,benzyl alcohol
aniba rosaeodora wood extract,83863-32-5,masking; perfuming,aniba rosaeodora wood extract
ethyl isobutyrate,97-62-1,perfuming,ethyl isobutyrate
methyl-isopropylcyclohexanol,21129-27-1,perfuming,p-menthan-8-ol
juniperus communis fruit oil,8002-68-4 / 73049-62-4 / 84603-69-0,masking; perfuming,juniperus communis fruit oil
pinus species twig leaf extract,94266-48-5,perfuming,water
salvia triloba leaf extract,85085-68-3,antimicrobial; astringent; oral-care,salvia triloba leaf extract
anacardoyl tripeptide-1,,antioxidant; bleaching; skin-protecting,anacardoyl tripeptide-1
dimethylbutyl crotonate,35206-51-0,perfuming,"1,3-dimethylbutyl 2-butenoate"
geranyl acetoacetate,10032-00-5,perfuming,"3,7-dimethylocta-2,6-dien-1-yl 3-oxobutanoate"
amylcyclopentanone,4819-67-4,perfuming,2-pentylcyclopentan-1-one
p-methylhydrocinnamic aldehyde,5406-12-2,perfuming,3-(p-methylphenyl)propanal
rosa damascena callus,,antimicrobial; antioxidant; antiseborrhoeic; hair-conditioning; skin-protecting,rosa damascena callus
dimethyltetrahydro benzaldehyde,68737-61-1,perfuming,isometamidium
bacillus/monascus/psilotum nudum leaf/rice bran ferment filtrate,,antiplaque; antiseborrhoeic; emollient; oral-care; skin-protecting,bacillus/monascus/psilotum nudum leaf/rice bran ferment filtrate
ruta graveolens herb oil,84929-47-5,perfuming,ruta graveolens herb oil
citrus limon leaf oil,92346-89-9 / 84929-31-7,masking; perfuming,citrus limon leaf oil
tert-butyl isopent-2-enthioate,34322-09-3,perfuming,s-sec-butyl 3-methylbut-2-enethioate
mentha spicata herb extract,84696-51-5,perfuming,mentha spicata herb extract
myrtenal,564-94-3,perfuming,myrtenal
isoeugenol,97-54-1,flavouring; perfuming,propenylguaiacol
thalassiosira pseudonana ferment filtrate,,bleaching; skin-conditioning,thalassiosira pseudonana ferment filtrate
cedrus atlantica bark extract,92201-55-3,perfuming; skin-conditioning,cedrus atlantica bark extract
juniperus virginiana extract oxidized,91722-62-2,perfuming,juniperus virginiana extract oxidized
sodium metabisulfite,7681-57-4 / 7757-74-6,antioxidant; preservative; reducing,sodium metabisulfite
isopropyl-methoxypyrazine,25773-40-4,perfuming,2-isopropyl-3-methoxypyrazine
camellia oleifera leaf extract,94333-93-4,astringent; skin-conditioning,camellia oleifera leaf extract
tetrahydro-p-cresyloxypyran,13481-09-9,perfuming,tetrahydro-2-(4-methylphenoxy)-2h-pyran
p-anisyl butyrate,6963-56-0,perfuming,"butyric acid, p-methoxyphenyl ester"
tioxolone,4991-65-5,astringent,"6-hydroxy-1,3-benzoxathiol-2-one"
cinnamomum cassia bark/syzgium aromaticum bud/rosmarinus officinalis leaf/thymus vulgaris leaf oil,,antimicrobial; antioxidant; antiplaque; antiseborrhoeic,cinnamomum cassia bark/syzgium aromaticum bud/rosmarinus officinalis leaf/thymus vulgaris leaf oil
2‚3-dimethyl-2-nonenenitrile,53153-67-6,perfuming,"2-nonenenitrile, 2,3-dimethyl-"
citral ethyleneglycol cyclic acetal,66408-78-4,perfuming,"2-(2,6-dimethylhepta-1,5-dienyl)-1,3-dioxolane"
ethoxy-p-cresol,2563-07-7,perfuming,"phenol, 2-ethoxy-4-methyl-"
nonyl acetate,143-13-5,emollient; perfuming,nonyl acetate
biotin,58-85-5,antiseborrhoeic; hair-conditioning; skin-conditioning,"5-(2-oxo-hexahydro-1h-thieno(3,4-d)imidazolidin-4-yl)pentanoic acid"
paullinia cupana fruit powder,84929-28-2,astringent,3-ethyl-4-methyldec-4-en-1-ol
lactobacillus/perilla frutescens leaf ferment extract filtrate,,antimicrobial; antioxidant,lactobacillus/perilla frutescens leaf ferment extract filtrate
genipa americana fruit juice,,masking; perfuming,genipa americana fruit juice
dibenzyl ether,103-50-4,perfuming,dibenzyl ether
2-nonylcrotonaldehyde,6720-16-7,perfuming,"undecanal, 2-ethylidene-"
cis-3-hexenyl lactate,61931-81-5,perfuming,hex-3-en-1-yl 2-hydroxypropanoate
malus baccata phytoplacenta culture extract,,antimicrobial; antioxidant; skin-conditioning; skin-protecting,malus baccata phytoplacenta culture extract
isoamyl butyrate,106-27-4,perfuming,isoamyl butyrate
dihydroocimenyl formate,25279-09-8,perfuming,2-hydroxy-4-nitrobenzaldehyde
cis-3-hexenyl anthranilate,65405-76-7,perfuming,hex-3-enyl 2-aminobenzoate
lophophytum elongatum extract,,bleaching; skin-conditioning,lophophytum elongatum extract
ocimum gratissimum herb oil,91770-38-6,perfuming,ocimum gratissimum herb oil
cistus ladaniferus twig oil,89997-74-0,perfuming,cistus ladaniferus twig oil
isopropyl cyclohexylpropionate,63449-95-6,masking; perfuming,chloromethyl acetate
trimethyl-1-cyclohexenylbutane-1‚3-dione,39900-12-4,perfuming,"1-(2,6,6-trimethyl-1-cyclohexen-1-yl)butane-1,3-dione"
2‚4-dimethylpyridine,108-47-4,perfuming,"2,4-dimethylpyridine"
heptyl formate,112-23-2,perfuming,heptyl formate
isomethyl-beta-ionone,79-89-0,perfuming,"3-methyl-4-(2,6,6-trimethyl-1-cyclohexen-1-yl)-3-buten-2-one"
heptanoic acid,111-14-8,perfuming,heptanoic acid
oleyl alcohol,143-28-2 / 593-47-5,emollient; masking; perfuming; solvent; viscosity-controlling,oleyl alcohol
hexadecenyl stearylsuccinamide,,bleaching; emollient; humectant; skin-conditioning; skin-protecting,hexadecenyl stearylsuccinamide
allyl heptanoate,142-19-8,perfuming,allyl heptanoate
lycium chinense fruit/root extract,,bleaching; skin-conditioning,lycium chinense fruit/root extract
mentha spicata crispata herb oil,91770-68-2,perfuming,mentha spicata crispata herb oil
lavandula angustifolia phytoplacenta extract,,antimicrobial; astringent; hair-conditioning; skin-conditioning; skin-protecting,lavandula angustifolia phytoplacenta extract
r-porcine polypeptide-1,,astringent; humectant; skin-conditioning,r-porcine polypeptide-1
ethoxydiglycol,111-90-0,humectant; perfuming; solvent,diethyl malonate
smithsonite,3486-35-9 / 14476-25-6,astringent,smithsonite
butyldihydrodimethylpyran,24237-00-1,perfuming,"2h-pyran, 6-butyl-3,6-dihydro-2,4-dimethyl-"
ethyl beta-naphthyl ether,93-18-5,perfuming,2-ethoxynaphthalene
hexenyl acetate,3681-71-8 / 2497-18-9,flavouring; masking; perfuming,hexenyl acetate
prorocentrum micans cell extract,,antimicrobial; antioxidant; hair-conditioning; skin-conditioning,prorocentrum micans cell extract
3-methyl-1-phenyl-3-hexene 1‚5-epoxide,68039-41-8,perfuming,"ethyl hydrogen [[3,5-bis(1,1-dimethylethyl)-4-hydroxyphenyl]methyl]phosphonate"
decyl methyl ether,7289-52-3,perfuming,"decane, 1-methoxy-"
dimethyl phenylethyl carbinyl acetate,103-07-1,perfuming,2-methyl-4-phenyl-2-butyl acetate
betula ermanii stem extract,,antidandruff; antioxidant; astringent; hair-conditioning; skin-protecting,betula ermanii stem extract
cedryl formate,39900-38-4,perfuming,cedrol formate
bacillus/lactobacillus/streptococcus thermophilus/alpinia speciosa leaf extract ferment filtrate,,antioxidant; astringent; bleaching; skin-conditioning,bacillus/lactobacillus/streptococcus thermophilus/alpinia speciosa leaf extract ferment filtrate
nootkatone,4674-50-4,perfuming,nookatone
chlorine dioxide,10049-04-4,antimicrobial; deodorant,chlorous acid
cyclohexylethyl acetate,13487-27-9,masking; perfuming,"ethyl 5,5-dimethyl-2,4-dioxohexanoate"
2-ethylidenedecanal,64825-20-3,perfuming,2-ethylidenedecan-1-al
amyl formate,638-49-3,perfuming,pentyl formate
laevo-carvyl acetate,1205-42-1,perfuming,carvyl acetate
8-cedrene epoxide,13567-39-0,perfuming,alpha-cedrene epoxide
ribes nigrum bud oil,68606-81-5,perfuming,ribes nigrum bud oil
amylcinnamyl alcohol,101-85-9,perfuming,alpha-amylcinnamyl alcohol
octahydro-tetramethyl-1-naphthalenol,103614-86-4,perfuming,"2,2,6,8-tetramethyl-1,2,3,4,4a,5,8,8a-octahydronaphthalen-1-ol"
rubus villosus fruit extract,93165-71-0,astringent; tonic,rubus villosus fruit extract
citrus medica acida peel extract,93685-55-3,perfuming,citrus medica acida peel extract
ethyl tert-butyl-phenyl-methylene-aminobenzoate,94108-09-5,perfuming,"ethyl 2-[[[4-(1,1-dimethylethyl)phenyl]methylene]amino]benzoate"
piperonyl acetone,55418-52-5,perfuming,"4-(1,3-benzodioxol-5-yl)-2-butanone"
aldioxa,5579-81-7,antimicrobial; astringent,aluminium dihydroxy allantoinate
trimethylcyclohexene-1-methanol,72812-40-9,perfuming,"3-cyclohexene-1-methanol, 1,2,4(or 1,3,5)-trimethyl-"
ethyl 3-phenylglycidate,121-39-1,perfuming,ethyl 3-phenylglycidate
kluyveromyces/lactobacillus/pinus koraiensis seed ferment oil filtrate,,antioxidant; bleaching; skin-conditioning; skin-protecting,kluyveromyces/lactobacillus/pinus koraiensis seed ferment oil filtrate
tetrahydronaphthalenol,529-33-9,perfuming,"1,2,3,4-tetrahydro-1-naphthalenol"
oligopeptide-101 amide,,antimicrobial; antioxidant; antiseborrhoeic; skin-protecting,oligopeptide-101 amide
methylseleno carboxypropylglutamine,879546-05-1,antimicrobial; hair-conditioning; skin-conditioning; skin-protecting,methylseleno carboxypropylglutamine
propylidene phthalide,17369-59-4,perfuming,propylidenephthalide
amyl benzoate,2049-96-9,masking; perfuming,amyl benzoate
caprylyl glycol linseedate,,antimicrobial,caprylyl glycol linseedate
hydratropic aldehyde dimethyl acetal,90-87-9,perfuming,2-phenylpropionaldehyde dimethyl acetal
itraconazole,84625-61-6,antimicrobial,itrizole
oryza sativa bran water,90106-37-9,masking; perfuming,oryza sativa bran water
zingiber officinale root oil,8007-08-7,masking; perfuming; skin-conditioning; tonic,zingiber officinale root oil
phaseolus vulgaris phytoplacenta extract,,antimicrobial; antioxidant; skin-protecting,phaseolus vulgaris phytoplacenta extract
phenethyl propionate,122-70-3,perfuming,1-phenylethyl propionate
methyl lactate,27871-49-4 / 547-64-8,flavouring; perfuming; solvent,methyl lactate
beta-methyl-cyclododecaneethanol,118562-73-5,perfuming,2-cyclododecylpropan-1-ol
azelamidopropyl dimethyl amine,1272659-40-1,antimicrobial; antiseborrhoeic; skin-conditioning,azelamidopropyl dimethyl amine
ginkgo biloba meristem cell,,antimicrobial; antioxidant; skin-conditioning,ginkgo biloba meristem cell
ethyl ethyltrimethylcyclohexenecarboxylate,94333-50-3,perfuming,"1-cyclohexene-1-carboxylic acid, 2-ethyl-3,6,6-trimethyl-, ethyl ester"
pinus pumila twig leaf oil,97676-05-6,perfuming,pinus pumila twig leaf oil
sodium zinc cetyl phosphate,,astringent; skin-conditioning; skin-protecting,sodium zinc cetyl phosphate
terpinyl formate,2153-26-6,perfuming,terpinyl formate
sh-oligopeptide-71,,antiseborrhoeic; skin-protecting,sh-oligopeptide-71
citrus species leaf oil,94266-47-4,perfuming,citrus species leaf oil
origanum dictamnus flower/leaf/stem extract,,antimicrobial; antioxidant; astringent; flavouring,origanum dictamnus flower/leaf/stem extract
isobutyl isovalerate,589-59-3,perfuming,isobutyl isovalerate
1‚5,13786-79-3 / 71735-79-0,perfuming,1‚5
cedrenol,28231-03-0,perfuming,cedrenol
poterium officinale leaf extract,84787-71-3,astringent; tonic,poterium officinale leaf extract
grass-hay herb extract,100209-32-3,perfuming,grass-hay herb extract
melaleuca teretifolia branch/leaf oil,,masking; perfuming,melaleuca teretifolia branch/leaf oil
caryophyllene oxide,1139-30-6,perfuming,"4,12,12-trimethyl-9-methylene-5-oxatricyclo(8.2.0.04,6)dodecane"
kluyveromyces/lactobacillus/saururus chinensis oil ferment filtrate,,antioxidant; astringent; bleaching; skin-conditioning,kluyveromyces/lactobacillus/saururus chinensis oil ferment filtrate
cetrimonium tosylate,138-32-9,antimicrobial; antistatic; emulsifying; hair-conditioning; surfactant,hexadecyl(trimethyl)azanium;4-methylbenzenesulfonic acid
tridec-2-enenitrile,22629-49-8,perfuming,alpha-methyl-2-furanmethanamine
homonopal,33885-51-7,perfuming,"bicyclo(3.1.1)hept-2-ene-2-propanal, 6,6-dimethyl-"
chitosan benzamide,,antimicrobial; skin-protecting,chitosan benzamide
isopropenyl-methylhexenol,58461-27-1,perfuming,"lavandulol, (+-)-"
a-terpinyl acetate,80-26-2,perfuming,alazocine
prunus mume phytoplacenta extract,,antimicrobial; antioxidant; hair-conditioning; skin-protecting,prunus mume phytoplacenta extract
octahydro-tetramethyl-methano-cyclopentacyclopropabenzene-4-methanol acetate,59056-62-1,perfuming,"thiamine naphthalene-1,5-disulfonate"
hydrogenated horse fat,,antiseborrhoeic; hair-conditioning; skin-protecting; viscosity-controlling,hydrogenated horse fat
ambergris extract,84836-94-2,perfuming,ambergris extract
isopulegyl acetate,57576-09-7,perfuming,isopulegyl acetate
1-acetonaphthone,941-98-0,masking; perfuming,1-acetylnaphthalene
2‚6-dimethyl-7-octen-2-ol,18479-58-8,masking; perfuming,dihydromyrcenol
lippia alba leaf/stem oil,8024-12-2,antioxidant; masking; perfuming,lippia alba leaf/stem oil
isopropylbenzyl butylnorberberine iodide,,antidandruff; antimicrobial; hair-conditioning,isopropylbenzyl butylnorberberine iodide
iris pallida root extract,90045-90-2,masking; perfuming; tonic,iris pallida root extract
ferula assa foetida root extract,90028-70-9,perfuming; soothing; tonic,ferula assa foetida root extract
ozonized peg-10 oleate,,antimicrobial; cleansing; surfactant,ozonized peg-10 oleate
crotamiton,483-63-6,antimicrobial; solvent,acetylcholine
lavandula angustifolia angustifolia herb extract,84776-65-8,perfuming,lavandula angustifolia angustifolia herb extract
isocyclogeraniol,68527-77-5,perfuming,"1-tetracosanol, aluminum salt (3:1)"
spatholobus suberectus callus extract,,antimicrobial; antioxidant; hair-conditioning; humectant; skin-conditioning,spatholobus suberectus callus extract
streptomyces subrutilus ferment filtrate extract,,bleaching,streptomyces subrutilus ferment filtrate extract
4-dimethylmethylenecyclohexyl-butan-2-one,13720-12-2,perfuming,"4-(2,2-dimethyl-6-methylenecyclohexyl)butan-2-one"
tallowtrimonium chloride,8030-78-2,antistatic; hair-conditioning; preservative; surfactant,tallowtrimonium chloride
isopropyl 3-methylthiobutyrate,34322-06-0,perfuming,"butanethioic acid, 3-methyl-, s-(1-methylethyl) ester"
nonadecane,629-92-5,perfuming,nonadecane
rubus fruticosus fruit water,84787-69-9,masking; perfuming,rubus fruticosus fruit water
camellia oleifera seed extract,94333-93-4,astringent; tonic,camellia oleifera seed extract
isoamyl octanoate,2035-99-6,perfuming,3-methylbutyl octanoate
beta-santalol,77-42-9,perfuming,2-methyl-5-(2-methyl-3-methylenebicyclo[2.2.1]hept-2-yl)-2-penten-1-ol
orchis maculata flower/leaf/stem water,90082-23-8,masking; perfuming,orchis maculata flower/leaf/stem water
silt,,absorbent; astringent; humectant,silt
dibromopropamidine diisethionate,614-87-9,antimicrobial,dibromopropamidine isethionate
cinnamyl acetate,103-54-8,perfuming,3-phenyl-2-propen-1-yl acetate
methyl bicycloheptenyl-methyloxirane-carboxylate,72175-33-8,perfuming,"3,4-dimethyl-3-cyclohexene-1-carbonyl chloride"
bacillus/morchella esculenta/soybean ferment filtrate,,antiseborrhoeic; emollient; hair-conditioning; humectant; skin-conditioning; skin-protecting,bacillus/morchella esculenta/soybean ferment filtrate
acetonylacetone,110-13-4,perfuming,"2,5-hexanedione"
geranyloxyacetaldehyde,65405-73-4,perfuming,"acetaldehyde, ((3,7-dimethyl-2,6-octadienyl)oxy)-"
dihydro pentamethylindanone,33704-61-9,masking; perfuming,(+-)-cashmeran
methyloctyl acetaldehyde,19009-56-4,perfuming,2-methyldecanal
hexamidine paraben,,preservative,hexamidine paraben
ethyl 2‚2-dimethylhydrocinnamal,67634-15-5,masking; perfuming,"ethyl 2,2-dimethylhydrocinnamal"
coriandrum sativum fruit extract,84775-50-8,antimicrobial; flavouring; perfuming,coriandrum sativum fruit extract
sedum takesimense leaf/stem extract,,antimicrobial; skin-conditioning,sedum takesimense leaf/stem extract
menthyl phenylacetate,26171-78-8,perfuming,2-isopropyl-5-methylcyclohexyl phenylacetate
2-octenal,2363-89-5,perfuming,oct-2-enal
nasturtium officinale flower/leaf extract,84775-70-2,antiseborrhoeic; soothing; tonic,nasturtium officinale flower/leaf extract
hexyl propionate,2445-76-3,perfuming,hexyl propionate
isoeugenyl benzoate,4194-00-7,perfuming,"phenol, 2-methoxy-4-(1-propen-1-yl)-, 1-benzoate"
lauryl isoquinolinium bromide,93-23-2,antimicrobial; antistatic; deodorant; surfactant,lauryl isoquinolinium bromide
phenethyl pivalate,67662-96-8,perfuming,2-phenylethyl pivalate
2-methyl-5-methylvinyl-cyclohexanol,38049-26-2,perfuming,2-methyl-5-(1-methylethenyl)cyclohexanol
cetrimonium methosulfate,65060-02-8,antimicrobial; antistatic; emulsifying; hair-conditioning; surfactant,cetrimonium methosulfate
benzonitrile,100-47-0,perfuming,benzonitrile
vetiveria zizanioides root extract acetylated,84082-84-8,perfuming,vetiveria zizanioides root extract acetylated
rosa canina fruit juice,84696-47-9,astringent,rosa canina fruit juice
2‚5-xylenol,95-87-4,perfuming,"2,5-dimethylphenol"
allyl 2-methylbutoxyacetate,67634-01-9,perfuming,allyl (2-methylbutoxy)acetate
epigallocatechin gallate/biotin/collagen/mouse fibroblast conditioned media,,astringent,epigallocatechin gallate/biotin/collagen/mouse fibroblast conditioned media
enkleia thorelii root extract,,antioxidant; bleaching; skin-conditioning,enkleia thorelii root extract
myrtenyl acetate,1079-01-2,perfuming,"(6,6-dimethylbicyclo(3.1.1)hept-2-en-2-yl)methyl acetate"
cinnamomum culilawan leaf extract,91771-48-1,perfuming,cinnamomum culilawan leaf extract
anacardoyl tripeptide-35,,antioxidant; bleaching; skin-protecting,anacardoyl tripeptide-35
dipropylene glycol,110-98-5 / 25265-71-8,masking; perfuming; solvent; viscosity-controlling,dipropylene glycol
methyl isopropyl ketone,563-80-4,perfuming,3-methyl-2-butanone
1‚3-dimethyl-bicycloheptane-2-carbonitrile,104516-97-4,perfuming,"bicyclo2.2.1heptane-2-carbonitrile, 1,3-dimethyl-"
eriophorum scheuchzeri callus extract,,antimicrobial; antioxidant; hair-conditioning; humectant; skin-protecting,eriophorum scheuchzeri callus extract
2-methylpent-2-enoic acid,3142-72-1,perfuming,2-methylvaleric acid
p-chlorophenol,106-48-9,antimicrobial,4-chlorophenol
paeonia suffruticosa root water,223747-88-4,flavouring; masking; perfuming; skin-conditioning,paeonia suffruticosa root water
salt mine mud,,abrasive; absorbent; astringent; skin-conditioning,salt mine mud
ethylhexylbicycloheptene dicarboximide,113-48-4,antimicrobial,n-2-ethylhexylbicycloheptenedicarboximide
kluyveromyces/lactobacillus/paeonia lactiflora root oil ferment filtrate,,antioxidant; astringent; bleaching; hair-conditioning; skin-conditioning,kluyveromyces/lactobacillus/paeonia lactiflora root oil ferment filtrate
allyl phenethyl ether,14289-65-7,perfuming,(2-allyloxyethyl)benzene
narcissus tazetta callus extract,,antimicrobial; antioxidant; skin-conditioning,narcissus tazetta callus extract
isomenthone,491-07-6,perfuming,p-menthan-3-one
hydrolyzed thuja orientalis seed extract,,bleaching; emollient; skin-conditioning,hydrolyzed thuja orientalis seed extract
sodium lactate,72-17-3 / 867-56-1,buffering; humectant; keratolytic,sodium lactate
cis-dihydropseudoionyl acetate,3239-37-0,perfuming,"6,10-dimethylundeca-5,9-dien-2-yl acetate"
citryl cyclopentanone,68133-79-9,perfuming,"cyclopentanone, 2-(3,7-dimethyl-2,6-octadienyl)-"
salvia triloba leaf oil,,antidandruff; antimicrobial; antiplaque; flavouring; masking,salvia triloba leaf oil
ethylbenzene,100-41-4,perfuming,diphenylacetonitrile
dipterocarpus turbinatus wood oil,93165-18-5,masking; perfuming,dipterocarpus turbinatus wood oil
gadi iecur,8001-69-2,perfuming,gadi iecur
4-hydroxybenzoic acid,99-96-7,preservative,4-hydroxybenzoic acid
tannic acid,1401-55-4,astringent; masking,sulfamerazine
silver sulfate,10294-26-5,antimicrobial,"2-amino-2-methyl-1,3-propanediol"
guaiacum officinale wood extract,84650-13-5,perfuming; skin-conditioning,guaiacum officinale wood extract
zinc azelate hydroxide,,hair-conditioning; masking; perfuming; skin-conditioning; skin-protecting; uv-absorber,zinc azelate hydroxide
hexahydro-methanoinden-5-yl isobutyrate,67634-20-2,perfuming,"3a,4,5,6,7,7a-hexahydro-4,7-methano-1h-inden-5-yl isobutyrate"
cosmos bipinnatus phytoplacenta extract,,antimicrobial; antioxidant; hair-conditioning; skin-protecting,cosmos bipinnatus phytoplacenta extract
anacardoyl sh-pentapeptide-39 tripeptide-1,,antioxidant; bleaching; skin-protecting,anacardoyl sh-pentapeptide-39 tripeptide-1
rhus glabra bark/berry/root extract,90106-33-5,antiseborrhoeic; astringent; skin-conditioning,rhus glabra bark/berry/root extract
lavandula angustifolia leaf cell extract,90063-37-9,flavouring; masking; perfuming; skin-protecting,lavandula angustifolia leaf cell extract
syringaldehyde,104-09-6,perfuming,lilac acetaldehyde
thuja plicata leaf extract,94334-32-4,perfuming,thuja plicata leaf extract
eucalyptus species leaf oil,92502-70-0,perfuming,eucalyptus species leaf oil
iodopropynyl butylcarbamate,55406-53-6,preservative,3-iodo-2-propynyl butylcarbamate
cadinene,29350-73-0,perfuming,"naphthalene, decahydro-1,6-dimethyl-4-(1-methylethyl)-, (1s,4s,4as,6s,8as)-, didehydro deriv."
3-octyl acetate,4864-61-3,perfuming,3-octyl acetate
dihydro-4-methyl-5-pentylfuranone,33673-62-0,perfuming,"2(3h)-furanone, dihydro-4-methyl-5-pentyl-"
bakuhan,,antimicrobial; astringent; bleaching; buffering; hair-conditioning; skin-conditioning,bakuhan
emblica officinalis fruit juice powder,,astringent,emblica officinalis fruit juice powder
pyrus serotina callus extract,,antioxidant; antiseborrhoeic; emollient; hair-conditioning; humectant; skin-conditioning; skin-protecting,pyrus serotina callus extract
ethyl butyl valerolactone,67770-79-0,perfuming; tonic,"2h-pyran-2-one, 5-butyl-5-ethyltetrahydro-"
mentha spicata crispa herb extract,98561-44-5,perfuming,mentha spicata crispa herb extract
rubus ellipticus fruit extract,,bleaching,rubus ellipticus fruit extract
methyl methyl-trimethylcyclohexenyl-vinyloxirane-2-carboxylate,67905-40-2,perfuming,"oxiranecarboxylic acid, 3-methyl-3-[2-(2,6,6-trimethyl-2-cyclohexen-1-yl)ethenyl]-, methyl ester"
7-methyl-3-methylene-1‚6-octadiene tetrahydrocitronellols,92908-29-7,perfuming,7-methyl-3-methylene-1‚6-octadiene tetrahydrocitronellols
magnolia wilsonii callus extract,,antimicrobial; antioxidant; hair-conditioning; skin-conditioning; skin-protecting,magnolia wilsonii callus extract
origanum majorana herb oil,84082-58-6,perfuming,origanum majorana herb oil
silver citrate,36701-38-9,antimicrobial; deodorant,silver citrate
acetaldehyde ethyl hexenyl acetal,60763-40-8,perfuming,1-(1-ethoxyethoxy)hex-3-ene
sedum rosea root extract,92457-37-9,antioxidant; astringent; skin-conditioning,sedum rosea root extract
pelargonium sidoides adventitious root extract,,antimicrobial; antioxidant; humectant; skin-protecting,pelargonium sidoides adventitious root extract
dipterocarpus turbinatus balsam oil,8030-55-5 / 93165-18-5,perfuming,dipterocarpus turbinatus balsam oil
helichrysum italicum callus extract,,antimicrobial; hair-conditioning; humectant; skin-protecting,helichrysum italicum callus extract
clay minerals,,astringent; binding; buffering; humectant,clay minerals
cyclooctenyl methyl carbonate,87731-18-8,perfuming,"carbonic acid, 4-cycloocten-1-yl methyl ester"
leuconostoc/aloe barbadensis leaf/sorbus aucuparia fruit ferment filtrate,,antimicrobial; hair-conditioning; nail-conditioning; skin-conditioning,leuconostoc/aloe barbadensis leaf/sorbus aucuparia fruit ferment filtrate
hydrolyzed sasa veitchii extract,,antimicrobial; deodorant,hydrolyzed sasa veitchii extract
alcohol denat.,,antifoaming; antimicrobial; astringent; masking; solvent; viscosity-controlling,alcohol denat.
hedeoma pulegioides american herb oil,98306-02-6,perfuming,hedeoma pulegioides american herb oil
prunus amygdalus sativa kernel extract,90320-37-9,perfuming,prunus amygdalus sativa kernel extract
aluminum sesquichlorohydrate,11089-92-2,antiperspirant; astringent; deodorant,tetraaluminum trichloride nonahydroxide
ethyl ethyldimethylcyclohexene-1-carboxylate,57934-97-1,perfuming,"ethyl 2-ethyl-6,6-dimethylcyclohex-2-ene-1-carboxylate"
orostachys japonica callus extract,,antimicrobial; antioxidant; hair-conditioning; humectant; skin-protecting,orostachys japonica callus extract
heliopsis longipes root powder,,antimicrobial,heliopsis longipes root powder
bis-aminoethoxyethane/guanidine hcl copolymer,374572-91-5,antimicrobial,oligo(2-(2-ethyoxy)ethoxyethylguanidium chloride)
abies sibirica oil,91697-89-1,masking; perfuming; tonic,abies sibirica oil
gamma-valerolactone,108-29-2,perfuming,gamma-valerolactone
trimethylhexyl formate,67355-38-8,perfuming,"1-hexanol, 3,5,5-trimethyl-, 1-formate"
trimethylundecadienal,24048-13-3,perfuming,"2,6,10-trimethylundeca-5,9-dienal"
myroxylon balsamum balsam oil,9000-64-0,perfuming,myroxylon balsamum balsam oil
abies pectinata needle oil,92128-34-2,perfuming,abies pectinata needle oil
lactobacillus/rapeseed leaf/radish root/fructose ferment filtrate,,antimicrobial; antioxidant,lactobacillus/rapeseed leaf/radish root/fructose ferment filtrate
citrus sunki seed extract,,antioxidant; bleaching; skin-conditioning,citrus sunki seed extract
bacillus/monascus/sesame seed/soybean ferment filtrate,,antimicrobial; antioxidant; hair-conditioning; skin-conditioning; stabilising,bacillus/monascus/sesame seed/soybean ferment filtrate
lamium album flower extract,84012-23-7,astringent; skin-conditioning,lamium album flower extract
damnacanthus major phytoplacenta extract,,antimicrobial; antioxidant; hair-conditioning; skin-conditioning,damnacanthus major phytoplacenta extract
sd alcohol 37,,astringent; solvent; viscosity-controlling,sd alcohol 37
pinus pumila twig leaf extract,97676-05-6,perfuming,pinus pumila twig leaf extract
dimethylheptenol,6090-15-9,perfuming,"5-hepten-2-ol, 2,6-dimethyl-"
ammonium bisulfite,10192-30-0,hair-waving-or-straightening; preservative; reducing,ammonium bisulfite
dipentyloxy cyclohexane,,bleaching,dipentyloxy cyclohexane
raspberry ketone,5471-51-2,masking; perfuming; skin-conditioning,4-(4'-hydroxyphenyl)-2-butanone
piperlongumine,20069-09-4,antioxidant; bleaching; skin-conditioning,"1-[3-(3,4,5-trimethoxyphenyl)prop-2-enoyl]-2,3-dihydropyridin-6-one"
methyl vanillate,3943-74-6,perfuming,methyl vanillate
vanilla planifolia tincture,8024-06-4 / 8047-24-3,perfuming,vanilla planifolia tincture
(lepidium meyenii/sarcodon aspratus) root water,,antioxidant; antiseborrhoeic; skin-conditioning; skin-protecting,(lepidium meyenii/sarcodon aspratus) root water
porphyridium polysaccharide hydroxypropyltrimonium chloride,,antimicrobial; antioxidant; humectant; skin-protecting,porphyridium polysaccharide hydroxypropyltrimonium chloride
methyl furoate,611-13-2,perfuming,methyl 2-furoate
isobutyl linalool,56105-46-5,perfuming,"1,6-decadien-3-ol, 3,7,9-trimethyl-"
cinnamomum cassia leaf oil,84961-46-6 / 8007-80-5,denaturant; masking; perfuming,cinnamomum cassia leaf oil
hippophae rhamnoides leaf powder,90106-68-6,antimicrobial; emollient; humectant; skin-conditioning,hippophae rhamnoides leaf powder
2-isobutylquinoline,93-19-6,perfuming,2-isobutylquinoline
sasa kurilensis leaf/stem extract,,antimicrobial; humectant,sasa kurilensis leaf/stem extract
commiphora abyssinica gum oil,9000-45-7,perfuming,commiphora abyssinica gum oil
cupressus funebris wood extract,85085-29-6,perfuming,cupressus funebris wood extract
ethyl 2-acetylheptanoate,24317-94-0,perfuming,"1,1-diethoxycyclopentane"
hydrogenated tallowtrimonium chloride,61788-78-1,antistatic; hair-conditioning; preservative; surfactant,hydrogenated tallowtrimonium chloride
kluyveromyces/lactobacillus/sesame seed ferment oil filtrate,,antioxidant; bleaching; hair-conditioning; skin-conditioning; skin-protecting,kluyveromyces/lactobacillus/sesame seed ferment oil filtrate
s-centipede oligopeptide-1 amide,,antimicrobial; skin-conditioning; skin-protecting,s-centipede oligopeptide-1 amide
methenamine,100-97-0,preservative,hexamethylenetetramine
5-phenylhex-3-en-2-one,60405-50-7,perfuming,"icosa-8,11,14-trien-5-ynoic acid"
octahydrospiro-dioxolanemethanoindene,15591-90-9,perfuming,"(3'alpha,4'alpha,7'alpha,7'aalpha)-octahydrospiro(1,3-dioxolane-2,5'-(4,7)methano(5h)indene)"
fenchyl alcohol,1632-73-1,perfuming,fenchol
hexylethylideneamino-benzoate,72968-69-5,perfuming,"3,3-dimethylbutanoyl chloride"
myroxylon balsamum pereirae balsam oil,8007-00-9,perfuming,ipilimumab (anti-ctla-4)
ferric glycerophosphate,38455-91-3,astringent,ferric 1-glycerophosphate
hydroxydichlorodiphenyl ether,3380-30-1,antimicrobial,soneclosan
viola odorata flower water,90147-36-7,flavouring; masking; perfuming,viola odorata flower water
trimethylbicyclo-2-heptanol,512-13-0,perfuming,fenchol
cereus grandiflorus extract,8007-78-1,antioxidant; astringent; hair-conditioning; skin-conditioning,cereus grandiflorus extract
zinc salicylate,16283-36-6,antimicrobial,zinc salicylate
rosa gallica flower extract,84604-13-7,astringent; skin-conditioning; tonic,rosa gallica flower extract
methyl abietate,127-25-3,perfuming,"methyl (1r,4ar)-1,4a-dimethyl-7-propan-2-yl-2,3,4,4b,5,6,10,10a-octahydrophenanthrene-1-carboxylate"
betula alba twig extract,84012-15-7,perfuming,betula alba twig extract
lauryl theobroma grandiflorum seedate,,bleaching; emollient; skin-conditioning,lauryl theobroma grandiflorum seedate
streptomyces gougerotii ferment extract,,abrasive; antimicrobial; skin-conditioning,streptomyces gougerotii ferment extract
hedera helix leaf/stem extract,84082-54-2,anticaking; antimicrobial; astringent; skin-conditioning; soothing; tonic,hedera helix leaf/stem extract
diallyl sulphide,592-88-1,perfuming,diallyl sulfide
lavandula angustifolia angustifolia herb oil,84776-65-8,perfuming,lavandula angustifolia angustifolia herb oil
bacillus/comamonas/lysinibacillus/nonfat dry milk/hydrolyzed sea bream scales ferment filtrate,,antiseborrhoeic; skin-conditioning,bacillus/comamonas/lysinibacillus/nonfat dry milk/hydrolyzed sea bream scales ferment filtrate
formic acid,64-18-6,preservative,formate
2‚6-dimethylhepta-1‚5-diene,6709-39-3,perfuming,geraniolene
acanthopanax sessiliflorus bark/honeysuckle flower/(arctium lappa/vitex trifolia fruit)/(astragalus membranaceus/radish root)/cinnamomum cassia/hordeum vulgare extract,,antioxidant; antiseborrhoeic; emollient; humectant; skin-conditioning,acanthopanax sessiliflorus bark/honeysuckle flower/(arctium lappa/vitex trifolia fruit)/(astragalus membranaceus/radish root)/cinnamomum cassia/hordeum vulgare extract
methylcyclotridecanone,61415-11-0,perfuming,3-methylcyclotridecanone
3-methyl-gamma-octalactone,39212-23-2,perfuming,5-butyl-4-methyldihydro-2(3h)-furanone
sd alcohol 38-d,,astringent; solvent; viscosity-controlling,sd alcohol 38-d
lavandula intermedia flower/leaf/stem extract,92623-76-2,flavouring; masking; oral-care; perfuming,lavandula intermedia flower/leaf/stem extract
bacillus/diospyros kaki leaf/soybean ferment extract filtrate,,antimicrobial; antioxidant; hair-conditioning; skin-conditioning,bacillus/diospyros kaki leaf/soybean ferment extract filtrate
guaiacol acetate,613-70-7,perfuming,guaiacyl acetate
4‚8-dimethyl-4‚9-decadienal,71077-31-1,perfuming,"4,8-dimethyl-4,9-decadienal"
potassium troclosene,2244-21-5,antimicrobial,potassium dichloroisocyanurate
hydrocinnamyl formate,104-64-3,perfuming,3-phenylpropyl formate
hibiscus abelmoschus seed oil,84455-19-6,masking; perfuming,hibiscus abelmoschus seed oil
nobiletin,478-01-3,antimicrobial; antioxidant; preservative,nobiletin
geranium macrorrhizum herb oil,92347-05-2,perfuming,geranium macrorrhizum herb oil
lauryl carpotroche brasiliensis seedate,,bleaching; emollient,lauryl carpotroche brasiliensis seedate
lavandula latifolia herb extract,84837-04-7,perfuming,lavandula latifolia herb extract
isopropyl-beta-methylcyclohexane-ethanol,67634-03-1,perfuming,"cyclohexaneethanol, beta-methyl-4-(1-methylethyl)-"
triethoxysilylpropyl steardimonium chloride,62117-57-1,antimicrobial; cleansing; deodorant; surfactant,triethoxysilylpropyl steardimonium chloride
isopropyl octahydonaphthalenone,34131-98-1,perfuming,6-amino-5-(n-methylformylamino)-1-methyluracil
ethyl dimethyldioxolane-2-acetate,6290-17-1,perfuming,"ethyl 2,4-dimethyl-1,3-dioxolane-2-acetate"
sodium hydroxymethane sulfonate,870-72-4,antimicrobial; reducing,formaldehyde bisulfite
pelargonium sidoides phytoplacenta extract,,antimicrobial; antioxidant; emollient; hair-conditioning; skin-conditioning,pelargonium sidoides phytoplacenta extract
2‚4-dimethyl-4-phenyltetrahydrofuran,82461-14-1,perfuming,rhubafuran
styrax benzoin resin extract,84929-79-3,film-forming; masking; perfuming,styrax benzoin resin extract
sclareolide,564-20-5,masking; perfuming; skin-conditioning,"decahydro-3a,6,6,9a-tetramethylnaphtho[2,1-b]furan-2(1h)-one"
8-cyclohexadecenone,3100-36-5,perfuming,cyclohexadecanone
1-ethylcyclohexane-1‚4-dimethanol,67663-05-2,perfuming,"1,4-cyclohexanedimethanol, 1-ethyl-"
propyl gallate,121-79-9,antioxidant; perfuming,propyl gallate
cellulase,9037-40-5 / 9012-54-8,keratolytic; oral-care; viscosity-controlling,cellulase
lavandula hybrida grosso herb extract,93455-97-1,perfuming,lavandula hybrida grosso herb extract
magnolol,528-43-8,antioxidant; bleaching,chavicol
bacillus/houttuynia cordata leaf/soybean ferment filtrate,,bleaching; hair-conditioning; skin-protecting,bacillus/houttuynia cordata leaf/soybean ferment filtrate
cis-6-non-6-enal,2277-19-2,perfuming,non-6-enal
opopanax chironium resin extract,93384-32-8,perfuming,opopanax chironium resin extract
tetrahydro-6-pent-3-enyl-pyran-2-one,32764-98-0,perfuming,tetrahydro-6-(3-penten-1-yl)-2h-pyran-2-one
dimethylol ethylene thiourea,15534-95-9,antimicrobial; hair-conditioning,"1,3-bis(hydroxymethyl)-2-imidazolidinethione"
tetramethyl acetyloctahydronaphthalenes,54464-57-2 / 54464-59-4 / 68155-66-8 / 68155-67-9,masking; perfuming; skin-conditioning,tetramethyl acetyloctahydronaphthalenes
leucosidea sericea leaf extract,,antimicrobial; antioxidant; antiseborrhoeic; emollient; skin-conditioning,leucosidea sericea leaf extract
methyl butyrate,623-42-7,perfuming,methyl butyrate
isopropylcarbonate benzoyl peroxide,1310672-91-3,antiseborrhoeic,"carbonic acid, 2-a[(benzoyldioxy)acarbonyl]aphenyl 1-amethylethyl ester"
tetrahydronaphthalene-1-acetaldehyde,10484-23-8,perfuming,"1-naphthaleneacetaldehyde, 5,6,7,8-tetrahydro-"
3-p-cumenyl propionaldehyde,7775-00-0,perfuming,cuminyl acetaldehyde
cis-3-methyl-5-phenyl-2-pentenenitrile,53243-59-7,perfuming,citrus nitrile
silver chloride,7783-90-6,preservative,silver chloride
copaifera species resin oils,9000-12-8,perfuming,copaifera species resin oils
4-methylpentan-2-ol,108-11-2,perfuming,4-methyl-2-pentanol
cinnamosma fragrans leaf oil,,antimicrobial,cinnamosma fragrans leaf oil
cedrene,11028-42-5,perfuming,cedrene
butyl benzoate,136-60-7,masking; preservative,butyl benzoate
isopropylphenylbutanal,125109-85-5,masking; perfuming,florhydral
methyl-octahydro-dimethylazulenylethyl acetate,134-28-1,perfuming,"2-(3,8-dimethyl-1,2,3,4,5,6,7,8-octahydro-5-azulenyl)-2-propanyl acetate"
dibenzyl,103-29-7,perfuming,dibenzyl
neryl formate,2142-94-1,perfuming,"3,7-dimethylocta-2,6-dienyl formate"
phenethyl phenoxy methyldihydropyrroloquinoline hcl,936621-72-6,preservative,phenethyl phenoxy methyldihydropyrroloquinoline hcl
foeniculum vulgare vulgare fruit extract,92623-75-1,perfuming,foeniculum vulgare vulgare fruit extract
santalum spicata wood oil,8024-35-9,perfuming,"(z)-5-[(1s,5s,6r)-2,6-dimethyl-6-bicyclo[3.1.1]hept-2-enyl]-2-methylpent-2-en-1-ol;(z)-5-(2,3-dimethyl-3-tricyclo[2.2.1.02,6]heptanyl)-2-methylpent-2-en-1-ol;6-methyl-2-[(1r)-4-methylcyclohex-3-en-1-yl]hept-5-en-2-ol;(z)-2-methyl-5-(2-methyl-3-methylidene-2-bicyclo[2.2.1]heptanyl)pent-2-en-1-ol;(2e,6e)-3,7,11-trimethyldodeca-2,6,10-trien-1-ol"
cocos nucifera oil,8001-31-8,hair-conditioning; masking; skin-conditioning; perfuming,cocos nucifera oil
butyl angelate,7785-64-0,perfuming,butyl angelate
fucus crispus thalle oil,95009-46-4,perfuming,fucus crispus thalle oil
p-cresyl benzoate,614-34-6,perfuming,p-cresol benzoate
kluyveromyces/lactobacillus/machilus thunbergii bark oil ferment filtrate,,antioxidant; astringent; skin-conditioning; skin-protecting,kluyveromyces/lactobacillus/machilus thunbergii bark oil ferment filtrate
acorus gramineus root/stem/luffa cylindrica fruit/camellia sinensis leaf extract,,astringent; deodorant; flavouring; humectant; masking,acorus gramineus root/stem/luffa cylindrica fruit/camellia sinensis leaf extract
trimethylcyclohexaneacetic acid,3213-73-8,perfuming,"cyclohexaneacetic acid, 3,3,5-trimethyl-"
isopropyl-cyclohexadiene-ethanol,93941-69-6,perfuming,4-(isopropyl)cyclohexadieneethanol
tripeptide-47,,antiseborrhoeic; skin-protecting,tripeptide-47
octahydrodimethyl-2‚5-methano-indenooxirene,94021-60-0,perfuming,"octahydrodimethyl-2,5-methano-2h-indeno[1,2-b]oxirene"
hydrolyzed xanthomonas campestris polysaccharide,,bleaching,hydrolyzed xanthomonas campestris polysaccharide
calcium sulfate hydrate,13397-24-5,abrasive; anticaking; astringent; binding; bleaching; opacifying; skin-conditioning,calcium sulfate dihydrate
d-bornyl isovalerate,76-50-6,perfuming,"1,7,7-trimethylbicyclo(2.2.1)heptan-2-yl 3-methylbutanoate"
cinnamomum camphora linalooliferum root oil,91745-89-0,perfuming,cinnamomum camphora linalooliferum root oil
beta-santalyl butyrate,67633-98-1,perfuming,"butanoic acid, 2-methyl-5-(2-methyl-3-methylenebicyclo[2.2.1]hept-2-yl)-2-penten-1-yl ester"
2-hexanol,626-93-7,perfuming,2-hexanol
leontopodium alpinum flower/leaf/stem extract,391900-47-3,astringent; skin-conditioning,leontopodium alpinum flower/leaf/stem extract
aluminum acetate,139-12-8,antimicrobial; astringent,aluminum acetate
isobutyl butyrate,539-90-2,perfuming,isobutyl butyrate
ethylpentyloxyacetic acid,92759-90-5,perfuming,2-((1-ethylpentyl)oxy)acetic acid
cis-non-2-enal,60784-31-8,perfuming,non-2-enal
cymbidium lancifolium extract,,antioxidant; astringent; emollient; skin-conditioning,cymbidium lancifolium extract
cinnamomum camphora formosana root oil,92704-03-5,perfuming,cinnamomum camphora formosana root oil
hexahydro-tetramethyl-methanonaphthalene,1135-66-6,perfuming,"2h-2,4a-methanonaphthalene, 1,3,4,5,6,7-hexahydro-1,1,5,5-tetramethyl-, (2s)-"
cerastium arcticum callus culture extract,,antimicrobial; antioxidant; hair-conditioning; skin-protecting,cerastium arcticum callus culture extract
hexyl isobutyrate,2349-07-7,perfuming,hexyl isobutyrate
2-furfuryleneoctanal,67801-17-6,perfuming,"octanal, 2-(2-furanylmethylene)-"
cis-octahydro-trimethyl-4a-naphthalenol,57963-77-6,perfuming,vpt58cc7m7
hydrolyzed crossostephium chinense extract,,antioxidant; antiseborrhoeic; bleaching; skin-conditioning,hydrolyzed crossostephium chinense extract
rubus arcticus callus extract,,antimicrobial; antioxidant; hair-conditioning; humectant; skin-conditioning; skin-protecting,rubus arcticus callus extract
butylphenyl methylpropional,80-54-6,perfuming,3-(4-tert.-butylphenyl)butanal
bulnesia sarmientoi extract,89958-10-1,perfuming,bulnesia sarmientoi extract
allyl cinnamate,1866-31-5,perfuming,prop-2-enyl 3-phenylprop-2-enoate
p-tert-butyl-alpha-methylhydrocinnamal /methylanthranilate schiff base,91-51-0,perfuming,verdantiol
lactobacillus/saccharomyces/pichia anomala/camellia sinensis leaf extract/honey ferment filtrate,,antioxidant; bleaching; skin-conditioning,lactobacillus/saccharomyces/pichia anomala/camellia sinensis leaf extract/honey ferment filtrate
aluminum chlorohydrex pg,245090-52-2,antiperspirant; astringent; deodorant,aluminum chlorohydrex pg
polyanthranilic acid sulfate,,antimicrobial; antioxidant,polyanthranilic acid sulfate
lavandula angustifolia callus extract,,antimicrobial; hair-conditioning; skin-conditioning; skin-protecting,lavandula angustifolia callus extract
ovalicin,19683-98-8,antidandruff; antimicrobial,ovalicine subst.
tripeptide-51,,antimicrobial; antioxidant; astringent; humectant; skin-conditioning; skin-protecting,tripeptide-51
bacillus/hippophae rhamnoides fruit ferment extract,,antimicrobial; antioxidant; emollient; skin-conditioning,bacillus/hippophae rhamnoides fruit ferment extract
tallowalkonium chloride,61789-75-1,antistatic; preservative; surfactant,tallowalkonium chloride
lonicera caprifolium extract,84603-62-3,astringent; masking,lonicera caprifolium extract
leuconostoc/salix alba bark extract ferment filtrate,,antidandruff; antimicrobial; hair-conditioning; skin-conditioning,leuconostoc/salix alba bark extract ferment filtrate
2‚5-dihydro-4-methylthiazol-5-ethanol,84041-80-5,perfuming,"1,2,3,6-tetra-o-galloyl-beta-d-glucose"
isoeugenyl phenylacetate,120-24-1,perfuming,2-methoxy-4-prop-1-enylphenyl phenylacetate
piper cubeba fruit oil,90082-59-0,perfuming,piper cubeba fruit oil
mek peroxides,,antimicrobial; preservative,mek peroxides
thiabendazole,148-79-8,antimicrobial,thiabendazole
disodium edta-copper,14025-15-1,astringent; chelating,copper versenate
citrus aurantium dulcis flower oil,8028-48-6,astringent; masking; skin-conditioning; tonic,orange oil
paulownia tomentosa leaf extract,,astringent; hair-conditioning; skin-conditioning; soothing,paulownia tomentosa leaf extract
kluyveromyces/lactobacillus/walnut seed ferment oil filtrate,,antioxidant; bleaching; hair-conditioning; skin-conditioning; skin-protecting,kluyveromyces/lactobacillus/walnut seed ferment oil filtrate
thymus zygis herb extract,85085-75-2,perfuming,thymus zygis herb extract
2‚2'-thiobis(4-chlorophenol),97-24-5,antimicrobial,fenticlor
hexahydro-methanoinden-5-yl propionate,67634-24-6,perfuming,"hexahydro-4,7-methanoinden-5-yl propionate"
fenchyl acetate,13851-11-1,perfuming,"bicyclo[2.2.1]heptan-2-ol,1,3,3-trimethyl-,2-acetate"
saccharomyces/propolis ferment extract,,antimicrobial; antioxidant; humectant; skin-conditioning,saccharomyces/propolis ferment extract
cinnamomum zeylanicum leaf extract,84649-98-9,perfuming,cinnamomum zeylanicum leaf extract
cornus controversa leaf extract,,antioxidant; astringent; emollient; hair-conditioning; skin-conditioning,cornus controversa leaf extract
o-cresol,95-48-7,antimicrobial; perfuming,o-cresol
octyl acetate,112-14-1,perfuming,octyl acetate
triethyl citrate,77-93-0,masking; perfuming; plasticiser,triethyl citrate
castanea crenata pellicle extract,,antioxidant; astringent; deodorant,castanea crenata pellicle extract
phenethyl crotonate,68141-20-8,perfuming,phenylethyl-crotonate
cinnamomum culilawan wood oil,91771-48-1,perfuming,cinnamomum culilawan wood oil
juniperus oxycedrus wood oil,90046-02-9,masking; perfuming; tonic,juniperus oxycedrus wood oil
4-ethyl-6-(2‚6,90411-73-7,perfuming,"4-ethyl-6-(2,6,6-trimethylcyclohex-2-en-1-yl)hex-2-ene-1,4-diol"
lavandula hybrida herb oil,91722-69-9,perfuming,lavandula hybrida herb oil
1-methyldecyl acetate,14936-67-5,perfuming,2-acetoxyundecane
1‚2-hexanediyl dicaprate,,bleaching,1‚2-hexanediyl dicaprate
betula alba oil,8001-88-5 / 8027-43-8,masking; perfuming,betula alba oil
5-cyclohexadecenone,37609-25-9,perfuming,5-cyclohexadecen-1-one
citrus bergamia melarosa peel oil expressed,92704-01-3,perfuming,citrus bergamia melarosa peel oil expressed
dihydromyrcene,2436-90-0,perfuming,dihydromyrcene
betula alba leaf extract,84012-15-7,astringent; cleansing; masking; skin-conditioning; soothing; tonic,betula alba leaf extract
solanum lycopersicum fruit/leaf/stem extract,90131-63-8,astringent; skin-conditioning,solanum lycopersicum fruit/leaf/stem extract
arrabidaea chica leaf/stem extract,,antimicrobial; astringent; cosmetic-colorant; emollient; skin-conditioning,arrabidaea chica leaf/stem extract
isopropyl sorbate,44987-75-9,antimicrobial,"propan-2-yl hexa-2,4-dienoate"
cedrela odorata wood oil,93062-64-7,perfuming,cedrela odorata wood oil
linolenic acid,463-40-1 -CIS-,antistatic; cleansing; emollient; hair-conditioning; perfuming; skin-conditioning; surfactant,linolenic acid
cis-3-hexenyl valerate,35852-46-1,perfuming,cis-3-hexenylvalerate
croton eluteria oil,84836-99-7,perfuming,croton eluteria oil
ethyl phenylacetate,101-97-3,perfuming,ethyl phenylacetate
passiflora edulis seed acid,,bleaching; emulsifying,passiflora edulis seed acid
juniperus communis wood extract,84603-69-0,perfuming,juniperus communis wood extract
rhamnus purshiana bark extract,84650-55-5,perfuming; skin-conditioning; skin-protecting,rhamnus purshiana bark extract
cymbopogon martini sofia herb oil,92704-07-9,perfuming,cymbopogon martini sofia herb oil
halloysite,1332-58-7,absorbent; antiseborrhoeic; cosmetic-colorant; viscosity-controlling,bentone
eugenol,97-53-0,denaturant; perfuming; tonic,eugenol
decahydro-4‚8,68855-38-9,perfuming,"2-(3-bromophenyl)-5-(2-naphthyl)-1,3,4-oxadiazole"
potassium phenoxide,100-67-4,antimicrobial,potassium phenol
pinus heldreichii bark extract,,antioxidant; bleaching; skin-protecting,pinus heldreichii bark extract
mentha citrata herb oil,85085-49-0,perfuming,mentha citrata herb oil
octahydro-methyl-methanonaphthalenone,41724-19-0,perfuming,"1,4-methanonaphthalen-6(2h)-one, octahydro-7-methyl-"
opopanax chironium resin steam-distilled oil,93384-32-8,perfuming,opopanax chironium resin steam-distilled oil
origanum cretium herb oil,91722-83-7,perfuming,origanum cretium herb oil
farnesal,19317-11-4,perfuming,farnesal
cymbopogon flexuosus herb oil,91844-92-7,perfuming,cymbopogon flexuosus herb oil
aniba rosaeodora root extract acetylated,90622-72-3,perfuming,aniba rosaeodora root extract acetylated
empetrum nigrum flower/fruit/leaf extract,,abrasive; antimicrobial; antioxidant; astringent; hair-conditioning; skin-conditioning,empetrum nigrum flower/fruit/leaf extract
methyl-methylcyclohexenyl-ethyl butyrate,2153-28-8,perfuming,"1,1'-ethylenebis(4,5-dihydro-2-heptadecyl-1h-imidazole)"
perilla frutescens flower oil,90082-61-4,perfuming,perilla frutescens flower oil
citrus paradisi,93763-95-2 / 72869-73-9,perfuming,citrus paradisi
bacillus/monascus/borago officinalis seed/soybean ferment filtrate,,antimicrobial; antioxidant; antiseborrhoeic; emollient; skin-conditioning,bacillus/monascus/borago officinalis seed/soybean ferment filtrate
draba alpina callus culture extract,,antimicrobial; antioxidant; astringent; skin-protecting,draba alpina callus culture extract
terpinyl isobutyrate,7774-65-4,perfuming,terpinyl isobutyrate
octanal,124-13-0,perfuming,octanal
cyclohexanone,108-94-1,perfuming; solvent,cyclohexanol
kluyveromyces/lactobacillus/pinus koraiensis seed oil ferment filtrate,,antioxidant; bleaching; skin-conditioning; skin-protecting,kluyveromyces/lactobacillus/pinus koraiensis seed oil ferment filtrate
2‚4-dimethyl-3-cyclohexene carboxaldehyde,68039-49-6,masking; perfuming; tonic,"2,4-dimethyl-3-cyclohexene carboxaldehyde"
ethyl neryl ether,22882-89-9,perfuming,"1-ethoxy-3,7-dimethylocta-2,6-diene"
octahydro-tetramethylcyclopropazulene,489-40-7,perfuming,3-fluorobenzamide
decyl anthranilate,18189-07-6,perfuming,"benzoic acid, 2-amino-, decyl ester"
2‚4-dimethylcyclohexylmethyl acetate,67634-22-4,perfuming,"cyclohexanemethanol, 2,4-dimethyl-, 1-acetate"
cis-3‚5,933-48-2,perfuming,"3,3,5-trimethylcyclohexanol"
vaccinium myrtillus fruit/leaf extract,84082-34-8,astringent; refreshing; skin-conditioning; tonic,vaccinium myrtillus fruit/leaf extract
ammonium phenolsulfonate,61886-53-1,antimicrobial; deodorant,ammonium phenolsulfonate
1-phenylpropyl acetate,2114-29-6,perfuming,1-phenylpropyl acetate
pelargonium radula leaf extract acetylated,94333-78-5,perfuming,pelargonium radula leaf extract acetylated
cis-3-hexenal,6789-80-6,perfuming,hex-3-enal
orostachys japonica callus culture conditioned media,,antimicrobial; antioxidant; hair-conditioning; humectant; skin-protecting,orostachys japonica callus culture conditioned media
ammonium iodide,12027-06-4,antimicrobial,ammonium iodide
mea o-phenylphenate,84145-04-0,preservative,"(1,1'-biphenyl)-2-ol, compound with 2-aminoethanol (1:1)"
tetrahydro-dimethylnaphthyl-propan-1-one,74499-60-8,perfuming,"1-(1,2,3,4-tetrahydro-4,4-dimethyl-1-naphthyl)propan-1-one"
dimethyl-3-butenyl isobutyrate,80118-06-5,perfuming,"1,3-dimethyl-3-butenyl 2-methylpropionate"
hypoxis hemerocallidea bulb extract,,antimicrobial; antioxidant,hypoxis hemerocallidea bulb extract
2-methyl-1‚5-dioxaspiroundecane,6413-26-9,perfuming,"2-methyl-1,5-dioxaspiro[5.5]undecane"
celastrus orbiculatus branch/leaf extract,,antioxidant; bleaching,celastrus orbiculatus branch/leaf extract
nicotinoyl peg-5 tocopheryl succinate,,antioxidant; antiseborrhoeic,nicotinoyl peg-5 tocopheryl succinate
dipropyl pyridinedicarboxylate,136-45-8,antimicrobial,dipropyl isocinchomeronate
acorus calamus root extract,84775-39-3,perfuming; skin-conditioning,acorus calamus root extract
propylparaben,94-13-3,perfuming; preservative,propylparaben
isodecylparaben,,antimicrobial,isodecylparaben
trans-3-methyl-5-phenyl-2-pentenenitrile,53243-60-0,perfuming,citrus nitrile
3-hexenyl acetate,1708-82-3,perfuming,hex-3-enyl acetate
ginkgo leaf terpenoids,90045-36-6,antimicrobial; antioxidant; hair-conditioning,cid 17388989
isopropyl 3-methylthiocrotonate,34365-79-2,perfuming,s-isopropyl 3-methylthiocrotonate
chrysanthemum sibiricum extract,,antimicrobial; skin-conditioning,chrysanthemum sibiricum extract
methoxyisopropanol,107-98-2,perfuming; solvent,1-methoxy-2-propanol
bacillus/monascus/pistacia vera fruit/soybean ferment filtrate,,antimicrobial; antioxidant; hair-conditioning; skin-conditioning,bacillus/monascus/pistacia vera fruit/soybean ferment filtrate
tetrahydro-methyl-propyl-pyran-4-olacetate,131766-73-9,perfuming,4-methyl-2-propyloxan-4-ol acetate
cyclohexyl cyclopenteneacetate,65405-69-8,perfuming,"2-cyclopentene-1-acetic acid, cyclohexyl ester"
hexahydro-methanoindene-5-ylidene-2-butanol,105304-56-1,perfuming,"2-butanol, 4-(3,3a,4,6,7,7a-hexahydro-4,7-methano-5h-inden-5-ylidene)-"
amidinoproline,35404-57-0,humectant; masking; perfuming; skin-conditioning,1-carbamimidoylproline
teupolioside,143617-02-1,antioxidant; bleaching; chelating; skin-protecting,"[4-[4,5-dihydroxy-6-methyl-3-[3,4,5-trihydroxy-6-(hydroxymethyl)oxan-2-yl]oxyoxan-2-yl]oxy-6-[2-(3,4-dihydroxyphenyl)ethoxy]-5-hydroxy-2-(hydroxymethyl)oxan-3-yl] 3-(3,4-dihydroxyphenyl)prop-2-enoate"
vitex negundo flower/leaf/seed oil,,antioxidant; antiseborrhoeic; hair-dyeing,vitex negundo flower/leaf/seed oil
dimethylbicyclohept-2-ylethanone,42370-07-0,perfuming,"1-(3,3-dimethylbicyclo(2.2.1)hept-2-yl)ethane-1-one"
salix blinii leaf extract,,antioxidant; bleaching; emollient; skin-conditioning; skin-protecting,salix blinii leaf extract
trans-2-octenal,2548-87-0,perfuming,oct-2-enal
eugenia caryophyllus leaf extract,84961-50-2,humectant; perfuming; skin-conditioning,eugenia caryophyllus leaf extract
c12-18 fatty acids methyl esters,68937-84-8,perfuming,methyl pentadecanoate
3‚5,67801-32-5,perfuming,"1-(3,5,6-trimethylcyclohex-3-en-1-yl)pent-1-en-3-one"
octadecane,593-45-3,emollient; perfuming; skin-conditioning; solvent,octadecane
8-methoxy-2‚6-dimethyloct-2-ene,55915-70-3,perfuming,"4h-pyrido(1,2-a)pyrimidine-3-carboxylic acid, 7-methyl-4-oxo-, ethyl ester"
camellia sinensis callus culture extract,84650-60-2,perfuming; skin-conditioning,phenol
4-methyl-4-phenyl-2-pentanone,7403-42-1,perfuming,vetikon
methylseleno carboxyethylglutamine,,antidandruff; antimicrobial; antioxidant; hair-conditioning; skin-conditioning; skin-protecting,methylseleno carboxyethylglutamine
isopropylmethylhexenal,35158-25-9,perfuming,2-isopropyl-5-methyl-2-hexenal
ethyl phenoxyacetate,2555-49-9,perfuming,"acetic acid, 2-phenoxy-, ethyl ester"
5-methylfuranone,591-12-8,perfuming,alpha-angelica lactone
chloroacetic acid,79-11-8,keratolytic,chloroacetic acid
trimethyl-propylcyclohexanepropanol,70788-30-6,perfuming,"cyclohexanepropanol, 2,2,6-trimethyl-alpha-propyl-"
3‚4-dihydro-7-methylnaphthalenone,22009-37-6,perfuming,7-methyltetralone
methylisothiazolinone,2682-20-4,preservative,5-chloro-2-methyl-4-isothiazolin-3-one
tripeptide-48,,antiseborrhoeic; skin-protecting,tripeptide-48
iris pallida root oil,90045-90-2,perfuming,iris pallida root oil
methyl benzodioxepinone,28940-11-6,masking; perfuming,methyl benzodioxepinone
maackia fauriei stem extract,,antimicrobial; antioxidant; hair-conditioning; skin-conditioning,maackia fauriei stem extract
linalyl propionate,144-39-8,perfuming,linalyl propionate
heptanal diethyl acetal,688-82-4,perfuming,"5-ethyl-5-hexyl-2,4,6(1h,3h,5h)-pyrimidinetrione"
3-tert-butyl-2-methoxypyrazine,24168-70-5,perfuming,9-methyladenine
methyl formylaminobenzoate,41270-80-8,perfuming,pentachlorophenyl propyl ether
lapyrium chloride,6272-74-8,antimicrobial; antistatic,lapyrium chloride
empetrum nigrum leaf extract,,antimicrobial; skin-conditioning,empetrum nigrum leaf extract
glutaral,111-30-8,preservative,glutaraldehyde
dimethyl malonate,108-59-8,perfuming,dimethyl malonate
carthamus tinctorius callus extract,223749-52-8,antimicrobial; antioxidant; hair-conditioning; humectant; skin-conditioning; skin-protecting,carthamus tinctorius callus extract
ethyl anisate,94-30-4,perfuming,ethyl anisate
ethyl pelargonate,123-29-5,emollient; perfuming,ethyl nonanoate
aesculus chinensis extract,,astringent; tonic,aesculus chinensis extract
melaleuca alternifolia leaf extract,85085-48-9,perfuming; skin-conditioning,melaleuca alternifolia leaf extract
aluminum glycinate,13682-92-3 / 41354-48-7,astringent; buffering,aluminum glycinate
methyl alpha-ionone isomers,1335-46-2,perfuming,"5-(2,6,6-trimethyl-2-cyclohexen-1-yl)-4-penten-3-one"
cis-3-hexenyl 2-methylbutyrate,53398-85-9,perfuming,3-hexenyl 2-methylbutyrate
cis,63449-64-9,perfuming,"3-hexene, 1,1'-[ethylidenebis(oxy)]bis-, (3z,3'z)-"
hydroxybenzaldehyde,123-08-0,masking; perfuming,4-hydroxybenzaldehyde
methyl propionate,554-12-1,perfuming,methyl propionate
mentha piperita american herb oil,98306-02-6,perfuming,mentha piperita american herb oil
ethylhexyl isobutyrate,35061-61-1,perfuming,aziridine-2-carbonitrile
sd alcohol 23-a,,astringent; solvent; viscosity-controlling,sd alcohol 23-a
ethylhexanol,104-76-7,perfuming,2-ethylhexanol
potassium butylparaben,38566-94-8,preservative,anazolene sodium
isopropylbicyclooctenyl methyl ketone,68259-33-6,perfuming,"ethanone, 1-(5(or 6)-methyl-7(or 8)-(1-methylethyl)bicyclo(2.2.2)oct-5-en-2-yl)-"
schinus terebinthifolia seed extract,,astringent; skin-conditioning,schinus terebinthifolia seed extract
sambucus sieboldiana leaf/stem extract,,antioxidant; astringent; emollient,sambucus sieboldiana leaf/stem extract
tetrahydromugol,41678-36-8,perfuming,myrcenol
artemisia pallens flower extract,91844-86-9,perfuming,artemisia pallens flower extract
diacetylcurcumin,19697-86-0,antioxidant; bleaching; skin-conditioning; skin-protecting; uv-absorber,"1,7-bis(4-(acetyloxy)-3-methoxyphenyl)-1,6-heptadiene-3,5-dione"
peg-5 dedm hydantoin oleate,,antimicrobial,peg-5 dedm hydantoin oleate
ammonium alum,7784-25-0,antiperspirant; astringent,"sulfuric acid,aluminum ammonium salt(2:1:1)"
citrus aurantifolia peel oil distilled,90063-52-8,perfuming,citrus aurantifolia peel oil distilled
sd alcohol 23-h,,astringent; solvent; viscosity-controlling,sd alcohol 23-h
kluyveromyces/lactobacillus/safflower seed oil ferment filtrate,,antioxidant; antiseborrhoeic; bleaching; hair-conditioning; skin-conditioning; skin-protecting,kluyveromyces/lactobacillus/safflower seed oil ferment filtrate
ethyl propionate,105-37-3,perfuming,4-chlorophenol
apium graveolens rapaccum seed oil,89997-34-2,perfuming,apium graveolens rapaccum seed oil
decahydro-beta-naphthyl formate,10519-12-7,perfuming,"2-naphthalenol, decahydro-, 2-formate"
dimethyl-4-hexenyl-dihydrofuranone,61099-53-4,perfuming,citronellene lactone
citrus aurantium bergamia fruit oil,8007-75-8 / 68648-33-9,masking; perfuming,citrus aurantium bergamia fruit oil
trans-trimethylundecadienal,54082-68-7,perfuming,"2,6,10-trimethylundeca-5,9-dienal"
piperlonguminine,5950-12-9,antimicrobial; antioxidant; skin-conditioning,2-methylnorharman
5-melozol acetate,64001-15-6,perfuming,"pseudourea, 2-decyl-1,3-dimethyl-2-thio-, hydriodide"
3‚4-dihydro-5-methylnaphthalenone,6939-35-1,perfuming,5-methoxytetralone
l-beta-pinene,18172-67-3,perfuming,beta-pinene
trans-trimethyldodecatetraenal,17909-77-2,perfuming,"2,6,9,11-dodecatetraenal, 2,6,10-trimethyl-"
isopropyl tiglate,1733-25-1,perfuming,npc17697
isobornyl acetate,125-12-2,masking; perfuming,"acetic acid 1,7,7-trimethyl-bicyclo(2.2.1)hept-2-yl ester"
usnea barbata callus extract,,antimicrobial; antioxidant; humectant; skin-conditioning,usnea barbata callus extract
phenethyl methacrylate,3683-12-3,perfuming,2-phenylethyl methacrylate
steartrimonium bromide,1120-02-1,antistatic; hair-conditioning; preservative,octadecyltrimethylammonium bromide
methyl ethylacetoacetate,51756-08-2,perfuming,"butanoic acid, 2-ethyl-3-oxo-, methyl ester"
isopropyl-alpha-methylcinnamaldehyde,831-97-0,perfuming,2-methyl-3-(4-propan-2-ylphenyl)prop-2-enal
diacetyl,431-03-8,perfuming,butanedione
dendropanax morbiferus leaf oil,,antioxidant; antiseborrhoeic,dendropanax morbiferus leaf oil
isopropyl-methylhexenyl acetate,74912-37-1,perfuming,2-isopropyl-5-methylhex-4-enyl acetate
myristalkonium saccharinate,23661-75-8,preservative,myristalkonium saccharinate
hydrolyzed wheat bran extract,,bleaching,hydrolyzed wheat bran extract
3-ethylpyridine,536-78-7,perfuming,3-ethylpyridine
ar-ethylphenylbutyraldehyde,68228-11-5,perfuming,"acetamide, n-(5-(ethyl(phenylmethyl)amino)-2-(2-(5-(ethylthio)-1,3,4-thiadiazol-2-yl)diazenyl)phenyl)-"
glycine soja oil,8001-22-7,emollient; perfuming; skin-conditioning,glycine soja oil
eucalyptus globulus leaf/twig oil,84625-32-1,masking; perfuming,eucalyptus globulus leaf/twig oil
p-cresyl 3-methylcrotonate,24700-20-7,perfuming,4-methylphenyl 3-methyl-2-butenoate
aluminum chloride,7446-70-0,antiperspirant; astringent; deodorant,aluminum chloride
isopropylcyclohexene-carboxylic acid,71298-42-5,perfuming,4-(1-methylethyl)-3-cyclohexene-1-carboxylic acid
dichlorophene,97-23-4,antimicrobial; deodorant,dichlorophen
verbena officinalis leaf absolute,84961-67-1,perfuming,"n-[n-[2-benzyl-3-phenyl-2-(1,3,6-triphenylcarbazol-9-yl)pent-3-enyl]-c-phenylcarbonimidoyl]-n'-methylbenzenecarboximidamide"
baccharis dracunculifolia herb extract,94406-01-6,perfuming,baccharis dracunculifolia herb extract
methyl-methyloxocyclohexylethyl ethanethioate,57074-34-7,perfuming,"ethanethioic acid, s-1-methyl-1-(methyloxocyclohexyl)ethyl ester"
cedrela odorata wood extract,93062-64-7,perfuming,cedrela odorata wood extract
tetrahydronaphthalene-1-ethanol,68480-12-6,perfuming,"1,2,3,4-tetrahydro-1-naphthaleneethanol"
isatis tinctoria root extract,,astringent; skin-protecting,isatis tinctoria root extract
dictyophora indusiata fruiting body extract,,antimicrobial; humectant; skin-conditioning,dictyophora indusiata fruiting body extract
aluminum zirconium tetrachlorohydrex gly,134910-86-4,antiperspirant; astringent; deodorant,aluminum
commiphora gileadensis oil,,antimicrobial; antioxidant; astringent; uv-filter,commiphora gileadensis oil
chloroxylenol,88-04-0 / 1321-23-9,antimicrobial; deodorant; preservative,chloroxylenol
rhodinyl phenylacetate,10486-14-3,perfuming,rhodinyl phenyl acetate
prunus amygdalus amara kernel cold pressed oil,90320-35-7,perfuming,prunus amygdalus amara kernel cold pressed oil
hexahydro-dimethyl-methano-inden-5-ol,94248-21-2,perfuming,hexahydro-dimethyl-methano-inden-5-ol
dimethylcyclohexyl 3-butenyl ketone,56973-87-6,perfuming,"1-(3,5,5-trimethyl-1-cyclohexen-1-yl)pent-4-en-1-one"
tetramethylhexanal,68391-29-7,perfuming,"1,3-naphthalenedisulfonic acid, 7-(2-(4-(2-(4-amino-2-methylphenyl)diazenyl)phenyl)diazenyl)-, sodium salt (1:2)"
decyl isovalerate,72928-48-4,perfuming,(butylnitrosoamino)acetaldehyde
tetragonia tetragonoides extract,91723-03-4,antimicrobial; astringent; skin-conditioning,tetragonia tetragonoides extract
kazachstania/prunus mume fruit extract ferment filtrate,,bleaching; skin-conditioning,kazachstania/prunus mume fruit extract ferment filtrate
mixed ionones,14901-07-6 / 6901-97-9 / 8013-90-9,masking; perfuming,mixed ionones
cardiospermum halicacabum seed extract,89958-27-0,antidandruff; antimicrobial; antiseborrhoeic; skin-conditioning,cardiospermum halicacabum seed extract
angelica archangelica leaf oil,84775-41-7 / 8015-64-3,perfuming,angelica archangelica leaf oil
cryptococcus/humus ferment filtrate,,astringent; emollient; hair-conditioning; skin-conditioning,cryptococcus/humus ferment filtrate
citrus aurantium peel oil expressed,72968-50-4,perfuming,citrus aurantium peel oil expressed
nicotinoyl sh-nonapeptide-3,,bleaching; humectant; nail-conditioning; skin-protecting,nicotinoyl sh-nonapeptide-3
mandelic acid,90-64-2,antimicrobial,mandelic acid
2‚4,67634-05-3,perfuming,"cyclohexanemethanol, 2,4,6-trimethyl-, 1-acetate"
nicotinoyl s-allylcysteine,,bleaching,nicotinoyl s-allylcysteine
phenethyl methyl ethyl carbinyl acetate,72007-81-9,perfuming,1-ethyl-1-methyl-3-phenylpropyl acetate
dihydrocarveol,619-01-2,perfuming,2-methyl-5-(1-methylethenyl)cyclohexanol
2-oleamido-1‚3,1319128-52-3,antidandruff; antiseborrhoeic; hair-conditioning; skin-conditioning,"2-oleamido-1,3,4-octadecatriyl prolinate"
methylenedioxyphenyl dihydroxybenzamide,,antioxidant; bleaching; skin-protecting,methylenedioxyphenyl dihydroxybenzamide
betula pendula twig extract,85940-29-0,perfuming,betula pendula twig extract
myrcenyl acetate,1118-39-4,perfuming,myrcenylacetate
tetrahydromyrcenyl acetate,68480-08-0,perfuming,"1h-imidazolium, 1-(2-((2-cyanoethyl)(1-oxooctadecyl)amino)ethyl)-1-ethyl-2-heptadecyl-4,5-dihydro-, ethyl sulfate (1:1)"
peumus boldus leaf oil,84649-96-7,antidandruff; perfuming,peumus boldus leaf oil
resveratryl tricaprylate,,antioxidant; bleaching; skin-conditioning,resveratryl tricaprylate
6-diethoxymethyl-hexahydro-methano-1h-indene,67633-93-6,perfuming,"4,7-methano-1h-indene, 6-(diethoxymethyl)-3a,4,5,6,7,7a-hexahydro-"
isopropyl-methylphenetole,4732-13-2,perfuming,carvacryl ethyl ether
p-isopropylphenyl methyl ketone,645-13-6,perfuming,4-isopropylacetophenone
trimethylbicyclo-4-hepten-3-ylmethanol,15103-32-9,perfuming,delavuridine
mentha viridis leaf oil,84696-51-5 / 8008-79-5,astringent; masking; skin-conditioning,mentha viridis leaf oil
trimethyl-6-thiabicyclooctane,68398-18-5,perfuming,"benzoic acid, 2-((3,5,5-trimethylhexylidene)amino)-, methyl ester"
indole,120-72-9,perfuming,indole
citrus aurantium leaf oil,72968-50-4,perfuming,citrus aurantium leaf oil
potassium o-phenylphenate,13707-65-8,preservative,potassium biphenyl-2-carboxylate
2‚4-dimethyl cyclohexenecarbonitrile,66848-41-7,perfuming,"3-cyclohexene-1-carbonitrile, 2,4-dimethyl-"
3-butyl-4-methylphenyl methyl ketone,67663-03-0,perfuming,"ethanone, 1-(3-butyl-4-methylphenyl)-"
ethyl citral,41448-29-7,perfuming,"3,7-dimethylnona-2,6-dienal"
geranial,141-27-5,perfuming,"3,7-dimethylocta-2,6-dienal"
aluminum bromohydrate,39431-98-6,antiperspirant; astringent; deodorant,dialuminum bromide pentahydroxide
cinnamomum cassia bark/syzgium aromaticum bud/rosmarinus officinalis leaf/thymus vulgaris leaf water,,antimicrobial; antioxidant; antiplaque; antiseborrhoeic,cinnamomum cassia bark/syzgium aromaticum bud/rosmarinus officinalis leaf/thymus vulgaris leaf water
2-ethylbutyl cyclopent-2-eneacetate,94278-39-4,perfuming,"2-cyclopentene-1-acetic acid, 2-ethylbutyl ester"
benzyl formate,104-57-4,perfuming,benzyl formate
ethyl-3aalpha,80623-07-0,perfuming,"ethyl (1r,2r,6r,7s)-tricyclo[5.2.1.02,6]decane-2-carboxylate"
oxacyclohexadecenone,34902-57-3,masking; perfuming,pentadecen-15-olide
polygonum multiflorum root water,,flavouring; masking; perfuming; skin-conditioning,polygonum multiflorum root water
tris(n-hydroxyethyl) hexahydrotriazine,4719-04-4,preservative,"3,4-(methylenedioxy)phenylacetonitrile"
cymbopogon nardus herb oil,89998-15-2,perfuming,cymbopogon nardus herb oil
amyl salicylate,2050-08-0,perfuming; skin-conditioning,amyl salicylate
hexenyldihydromethylfuranone,70851-61-5,perfuming,5-hex-3-enyl-5-methyloxolan-2-one
methyl palmitate,112-39-0,emollient; perfuming; skin-conditioning,methyl palmitate
carum petroselinum herb extract,84012-33-9,perfuming,carum petroselinum herb extract
methylthiazolyl-ethanol,137-00-8,perfuming,4-methyl-5-(2-hydroxyethyl)thiazole
daucus carota sativa leaf/stem extract,,antimicrobial; deodorant; skin-conditioning,daucus carota sativa leaf/stem extract
isopropyl-methylcyclohexyl tiglate,67801-23-4,perfuming,5-methyl-2-(propan-2-yl)cyclohexyl 2-methylbut-2-enoate
alpha-ionone,127-41-3,perfuming,ionone
sodium propionate,137-40-6,preservative,propionic acid
tetramethylnona-6‚8-dien-3-one,81782-89-0,perfuming,cid 174247
collinsonia canadensis extract,89997-84-2 / 8006-46-0,astringent,collinsonia canadensis extract
cyclohexyl phenethyl ether,80858-47-5,perfuming,7-propyl spirolactone
betula papyrifera bark extract,,antimicrobial; antioxidant; bleaching; skin-conditioning; skin-protecting,betula papyrifera bark extract
2-methyl-4-(2‚2,28219-60-5,perfuming,"2-buten-1-ol, 2-methyl-4-(2,2,3-trimethyl-3-cyclopenten-1-yl)-"
myrocarpus fastigiatus wood oil,91722-93-9,perfuming,myrocarpus fastigiatus wood oil
civetone,542-46-1,perfuming,9-cycloheptadecen-1-one
potassium propionate,327-62-8,preservative,potassium propionate
smilax china fruit extract,90131-09-2,antimicrobial; antioxidant; astringent; emollient; hair-conditioning,smilax china fruit extract
chrysanthellum indicum flower water,,antimicrobial; antioxidant; astringent; emollient; skin-conditioning; skin-protecting,chrysanthellum indicum flower water
salvia lavandulifolia herb oil,90106-49-3,perfuming,salvia lavandulifolia herb oil
citrus species peel oil expressed,94266-47-4,perfuming,citrus species peel oil expressed
levulinic acid,123-76-2,perfuming; skin-conditioning,"pentanoic acid, 4-oxo-, calcium salt"
amyris balsamifera oil acetylated,83863-22-3,perfuming,amyris balsamifera oil acetylated
peg oleate,9004-98-2 -generic-,perfuming,peg oleate
pelargonium graveolens leaf extract saponified,94333-77-4,perfuming,pelargonium graveolens leaf extract saponified
dimethyl-3-cyclohexene-1-carbaldehyde,27939-60-2,perfuming,"3,5-dimethyl-3-cyclohexene carboxaldehyde"
artemisia pallens herb oil,91844-86-9,perfuming,artemisia pallens herb oil
dimethyl-7-octene-1‚6-diol,22460-95-3,perfuming,"7-octene-1,6-diol, 3,7-dimethyl-"
hydrolyzed walnut extract,,antioxidant; astringent; hair-conditioning; skin-conditioning,hydrolyzed walnut extract
amyl valerate,2173-56-0,perfuming,pentyl valerate
n-heptadecane,629-78-7,perfuming,heptadecane
magnolia glauca flower water,93062-76-1,masking; perfuming,magnolia glauca flower water
methyl trimethylhexylidene-aminobenzoate,67801-42-7,perfuming,"benzoic acid, 2-((3,5,5-trimethylhexylidene)amino)-, methyl ester"
kalanchoe spathulata extract,,antioxidant; bleaching; skin-conditioning,kalanchoe spathulata extract
sd alcohol 38-b,,astringent; solvent; viscosity-controlling,sd alcohol 38-b
ferula galbaniflua gum,93165-40-3,perfuming,ferula galbaniflua gum
sodium silver thioctoyl hyaluronate,,antimicrobial; antiseborrhoeic; skin-conditioning,sodium silver thioctoyl hyaluronate
tetrahydro-trimethyl-vinyl-pyran,13837-56-4,perfuming,"2,6,6-trimethyl-2-vinyltetrahydropyran"
magnesium propionate,557-27-7,preservative,magnesium propionate
garcinia cambogia peel extract,90045-23-1,astringent,"garcinia cambogia, ext."
abies pectinata needle extract,92128-34-2,perfuming,abies pectinata needle extract
tranexamoyl dipeptide-22,,bleaching,tranexamoyl dipeptide-22
cyclododecanal dimethyl acetal,950-33-4,perfuming,"1,1-dimethoxycyclododecane"
potassium ethylparaben,36457-19-9,preservative,potassium ethylparaben
hexyl salicylate hexyl ether,111222-71-0,bleaching,hexyl salicylate hexyl ether
methyl nonylenate,111-79-5,perfuming,"nonenoic acid, methyl ester"
isopropyl myristate,110-27-0,binding; emollient; masking; perfuming,isopropyl myristate
citrus unshiu/citrus reticulata/citrus iyo fruit water,,masking; perfuming,citrus unshiu/citrus reticulata/citrus iyo fruit water
artemisia vulgaris herb extract,84775-45-1,perfuming,artemisia vulgaris herb extract
octyl 2-butenoate,22874-79-9,perfuming,"2-butenoic acid, octyl ester"
linalylformate,115-99-1,perfuming,linalool formate
ammonium acrylates/vinyl imidazole copolymer,,antimicrobial,ammonium acrylates/vinyl imidazole copolymer
capryloyl sarcosine,2421-32-1,antiseborrhoeic; preservative,capryloyl sarcosine
labisia pumila leaf/root extract,,antioxidant; astringent; skin-protecting,labisia pumila leaf/root extract
tetrahydro-methyl-methylpropyl)-pyran-4-ol,63500-71-0,perfuming,tetrahydro-4-methyl-2-(2-methylpropyl)-2h-pyran-4-ol
cedrus atlantica bark oil,92201-55-3 / 8000-27-9,masking; perfuming; skin-conditioning,cedrus atlantica bark oil
laurus nobilis flower/leaf/stem water,84603-73-6,masking; perfuming,laurus nobilis flower/leaf/stem water
betula alba juice,84012-15-7,astringent; tonic,betula alba juice
dimethylol glycol,3586-55-8,antimicrobial,dimethylol glycol
thuja occidentalis stem extract,90131-58-1,perfuming,thuja occidentalis stem extract
dimethyl-5-hexenyl acetate,38228-51-2,perfuming,"naphtho(2,3-b)thiophene"
5-ethylidenebicyclohept-2-yl propionate,73347-77-0,perfuming,5-ethylidenebicyclo(2.2.1)hept-2-yl propionate
anethum graveolens seed oil,90028-03-8 / 8006-75-5,perfuming,anethum graveolens seed oil
malus baccata callus culture extract,,antimicrobial; antioxidant; skin-conditioning; skin-protecting,malus baccata callus culture extract
2‚6-dimethylheptanol,13254-34-7,perfuming,"2,6-dimethyl-2-heptanol"
geranyl butyrate,106-29-6,perfuming,"3,7-dimethyl-2,6-octadienyl butyrate"
capryloyl tetrapeptide-60 norleucyl tyrosyl d-methionine,,antimicrobial; antioxidant; antiseborrhoeic; skin-conditioning,capryloyl tetrapeptide-60 norleucyl tyrosyl d-methionine
8-isopropyl-6-methylbicyclooctenyl-dioxolane,68901-32-6,perfuming,"1,3-dioxolane, 2-[6-methyl-8-(1-methylethyl)bicyclo[2.2.2]oct-5-en-2-yl]-"
mirabilis jalapa flower extract,91722-88-2,antimicrobial; antioxidant; astringent; emollient; skin-protecting,mirabilis jalapa flower extract
m-cresol,108-39-4,antimicrobial; perfuming,m-cresol
phenethyl anthranilate,133-18-6,perfuming,phenethyl anthranilate
pelargonic acid,112-05-0,cleansing; emulsifying; masking; perfuming,nonanoic acid
myroxylon balsamum balsam extract,9000-64-0,perfuming,myroxylon balsamum balsam extract
linalyl benzoate,126-64-7,perfuming,linalyl benzoate
cinnamyl phenylacetate,7492-65-1,perfuming,3-phenylprop-2-en-1-yl phenylacetate
methoxy-tetramethyl-cyclohexenyl methyl ketone,16556-48-2,perfuming,"ethanone, 1-(4-methoxy-2,2,6,6-tetramethyl-3-cyclohexen-1-yl)-"
2‚6-dimethylpyrazine,108-50-9,perfuming,"2,6-dimethylpyrazine"
mentha piperita flower/leaf/stem extract,84082-70-2,flavouring; masking; perfuming; skin-conditioning,mentha piperita flower/leaf/stem extract
cis-3-hexenyl acetate,3681-71-8,perfuming,lead diacetate
abies alba leaf cera,90028-76-5,perfuming; skin-conditioning; skin-protecting,abies alba leaf cera
tridecenal,7774-82-5,perfuming,tridec-2-enal
polianthes tuberosa flower extract,94334-35-7,perfuming,polianthes tuberosa flower extract
aluminum hydroxide oxide,11139-78-9,antimicrobial; astringent; skin-conditioning; skin-protecting,boehmite (al(oh)o)
isobutylquinoline isomers,1333-58-0,perfuming,2-isobutylquinoline
cinnamic acid,140-10-3 / 621-82-9,perfuming; skin-conditioning,cinnamic acid
beta-ionol,22029-76-1,perfuming,"4-(2,6,6-trimethylcyclohexen-1-yl)but-3-en-2-ol"
potassium metabisulfite,16731-55-8 / 4429-42-9,hair-waving-or-straightening; preservative; reducing,potassium metabisulfite
ethyl nicotinate,614-18-6,perfuming; skin-conditioning,ethyl nicotinate
tepyl acetate,38285-49-3,perfuming,5-methyl-3-butyltetrahydropyran-4-yl acetate
lespedeza cyrtobotrya extract,,antifoaming; antimicrobial; antioxidant; humectant; skin-conditioning; skin-protecting,lespedeza cyrtobotrya extract
hydrocinnamyl isobutyrate,103-58-2,perfuming,3-phenylpropyl isobutyrate
ethyl phenethyl acetal,2556-10-7,perfuming,"benzene, (2-(1-ethoxyethoxy)ethyl)-"
3‚3-dimethyl-1‚5-dioxaspiro-undecane,707-29-9,perfuming,"5,5-dimethyl-1,3-dioxane-2-spirocyclohexane"
dodecahydro-tetramethylnaphthofuran,3738-00-9 / 6790-58-5,perfuming,dodecahydro-tetramethylnaphthofuran
isopropyl octanoate,5458-59-3,perfuming,isopropyl caprylate
methylundecanal,110-41-8,perfuming,2-methylundecanal
isoamyl geranate,68133-73-3,perfuming,"3-methylbutyl 3,7-dimethylocta-2,6-dienoate"
isovaleric acid,503-74-2,perfuming,isovaleric acid
oxyquinoline sulfate,134-31-6,antimicrobial; emulsion-stabilising,8-hydroxyquinoline
phloretin,60-82-2,antioxidant; antiseborrhoeic,phloretin
nardostachys jatamansi oil,90064-28-1,perfuming,nardostachys jatamansi oil
citrus nobilis peel oil expressed,84929-38-4,perfuming,citrus nobilis peel oil expressed
pinus sylvestris twig leaf extract,84012-35-1,perfuming,pinus sylvestris twig leaf extract
tetramethyl-3-cyclohexene-1-methyl formate,63649-51-4,perfuming,"3-cyclohexene-1-methanol, alpha,4,6,6-tetramethyl-, 1-formate"
panax ginseng meristem cell culture,,antimicrobial; antioxidant; skin-conditioning,panax ginseng meristem cell culture
trimethyldodecatrien-3-yl acetate,2306-78-7,perfuming,"butanamide, n-(4-(4-morpholinyl)phenyl)-3-oxo-"
trimethyl-1‚3-cyclohexadienylbutan-2-one,20483-36-7,perfuming,lithium trimethylsilanolate
pinus pinaster twig leaf extract,90082-75-0,perfuming,pinus pinaster twig leaf extract
rhodopseudomonas,,bleaching; skin-conditioning,rhodopseudomonas
zinc dibutyldithiocarbamate,136-23-2,antimicrobial; antioxidant,zinc di-n-butyldithiocarbamate
betula alba bark extract,84012-15-7,flavouring; masking; perfuming,betula alba bark extract
kluyveromyces/lactobacillus/zizyphus jujuba fruit oil ferment filtrate,,antioxidant; astringent; hair-conditioning; skin-conditioning,kluyveromyces/lactobacillus/zizyphus jujuba fruit oil ferment filtrate
neral,106-26-3,perfuming,"3,7-dimethylocta-2,6-dienal"
aniba rosaeodora amazonica wood extract,93685-34-8,perfuming,aniba rosaeodora amazonica wood extract
dipteryx odorata bean extract,90028-06-1,masking; perfuming,dipteryx odorata bean extract
3-methylcyclopentadecanol,62151-56-8,perfuming,3-methylcyclopentadecan-1-ol
isocamphenyl cyclohexanol mixed isomers,66068-84-6,perfuming,4-hydroxy-1-(5-isocamphyl)cyclohexane
abies balsamea extract,85085-34-3,film-forming; hair-conditioning; perfuming,abies balsamea extract
commiphora wildii oil,1082996-27-7,masking; perfuming,commiphora wildii oil
geraniol,106-24-1,perfuming; tonic,"3,7-dimethyl-2,6-octadienol"
2‚4-xylenol,105-67-9,perfuming,"2,4-dimethylphenol"
benzethonium chloride,121-54-0,antimicrobial; deodorant; preservative; surfactant,benzethonium
isopropyl-cyclohexane-acetaldehyde,93981-63-6,perfuming,"cyclohexaneacetaldehyde, 4-(1-methylethyl)-"
quercus salicina stem extract,,antimicrobial; antioxidant; astringent; emollient; hair-conditioning,quercus salicina stem extract
ethyl crotonate,10544-63-5,perfuming,"2-butenoic acid, ethyl ester"
methyl di-t-butyl hydroxyhydrocinnamate,6386-38-5,antioxidant; perfuming,methyl di-t-butyl hydroxyhydrocinnamate
thioacetanilide,637-53-6,antioxidant; bleaching,n-phenylethanethioamide
bacillus/monascus/abelmoschus esculentus sprout/rice bran ferment filtrate,,antiseborrhoeic; humectant; skin-conditioning; stabilising,bacillus/monascus/abelmoschus esculentus sprout/rice bran ferment filtrate
isopropylparaben,4191-73-5,preservative,propylparaben
octahydro-8‚8-dimethylnaphthalene-2-carbonitrile,72928-51-9,perfuming,"1,2,3,4,5,6,7,8-octahydro-8,8-dimethyl-2-naphthalenecarbonitrile"
trans-rose ketone-2,23726-91-2,perfuming,"1-(2,6,6-trimethyl-1-cyclohexen-1-yl)-2-buten-1-one"
methyl hydratropaldehyde,99-72-9,perfuming,2-(p-tolyl)propanal
linalyl methyl ether,60763-44-2,perfuming,"o-methyllinalool, (+-)-"
cynara scolymus leaf/root powder,,bleaching; humectant,cynara scolymus leaf/root powder
pyroligneous acids ethyl esters,8030-89-5,perfuming,"hydroperoxide, ethyl"
cucumis melo cantalupensis fruit extract,90063-94-8,astringent; skin-conditioning,cucumis melo cantalupensis fruit extract
sciadopitys verticillata root extract,,antidandruff; antimicrobial; antistatic; skin-conditioning,sciadopitys verticillata root extract
amyl alcohol,71-41-0,perfuming,1-pentanol
citrus aurantium dulcis peel oil expressed,8028-48-6,perfuming,orange oil
cyclohexyl acetate,622-45-7,perfuming,cyclohexyl acetate
levisticum officinale leaf extract,84837-06-9,perfuming; skin-conditioning,levisticum officinale leaf extract
terpinolene,586-62-9,perfuming,terpinolene
sodium citronellate,757245-27-5,antidandruff; antimicrobial; masking,sodium citronellate
2-tert-butyl-4-methylcyclohexanol,67634-11-1,perfuming,2-tert-butyl-4-methylcyclohexanol
citrus aurantium bergamia leaf extract,89957-91-5,astringent,citrus aurantium bergamia leaf extract
methyl decylideneaminobenzoate,67874-67-3,perfuming,methyl 2-(decylideneamino)benzoate
ononis spinosa root extract,84775-89-3,antiseborrhoeic; soothing,ononis spinosa root extract
biotinoyl tripeptide-35,,antimicrobial; antioxidant; antiseborrhoeic; hair-conditioning,biotinoyl tripeptide-35
thymus praecox extract,,antimicrobial,thymus praecox extract
ozonized polysorbate 80,,antimicrobial; cleansing; surfactant,ozonized polysorbate 80
dimethyl sulphide,75-18-3,perfuming,dimethyl sulfide
camphor benzalkonium methosulfate,52793-97-2,antimicrobial; antistatic; uv-absorber; uv-filter,"methanesulfonate;trimethyl-[4-[(4,7,7-trimethyl-3-oxo-2-bicyclo[2.2.1]heptanylidene)methyl]phenyl]azanium"
angelica archangelica root oil,84775-41-7 / 8015-64-3,masking; perfuming; tonic,angelica archangelica root oil
pelargonium crispum stem oil,90082-46-5,perfuming,pelargonium crispum stem oil
furfuryl valerate,36701-01-6,perfuming,furfuryl pentanoate
aspergillus/zizania latifolia leaf/orostachys japonica/scutellaria baicalensis extract ferment filtrate,,antiseborrhoeic,aspergillus/zizania latifolia leaf/orostachys japonica/scutellaria baicalensis extract ferment filtrate
mentha spicata crispata herb extract,91770-68-2,perfuming,mentha spicata crispata herb extract
2‚7-dimethyl-5-octen-4-one,68419-46-5,perfuming,chamomile octenone
methylfurfural,620-02-0,perfuming,5-methylfurfural
dacrydium franklini wood oil,94334-02-8,perfuming,dacrydium franklini wood oil
ormenis multicaulis flower extract,92202-02-3,perfuming,ormenis multicaulis flower extract
o-cresyl acetate,533-18-6,perfuming,o-cresyl acetate
4-t-butylbenzoic acid,98-73-7,antimicrobial; masking,4-tert-butylbenzoic acid
aluminum calcium magnesium potassium sodium zinc silicates,,antimicrobial,aluminum calcium magnesium potassium sodium zinc silicates
geranic acid,459-80-3,perfuming,"3,7-dimethylocta-2,6-dienoic acid"
ocimum canum herb oil,90082-13-6,perfuming,ocimum canum herb oil
commiphora erythrea glabrescens gum extract,93686-00-1 / 100084-96-6,perfuming,commiphora erythrea glabrescens gum extract
beta-ionone,14901-07-6,perfuming,"4-(2,6,6-trimethyl-1-cyclohexen-1-yl)-3-buten-2-one"
ethyl palmitate,628-97-7,emollient; perfuming,ethyl palmitate
acetaldehyde ethyl hexyl acetal,54484-73-0,perfuming,"hexane, 1-(1-ethoxyethoxy)-"
sodium caproylethylformyl benzenesulfonate,720697-37-0,antimicrobial; oxidising,decanoic acid 2-[[(4-sulfophenoxy)carbonyl]oxy]ethyl ester sodium salt
sapindus mukorossi fruit ferment extract,,antimicrobial; antiseborrhoeic; skin-conditioning,sapindus mukorossi fruit ferment extract
glycine max phytoplacenta extract,,antimicrobial; antioxidant; hair-conditioning; humectant; skin-protecting,glycine max phytoplacenta extract
mek,78-93-3,perfuming; solvent,methyl ethyl ketone
allyl phenylacetate,1797-74-6,perfuming,allyl phenylacetate
2‚2-dimethyl-3-phenylpropionaldehyde,1009-62-7,perfuming,"benzenepropanal, alpha,alpha-dimethyl-"
c12-15 pareth-3 benzoate,,antimicrobial; emollient; skin-conditioning,c12-15 pareth-3 benzoate
a-camphorene,532-87-6,perfuming,alpha-camphorene
2-propanol/boron trifluoride/ethylidenebicycloheptene,90530-04-4,perfuming,2-ethylidene-6-[(propan-2-yl)oxy]bicyclo[2.2.1]heptane
cis-3-hexenyl phenylacetate,42436-07-7,perfuming,hex-3-enyl 2-phenylacetate
octahydro-trimethylspiro-methanoazulene-6‚2'-oxirane,22037-88-3,perfuming,"spiro[6h-3a,7-methanoazulene-6,2'-oxirane], octahydro-3,8,8-trimethyl-, (2'r,3r,3as,7r,8as)-"
galactosyl salicylate,1261353-24-5,antiseborrhoeic; skin-conditioning,galactosyl salicylate
methyl dodecylideneaminobenzoate,67924-14-5,perfuming,theta-cypermethrin
7-methyl-3-methylene-1‚6-octadiene acetylated,68412-04-4,perfuming,myrcenylacetat
l-allo-ocimenol,126-90-9,perfuming,"linalool, (+)-"
decahydro-methanobenzo-cyclooctenone,22690-27-3,perfuming,"1,2,3,4,5,6,7,8,9,10-decahydro-5,9-methanobenzocycloocten-11-one"
pinus sylvestris cone extract,84012-35-1 / 94266-48-5,masking; perfuming,pinus sylvestris cone extract
pentapeptide-61,,antimicrobial; humectant; skin-conditioning; skin-protecting,pentapeptide-61
theobroma grandiflorum fruit juice,906348-18-3,antioxidant; humectant; masking; perfuming,theobroma grandiflorum fruit juice
pinus nigra bud/needle extract,90082-74-9,antimicrobial; antioxidant,pinus nigra bud/needle extract
pinus mugo pumilio twig leaf oil,90082-73-8,perfuming,pinus mugo pumilio twig leaf oil
butyl laevulinate,2052-15-5,perfuming,butyl levulinate
methyl pelargonate,1731-84-6,emollient; perfuming; skin-conditioning,methyl nonanoate
poterium officinale root extract,84787-71-3,antimicrobial; tonic,poterium officinale root extract
styrax tonkinensis resin oil,9000-72-0 / 84012-39-5,perfuming,styrax tonkinensis resin oil
melaleuca leucadendron cajuputi leaf extract,85480-37-1,perfuming,melaleuca leucadendron cajuputi leaf extract
cresyl acetate,140-39-6,perfuming,4-methylphenyl acetate
amyl isobutyrate,2445-72-9,perfuming,amyl isobutyrate
ocimum americanum leaf oil,91845-26-0; 1193393-25-7,masking; perfuming,ocimum americanum leaf oil
anethum sowa seed oil,84775-84-8,perfuming,anethum sowa seed oil
benzalkonium chloride,63449-41-2 / 68391-01-5 / 68424-85-1 / 85409-22-9,antimicrobial; antistatic; deodorant; preservative; surfactant,benzalkonium chloride
lavandula hybrida abrial herb extract,93455-96-0,perfuming,lavandula hybrida abrial herb extract
d-trimethyl-3-cyclohexene-1-methanol,7785-53-7,perfuming,alpha-terpineol
hydroxy oxobenzoxathiol,,astringent,hydroxy oxobenzoxathiol
methyl methylundecylidene-aminobenzoate,67800-80-0,perfuming,"benzoic acid, 2-((2-methylundecylidene)amino)-, methyl ester"
methylbicycloheptylpropyl acetate,94201-28-2,perfuming,1-(3-methylbicyclo[2.2.1]hept-2-yl)propyl acetate
dihydrogeranyl tiglate,24717-85-9,perfuming,"2-butenoic acid, 2-methyl-, 3,7-dimethyl-6-octenyl ester, (2e)-"
p-cresyl methylether,104-93-8,perfuming,4-methylanisole
pisum sativum phytoplacenta extract,,antimicrobial; antioxidant; humectant; skin-conditioning; skin-protecting,pisum sativum phytoplacenta extract
2-tert-butyl-5-methylanisole,88-40-4,perfuming,6-tert-butyl-3-methylanisole
ocimum canum herb extract,90082-13-6,perfuming,ocimum canum herb extract
citrus grandis seed extract,90045-43-5 / 8016-20-4,astringent; perfuming; skin-conditioning; tonic,citrus grandis seed extract
rose ketone-4,23696-85-7,perfuming,damascenone
narcissus poeticus flower extract,90064-26-9,perfuming; tonic,narcissus poeticus flower extract
trimethyltricyclododecanol,472-97-9,perfuming,beta-caryophyllene alcohol
cedrus atlantica bark water,92201-55-3,perfuming; skin-conditioning,cedrus atlantica bark water
isopropyl-methyl-pyranone,50405-95-3,perfuming,"2h-pyran-2-one, 4-methyl-6-(1-methylethyl)-"
quercus infectoria fruit extract,93165-57-2,antioxidant; astringent; tonic,quercus infectoria fruit extract
allyl 3‚5,71500-37-3,perfuming,"allyl 3,5,5-trimethylhexanoate"
3-ethylphenol,620-17-7,perfuming,3-ethylphenol
boronia megastigma flower oil,91771-36-7,perfuming,boronia megastigma flower oil
nicotinaldehyde,500-22-1,antimicrobial,3-pyridinecarboxaldehyde
cinnamomum camphora linalooliferum root extract,91745-89-0,perfuming,cinnamomum camphora linalooliferum root extract
geranyl crotonate,56172-46-4,perfuming,"3,7-dimethylocta-2,6-dienyl but-2-enoate"
citronellyl isobutyrate,97-89-2,perfuming,citronellyl isobutyrate
disodium tetrahydroxy ethyldisulfate,1523084-42-5,antimicrobial,disodium tetrahydroxy ethyldisulfate
ethyltrimethyl-3-cyclopenten-1-acetate,81907-73-5,perfuming,"ethyl 2-[(1s)-2,2,3-trimethylcyclopent-3-en-1-yl]acetate"
piroctone olamine,68890-66-4,preservative,piroctone olamine
quaternium-15,4080-31-3 / 51229-78-8,preservative,quaternium-15
kluyveromyces/lactobacillus/artemisia princeps leaf oil ferment filtrate,,antimicrobial; antioxidant; astringent; bleaching; hair-conditioning; masking; skin-conditioning,kluyveromyces/lactobacillus/artemisia princeps leaf oil ferment filtrate
tricyclodecane-4‚8-dimethanol,26896-48-0,perfuming,"acetic acid 1,7,7-trimethyl-bicyclo(2.2.1)hept-2-yl ester"
aloe species resin,84837-08-1,perfuming,aloe species resin
hexahydro-tetramethylmethanonaphthalen-8-one,29461-13-0,perfuming,"(2alpha,4aalpha,8beta)-hexahydro-1,1,5,5-tetramethyl-2h-2,4a-methanonaphthalen-8(5h)-one"
ethyl cinnamate,103-36-6,perfuming; uv-absorber,ethyl 3-phenylprop-2-enoate
pyrus sorbus bud extract,90131-20-7,astringent; skin-conditioning,pyrus sorbus bud extract
2-methyl-3-buten-2-ol,115-18-4,perfuming,2-methyl-3-buten-2-ol
cinnamomum camphora phytoplacenta extract,,antimicrobial; antioxidant; hair-conditioning; humectant; skin-conditioning; skin-protecting,cinnamomum camphora phytoplacenta extract
mentha cardiaca herb extract,91770-24-0,perfuming,mentha cardiaca herb extract
saccharomyces/rubus arcticus callus lysate ferment extract filtrate,,antimicrobial; antioxidant; emollient; hair-conditioning; humectant; skin-protecting,saccharomyces/rubus arcticus callus lysate ferment extract filtrate
viola mandshurica flower extract,,antioxidant; astringent,viola mandshurica flower extract
perillyl alcohol,536-59-4,antimicrobial; antioxidant; masking; perfuming; skin-protecting,perillyl alcohol
2-t-butylcyclohexyl acetate,88-41-5,masking; perfuming,2-tert-butylcyclohexyl acetate
mimosa pudica flower water,92201-96-2,flavouring; masking; perfuming; skin-conditioning,mimosa pudica flower water
citrus junos fruit oil,,flavouring; masking; perfuming,citrus junos fruit oil
ethyl p-cresylcarbonate,22719-81-9,perfuming,p-tolyl ethyl carbonate
phenyl mercuric benzoate,94-43-9,preservative,"2,4,8,10-tetramethyl-3,9-dioxapentacyclo[6.4.0.02,7.04,11.05,10]dodecan-6-ol"
ilex paraguariensis leaf extract,73296-98-7,hair-conditioning; perfuming; skin-conditioning,ilex paraguariensis leaf extract
hexahydro-methanoindenyl formate,68683-22-7,perfuming,"4,7-methano-1h-indenol, 3a,4,5,6,7,7a-hexahydro-, formate"
methyl pyrazinyl ketone,22047-25-2,perfuming,acetylpyrazine
ammonium persulfate,7727-54-0,bleaching; oxidising,ammonium persulfate
beta-caryophyllene,87-44-5,masking; perfuming; skin-conditioning,"(1r,9s)-4,11,11-trimethyl-8-methylene-bicyclo[7.2.0]undec-4-ene"
pvp-hydrogen peroxide,135927-36-5,astringent; oral-care; oxidising,pvp-hydrogen peroxide
sodium trichloroacetate,650-51-1,antimicrobial,trichloroacetic acid
pentamethyl-2-heptanol,87118-95-4,perfuming,"2-heptanol, 3,4,5,6,6-pentamethyl-"
soytrimonium chloride,61790-41-8,antistatic; emulsifying; hair-conditioning; preservative; surfactant,soytrimonium chloride
icariside ii,113558-15-9,antioxidant; bleaching; emollient; skin-conditioning; skin-protecting,icariside ii
hexadec-7-en-16-olide,123-69-3,perfuming,1-oxacycloheptadec-8-en-2-one
tea-sorbate,,antimicrobial; preservative,tea-sorbate
dihydrocitronellyl acetate,20780-49-8,perfuming,"1-octanol, 3,7-dimethyl-, 1-acetate"
litsea cubeba fruit oil,68855-99-2 / 90063-59-5,masking; perfuming; tonic,litsea cubeba fruit oil
polyquaternium-42,,antimicrobial,polyquaternium-42
decyloxyacetaldehyde,72894-07-6,perfuming,"acetaldehyde, (decyloxy)-"
evernia prunastri extract,90028-68-5 / 9000-50-4 / 68917-10-2,perfuming,evernia prunastri extract
c12-15 alkyl benzoate,68411-27-8,antimicrobial; emollient; skin-conditioning,dodecyl benzoate
cyclotetradecanone,3603-99-4,perfuming,3-(trifluoromethyl)benzylic alcohol
lolium perenne fruit oil,90063-63-1,perfuming,lolium perenne fruit oil
phytosteryl rice branate,,astringent; emollient; hair-conditioning; humectant; skin-protecting,phytosteryl rice branate
adamantanyl trihydroxybenzamide,,antioxidant; bleaching; skin-protecting,adamantanyl trihydroxybenzamide
isodon inflexus branch/leaf extract,,bleaching,isodon inflexus branch/leaf extract
butyl undecenoate,109-42-2,perfuming,butyl 10-undecenoate
camellia sinensis leaf polysaccharide,,antimicrobial; antioxidant; astringent,camellia sinensis leaf polysaccharide
isononyl alcohol,27458-94-2,perfuming,isononanol
nicotinoyl sh-pentapeptide-4,,bleaching; humectant; skin-conditioning; skin-protecting,nicotinoyl sh-pentapeptide-4
pinus cembra twig leaf oil,92202-04-5,perfuming,pinus cembra twig leaf oil
citronellal dimethyl acetal,923-69-3,perfuming,"2-octene, 8,8-dimethoxy-2,6-dimethyl-"
2-o-cresylethanol,19819-98-8,perfuming,2-methylphenethyl alcohol
undecyl rhamnoside,,antiseborrhoeic,undecyl rhamnoside
pyridoxine salicylate,,antioxidant; astringent; skin-conditioning,pyridoxine salicylate
ethyl o-anisate,7335-26-4,perfuming,ethyl 2-methoxybenzoate
anisole,100-66-3,perfuming,anisole
pelargonium roseum leaf extract,90082-55-6,perfuming,pelargonium roseum leaf extract
kazachstania/citrus junos fruit extract ferment filtrate,,bleaching; skin-conditioning,kazachstania/citrus junos fruit extract ferment filtrate
heptylidene diacetate,56438-09-6,perfuming,"1,1-heptanediol, 1,1-diacetate"
ethyl 3-hydroxyhexanoate,2305-25-1,perfuming,ethyl 3-hydroxyhexanoate
ficus benghalensis bark/bud extract,,preservative,ficus benghalensis bark/bud extract
citrus paradisi m. peel oil expressed,90045-43-5,perfuming,citrus paradisi m. peel oil expressed
thujopsis dolabrata leaf extract,91722-39-3,perfuming,thujopsis dolabrata leaf extract
trans-2-hexenyl isovalerate,68698-59-9,perfuming,hex-2-enyl 3-methylbutanoate
lactobacillus/ledum palustre/artemisia capillaris/houttuynia cordata/saururus chinensis leaf extract ferment filtrate,,antimicrobial; antioxidant; skin-conditioning,lactobacillus/ledum palustre/artemisia capillaris/houttuynia cordata/saururus chinensis leaf extract ferment filtrate
triclocarban,101-20-2,deodorant; preservative,chloroform
geranyl hexanoate,10032-02-7,perfuming,"3,7-dimethylocta-2,6-dienyl hexanoate"
trans-2-hexenyl hexanoate,53398-86-0,perfuming,hex-2-enyl hexanoate
betula pubescens twig extract,91745-85-6,perfuming,betula pubescens twig extract
methylcinnamonitrile,1197-33-7,perfuming,2-methyl-3-phenylprop-2-enenitrile
m-cresyl acetate,122-46-3,perfuming,cresatin
farnesol,4602-84-0,deodorant; perfuming,a farnesol
p-cresyl isobutyrate,103-93-5,perfuming,p-tolyl isobutyrate
rhodinyl isobutyrate,138-23-8,perfuming,citronellyl isobutyrate
nonan-2-one,821-55-6,perfuming,2-nonanone
bifida/panax ginseng root cell culture extract ferment filtrate,,antimicrobial; antioxidant; astringent; hair-conditioning; nail-conditioning; oral-care; skin-conditioning; skin-protecting,bifida/panax ginseng root cell culture extract ferment filtrate
iris pseudacorus root extract,90045-91-3,perfuming,iris pseudacorus root extract
tridecanal,10486-19-8,perfuming,tridecanal
cloflucarban,369-77-7,antimicrobial; deodorant,halocarban
kluyveromyces/lactobacillus/camellia japonica seed oil/camphor bark extract ferment filtrate,,antimicrobial; antioxidant; bleaching; hair-conditioning; skin-conditioning,kluyveromyces/lactobacillus/camellia japonica seed oil/camphor bark extract ferment filtrate
myrica cerifera fruit/bark extract,84929-34-0,astringent,myrica cerifera fruit/bark extract
artemisia maritima herb oil,89957-63-1,perfuming,artemisia maritima herb oil
4-methyl-7-geranyloxycoumarin,50542-90-0,perfuming,"7-((3,7-dimethylocta-2,6-dienyl)oxy)-4-methyl-2-benzopyrone"
isopropyl benzoate,939-48-0,perfuming; preservative,isopropyl benzoate
ceteartrimonium chloride,68002-62-0,antistatic; hair-conditioning; preservative,ceteartrimonium chloride
ferrous sulfate,7720-78-7,astringent,ferrous sulfate
trans-2-methyl-4-propyl-1‚3-oxathiane,59324-17-3,perfuming,"cis-2-methyl-4-propyl-1,3-oxathiane"
cinnamyl isovalerate,140-27-2,perfuming,cinnamyl 3-methylbutanoate
cetethyldimonium bromide,124-03-8,antimicrobial; antistatic; emulsifying; surfactant,cetyldimethylethylammonium bromide
linalool dihydroepoxide,1365-19-1,perfuming,"linalool, oxide"
leuconostoc ferment filtrate,,antidandruff; antimicrobial; hair-conditioning; skin-conditioning,leuconostoc ferment filtrate
foeniculum vulgare capillaceum fruit oil,92347-02-9,perfuming,foeniculum vulgare capillaceum fruit oil
phalaenopsis charm sun big red robe flower extract,,antimicrobial; antioxidant; skin-conditioning; skin-protecting,phalaenopsis charm sun big red robe flower extract
helichrysum italicum flower oil,90045-56-0,masking; perfuming,helichrysum italicum flower oil
vetiveria zizanoides root extract,84238-29-9,perfuming; skin-conditioning,vetiveria zizanoides root extract
indolyl-trimethylindole-1-heptanol,67801-36-9,perfuming,"1h-indole-1-heptanol, eta-1h-indol-1-yl-alpha,alpha,epsilon-trimethyl-"
pinus cembra twig leaf extract acetylated,94334-26-6,perfuming,pinus cembra twig leaf extract acetylated
sodium isobutylparaben,84930-15-4,antimicrobial,sodium isobutylparaben
ethoxy-methoxymethyl-phenol,5595-79-9,perfuming,"phenol, 2-ethoxy-4-(methoxymethyl)-"
conobea scoparioides leaf oil,950903-91-0,masking; perfuming,conobea scoparioides leaf oil
lavandula angustifolia flower/leaf/stem extract,90063-37-9 / 84776-65-8,flavouring; masking; oral-care; perfuming; skin-conditioning,lavandula angustifolia flower/leaf/stem extract
damnacanthus major adventitious root extract,,antimicrobial; antioxidant; humectant; skin-protecting,damnacanthus major adventitious root extract
isobutyl acetate,110-19-0,perfuming; solvent,isobutyl acetate
3-ethyl-2-methylnon-2-enoic acid,71850-80-1,perfuming,2-methyl-3-ethyl-2-nonenoic acid
methoxy-isopropyl-methylcyclohexene,14576-08-0,perfuming,methyl alpha-terpinyl ether
cis-3-hexenyloxyacetaldehyde,68133-72-2,perfuming,2-hex-3-enoxyacetaldehyde
levisticum officinale root oil,8016-31-7 / 84837-06-9,perfuming,levisticum officinale root oil
trimethyl-2-cyclohexenol,470-99-5,perfuming,methyl difluoroacetate
hydrolyzed rumex crispus root extract,,antimicrobial,hydrolyzed rumex crispus root extract
asiaticoside,16830-15-2,antioxidant; perfuming; skin-conditioning,npc29838
ppg-1/peg-1 stearamine,,antimicrobial,ppg-1/peg-1 stearamine
hippophae rhamnoides callus extract,,antimicrobial; antioxidant; hair-conditioning; humectant; skin-conditioning; skin-protecting,hippophae rhamnoides callus extract
schinopsis quebracho-colorado wood extract,,antioxidant; astringent; skin-conditioning,schinopsis quebracho-colorado wood extract
linalyl cinnamate,78-37-5,perfuming,"3,7-dimethylocta-1,6-dien-3-yl 3-phenylprop-2-enoate"
benzyl tiglate,37526-88-8,perfuming,benzyl 2-methylbut-2-enoate
cetrimonium chloride,112-02-7,antimicrobial; antistatic; emulsifying; preservative; surfactant,hexadecyltrimethylammonium chloride
tulipa gesneriana callus culture extract,,absorbent; antimicrobial; antioxidant; humectant,tulipa gesneriana callus culture extract
eucalyptus radiata leaf/stem oil,92201-64-4,masking; perfuming,eucalyptus radiata leaf/stem oil
sapindus mukorossi seed oil,,antimicrobial; emollient; humectant; skin-conditioning; skin-protecting,sapindus mukorossi seed oil
cinnamomum cassia leaf extract,84961-46-6,perfuming,cinnamomum cassia leaf extract
silver acetylmethionate,105883-46-3,antimicrobial,silver acetylmethionate
thuja occidentalis stem oil,90131-58-1,perfuming,thuja occidentalis stem oil
rhodobacter sphaeroides lysate extract,,bleaching,rhodobacter sphaeroides lysate extract
trans-methoxy-dimethyloctadiene,2565-82-4,perfuming,"1-methoxy-3,7-dimethyl-2,6-octadiene"
citrus aurantifolia peel oil expressed,90063-52-8,perfuming,citrus aurantifolia peel oil expressed
vitis vinifera/labrusca stem extract,,antiseborrhoeic; humectant; skin-protecting; solvent,vitis vinifera/labrusca stem extract
laevo-rose oxide,3033-23-6,perfuming,rose oxide
cuprous iodide,7681-65-4,antimicrobial; deodorant,2-phenylcyclohexanol
strontium peroxide,1314-18-7,bleaching; oxidising,strontium peroxide
melaleuca alternifolia leaf oil,85085-48-9 / 8022-72-8 / 68647-73-4,antioxidant; perfuming,melaleuca alternifolia leaf oil
cinnamomum camphora formosana wood extract,92704-03-5,perfuming,cinnamomum camphora formosana wood extract
isopentanal,590-86-3,masking; perfuming,3-methylbutanal
aluminum zirconium trichlorohydrate,98106-53-7,antiperspirant; astringent; deodorant,aluminum zirconium pentachlorohydrate (usp)
tranexamic acid,1197-18-8,astringent; skin-conditioning,risedronate
coumarin,91-64-5,perfuming,coumarin
trimethyl-methylbutenyl-bicycloheptan-3-one,74499-58-4,perfuming,"4,7,7-trimethyl-2-(3-methylbut-2-en-1-yl)bicyclo[4.1.0]heptan-3-one"
eucalyptol,470-82-6,denaturant; perfuming; tonic,"1,8-cineole"
citrus limon callus culture extract,,antimicrobial; hair-conditioning; skin-conditioning; skin-protecting,citrus limon callus culture extract
botrychium schaffneri extract,,antioxidant; antiseborrhoeic,botrychium schaffneri extract
dendrobium huoshanense leaf/stem extract,,bleaching,dendrobium huoshanense leaf/stem extract
ambrettolide,7779-50-2,perfuming,1-oxacycloheptadec-8-en-2-one
chenopodium ambrosioides leaf extract,89997-47-7,masking; perfuming; skin-conditioning,chenopodium ambrosioides leaf extract
t-butyl alcohol,75-65-0,denaturant; perfuming; solvent,tert-butanol
3‚4-diethoxybenzaldehyde,2029-94-9,perfuming,"3,4-diethoxybenzaldehyde"
2-ethyl-2-(3-methylbut-2-enyl)hex-3-enol,85136-06-7,perfuming,2-ethyl-2-prenyl-3-hexenol
methylsulfinylbutyl piperidinecarbothioamide,1350914-98-5,bleaching,methylsulfinylbutyl piperidinecarbothioamide
cinnamomum cassia bark water,,antimicrobial; antiseborrhoeic; astringent,cinnamomum cassia bark water
hexylcyclopentanone,13074-65-2,perfuming,2-hexylcyclopentanone
acetyl hexamethyl indan,15323-35-0,masking; perfuming,phantolide
decahydro-isopropyl-dimethyl-phenanthrene-1-methanol acetate,54200-50-9,perfuming,abietyl acetate
3-(2-furyl)acrylaldehyde,623-30-3,perfuming,3-(2-furyl)acrolein
capsicum chinense fruit extract,,antimicrobial; antioxidant; astringent,capsicum chinense fruit extract
populus tremuloides bark extract,90083-05-9,antiseborrhoeic; skin-conditioning,populus tremuloides bark extract
oligopeptide-158 amide,,antiseborrhoeic,oligopeptide-158 amide
dihydrogeranylidene-bis-indole,67801-16-5,perfuming,"1h-indole, 1,1'-(3,7-dimethyl-6-octen-1-ylidene)bis-"
ethyl hexanoate,123-66-0,perfuming,n-(2-(((2-(dimethylamino)ethyl)amino)carbonyl)-1-methyl-1h-imidazol-4-yl)-4-(((4-(formylamino)-1-methyl-1h-imidazol-2-yl)carbonyl)amino)-1-methyl-1h-imidazole-2-carboxamide
laurtrimonium trichlorophenoxide,,antimicrobial; antistatic,laurtrimonium trichlorophenoxide
tetramethyl-5-oxatricyclododecane,1209-61-6,perfuming,"4,9,12,12-tetramethyl-5-oxatricyclo(8.2.0.04,6)dodecane"
alpha-santalyl butyrate,67633-99-2,perfuming,"5-(2,3-dimethyltricyclo[2.2.1.02,6]hept-3-yl)-2-methylpent-2-enyl butyrate"
santalum austrocaledonicum wood oil,91845-48-6,flavouring; masking; perfuming,santalum austrocaledonicum wood oil
benzylhemiformal,14548-60-8,preservative,benzyl hemiformal
butyl cinnamaldehyde,7492-44-6,perfuming,2-benzylidenehexanal
prunus mume bud extract,,bleaching; humectant,prunus mume bud extract
hexahydro-methanoinden-5-yl pivalate,68039-45-2,perfuming,"propanoic acid, 2,2-dimethyl-, 3a,4,5,6,7,7a-hexahydro-4,7-methano-1h-inden-5-yl ester"
dodecahydrocyclododecafuran,40785-62-4,perfuming,14-oxabicyclo[10.3.0]pentadec-10-ene
tanacetum vulgare flower oil,84961-64-8,perfuming,tanacetum vulgare flower oil
tetrahydro-pentylfurfuryl acetate,67634-08-6,perfuming,octyl dihydrogen phosphate--morpholine (1/1)
celestolide,13171-00-1,perfuming,celestolide
xylityl sesquicaprylate,181632-90-6,antimicrobial; humectant; preservative; skin-conditioning; surfactant,xylityl 1-caprylate
raphanus sativus/trigonella foenum-graecum/brassica oleracea italica sprout juice,,antimicrobial; antioxidant; skin-conditioning; skin-protecting,raphanus sativus/trigonella foenum-graecum/brassica oleracea italica sprout juice
p-anisyl methyl ketone,122-84-9,perfuming,1-(p-methoxyphenyl)-2-propanone
bacillus/monascus/mallotus japonicus leaf/soybean ferment filtrate,,antiseborrhoeic; emollient; skin-conditioning,bacillus/monascus/mallotus japonicus leaf/soybean ferment filtrate
acacia farnesiana gum,9001-01-5,astringent; film-forming; viscosity-controlling,acacia farnesiana gum
cymbidium kanran extract,,antioxidant; astringent; emollient; skin-conditioning,cymbidium kanran extract
ormenis multicaulis flower oil,92202-02-3,perfuming,ormenis multicaulis flower oil
thioglycerin,96-27-5,depilatory; hair-waving-or-straightening; keratolytic; reducing,thioglycerol
abies balsamea balsam extract,8007-47-4,perfuming,canadabalsam
bee venom,,astringent; skin-protecting,bee venom
2-tert-butyl-4-methyl-cyclohexanol acetate,115724-27-1,perfuming,"[4-(2,2-dimethylpropyl)cyclohexyl] acetate"
cymbidium goeringii extract,,antioxidant; astringent; hair-conditioning; humectant; skin-conditioning; skin-protecting,cymbidium goeringii extract
aspergillus/camellia sinensis leaf ferment extract,,antimicrobial; antioxidant,aspergillus/camellia sinensis leaf ferment extract
guaiacum officinale extract acetylated-sulfated,100298-95-1,perfuming,guaiacum officinale extract acetylated-sulfated
methyl dimethyl-cyclohexenylmethyleneamino-benzoate,68738-99-8,perfuming,"methyl 2-(((2,4(or 3,5)-dimethyl-3-cyclohexen-1-yl)methylene)amino)benzoate"
rosa ambassador/rosa peace phytoplacenta extract,,antimicrobial; antioxidant; hair-conditioning; humectant; skin-protecting,rosa ambassador/rosa peace phytoplacenta extract
ovotransferrin,1391-06-6,antimicrobial; antiplaque; chelating; oral-care; preservative; skin-conditioning,ovotransferrin
myrocarpus frondosus wood oil,91722-94-0,perfuming,myrocarpus frondosus wood oil
lactobacillus/magnolia obovata ferment filtrate,,bleaching,lactobacillus/magnolia obovata ferment filtrate
undecylenamidopropyltrimonium methosulfate,94313-91-4,antimicrobial; antistatic; hair-conditioning,trimethyl-3-((1-oxo-10-undecenyl)amino)propylammonium methyl sulphate
alpha-ethoxyphenetole,5426-78-8,perfuming,"benzene, (1-ethoxyethoxy)-"
phenethyl phenylacetate,102-20-5,perfuming,phenethyl phenylacetate
cinnamomum camphora linalooliferum wood extract,91745-89-0,perfuming,cinnamomum camphora linalooliferum wood extract
alpha-damascone,23726-94-5 / 43052-87-5,masking; perfuming,alpha-damascone
2-pentanol,6032-29-7,perfuming,2-pentanol
benzaldehyde propyleneglycol acetal,2568-25-4,perfuming,creatinine
p-menthanone,10458-14-7,perfuming,p-menthan-3-one
cinnamomum camphora formosana wood oil,92704-03-5,perfuming,cinnamomum camphora formosana wood oil
ethyl salicylate,118-61-6,perfuming,methyl dichloroacetate
mycosporine glycine,65318-21-0,antimicrobial; antioxidant; hair-conditioning; skin-protecting; stabilising,mycosporine glycine
allyldimethoxyphenetole,68213-85-4,perfuming,"acetamide, n-(2-amino-4-ethoxyphenyl)-"
resacetophenone,89-84-9,antioxidant; bleaching; skin-conditioning,guaiazulene
methyl phenethyl ether,3558-60-9,perfuming,methyl phenethyl ether
veronica officinalis flower/leaf/stem extract,85117-19-7,astringent; skin-conditioning,veronica officinalis flower/leaf/stem extract
paeonia lactiflora phytoplacenta extract,,antimicrobial; antioxidant; skin-conditioning; skin-protecting,paeonia lactiflora phytoplacenta extract
delta-hexalactone,823-22-3,perfuming,epsilon-caprolactone
scentenal,86803-90-9,perfuming,eg 1088
potassium paraben,16782-08-4,preservative,potassium paraben
citrus sinensis valencia peel extract,97766-30-8,perfuming,citrus sinensis valencia peel extract
chamomilla recutita flower/leaf extract,84082-60-0,antimicrobial,chamomilla recutita flower/leaf extract
ethyl ethylhexanoate,2983-37-1,perfuming,ethyl 2-ethylhexanoate
diethylquinoline,68228-10-4,perfuming,diethylquinoline
allyl trimethylhexanoate,68132-80-9,perfuming,"allyl 3,5,5-trimethylhexanoate"
citrus bergamia leaf oil,89957-91-5,perfuming,citrus bergamia leaf oil
phenylpentanol,10521-91-2,perfuming,fenipentol
methyl-methylpentenylcyclohexene-1-carbaldehyde,52474-60-9,perfuming,flualamide
kluyveromyces/lactobacillus/acanthopanax koreanum bark/stem oil ferment filtrate,,antioxidant; astringent; skin-conditioning; skin-protecting,kluyveromyces/lactobacillus/acanthopanax koreanum bark/stem oil ferment filtrate
tetramethylbutyl dihydroxybenzamide,,antioxidant; bleaching; skin-protecting,tetramethylbutyl dihydroxybenzamide
bacillus/morus alba leaf/soybean seed ferment filtrate,,antimicrobial; antioxidant; antiseborrhoeic; emollient,bacillus/morus alba leaf/soybean seed ferment filtrate
amylfuran,3777-69-3,perfuming,2-pentylfuran
citrus hystrix leaf oil,91771-50-5,perfuming,citrus hystrix leaf oil
aesculus hippocastanum bark extract,8053-39-2,astringent; skin-conditioning; tonic,aesculus hippocastanum bark extract
ricinoleamidopropyltrimonium methosulfate,85508-38-9,antimicrobial; antistatic; hair-conditioning,ricinoleamidopropyltrimonium methosulfate
isopropyl-hydroxycyclohexene-ethanol,73360-66-4,perfuming,"1-cyclohexene-1-ethanol, 4-(1-methylethyl)-, monohydroxy deriv."
trans-isoocimenol,18675-17-7,perfuming,"2,6-dimethyl-3,5-octadien-2-ol"
lactobacillus/radish root ferment filtrate,,antimicrobial; hair-conditioning; skin-conditioning,lactobacillus/radish root ferment filtrate
silver borosilicate,,antimicrobial; skin-conditioning,silver borosilicate
bicycloheptenylethanone oxime,65416-21-9,perfuming,"ethanone, 1-bicyclo(2.2.1)hept-5-en-2-yl-, oxime"
alcloxa,1317-25-5,antimicrobial; astringent,ronacare(r) aluminium chloride hydroxide allantoin
dimethylhydroquinone,150-78-7,perfuming,"1,4-dimethoxybenzene"
dibromohexamidine isethionate,93856-83-8,preservative,"2-hydroxyethanesulphonic acid, compound with 4,4'-(hexane-1,6-diylbis(oxy))bis(3-bromobenzenecarboxamidine) (2:1)"
hydroxyethyl isobutyl piperidine carboxylate,119515-38-7,antimicrobial,icaridin
trimethyl-3-methylvinyl-4-vinylcyclohexylmethyl acetate,84434-64-0,perfuming,2-(4-ethenyl-4-methyl-3-prop-1-en-2-ylcyclohexyl)propan-2-yl acetate
euphorbia supina stem extract,,antimicrobial; antioxidant; astringent; hair-conditioning,euphorbia supina stem extract
dihydrocarvone,7764-50-3,perfuming,"1,6-dihydrocarvone"
butyl octanoate,589-75-3,perfuming,butyl octanoate
isononanal,35127-50-5,perfuming,isononanal
phenethyl butyrate,103-52-6,perfuming,phenethyl butyrate
hexadecenyl oleylsuccinamide,,bleaching; emollient; humectant; skin-conditioning; skin-protecting,hexadecenyl oleylsuccinamide
lycium chinense fruit water,,flavouring; masking; perfuming; skin-conditioning,lycium chinense fruit water
valeraldehyde hexyleneglycol acetal,54546-26-8,perfuming,3-chloro-6-nitrotoluene
vitis vinifera fruit juice ferment lees oil,,masking; perfuming,vitis vinifera fruit juice ferment lees oil
juniperus virginiana extract acetylated-hydrogenated,94279-82-0,perfuming,juniperus virginiana extract acetylated-hydrogenated
alchemilla vulgaris leaf extract,84695-94-3,antioxidant; astringent; skin-conditioning,alchemilla vulgaris leaf extract
cis-3-hexenyl benzoate,25152-85-6,perfuming,hex-3-en-1-yl benzoate
viburnum opulus bark extract,90131-98-9,astringent; skin-conditioning,viburnum opulus bark extract
methyl phenylpropionate,103-25-3,perfuming,methyl 3-phenylpropionate
saccharomyces/(lavender/rosemary/sage/thyme) leaf extract ferment filtrate,,antimicrobial; antioxidant; hair-conditioning; skin-protecting,saccharomyces/(lavender/rosemary/sage/thyme) leaf extract ferment filtrate
hexyl formate,629-33-4,perfuming,hexyl formate
hibiscus abelmoschus flower/seed water,84455-19-6,flavouring; masking; perfuming; skin-conditioning,hibiscus abelmoschus flower/seed water
oligopeptide-99 amide,,antimicrobial; antioxidant; antiseborrhoeic; skin-protecting,oligopeptide-99 amide
benzotriazole,95-14-7,antimicrobial,1h-benzotriazole
2-phenylpropylpyridine,2110-18-1,perfuming,2-(3-phenylpropyl)pyridine
cis-3-hexenyl methyl carbonate,67633-96-9,perfuming,hex-3-en-1-yl methyl carbonate
acetylcedrene,32388-55-9,perfuming,"ethanone, 1-(2,3,4,7,8,8a-hexahydro-3,6,8,8-tetramethyl-1h-3a,7-methanoazulen-5-yl)-"
tridecane,629-50-5,perfuming,tridecane
citronellyl ethyl ether,69929-16-4,perfuming,"citronellyl ethyl ether, (+-)-"
1-methyl-4-methylethenyl-cyclohexene sulfurized,68921-26-6,perfuming,1-methyl-4-methylethenyl-cyclohexene sulfurized
phenylparaben,17696-62-7,antimicrobial,1-(3-o-benzoyl-2-deoxypentofuranosyl)-4-hydroxy-5-methylpyrimidin-2(1h)-one
houttuynia cordata flower/leaf/stem water,164288-50-0,antimicrobial; antioxidant; skin-conditioning,houttuynia cordata flower/leaf/stem water
allyl phenoxyacetate,7493-74-5,perfuming,allyl phenoxyacetate
gadus morrhua liver oil,8001-69-2,perfuming,gadus morrhua liver oil
3-methyl-3-octyl acetate,66008-65-9,perfuming,"3-octanol, 3-methyl-, 3-acetate"
hamamelis virginiana flower water,84696-19-5,astringent; hair-conditioning; skin-conditioning; soothing,hamamelis virginiana flower water
diphenylmethyl piperazinylbenzimidazole,65215-54-5,antimicrobial; uv-absorber,diphenylmethyl piperazinylbenzimidazole
brassocattleya marcella koss leaf/stem extract,,bleaching; emollient; skin-conditioning; skin-protecting,brassocattleya marcella koss leaf/stem extract
trans-2-phenylpropenyl acetate,37973-51-6,perfuming,"1-propen-1-ol, 2-phenyl-, acetate, (1e)-"
ulmus campestris bark extract,,astringent; skin-conditioning,ulmus campestris bark extract
methoxyphenylbutanone,104-20-1,perfuming,anisylacetone
caprylic acid,124-07-2,cleansing; emulsifying; masking; perfuming; surfactant,octanoic acid
4-methyl-1-phenyl-2-pentanol,7779-78-4,perfuming,alpha-(2-methylpropyl)benzeneethanol
4-tert-butylcyclohexane carbaldehyde,20691-52-5,perfuming,"cyclohexanecarboxaldehyde, 4-(1,1-dimethylethyl)-"
prinsepia utilis seed extract,,astringent; hair-conditioning; skin-conditioning,prinsepia utilis seed extract
hydrolyzed grape callus extract,,antimicrobial; antioxidant; emollient; hair-conditioning; skin-conditioning,hydrolyzed grape callus extract
octahydro-3‚8-dimethylazulen-5-ylpropan-2-ol,489-86-1,perfuming,"5-azulenemethanol, 1,2,3,4,5,6,7,8-octahydro-alpha,alpha,3,8-tetramethyl-, (3s-(3alpha,5alpha,8alpha))-"
amyl octanoate,638-25-5,perfuming,pentyl octanoate
cupressus sempervirens bark extract,84696-07-1,astringent; perfuming,cupressus sempervirens bark extract
methylchloroisothiazolinone,26172-55-4,preservative,5-chloro-2-methyl-4-isothiazolin-3-one
tricholoma magnivelare extract,,antimicrobial; antioxidant; humectant; skin-conditioning; skin-protecting,tricholoma magnivelare extract
triethylhexanoin,7360-38-5,hair-conditioning; masking; perfuming; skin-conditioning,glyceryl tri(2-ethylhexanoate)
potassium undecylenate,6159-41-7,cleansing; emulsifying; preservative,potassium undecylenate
prunus spinosa wood extract,90105-94-5,antioxidant; astringent,prunus spinosa wood extract
stearoptenes,1406-57-1,perfuming,"(2s,3s,4s,5r,6r)-6-[(2s,3r,4s,5s,6s)-2-[[(3s,4ar,6as,6br,8as,11s,12ar,14ar,14bs)-11-carboxy-4,4,6a,6b,8a,11,14b-heptamethyl-14-oxo-2,3,4a,5,6,7,8,9,10,12,12a,14a-dodecahydro-1h-picen-3-yl]oxy]-6-carboxy-4,5-dihydroxyoxan-3-yl]oxy-3,4,5-trihydroxyoxane-2-carboxylic acid;azane"
trimethyl-2-cyclohexenyl-3-pentanone/2-propynol,68611-23-4,perfuming,"3-pentanone, 1-(2,6,6-trimethyl-2-cyclohexen-1-yl)-, reaction products with 2-propyn-1-ol"
o-anisaldehyde,135-02-4,perfuming,2-methoxybenzaldehyde
ursolic acid,77-52-1,masking; perfuming; skin-conditioning,(+)-ursolic acid
mentha piperita american herb extract,98306-02-6,perfuming,mentha piperita american herb extract
isoamyl tiglate,10482-55-0 / 41519-18-0,perfuming,isoamyl tiglate
hydrolyzed soybean callus extract,,bleaching; emollient; skin-conditioning,hydrolyzed soybean callus extract
didehydromenthane,29350-67-2,perfuming,p-menth-1-ene
saccharomyces/sericterium extract/sodium bicarbonate ferment filtrate,,astringent; emollient; hair-conditioning; skin-conditioning,saccharomyces/sericterium extract/sodium bicarbonate ferment filtrate
paeonia lactiflora root water,,masking; perfuming,paeonia lactiflora root water
allyl propionate,2408-20-0,perfuming,allyl propionate
neryl isobutyrate,2345-24-6,perfuming,"propanoic acid, 2-methyl-, (2e)-3,7-dimethyl-2,6-octadienyl ester"
nicotiana tabacum flower extract,84961-66-0,perfuming,nicotiana tabacum flower extract
kluyveromyces/lactobacillus/plumeria alba flower oil ferment filtrate,,antimicrobial; antioxidant,kluyveromyces/lactobacillus/plumeria alba flower oil ferment filtrate
piperitone,89-81-6,perfuming,(+-)-piperitone
abies balsamea needle oil,85085-34-3,masking; perfuming,abies balsamea needle oil
pinus palustris twig leaf oil,97435-14-8 / 8002-09-3,perfuming,pinus palustris twig leaf oil
diazolidinyl urea,78491-02-8,preservative,diazolidinylurea
l-alpha-pinene,7785-26-4,perfuming,(+-)-alpha-pinene
carthamus tinctorius flower/vitis vinifera fruit/(camelia sinensis/diospyros kaki) leaf/polygonum cuspidatum root/castanea crenata shell/coffea arabica seed water,,antimicrobial; antioxidant; antiseborrhoeic; skin-conditioning; skin-protecting,carthamus tinctorius flower/vitis vinifera fruit/(camelia sinensis/diospyros kaki) leaf/polygonum cuspidatum root/castanea crenata shell/coffea arabica seed water
hydrolyzed passiflora alata fruit,,astringent; skin-protecting,hydrolyzed passiflora alata fruit
schisandrin,7432-28-2,bleaching,"1,2,3,10,11,12-hexamethoxy-6,7-dimethyl-5,6,7,8-tetrahydrodibenzo(a,c)(8)annulen-6-ol"
p-isopropylphenol,99-89-8,perfuming,4-isopropylphenol
neryl propionate,105-91-9,perfuming,"2,6-octadien-1-ol, 3,7-dimethyl-, 1-propanoate"
prorocentrum minimum cell extract,,antimicrobial; hair-conditioning; humectant; skin-conditioning; skin-protecting,prorocentrum minimum cell extract
psidium guajava fruit extract,91770-12-6,astringent; skin-conditioning,psidium guajava fruit extract
acacia farnesiana flower extract,89958-31-6,perfuming,acacia farnesiana flower extract
colloidal silver,7440-22-4,antimicrobial,silver
linalyl isobutyrate,78-35-3,perfuming,linalyl isobutyrate
aspergillus/alcohol/rice lees ferment powder,,bleaching; humectant; skin-conditioning,aspergillus/alcohol/rice lees ferment powder
ferulic acid,1135-24-6,antimicrobial,3-(4-hydroxy-3-methoxyphenyl)prop-2-enoic acid
ammonium lactate,515-98-0,buffering; humectant; keratolytic; skin-conditioning,ammonium lactate
p-cresyl 3-oxo-3-phenylpropionate,67801-43-8,perfuming,"benzenepropanoic acid, beta-oxo-, 4-methylphenyl ester"
citrus nobilis fruit juice,84929-38-4,astringent,citrus nobilis fruit juice
iris florentina flower water,90045-89-9,flavouring; masking; perfuming; skin-conditioning,iris florentina flower water
homogeranyl pyridine,38462-23-6,perfuming,"4-(4,8-dimethylnona-3,7-dienyl)pyridine"
thymus capitatus herb extract,90131-59-2,perfuming,thymus capitatus herb extract
methyl-methylpropenyloctenone,67801-40-5,perfuming,6-methyl-4-(2-methyl-1-propenyl)oct-5-en-2-one
isoamyl hexanoate,2198-61-0,perfuming,isoamyl hexanoate
caulerpa racemosa extract,,astringent; hair-conditioning; nail-conditioning; skin-conditioning,caulerpa racemosa extract
sodium iodide,7681-82-5,antimicrobial,sodium iodide
aluminum iron calcium magnesium germanium silicates,,antimicrobial; antioxidant,aluminum iron calcium magnesium germanium silicates
red rice vinegar,,astringent,red rice vinegar
cis-3-hexenyl isobutyrate,41519-23-7,perfuming,(z)-hex-3-enyl isobutyrate
torreya nucifera leaf oil,,antimicrobial,torreya nucifera leaf oil
2-melozol formate,64644-32-2,perfuming,"4,7-methano-1h-indene-2-methanol, octahydro-, 2-formate"
bacillus/rosemary leaf/soybean ferment extract filtrate,,antimicrobial; emollient; humectant; skin-conditioning; skin-protecting,bacillus/rosemary leaf/soybean ferment extract filtrate
cetrimonium saccharinate,2478-29-7,antimicrobial; antistatic; hair-conditioning,"1-hexadecanaminium, n,n,n-trimethyl-, salt with 1,2-benzisothiazol-3(2h)-one 1,1-dioxide (1:1)"
isopropyl-tetramethyl-dioxane,61920-45-4,perfuming,"pyridine, 3-(4-aminobutyl)-"
phenethyl formate,104-62-1,perfuming,2-phenylethyl formate
delta-undecalactone,710-04-3,perfuming,gamma-undecalactone
capric acid,334-48-5,cleansing; emulsifying; masking; perfuming; surfactant,decanoic acid
phenylethylpyridine,2116-62-3,perfuming,2-(2-phenylethyl)pyridine
2-methyldodecanal,37596-36-4,perfuming,2-bromo-4-fluorobenzonitrile
thioctoyl pentapeptide-4,,antioxidant; bleaching; hair-conditioning; skin-protecting,thioctoyl pentapeptide-4
cis-4-heptenal,6728-31-0,perfuming,hept-4-enal
trimethylbenzenepropanol,103694-68-4,masking; perfuming,majantol
bacillus/monascus/rice bran/tagetes erecta sprout ferment filtrate,,antioxidant; antiseborrhoeic; hair-conditioning,bacillus/monascus/rice bran/tagetes erecta sprout ferment filtrate
citronellol,106-22-9 / 26489-01-0 / 7540-51-4 / 1117-61-9,perfuming,citronellol
aeollanthus suaveolens leaf oil,,antimicrobial; flavouring; masking,aeollanthus suaveolens leaf oil
ambrein,473-03-0,perfuming,"1-[6-(2,2-dimethyl-6-methylidenecyclohexyl)-4-methylhex-3-enyl]-2,5,5,8a-tetramethyl-3,4,4a,6,7,8-hexahydro-1h-naphthalen-2-ol"
2-methyl-3-p-cresyl-propionaldehyde,41496-43-9,perfuming,"5,6-dihydro-11h-benzo[5,6]cyclohepta[1,2-b]pyridin-11-one"
methylmethionine,4727-40-6,astringent; emollient; oral-care; skin-conditioning; skin-protecting,(3-amino-3-carboxypropyl)(dimethyl)sulfanium
ethyl 5‚5,60234-72-2,perfuming,(dimethylphosphinyl)methanol
paeonia suffruticosa callus extract,,antimicrobial; antioxidant; hair-conditioning; skin-protecting,paeonia suffruticosa callus extract
trans-3-heptenyl acetate,1576-77-8,perfuming,hept-3-en-1-yl acetate
butyl isovalerate,109-19-3,perfuming,butyl isovalerate
tridecan-2-one,593-08-8,perfuming,2-tridecanone
menthyl isovalerate,16409-46-4,perfuming,methyl isovalerate
spilanthes acmella flower/leaf/stem extract,90131-24-1,antimicrobial,spilanthes acmella flower/leaf/stem extract
cinnamyl butyrate,103-61-7,perfuming,butanoic acid 3-phenyl-2-propenyl ester
7-methyl-3-methyleneoct-6-enal,55050-40-3,perfuming,"6-octenal, 7-methyl-3-methylene-"
benzaldehyde dimethylacetal,1125-88-8,perfuming,benzaldehyde dimethyl acetal
methylbenzyl carbinyl acetate,2114-33-2,perfuming,"benzeneethanol, alpha-methyl-, 1-acetate"
octahydro-tetramethyl-methanoazulenone,14727-47-0,perfuming,clobenpropit
dihydrogeranyl isovalerate,68922-10-1,perfuming,citronellyl isovalerate
methyl caprylate,111-11-5,emollient; perfuming; skin-conditioning,methyl octanoate
saponaria officinalis leaf extract,84775-97-3,antimicrobial; cleansing,saponaria officinalis leaf extract
kunzea ericoides leaf extract,,antioxidant; hair-conditioning; masking; perfuming; skin-conditioning,kunzea ericoides leaf extract
capsicum annuum fruit extract,84625-29-6,antidandruff; antimicrobial; antioxidant; astringent; hair-conditioning; skin-protecting,capsicum annuum fruit extract
butyl butyrate,109-21-7,perfuming,butyl butyrate
4-methyl-2-phenyl-2-pentenal,26643-91-4,perfuming,4-methyl-2-phenylpent-2-enal
castor oil benzoate,225927-34-4,antimicrobial; emollient; skin-conditioning,castor oil benzoate
p-tert-butylphenyl acetate,3056-64-2,perfuming,naphthoxyacetic acid
cis-3-hexenyl salicylate,65405-77-8,perfuming,hex-3-enyl 2-hydroxybenzoate
eucalyptus acmenoides leaf extract,,antioxidant; astringent; hair-conditioning; masking; skin-conditioning,eucalyptus acmenoides leaf extract
prunus mume seed powder,,abrasive; absorbent; antimicrobial,prunus mume seed powder
cetethyl morpholinium ethosulfate,78-21-7,antimicrobial; antistatic; emulsifying; hair-conditioning; surfactant,"morpholinium, 4-ethyl-4-hexadecyl-, ethyl sulfate (1:1)"
7-hydroxy-3‚7-dimethyl-octanal distillates,68909-04-6,perfuming,7-hydroxy-3‚7-dimethyl-octanal distillates
beta-santalene,511-59-1,perfuming,"norbornane, 2-methyl-3-methylene-2-(4-methyl-3-pentenyl)-"
sodium anisate,536-45-8,antimicrobial; flavouring,n-hexadecylacrylamide
tolualdehyde isomers,1334-78-7,perfuming,benzaldehyde
2-methoxy-p-cresol,93-51-6,perfuming,2-methoxy-4-methylphenol
ethyl tetramethylcyclohex-2-enecarboxylate,77851-07-1,perfuming,"isooctadecanoic acid, isooctadecyl ester"
2‚4-dimethyl-3-cyclohexene-1-methylacetate,67634-26-8,perfuming,"3-cyclohexene-1-methanol, 2,4-dimethyl-, 1-acetate"
sd alcohol 36,,astringent; solvent; viscosity-controlling,sd alcohol 36
dibutyl maleate,105-76-0,perfuming,dibutyl but-2-enedioate
d-pulegone,89-82-7,perfuming,p-menth-4(8)-en-3-one
argania spinosa callus extract,,antimicrobial; antioxidant; hair-conditioning; humectant; skin-protecting,argania spinosa callus extract
nonapeptide-27 amide,,antiseborrhoeic; skin-conditioning; skin-protecting,nonapeptide-27 amide
juniperus mexicana wood extract acetylated,91053-31-5,perfuming,juniperus mexicana wood extract acetylated
neohesperidin dihydrochalcone,20702-77-6,flavouring; masking; perfuming,"1-(4-{[4,5-dihydroxy-6-(hydroxymethyl)-3-[(3,4,5-trihydroxy-6-methyloxan-2-yl)oxy]oxan-2-yl]oxy}-2,6-dihydroxyphenyl)-3-(3-hydroxy-4-methoxyphenyl)propan-1-one"
sodium aluminum chlorohydroxy lactate,97660-24-7 / 8038-93-5,antiperspirant; astringent; deodorant,sodium aluminum chlorohydroxy lactate
(aspergillus/saccharomyces)/rice ferment/barley grain meal/nelumbo nucifera flower extract ferment extract filtrate,,bleaching,(aspergillus/saccharomyces)/rice ferment/barley grain meal/nelumbo nucifera flower extract ferment extract filtrate
vaccinium angustifolium fruit juice,,astringent; skin-conditioning,vaccinium angustifolium fruit juice
coix lacryma-jobi ma-yuen seed/pueraria lobata root/ganoderma lucidum extract,,astringent; deodorant; flavouring; humectant,coix lacryma-jobi ma-yuen seed/pueraria lobata root/ganoderma lucidum extract
isooctanal diethyl acetal,69178-43-4,perfuming,"1,1-diethoxyisooctane"
madrox,37514-30-0,perfuming,"cyclododecane, 1-methoxy-1-methyl-"
pinus mugo twig leaf extract,90082-72-7,perfuming,pinus mugo twig leaf extract
linalool oxide,1365-19-1 / 60047-17-8,perfuming,linalool oxide
hydrogenated tallowalkonium chloride,61789-72-8,antistatic; hair-conditioning; preservative,hydrogenated tallowalkonium chloride
epigallocatechin gallate safflowerate,,antimicrobial,epigallocatechin gallate safflowerate
tetramethyl-3-cyclopentenebutanol,72089-08-8,perfuming,"3-cyclopentene-1-butanol, beta,2,2,3-tetramethyl-"
methoxy peg-45 thioctate,,antioxidant; bleaching; skin-conditioning,methoxy peg-45 thioctate
isopropyl-methyloxepanone,499-54-7,perfuming,"6-hydroxy-3,7-dimethyloctanoic acid lactone"
myristaldehyde,124-25-4,perfuming,gamma-undecalactone
gamma-decalactone,706-14-9,perfuming,gamma-decalactone
hierochloe alpina herb extract,92128-62-6,perfuming,hierochloe alpina herb extract
cis-8-methyl-1-oxaspirodecanone,91069-37-3,perfuming,"1-oxaspiro(4.5)decan-2-one, 8-methyl-"
2-decenal,3913-71-1 / 3913-81-3,perfuming,2-decenal
angelica archangelica root extract,84775-41-7,masking; perfuming; skin-conditioning,angelica archangelica root extract
isopropoxyethyl-benzene,68039-47-4,perfuming,eglinazine-ethyl
myrcene,123-35-3,perfuming,myrcene
ribes nigrum leaf extract,68606-81-5,perfuming; skin-conditioning,ribes nigrum leaf extract
pinus pumilio bark extract,97676-05-6,perfuming; tonic,pinus pumilio bark extract
usnic acid,125-46-2,antimicrobial,usnic acid
methylphenyl-1‚3-dioxanol,4757-23-7,perfuming,"2-(4-methylphenyl)-1,3-dioxan-5-ol"
dl-1-phenylpentan-2-ol,705-73-7,perfuming,1-phenyl-2-pentanol
methylpentenylcyclohexene carbaldehyde,52475-89-5,perfuming,4-(aminocarbonyl)phenyl acetate
ethylparaben,120-47-8,preservative,ethylparaben
perillaldehyde,2111-75-3,masking; perfuming; skin-conditioning,perillaldehyde
pyrus malus root bark powder,85251-63-4,bleaching,"apple, malus sylvestris, ext."
3-ethylcyclopentane-1‚2-dione,13494-08-1,perfuming,"1,2-cyclopentanedione, 3-ethyl-"
dimethylcyclohexenyl tert-butyl ketone,69929-17-5,perfuming,"1-(2,4-dimethyl-3-cyclohexenyl)-2,2-dimethylpropan-1-one"
platycarya strobilacea branch extract,,antioxidant; astringent; emollient; hair-conditioning,platycarya strobilacea branch extract
ephedra sinica water,85940-38-1,flavouring; masking; perfuming; skin-conditioning,ephedra sinica water
pinus densiflora leaf powder,,antimicrobial,pinus densiflora leaf powder
sodium paraben,114-63-6 / 85080-04-2,preservative,sodium paraben
mercaptoisopropyl-5-methylcyclohexanone,38462-22-5,perfuming,p-mentha-8-thiol-3-one
silver oxide,20667-12-3,antimicrobial,silver(1+) oxide
4-ethyloctanoic acid,16493-80-4,perfuming,4-ethyloctanoic acid
castor oil hydrogenated ethoxylated,61788-85-0,perfuming,"2-[1,3-bis[2-(11-hydroxyheptadecoxycarbonyloxy)ethoxy]propan-2-yloxy]ethyl 11-hydroxyheptadecyl carbonate"
hexanediol/peg-2 cocomonium chloride/tdi copolymer,,antimicrobial; antistatic; deodorant; skin-protecting,hexanediol/peg-2 cocomonium chloride/tdi copolymer
papenfussiella kuromo extract,,antioxidant; preservative,papenfussiella kuromo extract
fusanus spicatus wood extract,,antiseborrhoeic; astringent; skin-conditioning,fusanus spicatus wood extract
hexyl crotonate,19089-92-0,perfuming,hexyl 2-methylbut-2-enoate
dimethylbenzyl carbinyl propionate,67785-77-7,perfuming,"1,1-dimethyl-2-phenylethyl propionate"
octahydro-methoxy-tetramethyl-methanoazulene,67874-81-1,perfuming,"(2r,5s,7r,8r)-8-methoxy-2,6,6,8-tetramethyltricyclo[5.3.1.01,5]undecane"
cinnamaldehyde/methyl anthranilate schiff base,94386-48-8,perfuming,methyl 2-[(3-phenyl-2-propen-1-ylidene)amino]benzoate
6-ethylideneoctahydro-5‚8-methano-2h-benzo-1-pyran,93939-86-7,perfuming,"6-ethylideneoctahydro-5,8-methano-2h-benzo-1-pyran"
potassium methylparaben,26112-07-2,preservative,potassium methylparaben
2-p-cresylethanol,699-02-5,perfuming,4-methylphenethyl alcohol
dimethylbicyclo-8-octanone oxime,75147-23-8,perfuming,"bicyclo[3.2.1]octan-8-one, 1,5-dimethyl-, oxime"
dendropanax morbiferus stem sap,,antimicrobial; antiseborrhoeic; hair-conditioning; skin-conditioning,dendropanax morbiferus stem sap
amyris balsamifera bark oil,8015-65-4 / 90320-49-3,masking; perfuming,amyris balsamifera bark oil
linalyl isovalerrate,1118-27-0,perfuming,"isovaleric acid (4,7-dimethyl-1,6-octadien-3-yl) ester"
hexyl alcohol,111-27-3,antifoaming; hydrotrope; perfuming; solvent; surfactant,1-hexanol
abies homolepis leaf extract,,astringent; humectant,abies homolepis leaf extract
sd alcohol 27-b,,astringent; solvent; viscosity-controlling,sd alcohol 27-b
picrasma excelsa wood extract,84961-54-6,astringent; skin-conditioning,picrasma excelsa wood extract
kluyveromyces/lactobacillus/apricot kernel ferment oil filtrate,,antioxidant; bleaching; skin-conditioning; skin-protecting,kluyveromyces/lactobacillus/apricot kernel ferment oil filtrate
helichrysum angustifolium flower extract,90045-56-0,masking; perfuming,helichrysum angustifolium flower extract
tetrahydro-6-pent-2-enyl-pyran-2-one,34686-71-0,perfuming,tetrahydro-6-(2-pentenyl)-2h-pyran-2-one
trimethyltricyclododecanyl formate,58096-46-1,perfuming,"tricyclo(6.3.1.02,5)dodecan-1-ol, 4,4,8-trimethyl-, 1-formate"
juniperus communis sprout extract,84603-69-0,antidandruff; antimicrobial; antioxidant; masking,juniperus communis sprout extract
lactobacillus/camellia sinensis catechins/gelidium crinale/laminaria japonica/monostroma nitidum/resveratrol ferment fitrate,,antioxidant; antiseborrhoeic; skin-conditioning; uv-filter,lactobacillus/camellia sinensis catechins/gelidium crinale/laminaria japonica/monostroma nitidum/resveratrol ferment fitrate
schinus terebinthifolia fruit oil,,antimicrobial; masking,schinus terebinthifolia fruit oil
tagetes erecta flower oil,90131-43-4 / 8016-84-0,masking; perfuming,tagetes erecta flower oil
phalaenopsis lobbii extract,,bleaching,phalaenopsis lobbii extract
kluyveromyces/lactobacillus/lycium chinense fruit oil ferment filtrate,,antioxidant; astringent; bleaching; hair-conditioning; skin-conditioning; skin-protecting,kluyveromyces/lactobacillus/lycium chinense fruit oil ferment filtrate
acanthopanax senticosus root water,84696-12-8,antimicrobial; antioxidant; hair-conditioning; skin-conditioning,acanthopanax senticosus root water
diethyl caprylamide,996-97-4,masking; perfuming,diethyl caprylamide
3-(o-ethylphenyl)-2‚2-dimethylpropionaldehyde,67634-14-4,perfuming,"3-(2-ethylphenyl)-2,2-dimethylpropanal"
ethyl undecylenate,692-86-4,perfuming; skin-conditioning,ethyl 10-undecenoate
7-methoxy-3‚7-dimethyloct-1-ene,53767-86-5,perfuming,1-amino-4-((4-methylphenyl)amino)-2-(phenylsulphonyl)anthraquinone
picrasma quassioides fruit extract,94167-08-5,antimicrobial; skin-conditioning,picrasma quassioides fruit extract
bacillus/citrus unshiu peel extract ferment filtrate,,antimicrobial; emollient,bacillus/citrus unshiu peel extract ferment filtrate
zinc pyrithione,13463-41-7,antidandruff; antiseborrhoeic; hair-conditioning; preservative,pyrithione zinc
aureobasidium pullulans/magnolia sieboldii branch extract ferment filtrate,,bleaching,aureobasidium pullulans/magnolia sieboldii branch extract ferment filtrate
chlorella pyrenoidosa/sorokiniana extract,,antioxidant; bleaching; skin-conditioning; skin-protecting,chlorella pyrenoidosa/sorokiniana extract
p-cresyl octanoate,59558-23-5,perfuming,p-cresyl octanoate
p,1195-32-0,perfuming,p-alpha-dimethyl styrene
octanal/methyl anthranilate schiff base,67801-44-9,perfuming,"benzoic acid, 2-(octylideneamino)-, methyl ester"
behenyl benzoate,103403-38-9,antimicrobial; emollient; skin-conditioning,behenyl benzoate
atractylodes japonica root oil,,bleaching,atractylodes japonica root oil
trimethyl-3-cyclohexene-1-methanethiol,71159-90-5,perfuming,1-p-menthene-8-thiol
cocotrimonium chloride,61789-18-2,antimicrobial; antistatic; preservative; surfactant,cocotrimonium chloride
pinus densiflora leaf/sugar ferment filtrate,,antidandruff; antimicrobial; antioxidant; oral-care; skin-conditioning,pinus densiflora leaf/sugar ferment filtrate
curcuma wenyujin/curcuma kwangsiensis rhizome extract,,antiseborrhoeic,curcuma wenyujin/curcuma kwangsiensis rhizome extract
radium ore powder,,abrasive; antimicrobial; antioxidant; humectant; preservative,radium ore powder
sphacelaria scoparia extract,,antimicrobial,sphacelaria scoparia extract
hydroxyethyl phenoxyacetate,1984-60-7,perfuming,2-hydroxyethyl phenoxyacetate
capparis moonii fruit extract,93333-84-7,antimicrobial; antioxidant,capparis moonii fruit extract
shikimoyl nonapeptide-11,,antioxidant; antiseborrhoeic; skin-protecting,shikimoyl nonapeptide-11
chloramine t,127-65-1,antimicrobial,tosylchloramide
zanthoxylum piperitum peel extract,97404-53-0,antimicrobial,cid 168009860
2-acetonaphthone,93-08-3,masking; perfuming,2-acetylnaphthalene
cinnamonitrile,4360-47-8 / 1885-38-7,perfuming,cinnamonitrile
oxacycloheptadec-10-en-2-one,28645-51-4,perfuming,1-oxacycloheptadec-8-en-2-one
lavandula hybrida barreme herb extract,93685-88-2,perfuming,lavandula hybrida barreme herb extract
zinc phenolsulfonate,127-82-2,antimicrobial; astringent; deodorant,zinc phenolsulfonate
silver/titanium carbide,,antimicrobial; antiplaque; deodorant; oral-care,silver/titanium carbide
krameria cistoides root extract,94334-53-9,perfuming,krameria cistoides root extract
methyl methylbutyrate,868-57-5,perfuming,methyl 2-methylbutyrate
imidazolidinyl urea,39236-46-9,preservative,imidazolidinyl urea
polyglycerin-40,25618-55-7,antimicrobial; humectant,glycerol
hexyl neopentanoate,5434-57-1,perfuming,hexyl pivalate
hydrolyzed fish egg shell extract,,antiseborrhoeic; bleaching; skin-conditioning,hydrolyzed fish egg shell extract
nerol,106-25-2,perfuming,"3,7-dimethyl-2,6-octadienol"
pelargonium crispum leaf oil,90082-46-5,perfuming,pelargonium crispum leaf oil
methylcyclohexenylpropyl-cyclopentanone,95962-14-4,perfuming,2-(2-(4-methylcyclohex-3-en-1-yl)propyl)cyclopentan-1-one
gamma-methylcinnamyl acetate,20883-16-3,perfuming,"2-buten-1-ol, 3-phenyl-, 1-acetate"
ferula assafetida gum oil,90028-70-9,perfuming,ferula assafetida gum oil
potassium iodide,7681-11-0,antimicrobial,potassium iodide
soleirolia soleirolii extract,,antioxidant; astringent; emollient; skin-conditioning; skin-protecting,soleirolia soleirolii extract
saposhnikovia divaricata root extract,,antimicrobial,saposhnikovia divaricata root extract
4-phenylpropylpyridine,2057-49-0,perfuming,4-(3-phenylpropyl)pyridine
phenylacetaldehyde glyceryl 1‚2-cyclic acetal,5694-72-4,perfuming,"2-(phenylmethyl)-1,3-dioxolane-4-methanol"
erica arborea root extract,90028-36-7,perfuming,erica arborea root extract
trans-2-hexenyl valerate,56922-74-8,perfuming,hex-2-en-1-yl pentanoate
dedm hydantoin dilaurate,,antimicrobial,dedm hydantoin dilaurate
turpentine,8006-64-2 / 9005-90-7 / 8052-14-0,perfuming,turpentine
bambusa vulgaris shoot extract,91771-33-4,antioxidant; astringent; emollient; humectant; skin-conditioning,bambusa vulgaris shoot extract
methylpentenyl-cyclohexene-1-methyl acetate,72403-67-9,perfuming,myaldyl acetate
ionone,8013-90-9 / 79-77-6,astringent; perfuming,ionone
tris-hydroxymethylnitromethane,126-11-4,antimicrobial,tris(hydroxymethyl)nitromethane
2‚5,20030-30-2,perfuming,"2-cyclohexen-1-one, 2,5,6-trimethyl-"
hyacinthus orientalis flower extract,94333-75-2,perfuming; skin-conditioning,hyacinthus orientalis flower extract
cupressus sempervirens seed extract,84696-07-1,perfuming; skin-conditioning,cupressus sempervirens seed extract
thianthol,135-58-0,antimicrobial; skin-conditioning,"2,8-dimethylthianthrene"
curcuma longa root oil,84775-52-0,perfuming; skin-conditioning,oleoresin tumeric
chlorothymol,89-68-9,antimicrobial; antiplaque; denaturant; deodorant; oral-care,chlorothymol
alchemilla vulgaris flower/leaf/stem extract,84695-94-3,astringent; skin-conditioning,alchemilla vulgaris flower/leaf/stem extract
3-ethylhexahydro-3h-benzofuran-2-one,54491-17-7,perfuming,"[[5-(6-aminopurin-9-yl)-3-hydroxy-4-phosphonooxyoxolan-2-yl]methoxy-hydroxyphosphoryl] [5-(3-carbamoyl-4h-pyridin-1-yl)-3,4-dihydroxyoxolan-2-yl]methyl hydrogen phosphate"
mentha spicata herb oil,84696-51-5,perfuming,mentha spicata herb oil
tetrahydro-5-isopropenyl-2-methyl-2-vinylfuran,13679-86-2,perfuming,tetrahydro-5-isopropenyl-2-methyl-2-vinylfuran
benzothiazole,95-16-9,perfuming,benzothiazole
cyclohexylcyclohexanone,90-42-6,perfuming,2-cyclohexylcyclohexanone
docosane,629-97-0,perfuming,docosane
cananga odorata macrophylla flower extract,93686-30-7,perfuming,cananga odorata macrophylla flower extract
geranyl tiglate,7785-33-3,perfuming,"2-butenoic acid, 2(or 3)-methyl-, (2e)-3,7-dimethyl-2,6-octadienyl ester"
6‚7-dihydrolinalool,18479-49-7,perfuming,"3,7-dimethyloct-1-en-3-ol"
3‚4-dihydro-8-methylnaphthalenone,51015-28-2,perfuming,8-methyl-1-tetralone
bromophenyl propenaminoethyl isoquinolinesulfonamide hcl,127243-85-0; 910228-02-3,bleaching,bromophenyl propenaminoethyl isoquinolinesulfonamide hcl
undecylenyl alcohol,112-43-6,antistatic; masking; perfuming; skin-conditioning,10-undecen-1-ol
alpha-methyldecanenitrile,69300-15-8,perfuming,2-methyldecanenitrile
imidazolidinone,120-93-4,masking; perfuming,2-imidazolidinone
isooctanol,6169-06-8 / 26952-21-6,perfuming; skin-conditioning,isooctanol
amyl propionate,624-54-4,perfuming,amyl propionate
rhodinyl formate,141-09-3,perfuming,citronellyl formate
artemisia absinthium herb extract,84929-19-1,perfuming,artemisia absinthium herb extract
gamma-heptalactone,105-21-5,perfuming,gamma-heptalactone
dimethylspiroundecanone,83863-64-3,perfuming,"7,9-dimethylspiro(5.5)undecan-3-one"
pimenta acris fruit extract,91721-75-4,perfuming,pimenta acris fruit extract
p-methoxycinnamaldehyde,1963-36-6,perfuming,3-(4-methoxyphenyl)prop-2-enal
capramidoethyl capramidopropyldimonium methosulfate,,antimicrobial; antistatic; cleansing; deodorant; hair-conditioning; surfactant,capramidoethyl capramidopropyldimonium methosulfate
pisum sativum callus extract,,antimicrobial; antioxidant; hair-conditioning; humectant; skin-conditioning,pisum sativum callus extract
undecylenal,112-45-8,masking; perfuming,undecanal
c9-12-isoalkanes,90622-57-4,perfuming,2-methyldecane
monascus/angelica keiskei leaf/soybean ferment filtrate,,antimicrobial; antioxidant; hair-conditioning; skin-conditioning,monascus/angelica keiskei leaf/soybean ferment filtrate
boswellia carterii gum absolute,89957-98-2 / 8016-36-2,perfuming,boswellia carterii gum absolute
isobornyl methyl ether,5331-32-8,perfuming,isobornyl methyl ether
anacardoyl sh-pentapeptide-5 tripeptide-1,,antioxidant; bleaching; skin-protecting,anacardoyl sh-pentapeptide-5 tripeptide-1
cresylacetaldehyde dimethyl acetal,42866-91-1,perfuming,"benzene, 1-(2,2-dimethoxyethyl)-4-methyl-"
telopea speciosissima flower/leaf extract,,antioxidant; bleaching; humectant; skin-conditioning; skin-protecting,telopea speciosissima flower/leaf extract
sd alcohol 23-f,,astringent; solvent; viscosity-controlling,sd alcohol 23-f
petasites vulgaris leaf extract,,astringent; skin-conditioning,petasites vulgaris leaf extract
barosma betulina leaf oil,84649-93-4,perfuming,barosma betulina leaf oil
trimethylundecadienol,24048-14-4,perfuming,"2,6,10-trimethylundeca-5,9-dienol"
guaiacol,90-05-1,perfuming,guaiacol
eucalyptus pulverulenta leaf water,90028-53-8,astringent; deodorant; flavouring; masking,eucalyptus pulverulenta leaf water
biphenylhydroxamic acid,106359-54-0,antimicrobial; antioxidant; cosmetic-colorant; skin-conditioning,biphenylhydroxamic acid
salvia sclarea flower oil,84775-83-7,perfuming,salvia sclarea flower oil
ethyl acetoacetate,141-97-9,perfuming,ethyl acetoacetate
boronia megastigma flower extract,91771-36-7,perfuming,boronia megastigma flower extract
methyl methylcyclohexenecarboxylate,6493-80-7,perfuming,methyl 1-methylcyclohex-3-ene-1-carboxylate
citrus nobilis leaf oil,84929-38-4,perfuming,citrus nobilis leaf oil
pelargonium graveolens flower/leaf/stem water,90082-51-2,masking; perfuming,pelargonium graveolens flower/leaf/stem water
cis-3-hexenyl propionate,33467-74-2,perfuming,hex-3-en-1-yl propanoate
psiadia altissima leaf oil,,antimicrobial; masking; perfuming,psiadia altissima leaf oil
eugenia caryophyllus stem extract,84961-50-2,perfuming,eugenia caryophyllus stem extract
juniperus extract acetylated,83984-78-5,perfuming,juniperus extract acetylated
3-isopentenyl 2-isopentenoate,72928-35-9,perfuming,"2-butenoic acid, 3-methyl-, 3-methyl-3-buten-1-yl ester"
phenylacetaldehyde hexyleneglycol cyclic acetal,67633-94-7,perfuming,"1,3-dioxane, 4,4,6-trimethyl-2-(phenylmethyl)-"
cymbopogon schoenanthus leaf powder,89998-16-3,astringent; skin-conditioning,cymbopogon schoenanthus leaf powder
cetearalkonium bromide,,antimicrobial; antistatic; preservative,cetearalkonium bromide
nisin,1414-45-5,antimicrobial,"benzo[b]thiophene-3-carboxamide, 2-[(bicyclo[2.2.1]heptane-2-carbonyl)amino]-6-ethyl-4,5,6,7-tetrahydro-"
camellia sinensis seedcoat powder,84650-60-2,perfuming; skin-conditioning,phenol
dehydroacetic acid,520-45-6 / 771-03-9 / 16807-48-0,preservative,dehydroacetic acid
phyllospadix scouleri extract,,bleaching,phyllospadix scouleri extract
p-menthen-6-yl-propanone,31375-17-4,perfuming,nerone
dodecanenitrile,2437-25-4,perfuming,undecanenitrile
methyl laurate,111-82-0,emollient; perfuming; skin-conditioning,methyl laurate
euphorbia pulcherrima extract,,antimicrobial; antioxidant,euphorbia pulcherrima extract
undecylenamide mea,20545-92-0,antimicrobial; antistatic; foam-boosting; hair-conditioning; surfactant; viscosity-controlling,undecylenic acid monoethanolamide
hydrolyzed strawberry fruit,,astringent; skin-protecting,hydrolyzed strawberry fruit
hexyl salicylate,6259-76-3,masking; perfuming,hexyl salicylate
santalum album wood extract,84787-70-2,perfuming; skin-conditioning,"(1,1'-biphenyl)-4,4'-dicarboxylic acid"
isobutyl 2-naphthyl ether,2173-57-1,perfuming,2-(2-methylpropoxy)naphthalene
prenyl acetate,1191-16-8,perfuming,prenyl acetate
apium graveolens rapaccum leaf oil,89997-34-2,perfuming,apium graveolens rapaccum leaf oil
mentha piperita flower/leaf/stem water,84082-70-2,masking; perfuming,mentha piperita flower/leaf/stem water
pinus sylvestris twig leaf oil,84012-35-1,perfuming,pinus sylvestris twig leaf oil
methylphenoxy-acetaldehyde,67845-46-9,perfuming,p-methylphenoxyacetaldehyde
beta-pinen-3-yl acetate,1078-95-1,perfuming,pinocarvyl acetate
isobutyl heptylate,7779-80-8,perfuming,isobutyl heptanoate
pistacia lentiscus leaf oil,90082-82-9,perfuming,pistacia lentiscus leaf oil
carthamus tinctorius flower/vitis vinifera fruit/leaf/polygonum cuspidatum root/castanea crenata shell/coffea arabica seed water,,antioxidant; antiseborrhoeic; skin-conditioning; skin-protecting,carthamus tinctorius flower/vitis vinifera fruit/leaf/polygonum cuspidatum root/castanea crenata shell/coffea arabica seed water
9-decenyl acetate,50816-18-7,perfuming,9-decenyl acetate
eleutherococcus senticosus root extract,84696-12-8,astringent,eleutherococcus senticosus root extract
ferula galbaniflua resin oil,93165-40-3 / 8023-91-4,antimicrobial; perfuming; tonic,ferula galbaniflua resin oil
geranyl ethyl ether,40267-72-9,perfuming,"1-ethoxy-3,7-dimethylocta-2,6-diene"
isopropylmethylcyclohexane,1329-99-3,perfuming,1-methyl-4-isopropylcyclohexane
titanium salicylate,,antimicrobial,titanium salicylate
geranyl nonanoate,68039-29-2,perfuming,"3,7-dimethylocta-2,6-dienyl nonanoate"
morpholinopropane sulfonic acid,1132-61-2,bleaching; buffering,4-nitropyridine
cupressus sempervirens fruit extract,84696-07-1,hair-conditioning; perfuming; skin-conditioning,cupressus sempervirens fruit extract
artemisia herba-alba herb oil,84775-75-7,perfuming,artemisia herba-alba herb oil
trimethylnorbornan-2-one,7787-20-4,perfuming,(+-)-fenchone
yucca schidigera stem extract,223749-05-1,cleansing; perfuming,yucca schidigera stem extract
triticum vulgare germ,84012-44-2,bleaching; skin-conditioning; skin-protecting,triticum vulgare germ
origanum majorana leaf extract,84082-58-6,antiseborrhoeic; refreshing; tonic,origanum majorana leaf extract
mentha pulegium herb extract,90064-00-9,perfuming,mentha pulegium herb extract
ethyl phenethyl ether,1817-90-9,perfuming,iodofenphos
2-tert-butylcyclohexyl propionate,40702-13-4,perfuming,"cyclohexanol, 2-(1,1-dimethylethyl)-, 1-propanoate"
dimethylheptenal,106-72-9,perfuming,"(+-)-2,6-dimethyl-5-heptenal"
delta-dodecalactone,713-95-1,perfuming,delta-dodecalactone
citrus reticulata,93686-22-7,perfuming,citrus reticulata
isotridecyl acetate,69103-23-7,perfuming,"1-octanaminium, n,n-bis(2-hydroxyethyl)-n-methyl-, 4-methylbenzenesulfonate (1:1)"
boletus edulis whole plant extract,84649-97-8,perfuming,boletus edulis whole plant extract
methyl-cyclohexenylidene-pentanal,32540-03-7,perfuming,doxenitoin
cyclohexanecarboxylic acid,98-89-5,perfuming,benzoic acid
ethyl salicylate hexyl ether,773128-75-9,bleaching,ethyl 4-(tert-butoxy)benzoate
alpha-cedrene,469-61-4,perfuming,npc47608
homogeranyl nitrile,61792-11-8,perfuming,"3,7-dimethyl-2,6-nonadienenitrile"
2-m-cresylethanol,1875-89-4,perfuming,"silane, trimethyl((1-methylethenyl)oxy)-"
benzyl cinnamate,103-41-3,perfuming,"2-propenoic acid, 3-phenyl-, phenylmethyl ester"
acetoin,513-86-0,perfuming,acetoin
liquidambar styraciflua balsam extract,94891-28-8 / 8046-19-3,perfuming,liquidambar styraciflua balsam extract
kluyveromyces/lactobacillus/cinnamomum camphora bark oil ferment filtrate,,antimicrobial; antioxidant; bleaching; skin-conditioning; skin-protecting,kluyveromyces/lactobacillus/cinnamomum camphora bark oil ferment filtrate
monarda fistulosa extract,,flavouring; masking; preservative,monarda fistulosa extract
resorcinol bis-ethylhexanoate,,bleaching,resorcinol bis-ethylhexanoate
methyl cyclooctanecarboxylate,3724-54-7,perfuming,methyl cyclooctanecarboxylate
nelumbo nucifera phytoplacenta culture extract,,antimicrobial; antioxidant; hair-conditioning; humectant,nelumbo nucifera phytoplacenta culture extract
myrtenol,515-00-4,perfuming,(+-)-myrtenol
3‚5-dimethyl cyclohexenecarbonitrile,66848-40-6,perfuming,"3-cyclohexene-1-carbonitrile, 3,5-dimethyl-"
abies balsamea needle extract,85085-34-3,perfuming,abies balsamea needle extract
guaiacum sanctum gum oil,91723-40-9,perfuming,guaiacum sanctum gum oil
lavandula hybrida abrial herb oil,93455-96-0,perfuming,lavandula hybrida abrial herb oil
trimethylbicyclo-2-heptyloxyethanol,7070-15-7,perfuming,"ethanol, 2-(((1r,2r,4r)-1,7,7-trimethylbicyclo(2.2.1)hept-2-yl)oxy)-, rel-"
ascorbyl linoleate,121869-32-7,antioxidant; bleaching; skin-conditioning; skin-protecting,ascorbyl linoleate
foeniculum vulgare capillaceum fruit extract,92347-02-9,perfuming,foeniculum vulgare capillaceum fruit extract
egg shell membrane extract,,preservative; skin-protecting,egg shell membrane extract
6‚10-dimethylundeca-1‚5,28897-20-3,perfuming,cid 120085
nonanediyl diacetate,39864-15-8,perfuming,"nonanediol, diacetate"
sodium ethylparaben,35285-68-8,preservative,cid 21902584
aureobasidium pullulans/olive leaf extract ferment filtrate,,antioxidant; astringent; humectant,aureobasidium pullulans/olive leaf extract ferment filtrate
ethyl formate,109-94-4,perfuming,ethyl formate
2-undecenenitrile,22629-48-7,perfuming,2-undecenenitrile
grass-hay herb oil,100209-32-3,perfuming,grass-hay herb oil
methylcyclohexanedione,3008-43-3,perfuming,"1-methyl-2,3-cyclohexadione"
panax notoginseng leaf/stem extract,94279-78-4,astringent,panax notoginseng leaf/stem extract
cis-isoocimenol,18675-16-6,perfuming,"2,6-dimethyl-3,5-octadien-2-ol"
sorbitan theobroma grandiflorum seedate,,bleaching; emollient; skin-conditioning,sorbitan theobroma grandiflorum seedate
rosa davurica callus extract,,antimicrobial; hair-conditioning; humectant; skin-protecting,rosa davurica callus extract
citral,5392-40-5,flavouring; perfuming,"3,7-dimethylocta-2,6-dienal"
resorcinol dihexyl ether,,bleaching,resorcinol dihexyl ether
isodecyl acetate,69103-24-8,perfuming,"acetic acid, isodecyl ester"
isopropyl-methyl-bicyclooctene-2-carbaldehyde,68259-31-4,perfuming,5(or 6)-methyl-7(or 8)-(1-methylethyl)bicyclo(2.2.2)oct-5-ene-2-carbaldehyde
l-carvyl propionate,97-45-0,perfuming,"carvyl propionate, (+-)-"
ethyl tricyclodecanecarboxylate,2094-73-7,perfuming,ethyl 1-adamantanecarboxylate
citral-acid isomerized,90480-35-6,perfuming,citral-acid isomerized
methyl acetate,79-20-9,perfuming; solvent,methyl acetate
non-2-enenitrile,29127-83-1,perfuming,non-2-enenitrile
3-methylpentyl angelate,53082-58-9,perfuming,"2-butenoic acid, 2-methyl-, 3-methylpentyl ester, (2z)-"
chondria crassicaulis extract,,antimicrobial; antioxidant,chondria crassicaulis extract
ferrous ammonium sulfate,10045-89-3,antimicrobial,ferrous ammonium sulfate
r-leucosporidium polypeptide-1,,antidandruff; antimicrobial; hair-conditioning; skin-protecting,r-leucosporidium polypeptide-1
methyl 3-oxo-2-pentenylcyclopentaneacetate,1211-29-6,perfuming,methyl 3-oxo-2-(pent-2-enyl)cyclopentaneacetate
pistacia lentiscus gum water,61789-92-2,antidandruff; antimicrobial; perfuming,haloperidol
methyl phenylmethyleneaminobenzoate,37837-44-8 / 39129-16-3,perfuming,methyl phenylmethyleneaminobenzoate
betula lenta bark oil,85251-66-7,masking; perfuming,betula lenta bark oil
malpighia punicifolia fruit,,astringent; skin-protecting; tonic,malpighia punicifolia fruit
butyl anthranilate,7756-96-9,perfuming,butyl anthranilate
osmunda regalis leaf extract,,antimicrobial; antioxidant,osmunda regalis leaf extract
hibbertia scandens leaf extract,1415551-91-5,antioxidant; bleaching; hair-conditioning; humectant; skin-conditioning; skin-protecting,hibbertia scandens leaf extract
cinnamomum camphora wood oil,92201-50-8 / 92704-03-5,perfuming,cinnamomum camphora wood oil
citrus limon leaf extract,84929-31-7,perfuming,angelica polyclada tincture
hydrolyzed theobroma grandiflorum fruit,394236-97-6,astringent; skin-protecting,hydrolyzed theobroma grandiflorum fruit
rhodinyl propionate,105-89-5,perfuming,"3,7-dimethyloct-7-enyl propanoate"
butyl tiglate,7785-66-2,perfuming,butyl angelate
p-cresyl propionate,7495-84-3,perfuming,p-tolyl propionate
lagerstroemia indica phytoplacenta extract,,antimicrobial; antioxidant; skin-conditioning; skin-protecting,lagerstroemia indica phytoplacenta extract
7-methyl-3-methylene-1‚6-octadiene hydrocarbons,90480-40-3,perfuming,7-methyl-3-methylene-1‚6-octadiene hydrocarbons
sorbityl dimonium anisate,2097714-04-8,antimicrobial; buffering; flavouring,sorbityl dimonium anisate
cannabis sativa flower/leaf/stem extract,,antioxidant; antiseborrhoeic; skin-conditioning; skin-protecting,cannabis sativa flower/leaf/stem extract
hexamidine,3811-75-4,preservative,hexamidine
p-anisyl acetate,104-21-2,perfuming,4-methoxybenzyl acetate
methyl isovalerate,556-24-1,perfuming,methyl isovalerate
zinc undecylenate,30773-48-9 / 557-08-4,anticaking; antimicrobial; opacifying,zinc undecylenate
jasminum sambac flower water,91770-14-8,perfuming; skin-conditioning,jasminum sambac flower water
clotrimazole,23593-75-1,antidandruff; antimicrobial,clotrimazole
convallaria majalis callus culture extract,,antimicrobial; skin-conditioning; skin-protecting,convallaria majalis callus culture extract
artemisia princeps leaf/triticum vulgare bran extract,223747-95-3,antimicrobial; antioxidant; antiplaque; antiseborrhoeic; skin-protecting,artemisia princeps leaf/triticum vulgare bran extract
hydrolyzed codonopsis pilosula root extract,,bleaching; humectant,hydrolyzed codonopsis pilosula root extract
diethylbenzene,25340-17-4,perfuming,"1,4-diethylbenzene"
2-carenyl methyl ketone,3608-11-5,perfuming,"ethanone, 1-(4,7,7-trimethylbicyclo[4.1.0]hept-4-en-3-yl)-"
isobornyl isovalerate,7779-73-9,perfuming,"1,7,7-trimethylbicyclo(2.2.1)heptan-2-yl 3-methylbutanoate"
2‚6-dimethyl-4-heptanone,108-83-8,perfuming,3-chloropropionic acid
mentha piperita herb extract,84082-70-2,perfuming,mentha piperita herb extract
dibutyl sulphide,544-40-1,perfuming,dibutyl sulfide
isobergamate,68683-20-5,perfuming,"2-furanmethanaminium, n,n-dimethyl-n-2-propen-1-yl-, chloride (1:1)"
coumaroyl tripeptide-1,,antioxidant; bleaching; skin-protecting,coumaroyl tripeptide-1
hexamethylindan-5-ethanol,1217-08-9,perfuming,"1h-indene-5-ethanol, 2,3-dihydro-beta,1,1,2,3,3-hexamethyl-"
cedrenyl acetate,1405-92-1,perfuming,cedrenyl acetate
2-tert-butylcyclohexanone,1728-46-7,perfuming,2-tert-butylcyclohexanone
amylcinnamyl acetate,7493-78-9,perfuming,"2-naphthalenesulfonic acid, 5-(or 8)-amino-8(or 5)-(2-phenyldiazenyl)-"
salvia officinalis flower/leaf/stem water,84082-79-1,masking; perfuming,salvia officinalis flower/leaf/stem water
dipropyl ketone,123-19-3,perfuming,4-heptanone
cyclopentadecenone,35720-57-1,perfuming,cyclopentadec-4-en-1-one
methyl p-anisate,121-98-2,perfuming,methyl anisate
cis-3-hexenyl hexanoate,31501-11-8,perfuming,hex-3-en-1-yl hexanoate
isoamyl crotonate,25415-77-4,perfuming,"2-butenoic acid, 3-methylbutyl ester"
tagetes patula flower oil,91722-29-1 / 8016-84-0,perfuming,tagetes patula flower oil
ethyl heptanoate,106-30-9,perfuming,ethyl heptanoate
betula pendula twig oil,85940-29-0,perfuming,betula pendula twig oil
trimethyltricyclododecanyl acetate,57082-24-3,perfuming,vetynal extra
hexahydro-tetramethyl-methanonaphthalene-8-methyl acetate,61826-56-0,perfuming,"2h-2,4a-methanonaphthalene-8-methanol, 1,3,4,5,6,7-hexahydro-1,1,5,5-tetramethyl-, 8-acetate, (2s,4ar)-"
p-ethylphenetole,1585-06-4,perfuming,p-ethylphenetole
cetyl ricinoleate benzoate,199277-63-9,antimicrobial; skin-conditioning,cetyl ricinoleate benzoate
saccharomyces/(lavender/rosemary/sage/thyme) seed extract ferment filtrate,,antimicrobial; antioxidant; hair-conditioning; skin-protecting,saccharomyces/(lavender/rosemary/sage/thyme) seed extract ferment filtrate
undecenal/cyano-acetatic acid,124358-45-8,perfuming,undecenal/cyano-acetatic acid
thymus mastichina herb extract,84837-14-9,perfuming,thymus mastichina herb extract
carum carvi fruit extract,85940-31-4,perfuming,carum carvi fruit extract
bornyl isovalerate,59672-05-8,perfuming,"1,7,7-trimethylbicyclo(2.2.1)heptan-2-yl 3-methylbutanoate"
dihydro-alpha-methyl alpha-ionone,68480-17-1,perfuming,"1-(2,6,6-trimethyl-2-cyclohexen-1-yl)-3-pentanone"
aluminum dichlorohydrate,10284-64-7,antiperspirant; astringent; deodorant,aluminium chloride dihydroxide
cyclamen aldehyde / methyl anthranilate schiff base,91-50-9,perfuming,"benzoic acid, 2-[[2-methyl-3-[4-(1-methylethyl)phenyl]propylidene]amino]-, methyl ester"
7-hydroxy-3‚7-dimethyl-octanal/indole,68908-82-7,perfuming,"octanal, 7-hydroxy-3,7-dimethyl-, reaction products with 1h-indole"
juniperus communis wood oil,84603-69-0,perfuming,juniperus communis wood oil
hydrolyzed cinnamomum cassia bark extract,,antimicrobial; antioxidant; bleaching,hydrolyzed cinnamomum cassia bark extract
caprylyl butyrate,110-39-4,masking; perfuming; skin-conditioning,octyl butyrate
lavandula intermedia flower/leaf/stem oil,92623-76-2,perfuming,lavandula intermedia flower/leaf/stem oil
pinus nigra twig leaf extract,90082-74-9,perfuming,pinus nigra twig leaf extract
rosmarinus officinalis phytoplacenta extract,,antimicrobial; antioxidant; humectant; skin-protecting,rosmarinus officinalis phytoplacenta extract
peg-15 dedm hydantoin stearate,,antimicrobial,peg-15 dedm hydantoin stearate
tetramethylhexadec-2-enyl acetate,10236-16-5,perfuming,cid 112093
cera alba,8012-89-3,emollient; emulsifying; film-forming; perfuming,"5-o-benzoyl-1,2-di-o-acetyl-3-deoxy-d-ribofuranose"
trans-dihydropseudoionyl acetate,3239-35-8,perfuming,"6,10-dimethylundeca-5,9-dien-2-yl acetate"
tetradecane,629-59-4,perfuming,tetradecane
hexyl hexanoate,6378-65-0,perfuming,hexyl hexanoate
octahydro-tetramethylcyclopropanaphthalenone,25966-79-4,perfuming,"4,7,11,11-tetramethyltricyclo[5,4,0,0 1,3]undecan-5-one"
isononyl propionate,65155-45-5,perfuming,isononyl propionate
d-trimethyl-3-cyclohexene-1-methyl acetate,7785-54-8,perfuming,"alpha-terpinyl acetate, (-)-"
cinnamaldehyde dimethyl acetal,4364-06-1,perfuming,"(3,3-dimethoxypropen-1-yl)benzene"
salvia officinalis lavandulifolia herb extract,97952-71-1,perfuming,salvia officinalis lavandulifolia herb extract
methoxytrimethylheptanol,41890-92-0,masking; perfuming,"3,7-dimethyl-7-methoxyoctan-2-ol"
curcuma zedoaria root oil,84961-49-9,perfuming; skin-conditioning,curcuma zedoaria root oil
salvia officinalis lavandulifolia herb oil,97952-71-1,perfuming,salvia officinalis lavandulifolia herb oil
saururus chinensis leaf/root extract,,antimicrobial; antioxidant; astringent; emollient; skin-conditioning; skin-protecting,saururus chinensis leaf/root extract
trimethoxybenzyl acetylsinapate,1469299-98-6,bleaching,trimethoxybenzyl acetylsinapate
glabridin,59870-68-7,bleaching,glabridin
lavandula spica herb extract,97722-12-8,perfuming,lavandula spica herb extract
potentilla chinensis phytoplacenta extract,,antimicrobial; antioxidant; skin-conditioning,potentilla chinensis phytoplacenta extract
hexanal diethyl acetal,3658-93-3,perfuming,"hexane, 1,1-diethoxy-"
pimenta racemosa leaf/fruit oil,85085-61-6,perfuming,pimenta racemosa leaf/fruit oil
tetramethrin,7696-12-0,antimicrobial,"tetramethrin, d-trans-"
nymphaea gigantea flower extract,,antioxidant; hair-conditioning; masking; perfuming; skin-protecting,nymphaea gigantea flower extract
silver magnesium aluminum phosphate,,antimicrobial; bulking,silver magnesium aluminum phosphate
lauralkonium chloride,139-07-1,antistatic; preservative,benzododecinium chloride
pinus palustris oil,8002-09-3,masking; perfuming,"(1r,3z)-3-(2,2-dimethylpropylidene)cyclohexan-1-ol;(1r,3e)-3-(2,2-dimethylpropylidene)cyclohexan-1-ol;(1s,3e)-3-(2,2-dimethylpropylidene)cyclohexan-1-ol"
iritone,67801-38-1,perfuming,"4-(2,4,6-trimethylcyclohex-3-en-1-yl)but-3-en-2-one"
wrightia tinctoria leaf oil,,antidandruff; antimicrobial; hair-conditioning,wrightia tinctoria leaf oil
methyl methylpentylidene-aminobenzoate,50607-64-2,perfuming,"3,4,8,10-tetrahydroxy-2-(hydroxymethyl)-9-methoxy-3,4,4a,10b-tetrahydro-2h-pyrano(3,2-c)isochromen-6-one"
citrus aurantifolia flower extract,90063-52-8,astringent; skin-conditioning,citrus aurantifolia flower extract
morus bombycis leaf/root extract,,astringent; skin-conditioning,morus bombycis leaf/root extract
anhydroxylityl lactate,,antimicrobial; preservative; solvent; surfactant,anhydroxylityl lactate
butylparaben,94-26-8,masking; preservative,butylparaben
lindera erythrocarpa phytoplacenta extract,,antimicrobial; antioxidant; hair-conditioning; humectant; skin-protecting,lindera erythrocarpa phytoplacenta extract
laurtrimonium bromide,1119-94-4,antistatic; hair-conditioning; preservative,dodecyltrimethylammonium chloride
trimethyl-2-cyclohexene-1‚4-dione,1125-21-9,perfuming,ketoisophorone
decanal dimethyl acetal,7779-41-1,perfuming,decanal dimethyl acetal
liquidambar styraciflua oil,8046-19-3 / 94891-28-8,masking; perfuming,liquidambar styraciflua oil
amyl ethyl ketone,106-68-3,perfuming,"3,5-dibromophenol"
polianthes tuberosa flower oil,94334-35-7,perfuming,polianthes tuberosa flower oil
leontopodium alpinum callus powder,,antimicrobial; antioxidant; hair-conditioning; humectant; skin-conditioning; skin-protecting,leontopodium alpinum callus powder
polygonum fagopyrum callus culture extract,89958-09-8,absorbent; antimicrobial; antioxidant; humectant; skin-conditioning,polygonum fagopyrum callus culture extract
cymbopogon martini herb oil,84649-81-0,perfuming,cymbopogon martini herb oil
3-isopentenyl isovalerate,54410-94-5,perfuming,"butanoic acid, 3-methyl-, 3-methyl-3-buten-1-yl ester"
verbena officinalis flower/leaf water,84961-67-1,flavouring; masking; perfuming; skin-conditioning,"n-[n-[2-benzyl-3-phenyl-2-(1,3,6-triphenylcarbazol-9-yl)pent-3-enyl]-c-phenylcarbonimidoyl]-n'-methylbenzenecarboximidamide"
heptyl acetate,112-06-1,perfuming,heptyl acetate
backhousia citriodora leaf oil,84775-80-4,masking; perfuming,backhousia citriodora leaf oil
cyclohexanediol bis-methylcrotonate,,bleaching,cyclohexanediol bis-methylcrotonate
hexadecane,544-76-3,perfuming,hexadecane
aluminum zirconium pentachlorohydrate,98106-54-8,antiperspirant; astringent; deodorant,octaaluminium zirconium pentachloride tricosahydroxide
ethyl hydroxypyrone,4940-11-8,masking; perfuming,ethyl maltol
2-heptanol,543-49-7,perfuming,2-heptanol
decyl propionate,5454-19-3,perfuming,8-bromo-adenosine-5'-monophosphate
raponticin glucoside,,antioxidant; bleaching; skin-conditioning,raponticin glucoside
anethum graveolens herb oil,90028-03-8 / 8006-75-5,perfuming,anethum graveolens herb oil
sh-polypeptide-61,1637217-80-1,astringent; skin-conditioning; skin-protecting,sh-polypeptide-61
hexahydro-tetramethyl-methanoazulen-5-one,13794-73-5,perfuming,"1h-3a,7-methanoazulen-5(4h)-one, hexahydro-3,6,8,8-tetramethyl-"
styrax benzoin resin oil,84929-79-3 / 84696-18-4,perfuming,styrax benzoin resin oil
lavandula angustifolia flower/leaf/stem juice,90063-37-9 / 84776-65-8,flavouring; masking; oral-care; perfuming; skin-conditioning,lavandula angustifolia flower/leaf/stem juice
sd alcohol 31-a,,astringent; solvent; viscosity-controlling,sd alcohol 31-a
juniperus mexicana wood oil,91722-61-1,perfuming,juniperus mexicana wood oil
methyl hydroxyphenylbutylaminobenzoate,144761-91-1,perfuming,methyl 2-((1-hydroxy-3-phenylbutyl)amino)benzoate
cysteinyl tripeptide-35,,antioxidant; antiseborrhoeic; chelating; skin-protecting,cysteinyl tripeptide-35
trichloromethyl phenyl carbinyl acetate,90-17-5,perfuming,rosacetol
decyloxazolidinone,7693-82-5,antimicrobial; emollient; plasticiser; skin-conditioning; surfactant,decyloxazolidinone
ruscus aculeatus root extract,84012-38-4,astringent; refreshing; skin-conditioning; soothing; stabilising; tonic,ruscus aculeatus root extract
pinus lauricio leaf oil,,flavouring; masking; perfuming,pinus lauricio leaf oil
myrica gale leaf water,,astringent; humectant; masking; perfuming,myrica gale leaf water
citrus grandis seed oil,90045-43-5 / 8016-20-4,emollient; perfuming; skin-conditioning,citrus grandis seed oil
d-trimethyl-3-cyclopentene-1-acetaldehyde,4501-58-0,perfuming,"1-(2,2,3-trimethylcyclopent-3-en-1-yl)ethanone"
lauryl acetate,112-66-3,perfuming,dodecyl acetate
geranyl linalool,1113-21-9,perfuming,"3,7,11,15-tetramethyl-1,6,10,14-hexadecatetraen-3-ol"
eucalyptus cinerea leaf water,98143-66-9,astringent; deodorant; flavouring; masking,eucalyptus cinerea leaf water
rhus semialata leaf extract,,antifoaming; antimicrobial; astringent; emollient; hair-conditioning,rhus semialata leaf extract
citrus reticulata leaf oil,8008-31-9 / 8014-17-3,masking; perfuming; skin-conditioning,citrus reticulata leaf oil
cananga odorata leaf oil,83863-30-3 / 8006-81-3 / 68606-83-7,masking; perfuming,cananga odorata leaf oil
pogostemon cablin leaf/stem extract,84238-39-1,antidandruff; antimicrobial; antioxidant; astringent; skin-protecting,pogostemon cablin leaf/stem extract
aframomum angustifolium leaf oil,,antimicrobial; antioxidant; flavouring; masking; perfuming,aframomum angustifolium leaf oil
2-methylbutyric acid,116-53-0,perfuming,2-methylbutanoic acid
ethyl butyrate,105-54-4,perfuming,benzyl 4-hydroxybenzoate
ginkgo biloba meristem cell culture conditioned media,,antimicrobial; antioxidant; skin-conditioning,ginkgo biloba meristem cell culture conditioned media
geranyl isovalerate,109-20-6,perfuming,"butanoic acid, 3-methyl-, (2e)-3,7-dimethyl-2,6-octadienyl ester"
cryptococcus/filobasidiella/grape extract ferment lees,,antimicrobial,cryptococcus/filobasidiella/grape extract ferment lees
pseudozyma tsukubaensis/olive oil/glycerin/soy protein ferment,,antimicrobial; emollient; emulsifying,pseudozyma tsukubaensis/olive oil/glycerin/soy protein ferment
oxalis hedysaroides callus culture extract,,antimicrobial; antioxidant; hair-conditioning; humectant; skin-conditioning; skin-protecting,oxalis hedysaroides callus culture extract
1-nonen-3-ol,21964-44-3,perfuming,1-nonen-3-ol
ethyl isovalerate,108-64-5,perfuming,ethyl isovalerate
shorea robusta leaf extract,91770-61-5,astringent,shorea robusta leaf extract
cinnamyl alcohol,104-54-1,flavouring; perfuming,3-phenylprop-2-en-1-ol
vernaldehyde,66327-54-6,perfuming,1-ethyl-2-(1-phenylethyl)benzene
amylisoeugenol,10484-36-3,perfuming,"benzene, 2-methoxy-1-(pentyloxy)-4-(1-propenyl)-"
octene hydroformylated-distilled,68527-05-9,perfuming,octene hydroformylated-distilled
cotinus coggygria leaf extract,,antioxidant; astringent; humectant,cotinus coggygria leaf extract
pentapeptide-62,,antimicrobial; humectant; skin-conditioning; skin-protecting,pentapeptide-62
schinus molle fruit extract,94334-31-3,humectant; perfuming,schinus molle fruit extract
l-trimethyl-3-cyclohexene-1-methyl acetate,58206-95-4,perfuming,"alpha-terpinyl acetate, (-)-"
amylvinyl carbinol,3391-86-4,perfuming,1-octen-3-ol
sodium sulfite,7757-83-7,hair-waving-or-straightening; preservative,sodium sulfite
gamma-methylenedihydrocinnamyl acetate,7306-12-9,perfuming,3-phenyl-3-buten-1-yl acetate
lauryl diethylenediaminoglycine hcl,18205-85-1 / 36895-38-2,antimicrobial,lauryl diethylenediaminoglycine hcl
3-methyl-3-octanol,5340-36-3,perfuming,3-methyl-3-octanol
pelargonium roseum stem extract,90082-55-6,perfuming,pelargonium roseum stem extract
2-methoxy-4-methoxymethyl-phenol,5533-03-9,perfuming,2-methoxy-4-(methoxymethyl)phenol
propyl phenylacetate,4606-15-9,perfuming,3-(octadecanoyloxy)propanoic acid
bakuchiol,17015-60-0,antimicrobial,"4-(3,7-dimethyl-3-vinylocta-1,6-dien-1-yl)phenol"
propyl propionate,106-36-5,perfuming,propyl propionate
lanthanum chloride,10099-58-8,astringent,lanthanum chloride (lacl3)
bacillus/lactobacillus/monascus/rice bran extract/soybean extract ferment filtrate,,antimicrobial; antioxidant; depilatory,bacillus/lactobacillus/monascus/rice bran extract/soybean extract ferment filtrate
glycyrrhiza glabra root oil,84775-66-6,perfuming,"(2-bromo-4,5-diethoxyphenyl)acetonitrile"
hamamelis virginiana leaf water,84696-19-5,astringent; skin-conditioning,hamamelis virginiana leaf water
ribes nigrum fruit oil,68606-81-5,perfuming,ribes nigrum fruit oil
isobutyl angelate,7779-81-9,perfuming,2-methylpropyl 2-methylbut-2-enoate
glycerin,56-81-5,denaturant; hair-conditioning; humectant; oral-care; perfuming; skin-protecting; viscosity-controlling,glycerol
passiflora quadrangularis fruit juice,,astringent,passiflora quadrangularis fruit juice
acetaminosalol,118-57-0,antimicrobial; uv-absorber,acetaminosalol
o-methoxycinnamaldehyde,1504-74-1,perfuming,"2-propenal, 3-(2-methoxyphenyl)-"
dedm hydantoin,26850-24-8,antimicrobial,"1,3-bis(2-hydroxyethyl)-5,5-dimethyl-2,4-imidazolidinedione"
aluminum pca,59792-81-3,astringent; skin-conditioning,aluminum pca
t-butylphenyl imidazolylphenyl sulfonamide,,antioxidant; bleaching; skin-protecting,t-butylphenyl imidazolylphenyl sulfonamide
mentha cardiaca herb oil,91770-24-0,perfuming,mentha cardiaca herb oil
benzalkonium saccharinate,68989-01-5,antimicrobial; antistatic; deodorant; preservative; surfactant,myristalkonium saccharinate
1‚4-cyclohexanediol bis-ethylhexanoate,,bleaching,1‚4-cyclohexanediol bis-ethylhexanoate
rosa damascena callus culture conditioned media,,antimicrobial; antioxidant; antiseborrhoeic; hair-conditioning; skin-protecting,rosa damascena callus culture conditioned media
decahydro-hydroxy-vinyl-pentamethyl-1-naphthalenepropanol oxidized,70892-62-5,perfuming,1-(1-naphthyl)-1-propanol
silver carboxymethylalaninate,1632046-27-5,antiseborrhoeic,silver carboxymethylalaninate
phenylacetaldehyde dimethyl acetal,101-48-4,perfuming,phenyl acetaldehyde dimethyl acetal
myristica fragrans fruit oil,84082-68-8,perfuming,myristica fragrans fruit oil
eugenyl phenylacetate,10402-33-2,perfuming,eugenyl phenylacetate
lactobacillus/oryza sativa bran/saccharomyces/camellia sinensis leaf extract ferment,,antidandruff; antioxidant; bleaching; skin-conditioning,lactobacillus/oryza sativa bran/saccharomyces/camellia sinensis leaf extract ferment
pinacol,76-09-5,perfuming,pinacol
methoxytridecene,93981-59-0,perfuming,cid 3023166
commiphora schimperi gum extract,89997-88-6,perfuming,commiphora schimperi gum extract
fluorosalan,4776-06-1,antimicrobial,fluorophene
phenethyl isovalerate,140-26-1,perfuming,phenylethyl isovalerate
bursera bipinnata resin extract,,masking; perfuming,bursera bipinnata resin extract
2-methylbutanol,137-32-6,perfuming,2-methyl-1-butanol
carveol,99-48-9,perfuming,carveol
betula pubescens twig oil,91745-85-6,perfuming,betula pubescens twig oil
ethyl caprate,110-38-3,emollient; perfuming; skin-conditioning,ethyl caprate
2-furyl methyl ketone,1192-62-7,perfuming,2-acetylfuran
hydrolyzed beta maritima extract,,bleaching,hydrolyzed beta maritima extract
melilotus officinalis herb extract,84082-81-5,perfuming,melilotus officinalis herb extract
dimethylphenyl carbinol,617-94-7,perfuming,2-phenyl-2-propanol
cyclohexyl crotonate,31416-78-1,perfuming,"2-butenoic acid, cyclohexyl ester"
boletus edulis whole plant oil,84649-97-8,perfuming,boletus edulis whole plant oil
mentha suaveolens leaf extract,,astringent; skin-conditioning,mentha suaveolens leaf extract
dodecahydro-tetramethyl-epoxynaphthoxepin,57345-19-4,perfuming,"5h-3,5a-epoxynaphth[2,1-c]oxepin, dodecahydro-3,8,8,11a-tetramethyl-"
ficus carica fruit juice,90028-74-3,astringent,ficus carica fruit juice
perillic acid,23635-14-5,preservative,perillic acid
cistus ladaniferus leaf/stem water extract,,astringent,cistus ladaniferus leaf/stem water extract
brassica oleracea botrytis oil unsaponifiables,91771-39-0 / 223749-36-8,antiseborrhoeic; emollient; hair-conditioning; skin-conditioning,brassica oleracea botrytis oil unsaponifiables
rhinacanthus communis extract,,astringent,rhinacanthus communis extract
carpinus tschonoskii stem extract,,antioxidant; astringent; emollient; hair-conditioning,carpinus tschonoskii stem extract
galenia africana leaf/stem extract,,antidandruff; antimicrobial,galenia africana leaf/stem extract
didehydropinane,1330-16-1,perfuming,pinane
p-vinylphenol,2628-17-3,perfuming,4-vinylphenol
acetaldehyde ethyl cis-3-hexenyl acetal,28069-74-1,perfuming,1-(1-ethoxyethoxy)hex-3-ene
cymbopogon martini motia herb oil,91722-54-2,perfuming,cymbopogon martini motia herb oil
colloidal gold,7440-57-5,antimicrobial; skin-conditioning,gold
tetramethylcyclohexene-1-propanol,3293-47-8,perfuming,dihydro-beta-ionol
myristic acid,544-63-8,cleansing; emulsifying; perfuming,myristic acid
tetrahydrogeranial,5988-91-0,perfuming,"3,7-dimethyloctanal"
tussilago farfara flower extract,84625-50-3,astringent; emollient,tussilago farfara flower extract
bacillus/monascus/equisetum arvense leaf/soybean seed ferment filtrate,,antimicrobial; antioxidant; antiplaque; emollient; hair-conditioning; humectant; oral-care,bacillus/monascus/equisetum arvense leaf/soybean seed ferment filtrate
allyl cyclohexylpropionate,2705-87-5,perfuming,allyl cyclohexanepropionate
beta-pinen-3-ol,5947-36-4,perfuming,"(1s,5s)-6,6-dimethyl-2-methylidenebicyclo[3.1.1]heptan-3-ol"
cedrenone,30960-39-5,perfuming,estrone glucoside
(magnolia officinalis/phellodendron amurense) bark/camellia japonica leaf/zingiber officinale root/citrus paradisi seed water,,antimicrobial; antioxidant; antiseborrhoeic; skin-conditioning,(magnolia officinalis/phellodendron amurense) bark/camellia japonica leaf/zingiber officinale root/citrus paradisi seed water
9-decenal,39770-05-3,perfuming,9-decenal
2-methylbutyl butyrate,51115-64-1,perfuming,isoamyl butyrate
taxus (media/cuspidata/brevifolia/baccata/canadensis) meristem cell culture conditioned media,,antimicrobial; antioxidant; skin-conditioning,taxus (media/cuspidata/brevifolia/baccata/canadensis) meristem cell culture conditioned media
nasturtium officinale flower/leaf/stem extract,84775-70-2,perfuming; skin-conditioning,nasturtium officinale flower/leaf/stem extract
methylbenzyl acetate,93-92-5 / 29759-11-3,masking; perfuming,methylbenzyl acetate
phenethyl salicylate,87-22-9,perfuming,phenethyl salicylate
tetramethyldecenedione,13851-07-5,bleaching; chelating,"3,4-heptanedione"
hexahydro-tetramethyl-methanonaphthalene-8-methyl formate,61826-52-6,perfuming,"2h-2,4a-methanonaphthalene-8-methanol, 1,3,4,5,6,7-hexahydro-1,1,5,5-tetramethyl-, 8-formate, (2s,4ar)-"
erythrina variegata flower water,,humectant; masking; perfuming; skin-conditioning,erythrina variegata flower water
melaleuca leucadendron cajuputi leaf oil,85480-37-1,perfuming,melaleuca leucadendron cajuputi leaf oil
aluminum sulfate,10043-01-3,antiperspirant; astringent; deodorant,aluminum sulfate
citrus sinensis valencia peel oil expressed,97766-30-8,perfuming,citrus sinensis valencia peel oil expressed
tetrahydro-methyl-methylpropenyl-pyran,4610-11-1,perfuming,"rose oxide, cis-(+)-"
sodium caproyl/lauroyl lactylate,13557-74-9/13557-75-0,antidandruff; antimicrobial; cleansing; emulsifying; surfactant,sodium caproyl/lauroyl lactylate
tricaprylin,538-23-8,masking; perfuming; skin-conditioning,tricaprylin
eucalyptus parvula leaf water,,astringent; deodorant; flavouring,eucalyptus parvula leaf water
potassium sorbate,24634-61-5 / 590-00-1,preservative,potassium sorbate
tetrahydro-methyl-methylene-phenyl-pyran,30310-41-9,perfuming,"1,7-dioxa-4,10-diazacyclododecane"
3-ethyl-2‚5-dimethylpyrazine,13360-65-1,perfuming,"3-ethyl-2,5-dimethylpyrazine"
citrus paradisi peel extract,8016-20-4,perfuming; skin-conditioning,1-methyl-4-prop-1-en-2-ylcyclohexene
commiphora myrrha gum oil,84929-26-0,perfuming,commiphora myrrha gum oil
levisticum officinale leaf oil,84837-06-9,perfuming,levisticum officinale leaf oil
hexylresorcinol,136-77-6,antimicrobial,hexylresorcinol
trans-dimethylbicyclohept-2-ylidene-ethyl acetate,58437-69-7,perfuming,"2-(3,3-dimethylbicyclo[2.2.1]heptan-2-ylidene)ethyl acetate"
ethaneperoxoic acid/aluminum isoproxide/trimethyl-cyclododecatriene,111850-00-1,perfuming,ethaneperoxoic acid/aluminum isoproxide/trimethyl-cyclododecatriene
santalum album wood oil,84787-70-2,perfuming,"(1,1'-biphenyl)-4,4'-dicarboxylic acid"
cinnamomum camphora gum extract,92201-50-8 / 8022-91-1 / 8008-51-3,astringent; skin-conditioning,cinnamomum camphora gum extract
ethylene dodecanedioate,54982-83-1,masking; perfuming,ethylene dodecanedioate
trimethylbicyclo-3-heptylacrylonitrile,68804-00-2,perfuming,"3-(4,7,7-trimethylbicyclo[4.1.0]heptan-3-yl)prop-2-enenitrile"
methyl dimethylbicycloheptane-carboxylate,52557-97-8,perfuming,"bicyclo[2.2.1]heptane-2-carboxylic acid, 3,3-dimethyl-, methyl ester"
6-ethyl-3-methyloct-5-enol,26330-64-3,perfuming,"5-octen-1-ol, 6-ethyl-3-methyl-"
isoamyl allylglycolate,67634-00-8,masking; perfuming,allyl amyl glycolate
undecylenic acid,112-38-9,cleansing; emulsifying; preservative; surfactant,undecylenic acid
disodium tetramethylhexadecenyl succinoyl cysteine,,antimicrobial; antiseborrhoeic; reducing; skin-conditioning; skin-protecting,disodium tetramethylhexadecenyl succinoyl cysteine
hydrolyzed banana fruit,,astringent; skin-protecting,hydrolyzed banana fruit
chlorophene,120-32-1,antimicrobial; preservative,chlorophene
cupressus sempervirens leaf oil,84696-07-1,masking; perfuming; skin-conditioning,cupressus sempervirens leaf oil
kephalis,36306-87-3,perfuming,"4-(1-ethoxyvinyl)-3,3,5,5-tetramethylcyclohexanone"
phenethyl cinnamate,103-53-7,perfuming,cinnamic acid phenethyl ester
kluyveromyces/lactobacillus/nelumbo nucifera seed oil ferment filtrate,,antioxidant; bleaching; skin-conditioning; skin-protecting,kluyveromyces/lactobacillus/nelumbo nucifera seed oil ferment filtrate
benzalkonium cetyl phosphate,,antimicrobial; deodorant,benzalkonium cetyl phosphate
lauroyl sh-oligopeptide-76,,antimicrobial; antiseborrhoeic,lauroyl sh-oligopeptide-76
cymbopogon martini motia herb extract,91722-54-2,perfuming,cymbopogon martini motia herb extract
human anti-propionibacterium acnes monoclonal antibody,,antiseborrhoeic,human anti-propionibacterium acnes monoclonal antibody
resveratryl tris-ethylhexanoate,,antioxidant; bleaching; skin-conditioning,resveratryl tris-ethylhexanoate
dihydrocitronellylethyl ether,22810-10-2,perfuming,"citronellyl ethyl ether, (+-)-"
peg-5 dedm hydantoin,68130-12-1,antimicrobial,"2-(4-chlorophenyl)(1,2,4)triazolo(5,1-a)isoquinoline"
cyclododecyl formate,59052-82-3,perfuming,"2-propenoic acid, 2-methyl-, 1,1'-(1-(chloromethyl)-1,2-ethanediyl) ester"
tranexamoyl dipeptide-23,,bleaching,tranexamoyl dipeptide-23
hexenyl tiglate,84060-80-0,perfuming,hex-3-en-1-yl 2-methylbut-2-enoate
2‚4-dimethylbenzylacetate,62346-96-7,perfuming,"benzenemethanol, 2,4-dimethyl-, 1-acetate"
5-isopropyl-2-methylanisole,6379-73-3,perfuming,carvacryl methyl ether
hydrolyzed mulberry fruit,90064-11-2,astringent; skin-protecting,hydrolyzed mulberry fruit
2-methoxyphenol/2‚2-dimethyl-3-methylenebicyclo-heptane hydrogenated,70955-71-4,perfuming,isobornyl cyclohexanol
avena sativa leaf extract,84012-26-0,astringent,avena sativa leaf extract
phenyl mercuric bromide,1192-89-8,preservative,phenyl mercuric bromide
backhousia citriodora leaf extract,84775-80-4,astringent; skin-conditioning,backhousia citriodora leaf extract
dimethylcyclohexyl methyl ketone,25304-14-7,perfuming,"1-(3,3-dimethylcyclohexyl)ethanone"
geranium macrorrhizum herb extract,92347-05-2,perfuming,geranium macrorrhizum herb extract
7-ethylbicyclooxazolidine,7747-35-5,preservative,oxazolidine-e
2-heptylfuran,3777-71-7,perfuming,2-heptylfuran
isobutyl methylaminobenzoate,65505-24-0,perfuming,isobutyl n-methylanthranilate
ethyl stearate,111-61-5,emollient; perfuming,ethyl stearate
oenothera biennis flower extract,90028-66-3,astringent,water
camellia japonica phytoplacenta extract,,antimicrobial; hair-conditioning; humectant; skin-conditioning,camellia japonica phytoplacenta extract
p-menthanyl acetate,58985-18-5,perfuming,dihydroterpinyl acetate
cyclohexyl isovalerate,7774-44-9,perfuming,2-[[1-(3-acetylsulfanyl-2-methyl-propanoyl)pyrrolidine-2-carbonyl]amino]-3-phenyl-propanoic acid
myristica fragrans aril oil,84082-68-8,perfuming,myristica fragrans aril oil
ocimum basilicum herb extract,84775-71-3,perfuming,ocimum basilicum herb extract
ethyl trans-3‚7-dimethylocta-2‚6-dienoate,32659-21-5,perfuming,"ethyl 3,7-dimethylocta-2,6-dienoate"
pentamethyl-spirobicycloheptane-dioxane,121251-67-0,perfuming,spirambrene
calcium salicylate,824-35-1,preservative,calcium;2-hydroxybenzoate
damnacanthus major callus extract,,antimicrobial; antioxidant; humectant; skin-protecting,damnacanthus major callus extract
glyceryl rosinate,65997-13-9 / 8050-31-5,film-forming; perfuming,glyceryl rosinate
alpinia zerumbet seed extract,,antimicrobial; antioxidant,alpinia zerumbet seed extract
octyldodecanol,5333-42-6,emollient; masking; perfuming,2-octyldodecanol
m-tolyl phenylacetate,122-27-0,perfuming,3-tolyl phenylacetate
amylcyclopentenone,25564-22-1,perfuming,"2-cyclopenten-1-one, 2-pentyl-"
2‚4-diethylphenyl methyl ketone,52191-01-2,perfuming,"1-(2,4-diethylphenyl)ethan-1-one"
isopropyl-methylbicyclooctene-carbaldehyde,67890-79-3,perfuming,octyltriethoxysilane
eucalyptus dives leaf oil,90028-48-1,perfuming,eucalyptus dives leaf oil
ethyl 2-acetyloctanoate,29214-60-6,perfuming,ethyl 2-acetyloctanoate
undecanoic acid,112-37-8,antiseborrhoeic; cleansing; emulsifying; masking; surfactant,undecanoic acid
butyl formate,592-84-7,perfuming,butyl formate
thioctamidoethyl dimethylamine maleate,865661-00-3,antimicrobial; antioxidant; bleaching; skin-conditioning,(z)-but-2-enedioic acid;n-[2-(dimethylamino)ethyl]-5-(dithiolan-3-yl)pentanamide
thymus capitatus herb oil,90131-59-2,perfuming,thymus capitatus herb oil
geranyl isobutyrate,2345-26-8,perfuming,"propanoic acid, 2-methyl-, (2e)-3,7-dimethyl-2,6-octadienyl ester"
kluyveromyces/lactobacillus/phaseolus angularis seed oil ferment filtrate,,antioxidant; astringent; hair-conditioning; skin-conditioning,kluyveromyces/lactobacillus/phaseolus angularis seed oil ferment filtrate
epoxypinane,6931-54-0,perfuming,"(1r,2s,5s)-7,7-dimethylspiro(bicyclo(3.1.1)heptane-2,2'-oxirane)"
aluminum dichlorohydrex peg,242812-79-9,antiperspirant; astringent; deodorant,aluminum dichlorohydrex peg
5-melozol,13380-89-7,perfuming,"octahydro-4,7-methano-1h-inden-5-ol"
potassium methoxysalicylate,152312-71-5,bleaching,potassium methoxysalicylate
3‚6-dimethyl-3-cyclohexene-1-carbaldehyde,67801-65-4,perfuming,"3,6-dimethyl-3-cyclohexene carboxaldehyde"
sh-oligopeptide-87,,antiseborrhoeic; hair-conditioning,sh-oligopeptide-87
honey cocoates,,antiseborrhoeic; film-forming; skin-conditioning,honey cocoates
copaifera reticulata balsam oil acetylated,94266-43-0,perfuming,copaifera reticulata balsam oil acetylated
pyrus cydonia fruit juice,90106-03-9,astringent; tonic,pyrus cydonia fruit juice
hydrolyzed aspergillus/ginseng extract ferment,,antioxidant; bleaching,hydrolyzed aspergillus/ginseng extract ferment
citrus clementina peel oil,,flavouring; masking; perfuming; skin-conditioning,citrus clementina peel oil
quercus robur root extract,71011-28-4,astringent,quercus robur root extract
hexahydro-methanoinden-6-yl pivalate,68039-44-1,perfuming,"propanoic acid, 2,2-dimethyl-, 3a,4,5,6,7,7a-hexahydro-4,7-methano-1h-inden-6-yl ester"
hexamethylindanopyran,1222-05-5,masking; perfuming,galaxolide
2-methylpropanol,78-83-1,perfuming,isobutanol
aluminum zirconium trichlorohydrex gly,134375-99-8,antiperspirant; astringent; deodorant,aluminum
phenylmethylpentanal,55066-49-4,masking; perfuming,phenylmethylpentanal
cis-methoxy-dimethyloctadiene,2565-83-5,perfuming,"1-methoxy-3,7-dimethyl-2,6-octadiene"
trimethyl-2-decene-6‚8-dione,13851-06-4,perfuming,"8-decene-3,5-dione, 4,6,9-trimethyl-"
selenicereus monacanthus bud extract,,antioxidant; bleaching; skin-conditioning; skin-protecting,selenicereus monacanthus bud extract
calendula officinalis flower water,84776-23-8,flavouring; masking; perfuming,calendula officinalis flower water
impatiens capensis extract,,astringent; skin-conditioning,impatiens capensis extract
decyl vinyl ether,765-05-9,perfuming,"decane, 1-(ethenyloxy)-"
butyl phenethyl ether,5331-14-6,perfuming,maculosidine
(angelica keiskei/chrysanthemum zawadskii) leaf/stem/cinnamomum cassia bark/trichosantes kirilowii fruit/ulmus davidiana bark/root/(paeonia japonica/bupleurum falcatum/polygala tenuifolia root)/viscus album stem extract,,antidandruff; antioxidant; antiseborrhoeic; skin-protecting,(angelica keiskei/chrysanthemum zawadskii) leaf/stem/cinnamomum cassia bark/trichosantes kirilowii fruit/ulmus davidiana bark/root/(paeonia japonica/bupleurum falcatum/polygala tenuifolia root)/viscus album stem extract
hydrogenated polydecene,68037-01-4,emollient; hair-conditioning; masking; perfuming; skin-conditioning; solvent,1-decene
isobornyl formate,1200-67-5,perfuming,"[(2s)-1,7,7-trimethyl-2-bicyclo[2.2.1]heptanyl] formate"
zinc magnesium aspartate,,antimicrobial; buffering; skin-protecting,zinc magnesium aspartate
trimethyl-7-oxabicycloheptyl)-3-buten-2-one,23267-57-4,perfuming,"dibenzo(a,l)pentacene"
phenylethylidene-bis-indole,67801-37-0,perfuming,dimethyl glutamate
2-acetylhydroquinone,490-78-8,antioxidant; bleaching; skin-conditioning,2-acetylhydroquinone
sodium dehydroacetate,4418-26-2,preservative,sodium acetate
sodium methylparaben,5026-62-0,preservative,methanol
8-isopropyl-6-methylbicyclooctene-2-carbaldehyde,67845-30-1,perfuming,"bicyclo[2.2.2]oct-5-ene-2-carboxaldehyde, 6-methyl-8-(1-methylethyl)-"
benzoxonium chloride,19379-90-9,antimicrobial,benzoxonium chloride
cetrimonium bromide,57-09-0,antimicrobial; antistatic; emulsifying; preservative; surfactant,cetyltrimethylammonium
pinus pumilio branch/leaf oil,97676-05-6,masking; perfuming,pinus pumilio branch/leaf oil
trans,3016-19-1,perfuming,"2,6-dimethylocta-2,4,6-triene"
propyl butyrate,105-66-8,perfuming,propyl butyrate
aralia continentalis callus culture extract,,antimicrobial; astringent; skin-conditioning; skin-protecting,aralia continentalis callus culture extract
3-methyl-5-phenylpentanenitrile,54089-83-7,perfuming,3-methyl-5-phenylpentanenitrile
gaultheria procumbens leaf oil,90045-28-6,masking; perfuming,methyl salicylate
apium graveolens leaf oil,89997-35-3,perfuming,apium graveolens leaf oil
ethyl 2‚6,35044-57-6,perfuming,"pyridine, 4-amino-3-phenethylamino-"
dichloro-m-xylenol,133-53-9 / 30581-95-4,antimicrobial; deodorant,dichloro-m-xylenol
arnica montana flower oil,68990-11-4,perfuming,arnica montana flower oil
isobutyl-methoxypyrazine,24683-00-9,perfuming,2-isobutyl-3-methoxypyrazine
barosma betulina leaf extract,84649-93-4,perfuming; skin-conditioning,barosma betulina leaf extract
canarium luzonicum gum extract,,perfuming,canarium luzonicum gum extract
p-methoxypropiophenone,121-97-1,perfuming,4-propanoylanisole
butyloxepanone,5579-78-2,perfuming,epsilon-decalactone
vetiveryl acetate,117-98-6 / 62563-80-8,perfuming,vetiveryl acetate
boswellia carterii gum oil,89957-98-2,perfuming,boswellia carterii gum oil
propionic acid,79-09-4,preservative,propionic acid
tricaprin,621-71-6,masking; perfuming; skin-conditioning,penthienate
citronellyl butyrate,141-16-2,perfuming,citronellyl butyrate
ethyl cyclohexylacetate,5452-75-5,perfuming,ethyl phenylacetate
gamma-terpinene,99-85-4,perfuming,gamma-terpinene
limonene,138-86-3,deodorant; perfuming; solvent,1-methyl-4-prop-1-en-2-ylcyclohexene
methyl 3-oxo-pentenyl-cyclopentaneacetate,39924-52-2,perfuming,methyl 3-oxo-2-(pent-2-enyl)cyclopentaneacetate
taraxacum brachyceras callus extract,,antimicrobial; antioxidant; hair-conditioning; humectant; skin-conditioning; skin-protecting,taraxacum brachyceras callus extract
acanthopanax sessiliflorus callus extract,,antimicrobial; hair-conditioning; humectant; skin-conditioning,acanthopanax sessiliflorus callus extract
pheophorbide a amido peg-45 amido distearoyl glycerophosphoethane,,antimicrobial; antioxidant; antiseborrhoeic,pheophorbide a amido peg-45 amido distearoyl glycerophosphoethane
methyl propyl diketone,3848-24-6,perfuming,"2,3-hexanedione"
methylspirobicycloheptane-dioxane,87641-24-5,perfuming,"spiro(bicyclo(2.2.1)heptane-2,5'-(1,3)dioxane), 2'-methyl-"
pelargonium crispum leaf extract,90082-46-5,perfuming,pelargonium crispum leaf extract
artemisia annua callus extract,,antimicrobial; antioxidant; hair-conditioning; skin-conditioning; skin-protecting,artemisia annua callus extract
diethyldimethylcyclohexenone,68845-36-3,perfuming,"hexanal, 3,3,5-trimethyl-"
diethoxynonadiene,67674-36-6,masking; perfuming,"1,1-diethoxynona-2,6-diene"
tea-undecylenate,84471-25-0,cleansing; preservative; surfactant,"10-undecenoic acid, compd. with 2,2',2''-nitrilotris(ethanol) (1:1)"
nerolidyl acetate,56001-43-5,perfuming,cid 98043
cocoalkonium chloride,61789-71-7,antistatic; hair-conditioning; preservative,cocoalkonium chloride
cyperus scariosus root oil,91771-62-9,perfuming,cyperus scariosus root oil
octyl acetate/monomethyl acetate,68683-25-0,perfuming,"octanol, acetate, mono[(acetyloxy)methyl] deriv."
trans-rose ketone-5,39872-57-6,perfuming,"2-buten-1-one, 1-(2,4,4-trimethyl-2-cyclohexen-1-yl)-"
euphorbia cerifera cera,8006-44-8,astringent; emulsion-stabilising; film-forming; perfuming; skin-conditioning; viscosity-controlling,euphorbia cerifera cera
alpha-isomethyl ionone,127-51-5,perfuming; skin-conditioning,"3-buten-2-one, 3-methyl-4-(2,6,6-trimethyl-2-cyclohexen-1-yl)-"
origanum vulgare flower extract,84012-24-8,antiseborrhoeic; masking; oral-care; refreshing,origanum vulgare flower extract
salicylaldehyde,90-02-8,perfuming,salicylaldehyde
hydroxyphenyl glycinamide,7228-00-4,antiseborrhoeic; hair-conditioning,2-[(3-hydroxyphenyl)amino]acetamide
vanillosmopsis erythropappa flower/leaf oil,,masking; perfuming; skin-conditioning,vanillosmopsis erythropappa flower/leaf oil
cananga odorata flower extract,83863-30-3,perfuming; skin-conditioning,cananga odorata flower extract
3‚5-dimethyl-3-cyclohexene-1-methyl acetate,67634-25-7,perfuming,"sulfone, methyl pentafluorophenyl"
isoamyl valerate,2050-09-1,perfuming,isoamyl valerate
methyl-methylene-tricyclodecan-olacetate,122760-85-4,perfuming,4-methyl-8-methyleneadamantan-2-yl acetate
isopropylmethylhexenol,40853-53-0,perfuming,5-methyl-2-propan-2-ylhex-2-en-1-ol
4-tert-butylcyclohexyl acetate,32210-23-4,perfuming,4-tert-butylcyclohexyl acetate
octyl isobutyrate,109-15-9,perfuming,octyl isobutyrate
aluminum chlorohydrex peg,242812-76-6,antiperspirant; astringent; deodorant,aluminum chlorohydrex peg
phenethyl 2-methylbutyrate,24817-51-4,perfuming,phenylethyl 2-methylbutyrate
methylcyclohexenyl butanol,15760-18-6,masking; perfuming,methylcyclohexenyl butanol
ethyl 2-methylpent-4-enoate,53399-81-8,perfuming,ethyl 2-methyl-4-pentenoate
sodium sorbate,7757-81-5,preservative,sodium sorbate
aspergillus/gelatin/rice ferment filtrate,,antioxidant; bleaching; emollient; skin-conditioning,aspergillus/gelatin/rice ferment filtrate
cyclohexanol,108-93-0,perfuming,pimelic acid
hexyl octanoate,1117-55-1,perfuming,hexyl octanoate
cis-tetrahydro-6-pent-2-enyl-pyran-2-one,25524-95-2,perfuming,tetrahydro-6-(2-pentenyl)-2h-pyran-2-one
2‚6-dimethyl-4-heptanol,108-82-7,perfuming,"2,6-dimethyl-4-heptanol"
ethylhexanal,123-05-7,perfuming,2-ethylhexanal
boesenbergia pandurata rhizome extract,,antidandruff; antimicrobial; antioxidant; bleaching; deodorant; emollient; hair-conditioning; humectant; oral-care,boesenbergia pandurata rhizome extract
salicylic acid,69-72-7,antidandruff; hair-conditioning; keratolytic; masking; preservative; skin-conditioning,salicylic acid
trans-trimethylundecadienol,58001-88-0,perfuming,"(5e)-2,6,10-trimethyl-5,9-undecadien-1-ol"
sapindus emarginatus fruit/sucrose ferment filtrate,,perfuming,sapindus emarginatus fruit/sucrose ferment filtrate
hexyl acetate,142-92-7,flavouring; masking; perfuming,hexyl acetate
pinus palustris twig leaf extract,97435-14-8,perfuming,pinus palustris twig leaf extract
rosa indica flower extract,97281-55-5,antioxidant; flavouring; masking; perfuming,rosa indica flower extract
2-methyl-2-butenol,4675-87-0,perfuming,2-methylbut-2-en-1-ol
citronellyl formate,105-85-1,perfuming,citronellyl formate
artemisia pallens herb extract,91844-86-9,perfuming,artemisia pallens herb extract
galloyl nonapeptide-11,,antiseborrhoeic; skin-protecting,galloyl nonapeptide-11
euphrasia officinalis flower/leaf/stem water,84625-36-5,flavouring; masking; perfuming,euphrasia officinalis flower/leaf/stem water
adamantanylamino dihydroxypropiophenone,,antioxidant; bleaching; skin-protecting,adamantanylamino dihydroxypropiophenone
diethyl malate,7554-12-3,perfuming,diethyl malate
anthoxanthum odoratum extract,89957-44-8,perfuming,anthoxanthum odoratum extract
cymbopogon nardus herb extract/ acetone,94333-69-4,perfuming,cymbopogon nardus herb extract/ acetone
coriandrum sativum herb oil,84775-50-8,perfuming,coriandrum sativum herb oil
methoxychalcone,959-33-1,antioxidant; bleaching; skin-conditioning,ccris 2231
hexahydro-tetramethyl-epoxy-methanoazulene,67710-71-8,perfuming,"1h,4h-3a,8a-epoxy-4,7-methanoazulene, hexahydro-1,4,10,10-tetramethyl-"
carum petroselinum seed oil,84012-33-9 / 8000-68-8,masking; perfuming; skin-conditioning,carum petroselinum seed oil
monascus/dioscorea japonica root ferment extract filtrate,,antimicrobial; skin-conditioning,monascus/dioscorea japonica root ferment extract filtrate
methyl octadecatrienoate,301-00-8,perfuming,"9,12,15-octadecatrienoic acid, methyl ester, (9z,12z,15z)-"
hexahydro-methanoinden-6-ol,3385-61-3,perfuming,4-amino-4-oxo-2-[2-(4-phenylphenyl)propan-2-yloxycarbonylamino]butanoic acid
sambucus nigra fruit juice,84603-58-7,astringent; skin-conditioning,sambucus nigra fruit juice
hydroxycitronellol,107-74-4,perfuming,"3,7-dimethyloctane-1,2-diol"
ethyl vanillate,617-05-0,perfuming,ethyl vanillate
bicyclopentylyl butenoate,68039-73-6,perfuming,"2-butenoic acid, [1,1'-bicyclopentyl]-2-yl ester"
methoxycyclododecane,2986-54-1,perfuming,"cyclododecane, methoxy-"
methylparaben,99-76-3,preservative,methylparaben
zinc glycinate salicylate,,antidandruff; antimicrobial; skin-conditioning,zinc glycinate salicylate
saccharomyces/camellia sinensis leaf/ganoderma lucidum/panax ginseng root ferment filtrate,,antioxidant; astringent; bleaching; skin-protecting,saccharomyces/camellia sinensis leaf/ganoderma lucidum/panax ginseng root ferment filtrate
4-methyl-1-oxaspiro-4-undecanol,57094-40-3,perfuming,"1-oxaspiro(5.5)undecan-4-ol, 4-methyl-"
carvone,6485-40-1 / 99-49-0 / 2244-16-8,flavouring; masking; perfuming,carvone
cryptocarya crassinervia bark oil,,antimicrobial; masking,cryptocarya crassinervia bark oil
propionaldehyde,123-38-6,perfuming,propanal
sodium lauryl diethylenediaminoglycinate,,antimicrobial; cleansing; emulsifying; surfactant,sodium lauryl diethylenediaminoglycinate
ergosterol endoperoxide,2061-64-5,bleaching; humectant; skin-conditioning,"5,8-ergosta-6,22-dien-3-ol, 5,8-epidioxy-"
5-phenylhex-4-en-2-one,35151-11-2,perfuming,5-phenylhex-4-en-2-one
acetaldehyde dipropyl acetal,105-82-8,perfuming,"1,1-dipropoxyethane"
cis-dihydrocarvone,20777-49-5,perfuming,dihydrocarvyl acetate
citrus grandis peel powder,90045-43-5 / 8016-20-4,absorbent; perfuming,citrus grandis peel powder
geranyl formate,105-86-2,perfuming,"3,4-dichlorophenol"
eucalyptus radiata flower/leaf/stem extract,92201-64-4,perfuming; skin-conditioning,eucalyptus radiata flower/leaf/stem extract
sh-heptapeptide-18,,antioxidant; antiseborrhoeic; skin-protecting,sh-heptapeptide-18
methyl rosinate,68186-14-1,film-forming; perfuming; skin-conditioning,methyl abietate
benzylcarbamato cinnamidoisopentyl dipeptide-38 amide,,antiseborrhoeic; film-forming,benzylcarbamato cinnamidoisopentyl dipeptide-38 amide
dendrobium moniliforme leaf/stem extract,,bleaching,dendrobium moniliforme leaf/stem extract
bis-retinamido methylpentane,,antimicrobial; antioxidant; emollient; skin-conditioning; skin-protecting,bis-retinamido methylpentane
phaseolus vulgaris callus extract,,antimicrobial; antioxidant; hair-conditioning; skin-protecting,phaseolus vulgaris callus extract
rubus parvifolius fruit extract,,astringent; skin-conditioning,rubus parvifolius fruit extract
hydrogenated palmtrimonium chloride,,antistatic; hair-conditioning; preservative,hydrogenated palmtrimonium chloride
lavandula intermedia flower/leaf/stem water,922623-76-2,masking; perfuming,lavandula intermedia flower/leaf/stem water
sodium propylparaben,35285-69-9,preservative,cid 22635302
caprylyloxyphenylamino dimethyltetrahydro benzothiazine carboxylic acid,1629023-01-3,antioxidant; preservative; skin-protecting,caprylyloxyphenylamino dimethyltetrahydro benzothiazine carboxylic acid
nonane,111-84-2,perfuming,nonane
citrus grandis fruit water,90045-43-5 / 8016-20-4,masking; perfuming; skin-conditioning,citrus grandis fruit water
magnolia obovata fruit extract,,bleaching,magnolia obovata fruit extract
rhodinyl isovalerate,7778-96-3,perfuming,"3,7-dimethyloct-7-en-1-yl 3-methylbutanoate"
sorbic acid,110-44-1,preservative,"2,4-hexadienoic acid"
p-cresyl isovalerate,55066-56-3,perfuming,p-cresyl isovalerate
dihydroanethole,104-45-0,perfuming,4-propylanisole
artemisia pallens flower oil,91844-86-9 / 8016-03-3,masking; perfuming,artemisia pallens flower oil
hydrolyzed chitosan ferulyl linoleate,,antimicrobial; antioxidant; antiseborrhoeic; emulsion-stabilising; skin-conditioning,hydrolyzed chitosan ferulyl linoleate
methyl 3-nonenoate,13481-87-3,perfuming,methyl 3-nonenoate
cognac oil green,8016-21-5,perfuming,"9,12-octadecadienoic acid"
juniperus mexicana wood extract epoxidized,99811-75-3,perfuming,juniperus mexicana wood extract epoxidized
octahydro-pentamethyl-indene,33704-60-8,perfuming,"1h-indene, octahydro-1,1,2,3,3-pentamethyl-"
cymbopogon martini sofia herb extract,92704-07-9,perfuming,cymbopogon martini sofia herb extract
phenethyl 2-ethylbutyrate,6315-04-4,perfuming,phenethyl 2-ethylbutanoate
2‚3-dimethyl-4-(2‚6,71850-78-7,perfuming,"2,3-dimethyl-4-(2,6,6-trimethyl-1-cyclohexenyl)-2-butenal"
myrtus communis stem extraxt,84082-67-7,perfuming,myrtus communis stem extraxt
tris(n-hydroxypropyl) hexahydrotriazine,25254-50-6,antimicrobial,n-(aminocarbonyl)-l-cysteine
thymus vulgaris flower/leaf/stem water,84929-51-1,masking; perfuming,thymus vulgaris flower/leaf/stem water
zinc isomerized linoleate hydroxide,,hair-conditioning; masking; perfuming; skin-conditioning; skin-protecting; uv-absorber,zinc isomerized linoleate hydroxide
docosahexenoic/docosapentenoic/oleic/palmitic triglyceride,,bleaching; skin-conditioning; skin-protecting,docosahexenoic/docosapentenoic/oleic/palmitic triglyceride
2‚5-dimethylpyrazine,123-32-0,perfuming,"2,5-dimethylpiperazine"
rosmarinus officinalis flower oil,84604-14-8,perfuming,rosmarinus officinalis flower oil
cistus ladaniferus leaf extract,89997-74-0,perfuming,cistus ladaniferus leaf extract
2-hexylidenecyclopentanone,17373-89-6,perfuming,2-hexylidenecyclopentan-1-one
cinnamyl isobutyrate,103-59-3,perfuming,cinnamyl 2-methylpropanoate
ascorbyl lactoside,,antioxidant; bleaching,ascorbyl lactoside
benzyl isoamyl ether,122-73-6,perfuming,isoamyl benzyl ether
myroxylon balsamum pereirae balsam extract,8007-00-9,perfuming,ipilimumab (anti-ctla-4)
acetylisopropyltetramethylindane,68140-48-7,perfuming,3-methyl-dl-aspartic acid
methyl methylvalerate,2412-80-8,perfuming,methyl 4-methylvalerate
myristyl theobroma grandiflorum seedate,,bleaching; emollient; skin-conditioning,myristyl theobroma grandiflorum seedate
petroselinum crispum leaf oil,84012-33-9,masking; perfuming,petroselinum crispum leaf oil
artemisia capillaris flower/leaf/stem water,223747-93-1,flavouring; masking; perfuming; skin-conditioning,artemisia capillaris flower/leaf/stem water
3-methylpentan-1-ol,589-35-5,perfuming,3-methyl-1-pentanol
trisodium ascorbyl hexyldecanoate phosphate,635681-25-3,antioxidant; antiseborrhoeic; bleaching; humectant; surfactant,trisodium ascorbyl hexyldecanoate phosphate
octanal ethyleneglycol cyclic acetal,4359-57-3,perfuming,"phenol, 4-(1-methylethyl)-2,6-dinitro-"
aeropyrum/soybean ferment filtrate,,antiseborrhoeic; emollient; skin-conditioning; skin-protecting,aeropyrum/soybean ferment filtrate
violacein,548-54-9,antimicrobial; antioxidant; cosmetic-colorant,violacein
5‚5,3407-42-9,perfuming,isobornyl cyclohexanol
hexahydro-methanoindenyl propionate,68912-13-0,perfuming,tricyclodecenyl propionate
ethyl tiglate,55514-48-2 / 5837-78-5,perfuming,ethyl tiglate
ethyl anthranilate,87-25-2,perfuming,2-aminophenol
impatiens balsamina flower/leaf/stem extract,90045-84-4,astringent; masking,impatiens balsamina flower/leaf/stem extract
2‚4-hexadienol,111-28-4,perfuming,"2,4-hexadien-1-ol"
litsea cubeba fruit extract hydrogenated,92457-16-4,perfuming,litsea cubeba fruit extract hydrogenated
aleurites moluccanus extract,,astringent,aleurites moluccanus extract
triacetin,102-76-1,antimicrobial; film-forming; masking; plasticiser; solvent,triacetin
melozol formate,68039-78-1,perfuming,"4,7-methano-1h-indenemethanol, octahydro-, formate"
isoamyl salicylate,87-20-7,perfuming,isoamyl salicylate
decahydro-trimethyl-beta-naphthyl acetate,24238-95-7,perfuming,"2-naphthalenol, decahydro-5,5,8a-trimethyl-, 2-acetate"
rosa damascena flower water extract,,antioxidant; astringent,rosa damascena flower water extract
m-tert-butylphenyl isobutyraldehyde,62518-65-4,perfuming,3-(3-tert-butylphenyl)-2-methylpropanal
c10 alkyl acetate,68478-36-4,perfuming,(4-methyl-3-propylhexyl) acetate
sodium/aluminum/iron/sulfate/oxalate/hydroxide,,antimicrobial; chelating; deodorant; humectant; opacifying,sodium/aluminum/iron/sulfate/oxalate/hydroxide
hamamelis virginiana bark/twig extract,84696-19-5,astringent; skin-conditioning,hamamelis virginiana bark/twig extract
cedryl acetate,77-54-3,perfuming,"[(2r,5s)-2,6,6,8-tetramethyl-8-tricyclo[5.3.1.01,5]undecanyl] acetate"
methyl nonyl ketone,112-12-9,perfuming,2-undecanone
5-nonen-2-one,27039-84-5,perfuming,5-nonen-2-one
methyl tiglate,6622-76-0,perfuming,methyl 2-methylbut-2-enoate
jasminum officinale flower/leaf extract,90045-94-6,masking; moisturising; perfuming; skin-conditioning; soothing,jasminum officinale flower/leaf extract
myristyl carpotroche brasiliensis seedate,,bleaching; emollient,myristyl carpotroche brasiliensis seedate
paris verticillata leaf extract,,antimicrobial,paris verticillata leaf extract
thymus mastichina herb oil,84837-14-9,perfuming,thymus mastichina herb oil
potassium alum,10043-67-1 / 7784-24-9,astringent,potassium alum
10-undecenyl acetate,112-19-6,perfuming,10-undecen-1-yl acetate
oligopeptide-100 amide,,antimicrobial; antioxidant; antiseborrhoeic; skin-protecting,oligopeptide-100 amide
butyrophenone,495-40-9,perfuming,butyrophenone
thuja plicata stem oil,94334-32-4,perfuming,thuja plicata stem oil
ethyl laevulinate,539-88-8,perfuming,ethyl levulinate
tiglic acid,80-59-1,perfuming,"2-butenoic acid, 2-methyl-"
hydroxycitronellal methyl anthranilate,89-43-0,perfuming,aurantiol
ciclopirox olamine,41621-49-2,antidandruff; antimicrobial,ciclopirox olamine
9-decenyl propionate,68480-06-8,perfuming,"1h-imidazolium, 1-[2-[(2-cyanoethyl)(1-oxododecyl)amino]ethyl]-4,5-dihydro-1-methyl-2-undecyl-, methyl sulfate (1:1)"
2-ethylpentyl-1‚3-dioxolane,4359-47-1,perfuming,"1,3-dioxolane, 2-(1-ethylpentyl)-"
cetalkonium chloride,122-18-9,antimicrobial; antistatic; preservative,benzylhexadecyldimethylammonium chloride
isopropyl-1-oxaspirodecanone,4625-90-5,perfuming,"1-oxaspiro(4.5)decan-2-one, 8-(1-methylethyl)-, trans-"
ethyl 2-methoxybenzyl ether,64988-06-3,perfuming,2-methoxybenzyl ethyl ether
canarium luzonicum gum oil,,perfuming,canarium luzonicum gum oil
salvia sclarea flower/leaf/stem water,84775-83-7,masking; perfuming,salvia sclarea flower/leaf/stem water
ethyl oleate,111-62-6,emollient; perfuming,ethyl octadec-9-enoate
saccharomyces/lilium candidum callus extract ferment extract filtrate,,antimicrobial; antioxidant; humectant; skin-conditioning; skin-protecting,saccharomyces/lilium candidum callus extract ferment extract filtrate
6-methoxy-2‚6-dimethylheptanal,62439-41-2,perfuming,"(+-)-6-methoxy-2,6-dimethylheptanal"
isoamyl isobutyrate,2050-01-3,perfuming,isoamyl isobutyrate
pichia/r-leucosporidium polypeptide-1 conditioned media,,antimicrobial; antioxidant; antiseborrhoeic; hair-conditioning; skin-protecting,pichia/r-leucosporidium polypeptide-1 conditioned media
2-isopentenyl phenethyl ether,50638-95-4,perfuming,"benzene, [2-[(3-methyl-2-buten-1-yl)oxy]ethyl]-"
1-hexen-3-ol,4798-44-1,perfuming,1-hexen-3-ol
copaifera species resin extracts,9000-12-8,perfuming,copaifera species resin extracts
2-phenylpropyltetrahydrofuran,3208-40-0,perfuming,2-(3-phenylpropyl)tetrahydrofuran
ethyl methylphenylglycidate,77-83-8,perfuming; viscosity-controlling,ethyl 3-methyl-3-phenylglycidate
aluminum dichlorohydrex pg,245090-53-3,antiperspirant; astringent; deodorant,aluminum dichlorohydrex pg
pegmatite,,abrasive; absorbent; antimicrobial; bulking; skin-conditioning,pegmatite
glycine max callus extract,,antimicrobial; antioxidant; hair-conditioning; skin-conditioning; skin-protecting,glycine max callus extract
homolinalyl acetate,61931-80-4,perfuming,"3,7-dimethylnona-1,6-dien-3-yl acetate"
gynostemma pentaphyllum leaf/stem extract,,antioxidant; astringent; emollient; hair-conditioning,gynostemma pentaphyllum leaf/stem extract
octahydro-5‚5-dimethylnaphthalene-2-carbaldehyde,68738-96-5 / 68991-96-8,perfuming,octahydro-5‚5-dimethylnaphthalene-2-carbaldehyde
undecanal,112-44-7,perfuming,undecanal
sh-octapeptide-3,,bleaching,sh-octapeptide-3
pelargonium graveolens stem leaf extract,90082-51-2,perfuming,pelargonium graveolens stem leaf extract
tetrahydronaphthalene-2-ethanol,5441-06-5,perfuming,"2-naphthaleneethanol, 1,2,3,4-tetrahydro-"
fucus vesiculosus thalle oil,84696-13-9,perfuming,fucus vesiculosus thalle oil
myristica fragrans fruit extract,84082-68-8,perfuming,myristica fragrans fruit extract
nasturtium officinale flower extract,84775-70-2,perfuming,nasturtium officinale flower extract
methylheptenone isomers,409-02-9,perfuming,6-methyl-5-hepten-2-one
sodium isopropylparaben,,preservative,sodium isopropylparaben
potassium salicylate,578-36-9,preservative,potassium salicylate
pinus pinaster bark/bud extract,90082-75-0,antidandruff; antimicrobial; antioxidant; oral-care; skin-conditioning; uv-absorber,pinus pinaster bark/bud extract
tert-butyl isopentanethioate,2432-91-9,perfuming,"butanethioic acid, 3-methyl-, s-(1-methylpropyl) ester"
viverra civetta,68916-26-7,perfuming,viverra civetta
citrus bergamia peel oil expressed,89957-91-5,perfuming,citrus bergamia peel oil expressed
butyl ethyl ketone,106-35-4,perfuming,3-heptanone
cinnamyl formate,104-65-4,perfuming,3-phenylallyl formate
benzyl octanoate,10276-85-4,perfuming,benzyl octanoate
artemisia dracunculus herb extract,90131-45-6,perfuming,artemisia dracunculus herb extract
sodium butylparaben,36457-20-2,preservative,butylparaben sodium
chrysanthal,39067-39-5,perfuming,3-propylbicyclo(2.2.1)hept-5-ene-2-carbaldehyde
atractylodes chinensis rhizome extract,,astringent,atractylodes chinensis rhizome extract
hexahydromethoxy-methanoindene,53018-24-9,perfuming,"4,7-methano-1h-indene, 3a,4,5,6,7,7a-hexahydro-5-methoxy-"
ferula galbaniflua gum extract,93165-40-3 / 68916-24-5,antimicrobial; perfuming; tonic,ferula galbaniflua gum extract
hydrolyzed nymphaea tetragona extract,,antioxidant; bleaching; skin-conditioning,hydrolyzed nymphaea tetragona extract
pna-1 carboxyethyl fluorene,,astringent; humectant; skin-conditioning,pna-1 carboxyethyl fluorene
sulforaphane,,bleaching; skin-protecting,sulforaphane
gamma-caprolactone,695-06-7,masking; perfuming,gamma-hexalactone
magnesium salicylate,18917-89-0,preservative,cid 64738
hyaluronic acid/polyglutamic acid crosspolymer,,antioxidant; antiseborrhoeic; humectant; skin-conditioning; skin-protecting,hyaluronic acid/polyglutamic acid crosspolymer
nicotinoyl peg-4 ethylascorbyl succinate,,antioxidant; antiseborrhoeic; hair-conditioning,nicotinoyl peg-4 ethylascorbyl succinate
azelaoyl octapeptide-9,,antimicrobial; antiseborrhoeic; skin-protecting,azelaoyl octapeptide-9
manganese glycerophosphate,143007-66-3,astringent,manganese glycerophosphate
rhein,478-43-3,antimicrobial,rhein
rosa odorata extract,97676-09-0,astringent; humectant,rosa odorata extract
cistus ladaniferus leaf oil,89997-74-0,perfuming,cistus ladaniferus leaf oil
leptactina senegambica flower extract,94334-14-2,perfuming,leptactina senegambica flower extract
2-methylbutane-2-thiol,1679-09-0,perfuming,tert-amylthiol
3‚6-dimethyl-3-vinylhept-5-en-2-ol,85136-10-3,perfuming,"3,6-dimethyl-3-vinylhept-5-en-2-ol"
kushenols/kurarinone,,antioxidant; bleaching,kushenols/kurarinone
cuminum cyminum fruit extract,84775-51-9,perfuming,cuminum cyminum fruit extract
amyl cinnamal,122-40-7,perfuming,amylcinnamaldehyde
3‚6-dimethyl-3-octanol,151-19-9,perfuming,"3,6-dimethyl-3-octanol"
pinus species twig leaf oil,94266-48-5,perfuming,water
tert-butylhydroquinone dimethylether,21112-37-8,perfuming,"2-tert-butyl-1,4-dimethoxybenzene"
levisticum officinale root extract,84837-06-9,masking; perfuming; skin-conditioning,levisticum officinale root extract
rosa alba flower extract,93334-48-6,emollient; perfuming,rosa alba flower extract
acorus calamus root oil,84775-39-3,perfuming,acorus calamus root oil
citrus sinensis peel oil expressed,97766-30-8 / 8028-48-6,perfuming,citrus sinensis peel oil expressed
farnesene,502-61-4 -a-- / 18794-84-8 -b--,masking; perfuming,farnesene
cistus ladaniferus twig extract,89997-74-0,perfuming,cistus ladaniferus twig extract
xylityl caprate/caprylate,2127407-61-6,antimicrobial; emulsion-stabilising; humectant; preservative; skin-conditioning,xylityl caprate/caprylate
fucus crispus thalle extract,95009-46-4,perfuming,fucus crispus thalle extract
hexahydro-trimethyl-methanoazulene-6-carbaldehyde,28387-62-4,perfuming,cedrenal
magnesium lactate,18917-93-6,buffering; keratolytic; skin-conditioning,cid 5319192
beta,6784-13-0,perfuming,"3-cyclohexene-1-propanal, beta,4-dimethyl-"
tricyclodecylidene butanal,30168-23-1,perfuming,dupical
alpinia speciosa flower/leaf/stem water,,antimicrobial; emollient; skin-conditioning,alpinia speciosa flower/leaf/stem water
heptanal dimethylacetal,10032-05-0,perfuming,"1,1-dimethoxyheptane"
acetylbenzofuran,1646-26-0,masking; perfuming,2-acetylbenzofuran
acacia saligna leaf extract,,astringent; skin-conditioning,acacia saligna leaf extract
pelargonium roseum stem oil,90082-55-6,perfuming,pelargonium roseum stem oil
artocarpus heterophyllus seed extract,93333-78-9,bleaching,artocarpus heterophyllus seed extract
4-methylpent-3-en-2-one,141-79-7,perfuming,mesityl oxide
methyl cyclopentylideneacetate,40203-73-4,perfuming,"acetic acid, 2-cyclopentylidene-, methyl ester"
2-ethyl-1‚3,18368-91-7,perfuming,"2-ethyl-1,3,3-trimethylbicyclo(2.2.1)heptan-2-ol"
citrus bergamia melarosa leaf oil,92704-01-3,perfuming,citrus bergamia melarosa leaf oil
germanium dioxide,1310-53-8,antimicrobial,dioxogermane
pentadecane,629-62-9,perfuming,pentadecane
acetophenone ethyleneglycol cyclic acetal,4362-22-5,perfuming,"1,3-dioxolane, 2-(1-phenylethyl)-"
ar-isopropylphenylacetaldehyde,1335-44-0,perfuming,p-isopropylphenylacetaldehyde
methoxy-methylbutanethiol,94087-83-9,perfuming,4-methoxy-2-methyl-2-butanethiol
sodium tungstate antimonate,,antimicrobial; chelating; stabilising,sodium tungstate antimonate
methoxyphenyl-methylbutanone,67828-19-7,perfuming,"2-butanone, 4-(4-methoxyphenyl)-3-methyl-"
cyclopentanone tert-butylethylene glycol cyclic acetal,78649-62-4,perfuming,4-amino-3-hydroxyphenylalanine
citrol,624-15-7,perfuming,"3,7-dimethyl-2,6-octadienol"
impatiens capensis leaf extract,,astringent; skin-conditioning,impatiens capensis leaf extract
trimethylcyclohexylacetyl-cyclopentanone,84642-57-9,perfuming,"2-((3,3,5-trimethylcyclohexyl)acetyl)cyclopentan-1-one"
hexyl butyrate,2639-63-6,perfuming,hexyl butyrate
salvia lavandulifolia herb extract,90106-49-3,perfuming,salvia lavandulifolia herb extract
thujopsis dolabrata wood extract,91722-39-3,perfuming,thujopsis dolabrata wood extract
hypoxis aurea root extract,,bleaching; skin-conditioning,hypoxis aurea root extract
saccharum officinarum ferment extract,91770-72-8,astringent; tonic,saccharum officinarum ferment extract
cis-2-methyl-4-propyl-1‚3-oxathiane,59323-76-1,perfuming,"cis-2-methyl-4-propyl-1,3-oxathiane"
liatris odoratissima leaf extract,68602-86-8,perfuming; skin-conditioning,liatris odoratissima leaf extract
aluminum sesquichlorohydrex peg,242812-86-8,antiperspirant; astringent; deodorant,aluminum sesquichlorohydrex peg
tetrahydroisoocimenol,18479-57-7,perfuming,tetrahydromyrcenol
narcissus jonquilla flower oil,90064-25-8,flavouring; masking; perfuming,narcissus jonquilla flower oil
methyl-methylcyclohexenyl-heptadiene,17627-44-0,perfuming,alpha-bisabolene
hexadeca-6‚10‚14-trien-3-ol,70851-60-4,perfuming,"3,7,11,15-tetramethylhexadeca-6,10,14-trien-3-ol"
n-butyl alcohol,71-36-3,denaturant; perfuming; solvent,1-butanol
hexenyl-tetrahydro-pyranone,68959-28-4,perfuming,6-[(e)-hex-3-enyl]oxan-2-one
salvia hispanica herb oil,93384-40-8,perfuming,salvia hispanica herb oil
cinnamyl cinnamate,122-69-0,perfuming,"2-propenoic acid, 3-phenyl-, 3-phenyl-2-propenyl ester"
fragaria vesca leaf extract,84929-78-2,astringent; skin-conditioning,fragaria vesca leaf extract
phenoxyethanol,122-99-6,preservative,phenoxyethanol
2‚4-dimethylhepta-2‚2-dienal,85136-08-9,perfuming,"2,4-dimethylhepta-2,6-dienal"
aniba rosaeodora wood oil,8015-77-8,astringent; masking; perfuming; skin-conditioning; tonic,aniba rosaeodora wood oil
haberlea rhodopensis callus extract,,antimicrobial; antioxidant; humectant; skin-conditioning; skin-protecting,haberlea rhodopensis callus extract
eucalyptus dunnii leaf extract,,astringent; hair-conditioning; masking; skin-conditioning,eucalyptus dunnii leaf extract
dimethylbenzyl carbinyl acetate,151-05-3,perfuming,dimethyl benzyl carbinyl acetate
juniperus oxycedrus wood extract,90046-02-9,perfuming; skin-conditioning,juniperus oxycedrus wood extract
morpholinomethylphenyl hydroxyphenylamino thienopyridine,1228102-01-9,bleaching; skin-conditioning; skin-protecting,"3-(2-(3-(morpholinomethyl)phenyl)thieno(3,2-b)pyridin-7-ylamino)phenol"
magnesium lithospermate b,122021-74-3,antimicrobial; antioxidant; hair-conditioning; humectant; skin-protecting,lithospermate b
2-methyl-3-(1‚7,128119-70-0,perfuming,"2-methyl-3-((1,7,7-trimethylbicyclo(2.2.1)hept-2-yl)oxy)-1-propanol"
oxyria digyna callus extract,,antimicrobial; antioxidant; hair-conditioning; humectant; skin-conditioning; skin-protecting,oxyria digyna callus extract
fragaria vesca juice,84929-78-2,astringent; skin-conditioning,fragaria vesca juice
bacillus/monascus/capsella bursa-pastoris leaf/rice bran ferment filtrate,,antimicrobial; antioxidant; emollient; skin-conditioning,bacillus/monascus/capsella bursa-pastoris leaf/rice bran ferment filtrate
methyl-methylthiopyrazine,2882-20-4,perfuming,"pyrazine, methyl(methylthio)-"
valeraldehyde,110-62-3,perfuming,pentanal
rosa moschata oil,,astringent; emollient; masking; tonic,rosa moschata oil
hyssopus officinalis herb extract,84603-66-7,perfuming,hyssopus officinalis herb extract
streptococcus thermophilus/lactobacillus/bifidobacterium/licorice root extract ferment filtrate,,antimicrobial; antioxidant; astringent; emollient; skin-conditioning,streptococcus thermophilus/lactobacillus/bifidobacterium/licorice root extract ferment filtrate
juniperus communis fruit extract,84603-69-0,perfuming; skin-conditioning,juniperus communis fruit extract
diethyl malonate,105-53-3,perfuming,diethyl (ethoxymethylene)malonate
dimethylbenzyl carbinol,100-86-7,perfuming,2-methyl-1-phenyl-2-propanol
isohexenyl cyclopentenyl carbaldehyde,37677-14-8,perfuming,"3-cyclohexene-1-carboxaldehyde, 4-(4-methyl-3-penten-1-yl)-"
ethyl myristate,124-06-1,emollient; masking; perfuming; skin-conditioning,ethyl myristate
lavandula spica herb oil,97722-12-8,perfuming,lavandula spica herb oil
gamma-methyldecalactone,7011-83-8,perfuming,dihydrojasmone lactone
thimerosal,54-64-8,preservative,cid 6093168
butyl 2-methylbutyrate,15706-73-7,perfuming,butyl 2-methyl butyrate
ozonized turpentine,,antimicrobial; oxidising; skin-conditioning,ozonized turpentine
trimethyldecenedione,13851-06-4,bleaching; chelating,"8-decene-3,5-dione, 4,6,9-trimethyl-"
isopropyl cresols,3228-02-2,preservative,3-methyl-4-isopropylphenol
illicium verum fruit water,84650-59-9,masking; perfuming,illicium verum fruit water
isoamyl formate,110-45-2,perfuming,isoamyl formate
4-ethyl-gamma-octalactone,68188-98-7,perfuming,5-butyl-5-ethyldihydrofuran-2(3h)-one
pinanal,473-54-1,perfuming,2-pinanol
ethyl linalool,10339-55-6,masking; perfuming,"3,7-dimethylnona-1,6-dien-3-ol"
pelargonium roseum leaf oil,90082-55-6,perfuming,pelargonium roseum leaf oil
olive oil/pomegranate fruit ferment filtrate,84961-57-9,antimicrobial; antioxidant; antiseborrhoeic,"6-[6-[(2-tert-butyl-7-chloro-1,3-benzothiazol-6-yl)oxy]-3-pyridinyl]-4-methylhex-5-en-2-one;6-[6-[(6-chloro-2,3-dihydro-1-benzofuran-5-yl)oxy]-3-pyridinyl]-4-methylhex-5-en-2-one;6-[6-[(5-chloro-2-ethyl-1,3-benzothiazol-6-yl)oxy]-3-pyridinyl]-4-methylhex-5-en-2-one;6-[6-[(4-chloro-2-methyl-1,3-benzothiazol-5-yl)oxy]-3-pyridinyl]-4-methylhex-5-en-2-one;6-[6-[(5-chloro-2-propan-2-yl-1,3-benzothiazol-6-yl)oxy]-3-pyridinyl]-4-methylhex-5-en-2-one;6-[6-[[7-chloro-2-(trifluoromethyl)-1,3-benzothiazol-6-yl]oxy]-3-pyridinyl]-4-methylhex-5-en-2-one;6-[6-[(2,2-dimethyl-3h-1-benzofuran-5-yl)oxy]-3-pyridinyl]-4-methylhex-5-en-2-one;4-methyl-6-[6-[(2-methyl-1,3-benzothiazol-5-yl)oxy]-3-pyridinyl]hex-5-en-2-one;4-methyl-6-[6-[[2-(trifluoromethyl)-1,3-benzothiazol-6-yl]oxy]-3-pyridinyl]hex-5-en-2-one"
c11-15-isoalkanes,90622-58-5,perfuming,"alkanes, c11-15-iso-"
bromelain,9001-00-7 / 37189-34-7,keratolytic; skin-conditioning,bromelain
methyloctenyl acetate,66008-66-0,perfuming,"1-octen-3-ol, 3-methyl-, 3-acetate"
p-cresyloxyacetaldehyde dimethyl acetal,6324-78-3,perfuming,"1-(2,2-dimethoxyethoxy)-4-methyl-benzene"
tetramethyl-4-methylene-2-heptanol,81787-06-6,perfuming,"2-heptanol, 3,4,5,6,6-pentamethyl-"
butyl cinnamate,538-65-8,perfuming,butyl 3-phenylprop-2-enoate
narcissus pseudo-narcissus root extract,90064-27-0,astringent; hair-conditioning; skin-conditioning,narcissus pseudo-narcissus root extract
myrtenyl formate,72928-52-0,perfuming,"bicyclo(3.1.1)hept-2-ene-2-methanol, 6,6-dimethyl-, 2-formate"
cistus species resin oil,84775-64-4,perfuming,cistus species resin oil
pinus cembra leaf/twig oil,92202-04-5,antimicrobial; masking; perfuming,pinus cembra leaf/twig oil
phenethyl isothiocyanate,2257-09-2,perfuming,phenethyl isothiocyanate
2‚4-dimethyl-3-cyclohexene-1-methanol,67634-17-7,perfuming,"3-cyclohexene-1-methanol, 2,4-dimethyl-"
thiohistidine,2002-22-4,antioxidant; bleaching; chelating,1h-imidazole-5-propanoic acid
isocineole,470-67-7,perfuming,"1,4-cineole"
nelumbo nucifera callus culture extract,85085-51-4,antimicrobial; antioxidant; humectant,nelumbo nucifera callus culture extract
abies alba needle extract,90028-76-5,perfuming,abies alba needle extract
isoamyl heptanoate,109-25-1,perfuming,isoamyl heptanoate
3-(p-cumenyl)-2-methylpropionaldehyde,6658-48-6,perfuming,3-(p-cumenyl)-2-methylpropionaldehyde
o-cymen-5-ol,3228-02-2 / 39660-61-2,preservative,o-cymen-5-ol
isobutyl benzoate,120-50-3,perfuming; preservative; solvent,isobutyl benzoate
chlorella vulgaris methionyl sh-polypeptide-14 hexapeptide-40,,antimicrobial; antioxidant; astringent; emulsion-stabilising; hair-conditioning; skin-protecting,chlorella vulgaris methionyl sh-polypeptide-14 hexapeptide-40
ethyl acetoxyhexanoate,104986-28-9,perfuming,ethyl 6-acetoxyhexanoate
diethylheptadienal,85136-07-8,perfuming,"2,4-diethyl-2,6-heptadienal"
indene,95-13-6,perfuming,indene
nonanal/ methyl anthranilate schiff base,72894-12-3,perfuming,bupranolol
kluyveromyces/lactobacillus/pinus densiflora leaf oil ferment filtrate,,antimicrobial; antioxidant; bleaching; hair-conditioning; skin-conditioning,kluyveromyces/lactobacillus/pinus densiflora leaf oil ferment filtrate
eugenia caryophyllus bark extract,,antioxidant; antiseborrhoeic; hair-conditioning; skin-protecting,eugenia caryophyllus bark extract
rhodinyl butyrate,141-15-1,perfuming,"rhodinyl butyrate, (+-)-"
leuconostoc/radish root ferment filtrate,,antidandruff; antimicrobial,leuconostoc/radish root ferment filtrate
dmdm hydantoin,6440-58-0,preservative,dmdm hydantoin
1-penten-3-ol,616-25-1,perfuming,1-penten-3-ol
3-methylpent-3-en-2-one,565-62-8,perfuming,3-methyl-3-penten-2-one
hexahydropropenyloxy-methanoindene,26912-64-1,perfuming,"3a,4,5,6,7,7a-hexahydro-5(or 6)(2-propen-1-yloxy)-4,7-methano-1h-indene"
butenylidene-trimethylcyclohexenone,13215-88-8,perfuming,"2-cyclohexen-1-one, 4-(2-butenylidene)-3,5,5-trimethyl-"
melilotus officinalis flower extract,84082-81-5,astringent; emollient; skin-conditioning,melilotus officinalis flower extract
hydrocinnamyl cinnamate,122-68-9,perfuming,"2-propenoic acid, 3-phenyl-, 3-phenylpropyl ester"
ictasol,1340-06-3,antidandruff; antimicrobial,ictasol
miconazole nitrate,22832-87-7,antimicrobial,miconazole
3-isopentenol,763-32-6,perfuming,3-methyl-3-buten-1-ol
boric acid,10043-35-3 / 11113-50-1,antimicrobial; buffering; denaturant,boric acid
piper nigrum fruit oil,84929-41-9,masking; perfuming,piper nigrum fruit oil
hexyl isovalerate,10032-13-0,perfuming,hexyl isovalerate
melilotus officinalis herb oil,84082-81-5,perfuming,melilotus officinalis herb oil
rosa borboniana flower water,97660-07-6,masking; perfuming; skin-conditioning,rosa borboniana flower water
poria cocos sclerotium extract,168456-53-9,astringent,poria cocos sclerotium extract
rosmarinus officinalis stem oil,84604-14-8,perfuming,rosmarinus officinalis stem oil
ethoxy-propenylphenol,94-86-0,perfuming,2-ethoxy-5-prop-1-enylphenol
phenylpropanol,1335-12-2 / 122-97-4,masking; perfuming; solvent,phenylpropanol
lavandula latifolia herb oil,84837-04-7,perfuming,lavandula latifolia herb oil
kluyveromyces/lactobacillus/sapindus mukorossi fruit oil ferment filtrate,,antimicrobial; antioxidant; bleaching; hair-conditioning; skin-conditioning,kluyveromyces/lactobacillus/sapindus mukorossi fruit oil ferment filtrate
mibk,108-10-1,denaturant; perfuming; solvent,tartronic acid
citrus aurantifolia peel water,90063-52-8,masking; perfuming,citrus aurantifolia peel water
hexahydro-trimethylethanonaphthalen-8-yl methyl ketone,32388-56-0,perfuming,"ethanone, 1-(1,3,4,5,6,7-hexahydro-2,5,5-trimethyl-2h-2,4a-ethanonaphthalen-8-yl)-"
2-methylbutyraldehyde,96-17-3,perfuming,2-methylbutanal
lavandula officinalis flower/extract,,antimicrobial; antiseborrhoeic; skin-conditioning; skin-protecting,lavandula officinalis flower/extract
juglans nigra shell extract,96690-56-1,astringent; emollient; masking,juglans nigra shell extract
cis-rose ketone-2,23726-92-3,perfuming,"1-(2,6,6-trimethyl-1-cyclohexen-1-yl)-2-buten-1-one"
chlorhexidine,55-56-1,antimicrobial; oral-care; preservative,chlorohexidine
helichrysum stoechas flower extract,91845-22-6,hair-conditioning; perfuming; skin-conditioning,helichrysum stoechas flower extract
phormium tenax leaf extract,,antimicrobial,phormium tenax leaf extract
hydrolyzed ananas sativus fruit,,astringent; humectant; skin-protecting,hydrolyzed ananas sativus fruit
trans-8-methyl-1-oxaspirodecanone,91069-40-8,perfuming,"1-oxaspiro(4.5)decan-2-one, 8-ethyl-, cis-"
honokiol,35354-74-6,antioxidant; bleaching; skin-conditioning,honokiol
delta-octalactone,698-76-0,perfuming,gamma-octalactone
musk xylene,81-15-2,masking; perfuming,musk xylene
pseudomonas aeroginosa culture conditioned media extract,,antimicrobial; antioxidant; antiseborrhoeic; preservative,pseudomonas aeroginosa culture conditioned media extract
cirsium eriophorum callus extract,,astringent,cirsium eriophorum callus extract
resmethrin,10453-86-8,antimicrobial,resmethrin
hypochlorous acid,7790-92-3,antiseborrhoeic; deodorant; oxidising,hypochlorous acid
bis-caprylylaminoethyl glycine,17670-95-0,antimicrobial,8-bromo-1-naphthoic acid
undecylenoyl peg-5 paraben,,antimicrobial,undecylenoyl peg-5 paraben
5-diethoxymethyl-hexahydro-methano-1h-indene,67633-92-5,perfuming,"4,7-methano-1h-indene, 5-(diethoxymethyl)-3a,4,5,6,7,7a-hexahydro-"
myrtrimonium bromide,1119-97-7,preservative,tetradecyltrimethylammonium bromide
pinus strobus cone extract,90082-77-2 / 94266-48-5,masking; perfuming,pinus strobus cone extract
cyclamen aldehyde diethyl acetal,7149-24-8,perfuming,cyclamen aldehyde diethyl acetal
ferula kokanica gum extract,9000-24-2,perfuming,ferula galbaniflua resin
tetrahydro-pentamethyl-2-naphthalenecarbaldehyde,113221-73-1,perfuming,"5,6,7,8-tetrahydro-5,5,7,8,8-pentamethyl-2-naphthalenecarboxaldehyde"
carbocysteine,638-23-3,antiseborrhoeic; skin-conditioning,s-(carboxymethyl)cysteine
bacillus/monascus/psophocarpus tetragonolobus seed ferment filtrate,,antiseborrhoeic; emollient; skin-conditioning,bacillus/monascus/psophocarpus tetragonolobus seed ferment filtrate
trans-2‚4-dimethyl-2-(5‚6,131812-52-7,perfuming,"1,3-dioxolane, 2,4-dimethyl-2-(5,6,7,8-tetrahydro-5,5,8,8-tetramethyl-2-naphthalenyl)-"
dimethylbicyclohept-2-yl-methyl-2-methylcyclohexanone,68901-22-4,perfuming,"4-((3,3-dimethylbicyclo(2.2.1)hept-2-yl)methyl)-2-methylcyclohexanone"
abies sibirica needle oil,91697-89-1,perfuming,abies sibirica needle oil
panax ginseng meristem cell culture conditioned media,,antimicrobial; antioxidant,panax ginseng meristem cell culture conditioned media
alpha-phellandrene,99-83-2,perfuming,alpha-phellandrene
didehydro-octahydro-7-isopropyl-1‚4-dimethylazulene,68907-19-7,perfuming,"2,6-dimethylcyclohex-2-ene-1-carbaldehyde"
2-t-butylcyclohexyloxybutanol,139504-68-0,masking; perfuming,2-tert-butylcyclohexyloxybutanol
ammonium benzoate,1863-63-4,preservative,ammonium benzoate
sh-oligopeptide-75 amide,,antioxidant; astringent; chelating; skin-protecting,sh-oligopeptide-75 amide
hydroxyethyl furanhydroxynaphthoquinone,123297-90-5,antimicrobial; antioxidant,"5-hydroxy-2-(1-hydroxyethyl)naphtho(2,3-b)furan-4,9-dione"
lactobacillus/saccharomyces/pichia anomala/camellia sinensis leaf extract/honey ferment extract filtrate,,antioxidant; bleaching; skin-conditioning,lactobacillus/saccharomyces/pichia anomala/camellia sinensis leaf extract/honey ferment extract filtrate
sodium calcium boron phosphate,,abrasive; antimicrobial; buffering; skin-conditioning,sodium calcium boron phosphate
pinus mugo twig oil,90082-72-7,perfuming,pinus mugo twig oil
3‚5-dimethylcyclohexylmethyl acetate,68213-86-5,perfuming,"n-((4-(3,5-dichloropyridin-2-yl)oxyphenyl)carbamoyl)-2,6-difluorobenzamide"
pinus pinaster twig leaf oil,90082-75-0,perfuming,pinus pinaster twig leaf oil
butyl hexanoate,626-82-4,perfuming,butyl hexanoate
platinum,,antimicrobial; antioxidant; skin-conditioning,platinum
thiosalicylic acid,147-93-3,antioxidant; keratolytic; reducing,2-mercaptobenzoic acid
ethoxy-ethoxyvinyl-tetramethylcyclohexene,36306-86-2,perfuming,"1-ethoxy-4-(1-ethoxyethenyl)-3,3,5,5-tetramethylcyclohexene"
artemisia absinthium herb oil,84929-19-1,perfuming,artemisia absinthium herb oil
anisyl acetate,1331-83-5,perfuming,4-methoxybenzyl acetate
hexylene glycol,107-41-5,emulsifying; perfuming; skin-conditioning; solvent; surfactant,hexylene glycol
eugenia caryophyllus leaf oil,8015-97-2 / 8000-34-8 / 84961-50-2,masking; perfuming; skin-conditioning; tonic,eugenia caryophyllus leaf oil
verbena officinalis leaf rectified oil,84961-67-1,perfuming,"n-[n-[2-benzyl-3-phenyl-2-(1,3,6-triphenylcarbazol-9-yl)pent-3-enyl]-c-phenylcarbonimidoyl]-n'-methylbenzenecarboximidamide"
piper nigrum seed oil,84929-41-9,astringent; masking,piper nigrum seed oil
ethyl laurate,106-33-2,emollient; perfuming,"2,3-dihydroxynaphthalene"
salicyloyl octapeptide-9,,antimicrobial; antioxidant; antiseborrhoeic; skin-protecting,salicyloyl octapeptide-9
paecilomyces japonica/morus alba leaf ferment filtrate,,antimicrobial,paecilomyces japonica/morus alba leaf ferment filtrate
hydroxycitronellal,107-75-5,perfuming,hydroxycitronellal
nasturtium officinale flower oil,84775-70-2,perfuming,nasturtium officinale flower oil
natamycin,7681-93-8,antimicrobial; preservative,"(1r,3s,5r,7r,12r,22r,24s,25r,26s)-22-[(3s,4s,5s,6r)-4-amino-3,5-dihydroxy-6-methyloxan-2-yl]oxy-1,3,26-trihydroxy-12-methyl-10-oxo-6,11,28-trioxatricyclo[22.3.1.05,7]octacosa-8,14,16,18,20-pentaene-25-carboxylic acid"
tetramethyl-1-oxaspiro-6-decene,36431-72-8,perfuming,theaspirane
rosmarinus officinalis flower extract,84604-14-8,antioxidant; deodorant; perfuming; skin-conditioning,rosmarinus officinalis flower extract
cis-6-nonenyl acetate,76238-22-7,perfuming,non-6-enium acetate
cyperus scariosus root extract,91771-62-9,perfuming,cyperus scariosus root extract
xylene,1330-20-7 / 95-47-6 / 108-38-3,masking; perfuming; solvent,xylene
methylhexylacetaldehyde,7786-29-0,perfuming,2-methyloctanal
methyl undecylenate,111-81-9,deodorant; perfuming,methyl 10-undecenoate
amylcinnamal/methyl anthranilate schiff base,68527-78-6,perfuming,seringone 50
2-octanol,123-96-6,perfuming,2-octanol
rosmarinus officinalis flower/leaf/stem water,84604-14-8,masking; perfuming,rosmarinus officinalis flower/leaf/stem water
ferula kokanica resin oil,9000-24-2,perfuming,ferula galbaniflua resin
mea-benzoate,4337-66-0,preservative,"ethanol, 2-amino-, benzoate (1:1)"
ethyl acetate,141-78-6,perfuming; solvent,ethyl acetate
lippia citriodora flower/leaf/stem extract,,perfuming; tonic,lippia citriodora flower/leaf/stem extract
6-methylquinoline,91-62-3,perfuming,6-methylquinoline
sodium cinnamate,538-42-1,antimicrobial; perfuming,sodium;3-phenylprop-2-enoate
pinus densiflora leaf extract,92202-05-6,antimicrobial; antioxidant,pinus densiflora leaf extract
undecyl alcohol,112-42-5,antiseborrhoeic; emollient; masking; skin-conditioning; viscosity-controlling,1-undecanol
carpinus tschonoskii leaf extract,,antidandruff; antimicrobial; hair-conditioning; skin-conditioning,carpinus tschonoskii leaf extract
4-dihydromethyl-2h-pyran-2-yl guaiacol,128489-02-1,perfuming,"phenol, 4-(3,6-dihydro-4-methyl-2h-pyran-2-yl)-2-methoxy-"
cinnamyl propionate,103-56-0,perfuming,3-phenyl-2-propenyl propanoate
quaternium-8,,antimicrobial; antistatic; hair-conditioning,quaternium-8
(lavandula angustifolia/melissa officinalis/hypericum perforatum) flower/(camellia sinensis leaf/(glycyrrhiza glabra/acanthopanax senticosus) root/sarracenia cobra nest leaf/flower/stalk extract,,antimicrobial; antiseborrhoeic; skin-conditioning; skin-protecting,(lavandula angustifolia/melissa officinalis/hypericum perforatum) flower/(camellia sinensis leaf/(glycyrrhiza glabra/acanthopanax senticosus) root/sarracenia cobra nest leaf/flower/stalk extract
aluminum diacetate,142-03-0,antimicrobial; astringent,aluminum acetate
propyl benzoate,2315-68-6,perfuming; preservative,propyl benzoate
benzyl acetate,140-11-4 / 101-41-7,masking; perfuming,benzyl acetate
4-tert-butyltoluene,98-51-1,perfuming,4-tert-butyltoluene
alpinia speciosa leaf/stem ferment,,antioxidant; preservative,alpinia speciosa leaf/stem ferment
ethyl 2-dimethylcyclohexenylmethyl-aminobenzoate,68228-09-1,perfuming,"benzenepropanoic acid, alpha-cyano-4-nitro-beta-oxo-, methyl ester"
pinane carbaldehyde,60113-43-1,perfuming,"bicyclo[3.1.1]heptane-3-carboxaldehyde, 2,6,6-trimethyl-"
benzyl acetoacetate,5396-89-4,perfuming,benzyl acetoacetate
peg-15 dedm hydantoin,68130-12-1,antimicrobial,"2-(4-chlorophenyl)(1,2,4)triazolo(5,1-a)isoquinoline"
ethyl isopropyl-bicycloheptene-2-carboxylate,116044-44-1,perfuming,ethyl 3-propan-2-ylbicyclo[2.2.1]hept-5-ene-2-carboxylate
eucalyptus dives leaf extract,90028-48-1,perfuming,eucalyptus dives leaf extract
saccharomyces/zinc/iron/germanium/copper/magnesium/silicon ferment,,astringent,saccharomyces/zinc/iron/germanium/copper/magnesium/silicon ferment
rhodinol,6812-78-8,perfuming,rhodinol
phenoxyacetaldehyde,2120-70-9,perfuming,phenoxyacetaldehyde
p-cresol,106-44-5,antimicrobial; perfuming,p-cresol
styrene,100-42-5,perfuming,d-(-)-fructose
isoamyl isovalerate,659-70-1,perfuming,isoamyl isovalerate
fragaria vesca seed,84929-78-2,astringent; skin-conditioning,fragaria vesca seed
potassium vanadyl tungstate antimonate,,antimicrobial; antioxidant; chelating,potassium vanadyl tungstate antimonate
2-isopropyl-5-methylanisole,1076-56-8,perfuming,thymyl methyl ether
hexyl methyl ketone,111-13-7,perfuming,2-octanone
heptanal,111-71-7,perfuming,heptanal
dodecene hydroformylation products,68527-06-0,perfuming,dodecene hydroformylation products
4‚7-dimethyl-4-vinyloct-6-en-3-ol,85136-05-6,perfuming,"6-octen-3-ol, 4-ethenyl-4,7-dimethyl-"
chlorphenesin,104-29-0,antimicrobial; preservative,chlorphenesin
methylpentenyl-cyclopentenone,6261-18-3,perfuming,"2-cyclopenten-1-one, 3-methyl-2-(2z)-2-pentenyl-"
dichlorobenzyl alcohol,1777-82-8,antimicrobial; preservative,"2,4-dichlorobenzyl alcohol"
benzyl isovalerate,103-38-8,perfuming,benzyl isovalerate
hydrocinnamaldehyde,104-53-0,perfuming,resorcinol
sh-polypeptide-108,,antimicrobial; antiseborrhoeic; skin-conditioning,sh-polypeptide-108
glyceryl oleate,25496-72-4 / 111-03-5,emollient; emulsifying; perfuming,glyceryl oleate
3-methylnon-2-enenitrile,53153-66-5,perfuming,3-methylnon-2-enenitrile
prunus amygdalus amara kernel oil,8013-76-1 / 8015-75-6 / 90320-35-7,masking; perfuming,prunus amygdalus amara kernel oil
6-methyl-5-hepten-2-one,110-93-0,perfuming,6-methyl-5-hepten-2-one
alcohol,64-17-5,antifoaming; antimicrobial; astringent; masking; solvent; viscosity-controlling,ethanol
allylanisole,140-67-0,perfuming,estragole
isopropyl-methylbutyrophenone,51556-30-0,perfuming,2-isopropyl-3-methylbutyrophenone
dodecyltriphenylphosphonium bromide,15510-55-1,antimicrobial,dodecyltriphenylphosphonium bromide
methylallyl angelate,61692-78-2,perfuming,2-methylprop-2-enyl 2-methylbut-2-enoate
bis-hydroxybenzyl sulfide,38204-93-2,antioxidant; bleaching; chelating; humectant; skin-protecting,bis(4-hydroxybenzyl)sulfide
mdm hydantoin,116-25-6,antimicrobial,"1-monomethylol-5,5-dimethylhydantoin"
methyl decenol,81782-77-6,masking; perfuming; skin-conditioning,4-methyl-3-decen-5-ol
ribes nigrum leaf oil,68606-81-5,perfuming,ribes nigrum leaf oil
tilia americana flower oil,90063-53-9,flavouring; masking; perfuming,tilia americana flower oil
thujopsis dolabrata leaf oil,91722-39-3,perfuming,thujopsis dolabrata leaf oil
cuminyl nitrile,13816-33-6,perfuming,4-isopropylbenzonitrile
thioctoyl tripeptide-35,,antioxidant; bleaching; hair-conditioning; skin-protecting,thioctoyl tripeptide-35
isopropyl-methylcyclohexadiene,4221-98-1,perfuming,alpha-phellandrene
lonicera periclymenum callus culture extract,,antimicrobial; skin-conditioning; skin-protecting,lonicera periclymenum callus culture extract
hydroxypropyl bistrimonium diiodide,123-47-7,antimicrobial,prolonium iodide
thuja plicata stem extract,94334-32-4,perfuming,thuja plicata stem extract
tussilago farfara leaf extract,84625-50-3,astringent; emollient; skin-conditioning,tussilago farfara leaf extract
cis-retinoic acid,4759-48-2,antiseborrhoeic,4-cyclohexyl-1-(2-{[2-methyl-1-(propanoyloxy)propoxy](4-phenylbutyl)phosphoryl}acetyl)pyrrolidine-2-carboxylic acid
ethylacetoacetate ethylene glycol ketal,6413-10-1,perfuming,ethyl acetoacetate ethyleneglycol ketal
methyl hydrogenated rosinate,8050-15-5 / 8050-13-3,film-forming; perfuming; skin-conditioning,methyl hydrogenated rosinate
gamma-nonalactone,104-61-0,masking; perfuming; skin-conditioning,gamma-nonalactone
fusel oil,8013-75-0,perfuming,isoamyl alcohol
melia azadirachta bark extract,90063-92-6,antimicrobial; skin-protecting,melia azadirachta bark extract
allyl nonanoate,7493-72-3,perfuming,allyl nonanoate
sesamum indicum meristem cell culture extract,,antimicrobial; antioxidant; hair-conditioning; humectant,sesamum indicum meristem cell culture extract
vetiverol,68129-81-7 / 89-88-3,perfuming,vetiverol
narcissus jonquilla flower water,90064-25-8,flavouring; masking; perfuming; skin-conditioning,narcissus jonquilla flower water
linalyl anthranilate,7149-26-0,perfuming,linalyl anthranilate
cis-3-hexenyl isovalerate,35154-45-1,perfuming,"butanoic acid, 3-methyl-, 3-hexenyl ester"
dicaffeoyl lysyl hexapeptide-65,,antimicrobial; antioxidant; humectant; skin-conditioning; skin-protecting,dicaffeoyl lysyl hexapeptide-65
adamantanyl dihydroxybenzamide,,antioxidant; bleaching; skin-protecting,adamantanyl dihydroxybenzamide
sodium usnate,39012-86-7 / 34769-44-3,antimicrobial; antiseborrhoeic,sodium usnate
cinnamomum camphora linalooliferum leaf oil,91745-89-0,perfuming,cinnamomum camphora linalooliferum leaf oil
ajuga reptans leaf extract,90320-26-6,antimicrobial; antioxidant; antiseborrhoeic; chelating,ajuga reptans leaf extract
5‚9-dimethyl-8-decen-3-ol,19550-54-0,perfuming,neptunium
octahydro-tetramethyl-methano-cyclopentacyclopropabenzene-4-methanol,59056-64-3,perfuming,"octahydro-7,7,8,8-tetramethyl-2,3b-methano-3bh-cyclopenta(1,3)cyclopropa(1,2)benzene-4-methanol"
lactococcus/bean seed extract ferment filtrate,,antidandruff; antimicrobial; hair-conditioning; skin-conditioning,lactococcus/bean seed extract ferment filtrate
aluminum chlorohydrate,12042-91-0,antiperspirant; astringent; deodorant,dialuminium chloride pentahydroxide
menthyl succinate,77341-67-4,astringent,(+-)-2-mercaptopropionic acid
2-ethyl-3‚5-dimethylpyrazine,13925-07-0,perfuming,"2-ethyl-3,5-dimethylpyrazine"
hydrocinnamyl acetate,122-72-5,perfuming,3-phenylpropyl acetate
eugenia caryophyllus stem oil,84961-50-2,perfuming; skin-conditioning,eugenia caryophyllus stem oil
allyl cyclohexylacetate,4728-82-9,perfuming,allyl cyclohexaneacetate
propolis cera,85665-41-4,antiseborrhoeic; moisturising; smoothing,propolis cera
hydroxymethylhexyl ethyl ketone,59191-78-5,perfuming,3-(hydroxymethyl)-2-octanone
donkey skin extract,,astringent,donkey skin extract
myrica rubra leaf/stem extract,,antioxidant; bleaching; emollient; skin-conditioning; skin-protecting,myrica rubra leaf/stem extract
zinc linoleate hydroxide,,hair-conditioning; masking; perfuming; skin-conditioning; skin-protecting; uv-absorber,zinc linoleate hydroxide
nerolidol,142-50-7,perfuming,"1,6,10-dodecatrien-3-ol, 3,7,11-trimethyl-"
dimethyl hydroxymethyl pyrazole,85264-33-1,antimicrobial,"3,5-dimethylpyrazol-1-methanol"
hydrolyzed tabebuia impetiginosa leaf extract,,antimicrobial,hydrolyzed tabebuia impetiginosa leaf extract
freesia armstrongii extract,,astringent,freesia armstrongii extract
monascus/euterpe oleracea fruit/rice bran ferment filtrate,,antimicrobial; antioxidant; emollient; hair-conditioning; skin-conditioning,monascus/euterpe oleracea fruit/rice bran ferment filtrate
vetiveria zizanoides root oil,8016-96-4 / 84238-29-9,masking; perfuming; tonic,vetiveria zizanoides root oil
hydrolyzed glossocardia bidens extract,,antioxidant; antiseborrhoeic; skin-conditioning,hydrolyzed glossocardia bidens extract
molybdic acid,7782-91-4,preservative,acetic acid
2‚6-xylenol,576-26-1,perfuming,"2,6-dimethylphenol"
sodium undecylenate,3398-33-2,cleansing; emulsifying; preservative; surfactant,"undecenoic acid, sodium salt"
saccharomyces/juniperus communis fruit water ferment filtrate,,antimicrobial; antioxidant; skin-protecting,saccharomyces/juniperus communis fruit water ferment filtrate
ethylhexyl palmitate,29806-73-3,emollient; perfuming,ethylhexyl palmitate
dibutyldihydrofuranone,7774-47-2,perfuming,"4,4-dibutyl-gamma-butyrolactone"
methyl cinnamate,103-26-4,perfuming,"2-propenoic acid, 3-phenyl-, methyl ester"
5-hexen-2-one,109-49-9,perfuming,"(9r,10s,12s)-2,3,9,10,11,12-hexahydro-10-hydroxy-9-meth yl-1-oxo-9,12-epoxy-1h-diindolo[1,2,3-fg:3,2,1-kl]pyrrolo[3,4-i][1,6]benzodiazocine-10-carboxylic acid, hexyl ester"
aminopropyl magnesium polysilsesquioxane chloride,,antimicrobial; humectant; skin-conditioning,aminopropyl magnesium polysilsesquioxane chloride
trans-2-hexenyl propionate,53398-80-4,perfuming,hex-2-enyl propanoate
2-heptylidenecyclopentanone,39189-74-7,perfuming,2-heptylidenecyclopentan-1-one
sd alcohol 1,8048-19-9,astringent; solvent; viscosity-controlling,sd alcohol 1
mentha spicata crispa herb oil,98561-44-5,perfuming,mentha spicata crispa herb oil
hexenyldihydrofuranone,63095-33-0,perfuming,5-hex-3-enyloxolan-2-one
aphloia theiformis leaf extract,,astringent; skin-protecting,aphloia theiformis leaf extract
lactobacillus/agastache rugosa leaf/stem extract ferment filtrate,,antioxidant; astringent; hair-conditioning,lactobacillus/agastache rugosa leaf/stem extract ferment filtrate
isoborneol,124-76-5,perfuming,npc189036
saururus chinensis root extract,,bleaching,saururus chinensis root extract
cinnamomum camphora formosana leaf oil rectified,92704-03-5,perfuming,cinnamomum camphora formosana leaf oil rectified
melilotus albus flower/leaf/stem extract,,antimicrobial; antioxidant,melilotus albus flower/leaf/stem extract
bacillus/prunus mume fruit extract ferment filtrate,,antimicrobial; antioxidant,bacillus/prunus mume fruit extract ferment filtrate
isopropyl phenylacetaldehyde,4395-92-0,perfuming,p-isopropylphenylacetaldehyde
monascus/meconopsis horridula flower/rice bran ferment filtrate,,antioxidant; antiseborrhoeic; emollient; hair-conditioning,monascus/meconopsis horridula flower/rice bran ferment filtrate
permethrin,52645-53-1,antimicrobial,(-)-trans-permethrin
2‚3-xylenol,526-75-0,perfuming,"2,3-dimethylphenol"
tbhq,1948-33-0,antioxidant; masking; perfuming,tert-butylhydroquinone
trimethyl-6-methylenecyclohexylpropyl acetate,68479-99-2,perfuming,"sulfuric acid, monoethyl ester, compd. with n-ethyl-1-octadecanamine (1:1)"
hydroxycitryl palmitate,863922-14-9,antidandruff; astringent; deodorant; skin-conditioning,hydroxycitryl palmitate
phenoxyethylparaben,55468-88-7,antimicrobial,phenoxyethylparaben
mea-undecylenate,56532-40-2,cleansing; preservative,undecylenic acid monoethanolamine
xerochrysum bracteatum flower extract,,astringent; hair-conditioning; masking; skin-conditioning,xerochrysum bracteatum flower extract
hexyl methacrylate,142-09-6,perfuming,hexyl methacrylate
propyl valerate,141-06-0,perfuming,dipropyl acetate
cupressus sempervirens leaf extract,84696-07-1,perfuming; skin-conditioning,cupressus sempervirens leaf extract
camphylcyclohexanol,68877-29-2,masking; perfuming,"4-((1r,2r,4r)-born-2-yl)cyclohexanol"
octahydro-trimethyl-ethano-naphthoxirene,51115-88-9,perfuming,"4a,7-ethano-4ah-naphth[1,8a-b]oxirene, octahydro-4,4,7-trimethyl-"
trimethylbicycloheptane,473-55-2 / 6876-13-7,perfuming,trimethylbicycloheptane
acetyl tributyl citrate,77-90-7,masking; perfuming; plasticiser,"3,4,8,10-tetrahydroxy-2-(hydroxymethyl)-9-methoxy-3,4,4a,10b-tetrahydro-2h-pyrano(3,2-c)isochromen-6-one"
trimethyl-3-cyclopentenylacetonitrile,15373-31-6,perfuming,"3-cyclopentene-1-acetonitrile, 2,2,3-trimethyl-"
climbazole,38083-17-9,antimicrobial; preservative,climbazole
sd alcohol 38-c,,astringent; solvent; viscosity-controlling,sd alcohol 38-c
fagraea berteroana flower water,,flavouring; masking; perfuming,fagraea berteroana flower water
pentadecalactone,106-02-5,masking; perfuming,pentadecalactone
ethyl octanoate,106-32-1,perfuming,ethyl octanoate
alpha-arbutin,84380-01-8,antioxidant; bleaching; skin-conditioning,"2-hydroxymethyl-6-(4-hydroxy-phenoxy)-tetrahydro-pyran-3,4,5-triol"
tuber melanosporum whole plant oil,85085-76-3,perfuming,tuber melanosporum whole plant oil
ocimum basilicum leaf water,84775-71-3,flavouring; masking; perfuming; skin-conditioning,ocimum basilicum leaf water
papaver rhoeas flower water,84696-43-5,astringent; masking,papaver rhoeas flower water
phenethyl tiglate,55719-85-2,perfuming,2-phenylethyl 2-methylbut-2-enoate
cymbopogon martini herb extract formate,94266-45-2,perfuming,cymbopogon martini herb extract formate
cinnamomum camphora wood extract,92201-50-8,perfuming,cinnamomum camphora wood extract
steartrimonium chloride,112-03-8,antistatic; hair-conditioning; preservative,stearyltrimethylammonium chloride
cis-3-hexenyl butyrate,16491-36-4,perfuming,hex-3-en-1-yl butanoate
sd alcohol 38-f,,astringent; solvent; viscosity-controlling,sd alcohol 38-f
8-ethyl-1‚5-dimethylbicyclo-8-octanol,84681-92-5,perfuming,"bicyclo[3.2.1]octan-8-ol, 8-ethyl-1,5-dimethyl-"
shikimoyl sh-nonapeptide-12,,antidandruff; antimicrobial; antioxidant; hair-conditioning; skin-protecting,shikimoyl sh-nonapeptide-12
santalyl acetate,1323-00-8,perfuming,cid 524257
isopropyl-cyclohexadiene-acetaldehyde,93941-67-4,perfuming,"cyclohexadieneacetaldehyde, 4-(1-methylethyl)-"
narcissus tazetta bulb extract,,astringent; hair-conditioning; skin-conditioning,narcissus tazetta bulb extract
bletilla striata root water,,flavouring; masking; perfuming,bletilla striata root water
alpinia speciosa leaf water,,antimicrobial; emollient; hair-conditioning; skin-conditioning,alpinia speciosa leaf water
linalool acid isomerized,73018-51-6,perfuming,calcium oxide
silene acaulis callus culture extract,,antimicrobial; antioxidant; hair-conditioning; skin-protecting,silene acaulis callus culture extract
hexyl methylbutyrate,10032-15-2,perfuming,hexyl 2-methylbutyrate
ethyl 2-methyl-4-oxo-6-pentylcyclohex-2-enecarboxylate,59151-19-8,perfuming,"2-cyclohexene-1-carboxylic acid, 2-methyl-4-oxo-6-pentyl-, ethyl ester"
cinnamomum camphora formosana leaf extract,92704-03-5,perfuming,cinnamomum camphora formosana leaf extract
ficus religiosa stem extract,,antimicrobial; skin-conditioning,ficus religiosa stem extract
ethyl dimethyl-methylenecyclohexenecarboxylate,35044-58-7,perfuming,"ethane, 1,2-(trisdimethylaminosilyl)-"
melaleuca alternifolia leaf water,85085-48-9,antimicrobial; antiseborrhoeic; astringent; tonic,melaleuca alternifolia leaf water
nitriles coco,61789-53-5,perfuming,nitriles coco
ethyl geranyl ether,22882-91-3,perfuming,"(2e)-1-ethoxy-3,7-dimethyl-2,6-octadiene"
cis-2-phenylpropenyl acetate,37973-52-7,perfuming,"1-propen-1-ol, 2-phenyl-, acetate, (1e)-"
pimenta officinalis fruit oil,84929-57-7 / 8006-77-7,perfuming,pimenta officinalis fruit oil
ammonium glycolate,35249-89-9,buffering; keratolytic,"carbamic acid, (3-chloro-2-hydroxyphenyl)-, 1-methylethyl ester"
pseudotsuga menziesii wood extract,,antimicrobial,pseudotsuga menziesii wood extract
tocopheryl ethylascorbyl peg-4 bis-succinate,,antioxidant; antiseborrhoeic,tocopheryl ethylascorbyl peg-4 bis-succinate
nymphaea alba leaf cell extract,84696-27-5,flavouring; masking; perfuming; skin-protecting,nymphaea alba leaf cell extract
vitis amurensis root extract,,antimicrobial; antioxidant; hair-conditioning; humectant; skin-protecting,vitis amurensis root extract
butyl salicylate,2052-14-4,perfuming,butyl salicylate
citronellic acid,502-47-6,antidandruff; antimicrobial; masking,citronellic acid
larix sibirica wood extract,90046-20-1,antidandruff; antimicrobial; antioxidant; skin-protecting,larix sibirica wood extract
schizandra sphenanthera fruit extract,,antioxidant; antiseborrhoeic; skin-conditioning; skin-protecting,schizandra sphenanthera fruit extract
eucalyptus smithii leaf oil,91771-68-5,perfuming,eucalyptus smithii leaf oil
citrus paradisi seed oil,90045-43-5,perfuming; skin-conditioning,citrus paradisi seed oil
fragaria vesca flower extract,84929-78-2,astringent; skin-conditioning,fragaria vesca flower extract
murdannia keisak extract,,antimicrobial; antioxidant; emollient; humectant; skin-protecting,murdannia keisak extract
thuja orientalis leaf extract,91770-83-1,antioxidant; bleaching; hair-conditioning; skin-protecting,thuja orientalis leaf extract
methyl o-anisate,606-45-1,perfuming,methyl 2-methoxybenzoate
ostrya japonica leaf extract,,antimicrobial; antioxidant; emollient; skin-conditioning; skin-protecting,ostrya japonica leaf extract
petroselinum crispum seed extract,84012-33-9,masking; perfuming,petroselinum crispum seed extract
formyl ethyl tetramethyl tetralin,58243-85-9,perfuming,"2-naphthalenecarboxaldehyde, 3-ethyl-5,6,7,8-tetrahydro-5,5,8,8-tetramethyl-"
methyloctenol,24089-00-7,perfuming,3-methyloct-1-en-3-ol
benzaldehyde glyceryl 1‚3-cyclic acetal,1319-88-6,perfuming,"1,3-dioxolane-4-methanol, 2-phenyl-"
polyaminopropyl biguanide,32289-58-0 [1]/27083-27-8 [2]/28757-47-3 [3]/ 133029-32-0 [4],preservative,polyaminopropyl biguanide
pinus sylvestris leaf water,84012-35-1,perfuming; skin-conditioning,pinus sylvestris leaf water
potentilla chinensis callus extract,,antimicrobial; antioxidant; skin-conditioning,potentilla chinensis callus extract
methyl trans-1‚4-dimethyl-cyclohexanecarboxylate,23250-42-2,perfuming,"methyl 1,4-dimethylcyclohexane-1-carboxylate"
hedera helix leaf/stem,84082-54-2,anticaking; antimicrobial; astringent; skin-conditioning; soothing; tonic,hedera helix leaf/stem
cis-2-pentenol,1576-95-0,perfuming,pent-2-en-1-ol
cyclohexyl-4-methylpentan-2-one,4927-39-3,perfuming,"2-pentanone, 4-cyclohexyl-4-methyl-"
prunus tomentosa fruit extract,,antimicrobial; antioxidant; astringent; hair-conditioning; skin-conditioning,prunus tomentosa fruit extract
isoamyl phenylacetate,102-19-2,perfuming,isoamyl phenylacetate
aminolevulinoyl tripeptide-35,,bleaching; hair-conditioning; skin-protecting,aminolevulinoyl tripeptide-35
dihydroeugenol,2785-87-7,perfuming,4-propylguaiacol
helichrysum angustifolium flower oil,90045-56-0,masking; perfuming,helichrysum angustifolium flower oil
r-bovine oligopeptide-1,,astringent; humectant; skin-conditioning,r-bovine oligopeptide-1
lavandula hybrida herb extract,91722-69-9,perfuming,lavandula hybrida herb extract
bacillus/monascus/houttuynia cordata leaf/rice bran ferment filtrate,,antimicrobial; antiseborrhoeic; cosmetic-colorant,bacillus/monascus/houttuynia cordata leaf/rice bran ferment filtrate
phytol,150-86-7 / 7541-49-3,emollient; masking; perfuming,phytol
isopropyl-methylbicyclohexanone,546-80-5,perfuming,3-thujanone
commiphora schimperi gum oil,89997-88-6,perfuming,commiphora schimperi gum oil
geranyl propionate,105-90-8,perfuming,"2,6-octadien-1-ol, 3,7-dimethyl-, 1-propanoate"
methylenedioxyphenyl methylpropanal,1205-17-0,perfuming,"3-(3,4-methylenedioxyphenyl)-2-methylpropanal"
3‚6-nonadienol,76649-25-7,perfuming,"3,6-nonadien-1-ol"
caprylic/capric triglyceride,73398-61-5 / 65381-09-1,masking; perfuming; skin-conditioning,caprylic/capric triglyceride
viburnum dilatatum leaf/stem extract,,antimicrobial; antioxidant; emollient; skin-conditioning; skin-protecting,viburnum dilatatum leaf/stem extract
cinnamomum camphora adventitious root extract,,antimicrobial; antioxidant; hair-conditioning; refreshing; skin-conditioning; skin-protecting,cinnamomum camphora adventitious root extract
bacillus/monascus/typha angustifolia flower/soybean ferment filtrate,,antimicrobial; antioxidant; emollient; hair-conditioning,bacillus/monascus/typha angustifolia flower/soybean ferment filtrate
heliotropine,120-57-0,masking; perfuming; skin-conditioning,piperonal
l-menthyl formate,61949-23-3,perfuming,"menthyl formate, (-)-"
skatole,83-34-1,perfuming,skatole
castanopsis cuspidata stem extract,,antimicrobial; antioxidant; astringent; emollient,castanopsis cuspidata stem extract
lauroyloxy isobutyroyloxy isohexanoic acid,,antiseborrhoeic,lauroyloxy isobutyroyloxy isohexanoic acid
lolium perenne fruit extract,90063-63-1,perfuming,lolium perenne fruit extract
quercus robur bark extract,71011-28-4,astringent,quercus robur bark extract
cymbopogon nardus herb extract,89998-15-2,perfuming,cymbopogon nardus herb extract
cis-3-hexenyl tiglate,67883-79-8,perfuming,hex-3-en-1-yl 2-methylbut-2-enoate
hyssopus officinalis herb oil,84603-66-7,perfuming,hyssopus officinalis herb oil
salicylamide,65-45-2,keratolytic,salicylamide
5-amino-6-chloro-o-cresol,84540-50-1,antimicrobial; hair-dyeing,5-amino-6-chloro-o-cresol
methyl 2‚6,28043-10-9,perfuming,"2-cyclohexene-1-carboxylic acid, 2,6,6-trimethyl-, methyl ester"
dihydro-alpha-terpinol,498-81-7,perfuming,p-menthan-8-ol
kluyveromyces/lactobacillus/walnut seed oil ferment filtrate,,antioxidant; bleaching; hair-conditioning; skin-conditioning,kluyveromyces/lactobacillus/walnut seed oil ferment filtrate
cyclohexanone diethyl acetal,1670-47-9,perfuming,"1,1-diethoxycyclohexane"
borneol,507-70-0,masking; perfuming,"(1r,2s,4s)-1,7,7-trimethylbicyclo(2.2.1)heptan-2-ol"
3-isopentenyl acetate,5205-07-2,perfuming,isoprenyl acetate
ethyl benzoate,93-89-0,perfuming; preservative,ethyl benzoate
hibiscolide,6707-60-4,perfuming,11-oxahexadecanolide
isobutyl phenylacetate,102-13-6,perfuming,isobutyl phenylacetate
dimethylhexyl acetate,67952-57-2,perfuming,6-methyl-2-heptyl acetate
citral diethyl acetal,7492-66-2,perfuming,"(2e)-1,1-diethoxy-3,7-dimethylocta-2,6-diene"
betaine salicylate,,antimicrobial; keratolytic,betaine salicylate
arbutinyl undecylenate,,antimicrobial; antioxidant; bleaching,arbutinyl undecylenate
cyclododecyl acetate,6221-92-7,perfuming,"cyclododecanol, 1-acetate"
s-scorpion oligopeptide-1 amide,,antiseborrhoeic,s-scorpion oligopeptide-1 amide
10-hydroxy-1‚8-p-menthadiene,15766-66-2,perfuming,vanadium(iii) iodide
methoxy peg-100 propyl melittin amide,,antiseborrhoeic,methoxy peg-100 propyl melittin amide
2-ethylbutanol,97-95-0,perfuming,2-ethyl-1-butanol
2-nonyn-1-al dimethylacetal,13257-44-8,perfuming,"1,1-dimethoxynon-2-yne"
calcium thioglycolate,814-71-1,depilatory; keratolytic; reducing,beta-maltose
octahydro-tetramethyl-methano-cyclopentacyclopropabenzene-4-methanol formate,59056-70-1,perfuming,"2,3b-methano-3bh-cyclopenta[1,3]cyclopropa[1,2]benzene-4-methanol, octahydro-7,7,8,8-tetramethyl-, 4-formate"
bacillus/monascus/engelhardia roxburghiana leaf/soybean ferment filtrate,,antioxidant; antiseborrhoeic; emollient; skin-conditioning,bacillus/monascus/engelhardia roxburghiana leaf/soybean ferment filtrate
camellia sinensis leaf water,84650-60-2,masking; perfuming; tonic,phenol
bicyclopentylone,4884-24-6,perfuming,2-cyclopentylcyclopentanone
vaccinium macrocarpon fruit water,91770-88-6,masking; perfuming,vaccinium macrocarpon fruit water
butyl resorcinol bis-succinoylphytosphingosine,,antimicrobial; skin-protecting,butyl resorcinol bis-succinoylphytosphingosine
lavandula hybrida barreme herb oil,93685-88-2,perfuming,lavandula hybrida barreme herb oil
1‚1-dimethyl-3-phenylpropyl isobutyrate,10031-71-7,perfuming,"1,1-dimethyl-3-phenylpropyl isobutyrate"
kluyveromyces/lactobacillus/peach kernel ferment oil filtrate,,antioxidant; bleaching; hair-conditioning; skin-conditioning; skin-protecting,kluyveromyces/lactobacillus/peach kernel ferment oil filtrate
oxobutylphenyl acetate,3572-06-3,perfuming,4-(p-acetoxyphenyl)-2-butanone
narcissus pseudo-narcissus flower water,90064-27-0,flavouring; masking; perfuming; skin-conditioning,narcissus pseudo-narcissus flower water
tert-butyl dimethyl acetophenone,2040-10-0,perfuming,"4'-tert-butyl-2',6'-dimethylacetophenone"
hydroxymethyl dioxoazabicyclooctane,6542-37-6,antimicrobial,hydroxymethyl dioxoazabicyclooctane
morus bombycis wood extract,,antimicrobial; antioxidant; astringent; emollient,morus bombycis wood extract
allyl heptine carbonate,73157-43-4,perfuming,"2-octynoic acid, 2-propen-1-yl ester"
resorcinol dimethyl ether,151-10-0,perfuming,"1,3-dimethoxybenzene"
origanum cretium herb extract,91722-83-7,perfuming,origanum cretium herb extract
bifonazole,60628-96-8,antidandruff; antimicrobial,bifonazole
lactobacillus/rice/camellia sinensis leaf/taraxacum platycarpum ferment extract,,bleaching; skin-conditioning,lactobacillus/rice/camellia sinensis leaf/taraxacum platycarpum ferment extract
cis-3-heptenyl acetate,1576-78-9,perfuming,hept-3-en-1-yl acetate
alpha-methyl-alpha-vinyl-benzenepropanenitrile,97384-48-0,perfuming,2-benzyl-2-methyl-3-butenitrile
hydrolyzed glucosyl stevioside,,antidandruff; antioxidant; antiseborrhoeic; skin-conditioning,hydrolyzed glucosyl stevioside
isoamyl phenethyl ether,56011-02-0,perfuming,isoamyl phenethyl ether
methoxyacetophenone,100-06-1,perfuming,bromomethyl 4-methoxyphenyl ketone
5-methyl-5-phenyl-3-hexanone,4927-36-0,perfuming,"3-hexanone, 5-methyl-5-phenyl-"
cellulose gum,9004-32-4,binding; emulsion-stabilising; film-forming; fragrance; viscosity-controlling,carmellose (jp17/nf/inn)
dimethyl benzenebutanol,92585-24-5,perfuming,2-methyl-4-phenyl-1-pentanol
isobutylamido thiazolyl resorcinol,1428450-95-6,bleaching,"n-(4-(2,4-dihydroxyphenyl)-1,3-thiazol-2-yl)-2-methylpropanamide"
5-bromo-5-nitro-1‚3-dioxane,30007-47-7,preservative,"5-bromo-5-nitro-1,3-dioxane"
ononis arvensis root extract,,antiseborrhoeic; soothing,ononis arvensis root extract
triclosan,3380-34-5,deodorant; preservative,triclosan
silver bicarbonate,534-16-7,antidandruff; antimicrobial,silver carbonate
4-methyl-2-phenylethyl-1‚3-dioxolane,67634-23-5,perfuming,2-(4-chlorophenoxy)-n-(2-chlorophenyl)acetamide
aluminum zirconium tetrachlorohydrate,98106-52-6,antiperspirant; astringent; deodorant,aluminum zirconium pentachlorohydrate (usp)
p-tert-butylphenyl acetonitrile,3288-99-1,perfuming,(4-tert-butylphenyl)acetonitrile
methyl2-phenylmethyleneoctylideneamino benzoate,67924-13-4,perfuming,"benzoic acid, 2-((2-(phenylmethylene)octylidene)amino)-, methyl ester"
hexahydro-benzofuranone,6051-03-2,perfuming,"2(3h)-benzofuranone, hexahydro-"
cyclooctyl methyl carbonate,61699-38-5,perfuming,"benzoic acid, 4-(1,1-dimethylethyl)-, compd. with 2,2',2''-nitrilotris(ethanol) (1:1)"
trimethylcyclopentenyl dimethylisopentenol,107898-54-4,perfuming,"4-penten-2-ol, 3,3-dimethyl-5-(2,2,3-trimethyl-3-cyclopenten-1-yl)-"
phenyl benzoate,93-99-2,preservative,phenyl benzoate
2‚5-dimethyl-2-vinylhex-4-enal,56134-05-5,perfuming,"2,5-dimethyl-2-vinyl-4-hexenal"
pinus mugo leaf oil,90082-72-7 / 8000-26-8,masking; perfuming,pinus mugo leaf oil
benzyl valerate,10361-39-4,perfuming,benzyl pentanoate
butyl isohexanoate,6297-41-2,perfuming,butyl 2-methylpentanoate
o-tolualdehyde,529-20-4,perfuming,2-methylbenzaldehyde
trans-rose ketone-3,71048-82-3,perfuming,"1-(2,6,6-trimethylcyclohex-3-en-1-yl)but-2-en-1-one"
l-menthanone,14073-97-3,perfuming,p-menthan-3-one
zinc cysteinate,,antimicrobial,zinc cysteinate
carvacrol,499-75-2,perfuming,carvacrol
4-ethylphenol,123-07-9,perfuming,4-ethylphenol
o-phenylphenol,90-43-7,preservative,"(1,1'-biphenyl)-2-ol"
amylvinylcarbinyl acetate,2442-10-6,perfuming,1-octen-3-yl acetate
lavandula angustifolia herb extract,90063-37-9,perfuming,lavandula angustifolia herb extract
sodium salicylate,54-21-7,denaturant; preservative,sodium salicylate
bursera fagaroides wood oil,92874-96-9,perfuming,bursera fagaroides wood oil
2-dimethylcyclohexenyl-5-methyl-5-methylpropyl-1‚3-dioxane,117933-89-8,perfuming,"1,3-dioxane, 2-(2,4-dimethyl-3-cyclohexen-1-yl)-5-methyl-5-(1-methylpropyl)-"
hexahydro-methanoinden-6-yl isobutyrate,68039-39-4,perfuming,"3a,4,5,6,7,7a-hexahydro-4,7-methano-1h-inden-6-yl isobutyrate"
lavandula officinalis extract sulfurized palladium salt,97660-01-0,perfuming,lavandula officinalis extract sulfurized palladium salt
octahydro-hexamethyl-naphthoxirene,94400-98-3,perfuming,moxalone
citrus nobilis peel extract,90063-83-5 / 84929-38-4,masking; perfuming; skin-conditioning,citrus nobilis peel extract
2-melozol acetate,64644-34-4,perfuming,"propiophenone, 4'-(2-hydroxy-3-((2-diethylaminoethyl)amino)propoxy)-"
3‚7-dimethyl-3‚6-octadienal,55722-59-3,perfuming,"3,6-octadienal, 3,7-dimethyl-"
phenyl mercuric acetate,62-38-4,preservative,acetoxy phenylmercury
beta-pinenes,127-91-3,perfuming,beta-pinene
1-methyl-4-methylvinyl-cyclohexene,7705-14-8 / 6876-12-6,perfuming,1-methyl-4-methylvinyl-cyclohexene
daemonorops draco extract,84776-31-8,astringent,daemonorops draco extract
amylcinnamal dimethyl acetal,91-87-2,perfuming,[2-(dimethoxymethyl)-1-heptenyl]benzene
methoxycitronellal,3613-30-7,perfuming,"7-methoxy-3,7-dimethyloctanal"
cannabidiol,13956-29-1,antioxidant; antiseborrhoeic; skin-conditioning; skin-protecting,"2-[(6r)-6-isopropenyl-3-methyl-2-cyclohexen-1-yl]-5-pentyl-1,3-benzenediol"
dimethylaminostyryl heptyl methyl thiazolium iodide,,antimicrobial,dimethylaminostyryl heptyl methyl thiazolium iodide
aspergillus/potato starch/wheat flour ferment filtrate,,antimicrobial; antiseborrhoeic,aspergillus/potato starch/wheat flour ferment filtrate
nicotiana tabacum leaf oil,84961-66-0,perfuming,nicotiana tabacum leaf oil
coumaroyl tripeptide-35,,antioxidant; bleaching; skin-protecting,coumaroyl tripeptide-35
2-methoxy-3-methylpyrazine,2847-30-5,perfuming,2-methoxy-3-methylpyrazine
eucalyptus cinerea leaf oil,98143-66-9,astringent; deodorant; flavouring; masking,eucalyptus cinerea leaf oil
dihydrojasmone,1128-08-1,perfuming,dihydrojasmone
amyl cinnamate,3487-99-8,perfuming,3-methylbutyl 3-phenylprop-2-enoate
potassium propylparaben,84930-16-5,preservative,potassium propylparaben
veratrole,91-16-7,perfuming,veratrole
lippia origanoides leaf/flower/stem oil,,antimicrobial; antioxidant; flavouring; masking; preservative,lippia origanoides leaf/flower/stem oil
physocarpus amurensis stem extract,,antidandruff; antimicrobial; antioxidant; emollient; skin-conditioning,physocarpus amurensis stem extract
methoxyphenylamino phenylpyrazole,103141-09-9,antiseborrhoeic,fpl 62064
cymbopogon schoenanthus water,89998-16-3,flavouring; masking; perfuming; skin-conditioning,cymbopogon schoenanthus water
disodium dihydroxyethyl sulfosuccinylundecylenate,109840-16-6,antimicrobial; cleansing; deodorant; surfactant,"4-dodecene-1,2,12-tricarboxylic acid, 2-sulfo-, 1,2-bis(2-hydroxyethyl) ester, sodium salt (1:2)"
piper angustifolium leaf extract,,antioxidant; astringent; skin-conditioning; skin-protecting,piper angustifolium leaf extract
eugenia caryophyllus bud water,,antimicrobial; antioxidant; antiplaque,eugenia caryophyllus bud water
terpenes and terpenoids sinpine,68917-63-5,perfuming,terpenes and terpenoids sinpine
isopropylphenyl-propionaldehyde,34291-99-1,perfuming,2-(4-isopropylphenyl)propionaldehyde
commiphora erythrea glabrescens gum oil,93686-00-1 / 100084-96-6,perfuming,commiphora erythrea glabrescens gum oil
ammonium sulfite,10196-04-0,hair-waving-or-straightening; preservative; reducing,ammonium sulfite
cordyline terminalis leaf extract,,astringent; skin-conditioning,cordyline terminalis leaf extract
lavandula angustifolia angustifolia herb extract acetylated,94334-13-1,perfuming,lavandula angustifolia angustifolia herb extract acetylated
methylene glycol,463-57-0,antimicrobial; nail-conditioning,methanediol
juglans nigra leaf extract,96690-56-1,astringent,juglans nigra leaf extract
calcium undecylenate,1322-14-1,antimicrobial; preservative; viscosity-controlling,calcium undecylenate
dimethyl-3-methylpentadienyl-oxirane,69103-20-4,perfuming,"2,2-dimethyl-3-(3-methylpenta-2,4-dienyl)oxirane"
citral / methyl anthranilate schiff base,67801-47-2,perfuming,"methyl 2-(3,7-dimethylocta-2,6-dienylideneamino)benzoate"
dihydroterpinyl acetate,80-25-1,perfuming,dihydroterpinyl acetate
abies alba seed extract,,antimicrobial; antioxidant; bleaching; skin-conditioning; skin-protecting,abies alba seed extract
copaifera reticulata balsam oil,8001-61-4,perfuming,copaifera reticulata balsam oil
isopropyl palmitate,142-91-6,binding; emollient; masking; perfuming,isopropyl palmitate
trimethylbicyclohept-3-ylidenepropiononitrile,68804-02-4,perfuming,"3-(4,7,7-trimethylbicyclo[4.1.0]heptan-3-ylidene)propanenitrile"
adesmia boronioides flower/leaf/stem oil,,flavouring; masking; perfuming,adesmia boronioides flower/leaf/stem oil
verbascoside,61276-17-3,antioxidant; bleaching; chelating; skin-protecting,"[(2r,3r,4r,5r,6r)-6-[2-(3,4-dihydroxyphenyl)ethoxy]-5-hydroxy-2-(hydroxymethyl)-4-[(2s,3r,4r,5r,6s)-3,4,5-trihydroxy-6-methyloxan-2-yl]oxyoxan-3-yl] 3-(3,4-dihydroxyphenyl)prop-2-enoate"
shinorine,73112-73-9,antimicrobial; antioxidant; hair-conditioning; skin-protecting; stabilising,shinorine
origanum vulgare flower/leaf/stem water,84012-24-8,masking; perfuming,origanum vulgare flower/leaf/stem water
anigozanthos flavidus flower extract,223749-17-5,antiseborrhoeic; emollient; hair-conditioning; skin-conditioning,anigozanthos flavidus flower extract
viola mandshurica flower/syringa vulgaris/(solanum melongena/vitis vinifera) fruit water,,antioxidant; antiseborrhoeic; skin-conditioning; skin-protecting,viola mandshurica flower/syringa vulgaris/(solanum melongena/vitis vinifera) fruit water
mahonia aquifolium root extract,90063-76-6,astringent,mahonia aquifolium root extract
methyl acetylaminobenzoate,2719-08-6,perfuming,methyl n-acetylanthranilate
bacillus/monascus/vanda coerulea callus/rice bran ferment filtrate,,antiseborrhoeic; emollient; skin-conditioning,bacillus/monascus/vanda coerulea callus/rice bran ferment filtrate
4-thujanol,546-79-2,perfuming,sabinene
abies sibirica needle extract,91697-89-1,perfuming,abies sibirica needle extract
lactobacillus/aloe leaf/angelica keiskei/brassica oleracea acephala leaf/carrot leaf/carrot root/cucumber fruit/grapefruit fruit/lavander leaf/melissa officinalis leaf/rosemary leaf/tomato fruit ferment filtrate,,antioxidant; astringent; humectant; skin-protecting,lactobacillus/aloe leaf/angelica keiskei/brassica oleracea acephala leaf/carrot leaf/carrot root/cucumber fruit/grapefruit fruit/lavander leaf/melissa officinalis leaf/rosemary leaf/tomato fruit ferment filtrate
cedrol methyl ether,19870-74-7,perfuming,8-methoxycedrane
pinus mugo pumilio twig leaf extract,90082-73-8,perfuming,pinus mugo pumilio twig leaf extract
rh-oligopeptide-33,,antimicrobial; skin-protecting,rh-oligopeptide-33
euphorbia jolkinii extract,,antimicrobial; antioxidant; antiseborrhoeic; astringent; emollient; hair-conditioning; skin-conditioning,euphorbia jolkinii extract
centella asiatica callus extract,,antimicrobial; antioxidant; hair-conditioning; humectant; skin-protecting,centella asiatica callus extract
amentoflavone,1617-53-4,antioxidant; bleaching,amentoflavone
isopropyl-p-cresol,4427-56-9,perfuming,2-isopropyl-p-cresol
reynoutria sachalinensis sprout extract,,antimicrobial; antiplaque; astringent; masking; skin-conditioning; skin-protecting,reynoutria sachalinensis sprout extract
iris germanica florentina root oil,90045-89-9,perfuming,iris germanica florentina root oil
guaiacum sanctum gum extract,91723-40-9,perfuming,guaiacum sanctum gum extract
phalaenopsis amabilis flower extract,,bleaching; skin-protecting,phalaenopsis amabilis flower extract
kluyveromyces/lactobacillus/evening primrose flower oil ferment filtrate,,antioxidant; astringent; bleaching; hair-conditioning; skin-conditioning; skin-protecting,kluyveromyces/lactobacillus/evening primrose flower oil ferment filtrate
hydrolyzed camellia sinensis leaf extract,,antioxidant; antiseborrhoeic; bleaching; skin-conditioning,hydrolyzed camellia sinensis leaf extract
calcium paraben,69959-44-0,preservative,calcium bis(4-hydroxybenzoate)
iris germanica florentina root extract,90045-89-9,perfuming,iris germanica florentina root extract
bacillus/monascus/prunella vulgaris flower/leaf/soybean ferment filtrate,,antiseborrhoeic; emollient; hair-conditioning; skin-conditioning,bacillus/monascus/prunella vulgaris flower/leaf/soybean ferment filtrate
isopentylcyclohexanone,16587-71-6,masking; perfuming,4-tert-pentylcyclohexanone
amyl cyclopentanone propanone,40942-73-2,perfuming,"2,6-di-tert-butylnaphthalene"
tricyclopentadiene,7158-25-0,perfuming,"rel-(1r,2s)-2-phenylcyclohexanol"
butyl phenylacetate,122-43-0,perfuming,butyl phenylacetate
melissa officinalis leaf oil,84082-61-1 / 8014-71-9,masking; perfuming; tonic,melissa officinalis leaf oil
isododecane,31807-55-3 / 93685-81-5 / 13475-82-6,emollient; perfuming; solvent,isododecane
hexetidine,141-94-6,oral-care; preservative,hexetidine
trimethyl-pentyl-dioxane,63449-89-8,perfuming,"1,3-dioxane, 4,4,6-trimethyl-2-pentyl-"
trimethylbicyclo-3-hepten-2-one,18309-32-5,perfuming,"4,6,6-trimethylbicyclo(3.1.1)hept-3-en-2-one"
eucalyptus smithii leaf extract,91771-68-5,perfuming,eucalyptus smithii leaf extract
pothomorphe umbellata leaf extract,,antioxidant; astringent; skin-protecting,pothomorphe umbellata leaf extract
lavandula angustifolia herb oil,90063-37-9,perfuming,lavandula angustifolia herb oil
paraffin,8002-74-2; 64742-51-4,perfuming; skin-conditioning; viscosity-controlling,paraffin
allyl caproate,123-68-2,astringent; emollient; masking; perfuming,allyl caproate
pelargonium crispum stem extract,90082-46-5,perfuming,pelargonium crispum stem extract
heterosigma akashiwo cell extract,,antimicrobial; antioxidant; hair-conditioning; skin-protecting,heterosigma akashiwo cell extract
trimethylundecenal,141-13-9,perfuming,nickel
bulnesia sarmientoi extract acetylated,94333-88-7,perfuming,bulnesia sarmientoi extract acetylated
dimethyl-4-isoheptenal dimethyl acetal,67674-46-8,perfuming,"6,6-dimethoxy-2,5,5-trimethylhex-2-ene"
ostrich egg yolk extract,,antimicrobial; emollient; skin-conditioning,ostrich egg yolk extract
phenylacetaldehyde diethyl acetal,6314-97-2,perfuming,phenylacetaldehyde diethyl acetal
copaifera reticulata balsam extract,8001-61-4,perfuming,copaifera reticulata balsam extract
linalyl butyrate,78-36-4,perfuming,linalyl butyrate
methyl salicylate,119-36-8,denaturant; perfuming; soothing,methyl salicylate
hamamelis virginiana water,84696-19-5,astringent; hair-conditioning; skin-conditioning; soothing,hamamelis virginiana water
fevillea trilobata seed oil,,astringent; skin-protecting,fevillea trilobata seed oil
bisabolene,495-62-5,perfuming,gamma-bisabolene
adamantanyl dihydrocaffeamide,,antioxidant; bleaching; skin-protecting,adamantanyl dihydrocaffeamide
pregnadienol,21321-88-0,masking; perfuming,pregnadienol
rheum tanguticum root extract,,antimicrobial; humectant,rheum tanguticum root extract
nymphaea lotus root extract,91723-04-5,astringent,nymphaea lotus root extract
alpinia speciosa flower/ leaf/seed/ stem extract,,antioxidant; preservative,alpinia speciosa flower/ leaf/seed/ stem extract
heptanol,111-70-6,perfuming,heptanol
cleome gynandra leaf extract,,antiseborrhoeic,cleome gynandra leaf extract
chamomilla recutita flower/leaf/stem water,84082-60-0,masking; perfuming,chamomilla recutita flower/leaf/stem water
tetramethylpyrazine,1124-11-4,perfuming,tetramethylpyrazine
2‚6,432-25-7,perfuming,beta-cyclocitral
propyl acetate,109-60-4,perfuming; solvent,propyl acetate
rose ketone-3,57378-68-4,perfuming,"1-(2,6,6-trimethylcyclohex-3-en-1-yl)but-2-en-1-one"
benzyl benzoate,120-51-4,antimicrobial; perfuming; solvent,benzyl benzoate
parfum,,deodorant; masking; perfuming,parfum
rosa wichuraiana stem extract,,antioxidant; astringent; emollient; hair-conditioning,rosa wichuraiana stem extract
citronellyl phenylacetate,139-70-8,perfuming,citronellyl phenylacetate
geranyl benzoate,94-48-4,perfuming,1-chloro-2-nitrobenzene
tricyclodecenyl propionate,17511-60-3,deodorant; masking; perfuming,diphenyl-o-tolylphosphine
hexyloxyacetaldehyde dimethyl acetal,17597-95-4,perfuming,"hexane, 1-(2,2-dimethoxyethoxy)-"
trimethylbicyclo-2-heptanone,4695-62-9,perfuming,(+-)-fenchone
zostera marina callus extract,,antimicrobial; antioxidant; skin-conditioning,zostera marina callus extract
pterocarpus soyauxii wood extract,,astringent,pterocarpus soyauxii wood extract
methoxy-tetrahydro-methylenepyranyl-phenol,128489-04-3,perfuming,2-methoxy-4-(tetrahydro-4-methylene-2h-pyran-2-yl)phenol
angelica keiskei callus extract,,antimicrobial; antioxidant; hair-conditioning; skin-conditioning,angelica keiskei callus extract
p-anisyl formate,122-91-8,perfuming,4-methoxybenzyl formate
salix alba bark water,84082-82-6,astringent; skin-conditioning; soothing; tonic,salix alba bark water
liquidambar orientalis balsam oil,94891-27-7,perfuming,liquidambar orientalis balsam oil
decahydro-hydroxy-tetramethyl-naphthalene-ethanol,55881-96-4,perfuming,"decahydro-2-hydroxy-2,5,5,8a-tetramethylnaphthalene-1-ethanol"
citronellyl crotonate,68039-38-3,perfuming,"3,7-dimethyloct-6-enyl but-2-enoate"
isobutylthiazole,18640-74-9,perfuming,2-isobutylthiazole
guaiacol phenylacetate,4112-89-4,perfuming,2-methoxyphenyl benzeneacetate
decanenitrile,1975-78-6,perfuming,decanenitrile
zinc borate,1332-07-6,antimicrobial,"boric acid (hbo2), zinc salt (2:1)"
3-hexenal,4440-65-7,perfuming,hex-3-enal
foeniculum vulgare dulce fruit oil,84455-29-8,perfuming,foeniculum vulgare dulce fruit oil
lolium perenne leaf extract,90063-63-1,perfuming,lolium perenne leaf extract
2‚4-hexadienyl acetate,1516-17-2,perfuming,"e,e-2,4-hexadienyl acetate"
prunus amygdalus sativa kernel oil,90320-37-9,perfuming,prunus amygdalus sativa kernel oil
allyl octanoate,4230-97-1,perfuming,allyl octanoate
hexahydro-tetramethyl-methanoazulen-5-yl methyl ketone,68039-35-0,perfuming,"ethanone, 1-(2,3,4,7,8,8a-hexahydro-3,6,8,8-tetramethyl-1h-3a,7-methanoazulen-5-yl)-"
neryl butyrate,999-40-6,perfuming,"3,7-dimethyl-2,6-octadienyl butyrate"
helichrysum italicum flower extract,90045-56-0,perfuming,helichrysum italicum flower extract
1-methyl-4-methylvinyl-cyclohexanol,138-87-4,perfuming,beta-terpineol
lactoferricin,146897-68-9,antimicrobial,lactoferricin
zingerone,122-48-5,perfuming,zingerone
hydroxynonanone,67801-46-1,perfuming,1-hydroxy-3-nonanone
8-tert-butylquinoline,67634-06-4,perfuming,8-(sec-butyl)quinoline
baccharis dracunculifolia herb oil,94406-01-6,perfuming,baccharis dracunculifolia herb oil
formaldehyde cyclodecyl methyl acetal,42604-12-6,perfuming,"cyclododecane, (methoxymethoxy)-"
tetramethylcyclohexanepropanol,4361-23-3,perfuming,tetrahydroionol
amyl isovalerate,25415-62-7,perfuming,"butanoic acid, 3-methyl-, pentyl ester"
rheum palmatum root/stalk extract,90106-27-7 / 8016-55-5,astringent; skin-conditioning; tonic,rheum palmatum root/stalk extract
eucalyptus parvula leaf oil,,astringent; deodorant; flavouring; masking,eucalyptus parvula leaf oil
3-dodecyldihydrofuranone,73263-36-2,perfuming,"3-dodecyldihydro-2(3h)-furanone, (+-)-"
2-heptylcyclopentanone,137-03-1,masking; perfuming,2-heptylcyclopentanone
sd alcohol 39-d,,astringent; solvent; viscosity-controlling,sd alcohol 39-d
santalol,11031-45-1,perfuming,2-methyl-5-(2-methyl-3-methylenebicyclo[2.2.1]hept-2-yl)-2-penten-1-ol
m-tolualdehyde,620-23-5,perfuming,3-methylbenzaldehyde
tetrahydrolinalool,78-69-3,perfuming,tetrahydrolinalool
isoeugenyl acetate,93-29-8,perfuming,"isoeugenol, acetate"
rhodopseudomonas sphaeroides ferment filtrate,,bleaching,rhodopseudomonas sphaeroides ferment filtrate
artemisinin,63968-64-9,antimicrobial; skin-conditioning,"octahydro-3,6,9-trimethyl-3,12-epoxy-12h-pyrano(4,3-j)-1,2-benzodioxepin-10(3h)-one"
isopropyl butyrate,638-11-9,perfuming,isopropyl butyrate
geranylgeraniol,24034-73-9,antimicrobial; antioxidant; humectant,tetraprenol
silver benzoate,532-31-0,antimicrobial,silver benzoate
hydrogen peroxide,7722-84-1,antimicrobial; oxidising,hydrogen peroxide
juniperus virginiana,94334-11-9,perfuming,juniperus virginiana
cistus species resin,84775-64-4,perfuming,cistus species resin
phenoxyethyl isobutyrate,103-60-6,perfuming,phenoxyethyl isobutyrate
phenylacetaldehyde dihydrogeranyl acetal,67634-04-2,perfuming,stramonin-b
4-tert-butyldihydrocinnamaldehyde,18127-01-0,perfuming,bourgeonal
tetramethylbicyclo-2-heptene-2-propionaldehyde,33885-52-8,perfuming,"alpha,alpha,6,6-tetramethylbicyclo(3.1.1)hept-2-ene-2-propanal"
hemocyanin,9013-72-3,antimicrobial; antiseborrhoeic,keyhole limpet hemocyanin
cymbopogon winterianus herb extract,91771-61-8,perfuming,cymbopogon winterianus herb extract
sambucus williamsii phytoplacenta extract,,antimicrobial; antioxidant; hair-conditioning; skin-protecting,sambucus williamsii phytoplacenta extract
piperonyl acetate,326-61-4,perfuming,piperonyl acetate
7-isopropyl-5-methylbicyclooctene-2-carbonitrile,68311-05-7,perfuming,"bicyclo[2.2.2]oct-5-ene-2-carbonitrile, 5-methyl-7-(1-methylethyl)-"
buteth-2 acetate,124-17-4,masking; perfuming; solvent; viscosity-controlling,glycol monobutyl ether acetate
propenyl p-cymene,14374-92-6,perfuming,2-prop-1-enyl-p-cymene
dibromocyanoacetamide,10222-01-2,antimicrobial,"2,2-dibromo-3-nitrilopropionamide"
aniba rosodora wood oil,8015-77-8,astringent; masking; skin-conditioning,aniba rosodora wood oil
o-allyloxyanisole,4125-43-3,perfuming,"benzene, 1-methoxy-2-(2-propen-1-yloxy)-"
dianthus caryophyllus flower water,89958-29-2,masking; perfuming,dianthus caryophyllus flower water
erigeron canadensis flower extract,85166-76-3,antioxidant; astringent; emollient,erigeron canadensis flower extract
coriandrum sativum fruit oil,8008-52-4 / 84775-50-8,masking; perfuming,coriandrum sativum fruit oil
bis-retinoyl gerotine bis-hydroxysuccinimide,666854-47-3,antioxidant; antiseborrhoeic,bis-retinoyl gerotine bis-hydroxysuccinimide
pinus pinaster leaf/twig oil,,antimicrobial; antiperspirant; deodorant,pinus pinaster leaf/twig oil
tetramethyl-4‚8-decadienenitrile,58260-78-9,perfuming,"4,8-decadienenitrile, 2,2,5,9-tetramethyl-"
pinus pumilio leaf extract,97676-05-6,perfuming; tonic,pinus pumilio leaf extract
butyl propionate,590-01-2,perfuming,butyl propionate
ethyl trimethylcyclopentene butenol,28219-61-6,masking; perfuming,"2-ethyl-4-(2',2',3-trimethylcyclopent-3'-enyl)but-2-enol"
juniperus oxycedrus fruit extract,90046-02-9,masking; perfuming; tonic,juniperus oxycedrus fruit extract
borago officinalis/lavandula angustifolia/hyacinthus orientalis/salvia sclarea/(centaurea cyanus/chamomilla recutita) flower/chamomilla recutita leaf water,,antioxidant; antiseborrhoeic; skin-conditioning; skin-protecting,borago officinalis/lavandula angustifolia/hyacinthus orientalis/salvia sclarea/(centaurea cyanus/chamomilla recutita) flower/chamomilla recutita leaf water
dimethylcyclohexenyl 3-butenyl ketone,56973-85-4,perfuming,"2-naphthalenecarboxamide, 3-hydroxy-7-methoxy-n-(2-methylphenyl)-"
cyclohexylidenecyclohexanone,1011-12-7,perfuming,bicyclohexyliden-2-one
lycium chinense fruit/safflower flower/root/poria cocos extract,,bleaching,lycium chinense fruit/safflower flower/root/poria cocos extract
tetrahydro-dimethyl-benzofuran-2-one,13341-72-5,perfuming,menthalactone
methyl oleate,112-62-9,emollient; perfuming; skin-conditioning,"9-octadecenoic acid, methyl ester"
2-dodecenol,22104-81-0,perfuming,2-dodecen-1-ol
hexahydro-methanoinden-6-yl-isopentenol,126646-06-8,perfuming,"3-buten-2-ol, 4-(3a,4,5,6,7,7a-hexahydro-4,7-methano-1h-inden-6-yl)-3-methyl-"
isocyclocitral,1335-66-6 / 1423-46-7 / 67634-07-5,perfuming,isocyclocitral
citrus sunki seed oil,,antioxidant; bleaching; skin-conditioning,citrus sunki seed oil
acetaldehyde ethyl linalyl acetal,40910-49-4,perfuming,"3,7-dimethyl-7-ethoxyoctanal"
hamamelis virginiana bark/leaf extract,84696-19-5,astringent; skin-conditioning,hamamelis virginiana bark/leaf extract
thiamine bis-laurylsulfate,,preservative,thiamine bis-laurylsulfate
2-p-cresyloxyethyl acetate,6807-11-0,perfuming,"ethanol, 2-(4-methylphenoxy)-, 1-acetate"
diisopropyl benzaldehyde,68459-95-0,perfuming,"benzaldehyde, 2,4-bis(1-methylethyl)-"
ethyl valerate,539-82-2,perfuming,ethyl valerate
kluyveromyces/lactobacillus/juniperus communis fruit oil ferment filtrate,,antioxidant; astringent; bleaching; skin-conditioning,kluyveromyces/lactobacillus/juniperus communis fruit oil ferment filtrate
chamaecyparis formosensis wood oil,,antimicrobial; antioxidant,chamaecyparis formosensis wood oil
jasminum officinale flower extract,90045-94-6,masking; perfuming,jasminum officinale flower extract
menthone,89-80-5,perfuming,p-menthan-3-one
trimethoxy-2-vinyltetrahydropyran,7392-19-0,perfuming,"2,6,6-trimethyl-2-vinyltetrahydropyran"
mentha citrata leaf extract,85085-49-0,astringent; perfuming,mentha citrata leaf extract
schisandra chinensis phytoplacenta extract,,antimicrobial; antioxidant; antiseborrhoeic; hair-conditioning; skin-protecting,schisandra chinensis phytoplacenta extract
botrychium ternatum extract,,antimicrobial; antioxidant; humectant; skin-conditioning,botrychium ternatum extract
ajuga reptans cell culture extract,90320-26-6,antioxidant; bleaching; chelating,ajuga reptans cell culture extract
panduratin a,,antimicrobial; antioxidant; bleaching; deodorant; oral-care; skin-conditioning,panduratin a
neryl isovalerateate,3915-83-1,perfuming,"butanoic acid, 3-methyl-, (2e)-3,7-dimethyl-2,6-octadienyl ester"
2-furylmethanethiol,98-02-2,perfuming,acetovanillone
caryophyllene alcohol,56747-96-7,perfuming,caryophyllene alcohol
chlorhexidine digluconate,18472-51-0,antimicrobial; oral-care; preservative,chlorhexidine digluconate (20% in water)
hydrolyzed cocoa fruit,,astringent; skin-protecting,hydrolyzed cocoa fruit
magnolia grandiflora bark extract,85085-47-8,antimicrobial; antioxidant; skin-conditioning,magnolia grandiflora bark extract
2‚3-dihydro-2‚2,116-26-7,perfuming,safranal
cis-methoxypropoxyhexene,97358-55-9,perfuming,bean hexene
4-tert-butylcyclohexanone,98-53-3,perfuming,4-tert-butylcyclohexanone
rheum undulatum root/stalk/stem extract,90106-31-3 / 8016-55-5,astringent; emollient; skin-conditioning; tonic,rheum undulatum root/stalk/stem extract
terminalia sericea bark/root extract,90131-49-0,astringent; skin-conditioning,terminalia sericea bark/root extract
musk ketone,81-14-1,masking; perfuming,musk ketone
4-methylpentane-2‚3-dione,7493-58-5,perfuming,acetyl isobutyryl
trans-trimethyldodecatrien-3-ol,40716-66-3,perfuming,"1,6,10-dodecatrien-3-ol, 3,7,11-trimethyl-"
musk cyclopentenyl propionate,84012-64-6,perfuming,"1-cyclopentene-1-propanol, beta,beta,2-trimethyl-5-(1-methylethenyl)-, 1-propanoate"
pinanyl methyl ketone,23361-88-8,perfuming,"1-(2,5,5-trimethylcycloheptyl)ethan-1-one"
kluyveromyces/lactobacillus/adansonia digitata seed oil/calophyllum inophyllum seed oil/olive seed oil/orbignya oleifera seed oil/phaseolus radiatus seed oil ferment filtrate,,antioxidant; astringent; hair-conditioning; skin-conditioning,kluyveromyces/lactobacillus/adansonia digitata seed oil/calophyllum inophyllum seed oil/olive seed oil/orbignya oleifera seed oil/phaseolus radiatus seed oil ferment filtrate
artemisia arborescens herb oil,92113-09-2,perfuming,artemisia arborescens herb oil
sr-rice polypeptide-1,,antimicrobial; antioxidant; hair-conditioning; humectant; skin-conditioning; skin-protecting,sr-rice polypeptide-1
dihydromyrcenyl acetate,53767-93-4,perfuming,"2,3,4-trimethylphenol"
methyloctanediyl diacetate,67634-09-7,perfuming,"1,3-octanediol, 2-methyl-, 1,3-diacetate"
dihexyloxy cyclohexane,,bleaching,dihexyloxy cyclohexane
2-ethylbutyric acid,88-09-5,perfuming,2-ethylbutyric acid
nicotiana tabacum flower oil,84961-66-0,perfuming,nicotiana tabacum flower oil
delta-nonalactone,3301-94-8,perfuming,delta-nonalactone
3-hexenyl 2-methylbutyrate,10094-41-4,perfuming,3-hexenyl 2-methylbutyrate
octylisothiazolinone,26530-20-1,antimicrobial,2-n-octyl-4-isothiazolin-3-one
alpha-pinanol,4948-28-1,perfuming,2-pinanol
dodecane,112-40-3,perfuming,dodecane
propyl octanoate,624-13-5,perfuming,propyl octanoate
phenethyl benzoate,94-47-3,emollient; perfuming,phenethyl benzoate
pseudotsuga menziesii branch/leaf oil,97926-19-7,perfuming,pseudotsuga menziesii branch/leaf oil
dipterocarpus turbinatus balsam extract,8030-55-5 / 93165-18-5,perfuming,dipterocarpus turbinatus balsam extract
isobutyl isobutyrate,97-85-8,perfuming,isobutyl isobutyrate
5-methoxy-m-cresol,3209-13-0,perfuming,3-methoxy-5-methylphenol
phenylacetaldehyde digeranyl acetal,67634-02-0 / 7149-23-7,perfuming,phenylacetaldehyde digeranyl acetal
acetaldehyde diethyl acetal,105-57-7,perfuming,acetal
lauroyl sh-oligopeptide-33,,antimicrobial; antiseborrhoeic,lauroyl sh-oligopeptide-33
citrus medica acida peel oil expressed,93685-55-3,perfuming,citrus medica acida peel oil expressed
mentha viridis leaf extract,84696-51-5,flavouring; masking; perfuming,mentha viridis leaf extract
4-ethyl-alpha,134123-93-6,perfuming,alpha-methylbicyclo(2.2.1)hept-5-ene-2-methanol
cis-3-hexenyl formate,33467-73-1,perfuming,hex-3-en-1-yl formate
trans-non-2-enal,18829-56-6,perfuming,non-2-enal
chloroacetamide,79-07-2,preservative,chloroacetamide
p-anisyl propionate,7549-33-9,perfuming,anisyl propionate
2-isopentenyl salicylate,68555-58-8,perfuming,prenyl salicylate
aluminum benzoate,555-32-8,antimicrobial; viscosity-controlling,aluminum benzoate
methyl benzodioxolylethyl-propenylaminobenzoate,104037-85-6,perfuming,"benzoic acid, 2-((3-(1,3-benzodioxol-5-yl)-2-methyl-1-propenyl)amino)-, methyl ester"
brachychiton acerifolius leaf extract,,antioxidant; flavouring; hair-conditioning; masking; perfuming; skin-conditioning,brachychiton acerifolius leaf extract
cyperus scariosus rhizome extract,,antimicrobial,cyperus scariosus rhizome extract
methylheptanone,541-85-5,perfuming,5-methyl-3-heptanone
formaldehyde cyclodecyl ethyl acetal,58567-11-6,perfuming,formaldehyde cyclododecyl ethyl acetal
papaver radicatum callus extract,,antimicrobial; antioxidant; hair-conditioning; humectant; skin-conditioning; skin-protecting,papaver radicatum callus extract
achyranthes japonica root/rhus semialata gall/terminalia chebula fruit/glycyrrhiza uralensis root/stem extract,,antimicrobial,achyranthes japonica root/rhus semialata gall/terminalia chebula fruit/glycyrrhiza uralensis root/stem extract
2-tert-butylcyclohexanol,13491-79-7,perfuming,2-tert-butylcyclohexanol
ligusticum acutilobum branch extract,,bleaching,ligusticum acutilobum branch extract
citrus aurantium currassuviensis peel oil,,masking; perfuming,citrus aurantium currassuviensis peel oil
isopentenone butyleneglycol cyclic acetal,53338-05-9,perfuming,2-methyl-5-nitro-2h-indazole
dimethyl phenethyl butyrate,10094-34-5,perfuming,"1,1-dimethyl-2-phenylethyl butyrate"
candida bombicola/glucose/methyl rapeseedate ferment,,antimicrobial; antiseborrhoeic; cleansing; deodorant; skin-protecting; surfactant,candida bombicola/glucose/methyl rapeseedate ferment
potassium sulfite,10117-38-1 / 23873-77-0,preservative; reducing,potassium sulfite
cis-octahydronaphthalenone,1579-21-1,perfuming,"2(1h)-naphthalenone, octahydro-, (4ar,8as)-rel-"
pentamethylheptenone,81786-73-4 / 81786-74-5,perfuming,pentamethylheptenone
lysine azelate,,bleaching; chelating,lysine azelate
1‚2-dihydrolinalool,18479-51-1,perfuming,dihydrolinalool
decahydrocyclododecaoxazole,38303-23-0,perfuming,"cyclododecoxazole, 4,5,6,7,8,9,10,11,12,13-decahydro-"
tillandsia usneoides callus extract,,antimicrobial; antioxidant; hair-conditioning; skin-protecting,tillandsia usneoides callus extract
rhodinyl acetate,141-11-7,perfuming,rhodinyl acetate
2-hexyl-1‚3-dioxolane-4-methanol,1708-35-6,perfuming,"heptanal 1,2-glyceryl acetal"
2-methylfuran-3-thiol,28588-74-1,perfuming,2-methyl-3-furanthiol
decahydro-tetramethylazulene-5-methanol,3526-75-8,perfuming,"5-azulenemethanol, decahydro-alpha,alpha,3,8-tetramethyl-, (3s-(3alpha,3abeta,5alpha,8alpha,8abeta))-"
podocarpus totara wood extract,,antimicrobial,podocarpus totara wood extract
abies alba leaf oil,90028-76-5,masking; perfuming; tonic,abies alba leaf oil
allo-ocimenol,22451-63-4,perfuming,(e)-alloocimenol
r-(methionyl tripeptide-46 hexapeptide-40 tetrapeptide-66 synechococcus polypeptide-1),,antimicrobial; antioxidant; astringent; cosmetic-colorant; humectant; skin-conditioning; uv-filter,r-(methionyl tripeptide-46 hexapeptide-40 tetrapeptide-66 synechococcus polypeptide-1)
artocarpus lakoocha wood extract,,antimicrobial; antioxidant; bleaching; skin-conditioning,artocarpus lakoocha wood extract
opuntia humifusa flower/stem extract,,astringent; hair-conditioning; humectant; skin-conditioning,opuntia humifusa flower/stem extract
benzyl isobutyrate,103-28-6,perfuming,benzyl isobutyrate
zinc acetate,557-34-6,antimicrobial,zinc acetate
laurtrimonium chloride,112-00-5,antistatic; emulsifying; preservative,dodecyltrimethylammonium chloride
aniba rosaeodora amazonica wood oil,93685-34-8,perfuming,aniba rosaeodora amazonica wood oil
trimethylpentadecatrien-2-one,762-29-8,perfuming,"5,9,13-pentadecatrien-2-one, 6,10,14-trimethyl-"
kluyveromyces/lactobacillus/abies grandis leaf oil ferment filtrate,,antimicrobial; antioxidant; bleaching; hair-conditioning; skin-conditioning,kluyveromyces/lactobacillus/abies grandis leaf oil ferment filtrate
d-allo-ocimenol,126-91-0,perfuming,linalool
hydroxycitronellal dimethyl acetal,141-92-4,perfuming,hydroxycitronellal dimethyl acetal
isolongifolanone,23787-90-8,perfuming,"1,3,4,6,7,8a-hexahydro-1,1,5,5-tetramethyl-2h-2,4a-methanonaphthalen-8(5h)-one"
dihydropseudoionone,689-67-8,perfuming,"6,10-dimethylundeca-5,9-dien-2-one"
3-heptanol,589-82-2,perfuming,3-heptanol
foeniculum vulgare dulce fruit extract,84455-29-8,perfuming,foeniculum vulgare dulce fruit extract
anadara kagoshimensis shell powder,,abrasive; antimicrobial; antioxidant,anadara kagoshimensis shell powder
6-isobutylquinoline,68141-26-4,perfuming,6(or 8)-(sec-butyl)quinoline
ethyl 3-hydroxybutyrate,5405-41-4,perfuming,ethyl 3-hydroxybutyrate
biotinoyl pentapeptide-4,,antimicrobial; antioxidant; antiseborrhoeic; hair-conditioning; skin-protecting,biotinoyl pentapeptide-4
decahydro-beta-naphthyl isobutyrate,67874-78-6,perfuming,"propanoic acid, 2-methyl-, decahydro-2-naphthalenyl ester"
ethylcyclohexene-1-carboxylate,15111-56-5,perfuming,"3-cyclohexene-1-carboxylic acid, ethyl ester"
tetramethylolglycoluril,5395-50-6,antimicrobial,cyanidin chloride
saccharomyces/saussurea involucrata flower/artemisia princeps leaf/houttuynia cordata/leonurus sibiricus/salicornia herbacea ferment extract filtrate,,antimicrobial; emollient; skin-conditioning,saccharomyces/saussurea involucrata flower/artemisia princeps leaf/houttuynia cordata/leonurus sibiricus/salicornia herbacea ferment extract filtrate
cis-tridecen-2-al,7069-41-2,perfuming,tridec-2-enal
heptyl butyrate,5870-93-9,perfuming,heptyl butyrate
methyl 4-t-butylbenzoate,26537-19-9,flavouring; masking; perfuming,methyl p-tert-butylbenzoate
butylphthalide,6066-49-5,perfuming,butylphthalide
2-methylbutyl isovalerate,2445-77-4,perfuming,2-methylbutyl isovalerate
ethyl p-toluate,94-08-6,perfuming,ethyl p-toluate
isopropylquinoline,1333-53-5 / 135-79-5,perfuming,isopropylquinoline
guaiazulene,489-84-9,antimicrobial; perfuming,guaiazulene
3-ethyl-2‚4-dioxaspiro(5.5)undec-8-ene,64165-57-7,perfuming,homoveratrylamine hydrochloride
potentilla chinensis callus culture conditioned media,,antimicrobial; antioxidant; skin-conditioning,potentilla chinensis callus culture conditioned media
stearalkonium chloride,122-19-0,antistatic; preservative; surfactant,benzyldimethylstearylammonium chloride
isononyl acetate,40379-24-6,perfuming,"3,5,5-trimethylhexyl acetate"
cis-2-tert-butylcyclohexanol,7214-18-8,perfuming,2-tert-butylcyclohexanol
picea mariana leaf oil,91722-19-9,masking; perfuming,picea mariana leaf oil
torilis japonica seed extract,,antimicrobial; astringent; skin-conditioning,torilis japonica seed extract
methylheptadienone,1604-28-0,perfuming,"6-methylhepta-3,5-dien-2-one"
trans-2-methylpent-2-enoic acid,16957-70-3,perfuming,2-methylpent-2-en-1-oic acid
dianthus caryophyllus flower extract,89958-29-2,masking; perfuming; skin-conditioning,dianthus caryophyllus flower extract
5-ethyl-4-hydroxy-2-methylfuran-3(2h)-one,27538-09-6,perfuming,homofuraneol
styralyl propionate,120-45-6,perfuming,1-phenylethyl propionate
butyraldehyde,123-72-8,perfuming,butanal
bacillus/monascus/punica granatum fruit/rice bran ferment filtrate,,antiseborrhoeic; emollient; hair-conditioning; skin-conditioning,bacillus/monascus/punica granatum fruit/rice bran ferment filtrate
5-methyl-2-hepten-4-one,81925-81-7,perfuming,5-methyl-2-hepten-4-one (natural)
dimethyl-2-methyleneoct-6-enal,22418-66-2,perfuming,"3,7-dimethyl-2-methylene-6-octenal, (+-)-"
epoxyguaiene,68071-23-8,perfuming,4-dimethylaminophenol oxalate (1:1)
buddleja axillaris leaf extract,608134-67-4,antioxidant; bleaching; skin-conditioning; skin-protecting,buddleja axillaris leaf extract
hexahydro-4‚6,1922-67-4,perfuming,"1h-naphtho(2,3-c)pyran, 3,4,6,7,8,9-hexahydro-4,6,6,9,9-pentamethyl-"
hexadecanolactone,109-29-5,masking; perfuming,hexadecanolide
tetrahydromugyl acetate,20780-48-7,perfuming,tetrahydrolinalyl acetate
polyoxymethylene glycol urea,64334-59-4,preservative,polyoxymethylene glycol urea
acetyl rheum rhaponticum root extract,,bleaching,acetyl rheum rhaponticum root extract
curcuma xanthorrhiza root powder,,antimicrobial; antioxidant,curcuma xanthorrhiza root powder
calcium hypochlorite,7778-54-3,antimicrobial,calcium hypochlorite
dryas octopetala callus culture extract,,antimicrobial; antioxidant; hair-conditioning; skin-protecting,dryas octopetala callus culture extract
juniperus phoenicea wood oil rectified,90046-03-0,perfuming,juniperus phoenicea wood oil rectified
benzoxiquine,86-75-9,antimicrobial,benzoxiquine
thymol acetate,528-79-0,perfuming,thymol acetate
cymbopogon citratus leaf extract oxidized,84238-19-7,perfuming,cymbopogon citratus leaf extract oxidized
alpha-santalol,115-71-9,perfuming,"5-(2,3-dimethyltricyclo(2.2.1.02,6)hept-3-yl)-2-methylpent-2-en-1-ol, stereoisomer"
betula lenta twig extract,85251-66-7,perfuming,betula lenta twig extract
tolnaftate,2398-96-1,antimicrobial,tolnaftate
elettaria cardamomum seed extract,85940-32-5,perfuming; tonic,elettaria cardamomum seed extract
cis-3-hexenyl cis-hexenoate,61444-38-0,perfuming,"3-hexenoic acid, (3z)-3-hexenyl ester, (3z)-"
isobornyl propionate,2756-56-1,perfuming,"(4,7,7-trimethyl-2-bicyclo[2.2.1]heptanyl) propanoate"
cetonal,65405-84-7,perfuming,"cyclohexenebutanal, alpha,2,2,6-tetramethyl-"
mallotus japonicus leaf extract,,antidandruff; antimicrobial; antioxidant; hair-conditioning; skin-protecting,mallotus japonicus leaf extract
non-2-enal,2463-53-8,perfuming,non-2-enal
methylbenzyl alcohol,589-18-4,masking; perfuming; skin-conditioning,p-cresol
glyoxal,107-22-2,antimicrobial; perfuming,propylene glycol
neomenthol,3623-51-6,perfuming,menthol
neryl acetate,141-12-8,perfuming,"3,7-dimethylocta-2,6-dienyl acetate"
hydratropyl acetate,10402-52-5,perfuming,"benzeneethanol, beta-methyl-, 1-acetate"
rosa rugosa flower water,92347-25-6,masking; perfuming,rosa rugosa flower water
vaccinium myrtillus stem extract,84082-34-8,antioxidant; astringent,vaccinium myrtillus stem extract
abies alba cone extract,90028-76-5,perfuming,abies alba cone extract
cuminaldehyde,122-03-2,perfuming,cuminaldehyde
pittosporum viridiflorum flower extract,93348-49-3,perfuming,pittosporum viridiflorum flower extract
arthrospira platensis culture conditioned media,,antimicrobial; antioxidant; hair-conditioning; humectant; skin-conditioning; skin-protecting,arthrospira platensis culture conditioned media
sutherlandia frutescens leaf extract,,antimicrobial,sutherlandia frutescens leaf extract
lilium candidum callus culture extract,,antimicrobial; antioxidant; hair-conditioning; skin-protecting,lilium candidum callus culture extract
methyl-methylbicycloheptenyl-pentenol,85232-76-4,perfuming,2-methyl-1-(1-methylbicyclo(2.2.1)hept-5-en-2-yl)pent-1-en-3-ol
artocarpus altilis wood extract,,antimicrobial; antioxidant; antiseborrhoeic; bleaching,artocarpus altilis wood extract
cananga odorata flower oil,83863-30-3 / 8006-81-3 / 68606-83-7,masking; perfuming,cananga odorata flower oil
trimethylbicyclo-4-hepten-3-ylmethyl acetate,15103-33-0,perfuming,3-(ethyl(3-methylphenyl)amino)propanenitrile
2-ethyl-5-methoxy-bicycloheptane,122795-41-9,perfuming,2-ethyl-5-methoxybicyclo[2.2.1]heptane
calcium propionate,4075-81-4,preservative,calcium propionate
dimethylbicyclo-5-hepten-2-ylethanone,42370-06-9,perfuming,"1,3,5-tripropyl-1,3,5-triazine-2,4,6(1h,3h,5h)-trione"
aleurites moluccanus bakoly seed oil,,antimicrobial; hair-waving-or-straightening; oral-care; skin-conditioning,aleurites moluccanus bakoly seed oil
domiphen bromide,538-71-6,antimicrobial; antiplaque; deodorant; oral-care,domiphen bromide
ethylhexyl acetate,103-09-3,perfuming; solvent,2-ethylhexyl acetate
quercus acutissima fruit powder,,astringent; skin-conditioning,quercus acutissima fruit powder
3‚4-dimethylcyclopentane-1‚2-dione,13494-06-9,perfuming,"3,4-dimethyl 1,2-cyclopentandione"
kojylmethyl dichlorobenzyl piperazine,2056101-70-1,bleaching,kojylmethyl dichlorobenzyl piperazine
hydrocinnamyl propionate,122-74-7,perfuming,3-phenylpropyl propanoate
lavandula officinalis flower oil,84776-65-8,perfuming,lavandula officinalis flower oil
alpha,639-99-6,perfuming,elemol
gracilaria conferta powder,,astringent; film-forming; humectant; skin-conditioning; viscosity-controlling,gracilaria conferta powder
arctostaphylos uva ursi leaf powder,84776-10-3,bleaching; skin-conditioning,arctostaphylos uva ursi leaf powder
sodium phenoxide,139-02-6,antimicrobial,phenolate sodium
melittin,20449-79-0,antiseborrhoeic,melitten
lavandula hybrida grosso herb oil,93455-97-1,perfuming,lavandula hybrida grosso herb oil
guaiacum officinale wood oil,84650-13-5,flavouring; masking; perfuming,guaiacum officinale wood oil
phyllostachys pubescens/edulis shoot sheath extract,,antimicrobial; antioxidant; skin-conditioning,phyllostachys pubescens/edulis shoot sheath extract
cetylpyridinium chloride,123-03-5,antimicrobial; antistatic; deodorant; emulsifying; hair-conditioning; oral-care; surfactant,cetylpyridinium
polyglycerin-20,25618-55-7,antimicrobial; humectant,glycerol
jasmopyrane,18871-14-2,perfuming,4-acetoxy-3-pentyltetrahydropyran
dihydrocitronellylbutyrate,67874-80-0,perfuming,"butanoic acid, 3,7-dimethyloctyl ester"
sodium mannitylphytate,1415551-44-8,antioxidant; chelating; preservative,sodium mannitylphytate
ovex,80-33-1,antimicrobial,chlorfenson
phenylacetaldehyde diisoamyl acetal,68555-28-2,perfuming,"7-bromo-3,3a,6,8b-tetramethyl-2,3-dihydro-1h-cyclopenta[b]benzofuran"
cinnamomum zeylanicum leaf oil,84649-98-9,masking; perfuming,cinnamomum zeylanicum leaf oil
cusparia febrifuga bark extract,84775-53-1,perfuming,cusparia febrifuga bark extract
4-ethylbenzaldehyde,4748-78-1,perfuming,4-ethylbenzaldehyde
wogonin,632-85-9,bleaching,wogonin
phytosphingosine acetamide,,antidandruff; antimicrobial; hair-conditioning; skin-conditioning,phytosphingosine acetamide
hedeoma pulegioides american herb extract,98306-02-6,perfuming,hedeoma pulegioides american herb extract
nageia nagi seed oil,,antidandruff; antiseborrhoeic; skin-protecting,nageia nagi seed oil
cymbopogon martini herb extract,84649-81-0,perfuming,cymbopogon martini herb extract
phenoxyethyl propionate,23495-12-7,perfuming,phenoxyethyl propionate
laurylpyridinium chloride,104-74-5,antimicrobial; antistatic; deodorant; surfactant,dodecylpyridinium chloride
phenylacetaldehyde,122-78-1,perfuming,phenylacetaldehyde
ambergris tincture,8038-65-1,perfuming,ambergris tincture
2‚7-dimethyl-10-isopropyl-1-oxaspiro-3‚6-decadiene,89079-92-5,perfuming,"1-oxaspiro[4.5]deca-3,6-diene, 2,7-dimethyl-10-(1-methylethyl)-"
3‚4-methylenedioxybenzyl methylsulfone,,antioxidant; bleaching; skin-conditioning,3‚4-methylenedioxybenzyl methylsulfone
2-benzylheptanol,92368-90-6,masking; perfuming,2-benzylheptan-1-ol
protocatechuicaldehyde,139-85-5,antioxidant; bleaching; skin-conditioning,"3,4-dihydroxybenzaldehyde"
trans-octahydronaphthalenone,16021-08-2,perfuming,"2-decalone, trans-"
aluminum zirconium octachlorohydrex gly,174514-58-0,antiperspirant; astringent; deodorant,aluminum zirconium octachlorohydrex gly
juniperus virginiana wood oil,85085-41-2,perfuming,juniperus virginiana wood oil
phenylacetaldehyde glyceryl 1‚3-cyclic acetal,4740-79-8,perfuming,"(16r)-17-acetyl-16-hydroxy-10,13-dimethyl-1,2,6,7,8,9,11,12,14,15,16,17-dodecahydrocyclopenta[a]phenanthren-3-one"
citrus species leaf extract,94266-47-4,perfuming,citrus species leaf extract
trans-2-hexenyl phenylacetate,68133-78-8,perfuming,hex-2-enyl 2-phenylacetate
anthemis nobilis flower oil,84649-86-5 / 8015-92-7,masking; perfuming; skin-conditioning,anthemis nobilis flower oil
pelargonium graveolens water,90082-51-2,astringent; deodorant; hair-conditioning,pelargonium graveolens water
cyclovirobuxine,,antioxidant; bleaching,cyclovirobuxine
aluminum phenolsulfonate,1300-35-2,antimicrobial; astringent; deodorant,"phosphonic acid, 1-(hydroxyvinyl)-, dimethyl ester, diethyl phosphate"
taed,10543-57-4,bleaching,tetraacetylethylenediamine
citronellyl ethyloxalate,60788-25-2,perfuming,"ethanedioic acid, 1-(3,7-dimethyl-6-octen-1-yl) 2-ethyl ester"
eicosane,112-95-8,emollient; masking; perfuming; solvent,eicosane
cinnamomum culilawan wood extract,91771-48-1,perfuming,cinnamomum culilawan wood extract
cedrus atlantica wood extract,92201-55-3,perfuming,cedrus atlantica wood extract
pseudowintera colorata leaf extract,,antimicrobial,pseudowintera colorata leaf extract
hydroxyisohexyl 3-cyclohexene carboxaldehyde,31906-04-4 / 51414-25-6,masking; perfuming,hydroxyisohexyl 3-cyclohexene carboxaldehyde
6‚8-dimethyl-2-nonanol,70214-77-6,perfuming,"6,8-dimethylnonan-2-ol"
arbutin,497-76-7,antioxidant; bleaching; skin-conditioning,"2-hydroxymethyl-6-(4-hydroxy-phenoxy)-tetrahydro-pyran-3,4,5-triol"
3‚7-dimethyl-octanenitrile,40188-41-8,perfuming,"3,7-dimethyloctanenitrile"
bursera graveolens fruit oil,,antiperspirant; flavouring; masking; perfuming,bursera graveolens fruit oil
3‚4-dihydro-6-methylnaphthalenone,51015-29-3,perfuming,cadalene
methyl dimethyl-octenylideneamino-benzoate,67845-42-5,perfuming,"2,3,4,5,6-pentafluorophenethyl alcohol"
trans-methylbutenyl tiglate,72845-40-0,perfuming,tiglyl tiglate
hexahydro-tetramethyl-benzopyran,72429-08-4,perfuming,"1h-2-benzopyran, 3,4,4a,5,8,8a(or 3,4,4a,7,8,8a)-hexahydro-3,3,6,7-tetramethyl-"
copper usnate,94246-73-8,antimicrobial,copper usnate
citrus jabara peel water,,flavouring; masking; perfuming; skin-conditioning,citrus jabara peel water
5-methyl-1-(2‚2,139539-66-5,perfuming,"5-methyl-1-(2,2,3-trimethylcyclopent-3-en-1-yl)-6-oxabicyclo[3.2.1]octane"
s-allylcysteine,21593-77-1,bleaching,2-amino-3-prop-2-enylsulfanylpropanoic acid
2-methylpentyl 2-methylvalerate,90397-38-9,perfuming,"pentanoic acid, 2-methyl-, 2-methylpentyl ester"
gamma-methylbenzenehexanenitrile,68555-31-7,perfuming,"1,4-benzenedicarboxylic acid, 2-((4-methylphenyl)amino)-5-(phenylamino)-"
benzyl alcohol,100-51-6,perfuming; preservative; solvent; viscosity-controlling,benzyl alcohol
isobutyl formate,542-55-2,perfuming,isobutyl formate
methyl aminolevulinate hcl,79416-27-6,antimicrobial; antioxidant; skin-protecting,methyl aminolevulinate hydrochloride
3-ethyl-3‚7-dimethyloct-6-enal,34687-43-9,perfuming,"4,4''-diaminoterphenyl"
oligopeptide-115,,antimicrobial; antiseborrhoeic; cleansing; surfactant,oligopeptide-115
morus bombycis stem extract,,antimicrobial; antioxidant; astringent; emollient,morus bombycis stem extract
coprosma grandifolia leaf/stem extract,,antimicrobial,coprosma grandifolia leaf/stem extract
sodium/aluminum/iron/sulfate/tartarate/hydroxide,,antimicrobial; chelating; deodorant; humectant; opacifying; uv-absorber,sodium/aluminum/iron/sulfate/tartarate/hydroxide
lonicera caprifolium flower extract,84603-62-3,perfuming; skin-conditioning,lonicera caprifolium flower extract
coriandrum sativum fruit/leaf extract,84775-50-8,antiseborrhoeic; masking,coriandrum sativum fruit/leaf extract
mentha arvensis herb oil,90063-97-1,perfuming,mentha arvensis herb oil
betula alba twig oil,84012-15-7,perfuming,betula alba twig oil
cymbopogon winterianus herb extract modified,94349-74-3,perfuming,cymbopogon winterianus herb extract modified
lespedeza cyrtobotrya callus extract,,antimicrobial; antiperspirant; hair-conditioning; humectant; skin-protecting,lespedeza cyrtobotrya callus extract
chlorobutanol,57-15-8,preservative,chlorobutanol
lavandula hybrida extract acetylated,92502-71-1,perfuming,lavandula hybrida extract acetylated
citronellyloxy acetaldehyde,7492-67-3,perfuming,citronelloxyacetaldehyde
narcissus jonquilla callus extract,,antimicrobial; antioxidant; emollient; hair-conditioning; skin-protecting,narcissus jonquilla callus extract
methylcinnamyl alcohol,1504-55-8,perfuming,4-phenylbut-3-en-2-ol
thujopsis dolabrata wood oil,91722-39-3,masking; perfuming,thujopsis dolabrata wood oil
fenchone,1195-79-5,perfuming,(+-)-fenchone
methylcyclohexenyl-butenyl acetate,6819-19-8,perfuming,"2-hydroxy-1,2-bis(methoxyphenyl)ethanone"
terpene alcohols acetates,69103-01-1,perfuming,myrcenylacetate
methoxyhydratropaldehyde,5462-06-6,perfuming,2-methyl-3-(p-methoxyphenyl)propanal
isopropylmethylhexenyl acetate,40853-56-3,perfuming,"2-hexen-1-ol, 5-methyl-2-(1-methylethyl)-, 1-acetate"
cinnamyl benzoate,5320-75-2,perfuming,3-phenylprop-2-en-1-yl benzoate
saururus chinensis flower extract,,antioxidant; astringent,saururus chinensis flower extract
heptyl methacrylate,5459-37-0,perfuming,heptyl methacryate
dimethylbutyl acetate,108-84-9,perfuming,4-methyl-2-pentyl acetate
allyl isovalerate,2835-39-4,perfuming,allyl isovalerate
isopentyl cyclohexyl acetate,67874-72-0,masking; perfuming,conifer acetate
propoxypropanediol,98524-54-0,antimicrobial,propoxypropanediol
hexyl benzoate,6789-88-4,perfuming,hexyl benzoate
benzyl butyrate,103-37-7,perfuming,benzyl butyrate
1-trimethyl-3-cyclohexenylethanone,68480-14-8,perfuming,"phosphorous acid, diisotridecyl phenyl ester"
peg-45 bis-(tocopheryl succinate),,antioxidant; antiseborrhoeic,peg-45 bis-(tocopheryl succinate)
citrus junos fruit water,,masking; perfuming,citrus junos fruit water
tagetes minuta flower extract,91770-75-1,perfuming,tagetes minuta flower extract
3-methyl-4-(2‚4,67801-29-0,perfuming,"3-methyl-4-(2,4,6-trimethylcyclohex-3-en-1-yl)but-3-en-2-one"
mentha pulegium herb oil,90064-00-9,perfuming,mentha pulegium herb oil
6-tert-butylquinoline,65442-31-1,perfuming,2-isobutylquinoline
dimethylphenyl methyl ketone,1335-42-8,perfuming,"1-(3,5-dimethylphenyl)ethan-1-one"
lauramine oxide,1643-20-5,antistatic; cleansing; foam-boosting; hair-conditioning; hydrotrope; perfuming; surfactant; viscosity-controlling,dodecyldimethylamine oxide
hypericum perforatum flower/twig extract,84082-80-4,antimicrobial; antiperspirant; skin-conditioning,hypericum perforatum flower/twig extract
maytenus macrocarpa bark extract,,antimicrobial; antioxidant,maytenus macrocarpa bark extract
agave tequilana leaf extract,,astringent,agave tequilana leaf extract
eugenia caryophyllus extract acetylated,91771-52-7,perfuming,eugenia caryophyllus extract acetylated
tetrahydrocurcumin diacetate,52199-86-7,antioxidant; bleaching; skin-protecting; uv-absorber,tetrahydrocurcumin diacetate
lavandulyl acetate,25905-14-0,perfuming,lavandulyl acetate
castoreum oil,8023-83-4,perfuming,castoreum oil
phenoxyisopropanol,770-35-4,preservative; solvent,1-phenoxy-2-propanol
methyl-methylene-octadiene alpha-terpineols,72869-31-9,perfuming,methyl-methylene-octadiene alpha-terpineols
dacrydium franklini wood extract,94334-02-8,perfuming,dacrydium franklini wood extract
rubus deliciosus fruit juice,,astringent; skin-conditioning,rubus deliciosus fruit juice
4-methylvinylcyclohexene-1-methyl acetate,15111-96-3,perfuming,perillyl acetate
trimethyl-3-phenylindan,3910-35-8,perfuming,"2,3-dihydro-1,1,3-trimethyl-3-phenyl-1h-indene"
hydratropic alcohol,1123-85-9,perfuming,2-phenyl-1-propanol
phenylacetaldehyde ethyleneglycol cyclic acetal,101-49-5,perfuming,"2-benzyl-1,3-dioxolane"
trimethyl-1-cyclohexenylbutan-2-one,17283-81-7,perfuming,dihydro-beta-ionone
tetrahydroindeno-dioxin,18096-62-3,perfuming,"4,4a,5,9b-tetrahydroindeno(1,2-d)-1,3-dioxin"
myrcene methoxylation distillate,68989-91-3,perfuming,"decane, 1-methoxy-"
alpinia uraiensis leaf oil,,flavouring; masking; perfuming,alpinia uraiensis leaf oil
butyl isobutyrate,97-87-0,perfuming,butyl isobutyrate
helichrysum stoechas flower oil,91845-22-6,perfuming,helichrysum stoechas flower oil
epoxycyclododecane,286-99-7,perfuming,13-oxabicyclo[10.1.0]tridecane
isodecyl alcohol,25339-17-7,perfuming,isodecanol
butylidenephthalide,551-08-6,perfuming,"1(3h)-isobenzofuranone, 3-butylidene-"
citrus tangerina peel extract,223748-44-5,astringent,citrus tangerina peel extract
3-methyl-1-phenyl-2-hexene 1‚5-epoxide,68039-40-7,perfuming,"2h-pyran, 3,6-dihydro-2,4-dimethyl-6-phenyl-"
pinus sylvestris bud extract,84012-35-1,perfuming; tonic,pinus sylvestris bud extract
lindera erythrocarpa adventitious root extract,,antimicrobial; antioxidant; hair-conditioning; skin-protecting,lindera erythrocarpa adventitious root extract
cyclohexanediol bis-ethylhexanoate,,bleaching,cyclohexanediol bis-ethylhexanoate
propionibacterium acidipropionici/soybean extract ferment filtrate,,antimicrobial; skin-conditioning,propionibacterium acidipropionici/soybean extract ferment filtrate
dodecenyl oleylsuccinamide,1637582-29-6,antiseborrhoeic; emulsion-stabilising; skin-conditioning; skin-protecting,dodecenyl oleylsuccinamide
dodecylbenzyltrimonium chloride,19014-05-2,antimicrobial; antistatic; cleansing; hair-conditioning; surfactant,p-laurylbenzyltrimethylammonium chloride
polygonum fagopyrum sprout extract,,antioxidant; astringent; bleaching; skin-conditioning,polygonum fagopyrum sprout extract
mentha arvensis herb extract,90063-97-1,perfuming,mentha arvensis herb extract
sunflower seed oil ethyl ferulate esters,,antioxidant; bleaching; emollient; emulsion-stabilising; uv-absorber,sunflower seed oil ethyl ferulate esters
benzisothiazolinone,2634-33-5,antimicrobial,"1,2-benzisothiazol-3(2h)-one"
octahydro-trimethyl-naphthoxiren-7-ol,68845-01-2,perfuming,"propanoic acid, 2,2-dimethyl-, 3a,4,5,6,7,7a-hexahydro-4,7-methano-1h-inden-5-yl ester"
ethyl hydroxyheptyl ketone,67633-95-8,perfuming,"morpholine, 4-(1-methylethyl)-"
ravensara aromatica twig oil,91770-56-8,perfuming,ravensara aromatica twig oil
oxyquinoline benzoate,7091-57-8,antimicrobial,benzoxiquine
isobutyl cinnamate,122-67-8,perfuming,2-methylpropyl 3-phenylprop-2-enoate
trans-3-hexenyl isobutyrate,84682-20-2,perfuming,(z)-hex-3-enyl isobutyrate
undecylenoyl sarcosine,777033-26-8,antidandruff; antiseborrhoeic; preservative,undecylenoyl sarcosine
p-methoxybutylidene-cyclohexane,93777-41-4,perfuming,(4-methoxybutylidene)cyclohexane
rose ketone-5,33673-71-1,perfuming,"2-buten-1-one, 1-(2,4,4-trimethyl-2-cyclohexen-1-yl)-"
ammonium propionate,17496-08-1,preservative,ammonium propionate
tricyclodecane-8-one,13380-94-4,perfuming,"4,7-methano-5h-inden-5-one, octahydro-"
trans-2-undecenal,53448-07-0,perfuming,2-undecenal
eugenyl formate,10031-96-6,perfuming,eugenyl formate
isobutyl salicylate,87-19-4,perfuming,isobutyl salicylate
cyclohexyl butyrate,1551-44-6,perfuming,cyclohexyl butyrate
ginkgo biloba leaf water,90045-36-6,flavouring; masking; perfuming; skin-conditioning,cid 17388989
octyl formate,112-32-3,perfuming,octyl formate
diiodomethyltolylsulfone,20018-09-1,antimicrobial,diiodomethyl p-tolyl sulfone
alpha-ionyl acetate,52210-18-1,perfuming,nonyl acetate
theobroma cacao callus powder,,antioxidant; bleaching; skin-conditioning; skin-protecting; stabilising,theobroma cacao callus powder
trimethyl-6-methylenecyclohexanepropanol,13720-13-3,perfuming,"cyclohexanepropanol, alpha,2,2-trimethyl-6-methylene-"
lens culinaris seed extract,,antimicrobial; antiseborrhoeic,lens culinaris seed extract
styrax tonkinensis resin extract,9000-72-0 / 84012-39-5,perfuming; skin-conditioning,styrax tonkinensis resin extract
trimethylhexyl propionate,68991-95-7,perfuming,"1-hexanol, 3,3,5-trimethyl-, 1-propanoate"
methyl dimethyloctadienoate,1189-09-9,perfuming,"methyl 3,7-dimethylocta-2,6-dienoate"
ferric chloride,7705-08-0,astringent,iron chloride (fecl3)
chlorhexidine dihydrochloride,3697-42-5,antimicrobial; oral-care; preservative,"1,1'-hexamethylenebis[5-(p-chlorophenyl)biguanide] dihydrochloride"
polymethoxy bicyclic oxazolidine,56709-13-8,antimicrobial,"5-hydroxymethoxymethyl-1-aza-3,7-dioxabicyclo(3.3.0)octane"
sodium p-chloro-m-cresol,15733-22-9,antimicrobial,sodium p-chloro-m-cresol
centaurea cyanus flower extract,84012-18-0,astringent; skin-conditioning,centaurea cyanus flower extract
isopropyl hexanoate,2311-46-8,perfuming,isopropyl hexanoate
styralyl alcohol,98-85-1,perfuming,2-phenylethanol
3-octanol,589-98-0,perfuming,3-octanol
dictamnus albus root extract,89998-27-6,astringent; hair-conditioning; skin-conditioning,dictamnus albus root extract
stephanandra incisa stem extract,,antimicrobial; antioxidant; astringent; emollient; hair-conditioning,stephanandra incisa stem extract
1‚4-butanediol bisdecanoate,,bleaching,1‚4-butanediol bisdecanoate
phenoxyacetic acid,122-59-8,perfuming,phenoxyacetic acid
dimethyl phenylpropanol,13351-61-6,masking; perfuming,"2,2-dimethyl-3-phenylpropanol"
capryloyl octapeptide-33 d-methionine,,antimicrobial; antioxidant; antiseborrhoeic; skin-conditioning,capryloyl octapeptide-33 d-methionine
quaternium-14,27479-28-3,antimicrobial; antistatic; hair-conditioning; surfactant,quaternium-14
phormium tenax leaf water,,antioxidant; astringent; humectant; skin-conditioning; skin-protecting,phormium tenax leaf water
cistus cyprius extract ethyl esters,73138-66-6,perfuming,cistus cyprius extract ethyl esters
allyl butyrate,2051-78-7,perfuming,allyl butyrate
2-(1-ethylpropyl)pyridine,7399-50-0,perfuming,2-(3-pentyl)pyridine
hydroxyresveratrol,4721-07-7,bleaching; skin-conditioning; skin-protecting,"2,3a(2),4,5a(2)-stilbenetetrol"
methyl isopropyl-methylbicyclooctene-2-carboxylate,68966-86-9,perfuming,methyl 1-methyl-4-(1-methylethyl)bicyclo(2.2.2)oct-5-ene-2-carboxylate
lolium perenne leaf oil,90063-63-1,perfuming,lolium perenne leaf oil
valeriana jatamansi rhizome oil,94280-15-6,antimicrobial; antiseborrhoeic; emollient; humectant; masking; skin-conditioning,valeriana jatamansi rhizome oil
ozonized peg-14 oleate,,antimicrobial; cleansing; surfactant,ozonized peg-14 oleate
calcium benzoate,2090-05-3,preservative,calcium benzoate
tanacetum vulgare flower extract,84961-64-8,perfuming,tanacetum vulgare flower extract
rosa gallica flower water,84604-13-7,flavouring; masking; perfuming,rosa gallica flower water
sodium phosphorus/zinc/calcium/silicon/aluminum/silver oxides,,antimicrobial; antiseborrhoeic; preservative,sodium phosphorus/zinc/calcium/silicon/aluminum/silver oxides
potassium benzoate,582-25-2,preservative,benzoic acid
trigonella foenum-graecum seed oil,84625-40-1,perfuming,trigonella foenum-graecum seed oil
p-tert-butylphenylisobutanol,56107-04-1,perfuming,"benzenepropanol, 4-(1,1-dimethylethyl)-beta-methyl-"
p-anisyl isobutyrate,71172-26-4,perfuming,"propanoic acid, 2-methyl-, (4-methoxyphenyl)methyl ester"
geranyl phenylacetate,102-22-7,perfuming,"3,7-dimethylocta-2,6-dienyl 2-phenylacetate"
lycium chinense fruit/(angelica dahurica/rehmannia glutinosa/scutellaria baicalensis) root extract,,bleaching; skin-conditioning,lycium chinense fruit/(angelica dahurica/rehmannia glutinosa/scutellaria baicalensis) root extract
cassytha filiformis powder,,antioxidant; antiseborrhoeic; preservative; skin-conditioning; skin-protecting,cassytha filiformis powder
isoamyl propionate,105-68-0,perfuming,isoamyl propionate
commiphora gileadensis sap extract,,antimicrobial; antioxidant; astringent; uv-filter,commiphora gileadensis sap extract
lippia citriodora leaf cell culture extract,,masking; perfuming,lippia citriodora leaf cell culture extract
trans-5-octenone,19093-20-0,perfuming,(e)-oct-5-en-2-one
acacia decurrens flower extract,98903-76-5,masking; perfuming,acacia decurrens flower extract
2-tert-butylhydroquinone methyl ether,121-00-6,perfuming,butylated hydroxyanisole
methyl hydroxy-methylpentylcyclohexenyl-methyleneaminobenzoate,67634-12-2,perfuming,"benzoic acid, 2-(((4-(4-hydroxy-4-methylpentyl)-3-cyclohexen-1-yl)methylene)amino)-, methyl ester"
narcissus poeticus flower water,90064-26-9,flavouring; masking; perfuming,narcissus poeticus flower water
2-methylpent-3-enoic acid,37674-63-8,perfuming,2-methylpent-3-enoic acid
3-carene,13466-78-9,perfuming,3-carene
methyl-methylene-tricyclodecanol,122760-84-3,perfuming,"4-methyl-8-methylenetricyclo[3.3.1.13,7]decan-2-ol"
ozonized glycerin,,astringent,ozonized glycerin
carum carvi fruit oil,85940-31-4 / 8000-42-8,masking; perfuming,carum carvi fruit oil
3‚6-dimethyl-3-octyl acetate,60763-42-0,perfuming,"3-octanol, 3,6-dimethyl-, 3-acetate"
cupressus funebris wood oil,85085-29-6,perfuming,cupressus funebris wood oil
methyl isoeugenol,93-16-3,perfuming,methyl isoeugenol
2-furancarbaldehyde/heptanal hydrogenated,68411-59-6,perfuming,furfural
citrus grandis peel/seed extract,,antimicrobial; preservative,citrus grandis peel/seed extract
citral dimethyl acetal,7549-37-3,perfuming,citral dimethyl acetal
ethyl dimethyloctadienoate,13058-12-3,perfuming,"ethyl 3,7-dimethylocta-2,6-dienoate"
hexamidine diisethionate,659-40-5,antifoaming; emollient; preservative; skin-conditioning,"2,6-dibromo-4-trifluoromethoxyaniline"
isobutyl propionate,540-42-1,perfuming,isobutyl propionate
lactobaccillus/hibiscus sabdariffa callus culture ferment filtrate,,antimicrobial; antioxidant; humectant; skin-conditioning,lactobaccillus/hibiscus sabdariffa callus culture ferment filtrate
phyllostachys edulis stem extract,,antimicrobial; deodorant,phyllostachys edulis stem extract
mentha arvensis piperascens herb extract,91722-84-8,perfuming,mentha arvensis piperascens herb extract
2‚3-diethylpyrazine,15707-24-1,perfuming,"2,3-diethylpyrazine"
sodium bisulfite,7631-90-5,antioxidant; preservative; reducing,cid 6399220
methylvaleric acid,97-61-0,perfuming,3-(diethylamino)phenol
citrus aurantium dulcis peel extract,8028-48-6,binding; emulsion-stabilising; perfuming; skin-conditioning; viscosity-controlling,orange oil
methylcyclopentenolone,80-71-7,perfuming,2-hydroxy-3-methyl-2-cyclopenten-1-one
c11-14 alkyl acetate,84712-50-5,perfuming,c11-14 alkyl acetate
mentha arvensis piperascens herb oil,91722-84-8,perfuming,mentha arvensis piperascens herb oil
3-methyl-5-phenyl-2-pentenenitrile,93893-89-1,perfuming,citrus nitrile
sh-oligopeptide-88,,antiseborrhoeic; hair-conditioning; humectant,sh-oligopeptide-88
pelargonium graveolens stem leaf oil,90082-51-2,perfuming,pelargonium graveolens stem leaf oil
excoecaria bicolor leaf extract,,antioxidant; bleaching,excoecaria bicolor leaf extract
acacia farnesiana flower/stem extract,89958-31-6,astringent; viscosity-controlling,acacia farnesiana flower/stem extract
dimethoxybenzamido phenylhydroxylacetamide,,antioxidant; antiseborrhoeic; skin-conditioning; skin-protecting,dimethoxybenzamido phenylhydroxylacetamide
geranyl acetate,105-87-3,perfuming; tonic,"3,7-dimethylocta-2,6-dienyl acetate"
capryloyl heptapeptide-33,,antimicrobial; antioxidant; antiseborrhoeic; skin-conditioning,capryloyl heptapeptide-33
5-ethyl-3-hydroxy-4-methylfuran-2-one,698-10-2,perfuming,glytoucan:g23138cm
behentrimonium chloride,17301-53-0,antistatic; hair-conditioning; preservative,trioctylmethylammonium chloride
brassica rapa callus extract,,antimicrobial; antioxidant; hair-conditioning; humectant,brassica rapa callus extract
acetaldehyde ethyl isoeugenyl acetal,84029-92-5,perfuming,2-(1-ethoxyethoxy)-5-(1-propenyl)anisole
oligopeptide-98 amide,,antimicrobial; antioxidant; antiseborrhoeic; skin-protecting,oligopeptide-98 amide
thuja occidentalis leaf oil,90131-58-1 / 8007-20-3,masking; perfuming; tonic,thuja occidentalis leaf oil
cyclohexanediol dicaprylate,,bleaching,cyclohexanediol dicaprylate
daucus carota fruit oil,84929-61-3,perfuming,daucus carota fruit oil
2-isopentenal,107-86-8,perfuming,"2,3-dihydroxypropyl butanoate"
pyrus malus bark extract,,astringent,pyrus malus bark extract
elettaria cardamomum seed oil,8000-66-6 / 85940-32-5,masking; perfuming; tonic,elettaria cardamomum seed oil
iodoform,75-47-8,antimicrobial,iodoform
calendula officinalis flower oil,84776-23-8 / 70892-20-5,masking; perfuming; skin-conditioning,calendula officinalis flower oil
macelignan,107534-93-0,antimicrobial; antioxidant; deodorant; oral-care,erythro-austrobailignan-6
juniperus phoenicea wood extract,90046-03-0,perfuming,juniperus phoenicea wood extract
citrus hystrix leaf water,,antioxidant; antiseborrhoeic; astringent; masking; skin-conditioning,citrus hystrix leaf water
tetramethyl-4-methyleneheptan-2-one,81786-75-6,perfuming,"3,5,6,6-tetramethyl-4-methyleneheptan-2-one"
isoamyl alcohol,123-51-3,flavouring; perfuming,isoamyl alcohol
heptyltetrahydrofuran,2435-16-7,perfuming,"furan, 2-heptyltetrahydro-"
nerol oxide,1786-08-9,perfuming,(+-)-nerol oxide
sodium phenolsulfonate,1300-51-2,antimicrobial; deodorant,sodium o-phenolsulfonate
trimethylbicyclo-3-hepten-2-ol,473-67-6,perfuming,verbenol
perilla frutescens flower extract,90082-61-4,perfuming,perilla frutescens flower extract
lippia citriodora flower extract,,perfuming; skin-conditioning,lippia citriodora flower extract
methyl tetrahydroazepinyl ether,2525-16-8,perfuming,"2h-azepine, 3,4,5,6-tetrahydro-7-methoxy-"
isatis tinctoria root powder,,astringent; hair-conditioning; skin-conditioning,isatis tinctoria root powder
lactobacillus/scutellaria baicalensis root/camellia sinensis leaf/artemisia princeps leaf/houttuynia cordata leaf/citrus junos fruit extract ferment filtrate,,antimicrobial; antioxidant,lactobacillus/scutellaria baicalensis root/camellia sinensis leaf/artemisia princeps leaf/houttuynia cordata leaf/citrus junos fruit extract ferment filtrate
evernia prunastri lichen extract,90028-68-5 / 9000-50-4 / 68917-10-2,perfuming,evernia prunastri lichen extract
hydroxycyclohexyl methyl ketone,1123-27-9,perfuming,1-acetylcyclohexanol
caffeic/coco/coumaric/mangosteen pericarp esters,,antimicrobial; antioxidant; hair-conditioning; skin-conditioning,caffeic/coco/coumaric/mangosteen pericarp esters
hexadienal diethyl acetal,27310-22-1,perfuming,hexadien-1-al diethyl acetal
isopropyl-dimethyl-dioxane,3583-00-4,perfuming,"4-isopropyl-5,5-dimethyl-1,3-dioxane"
ethyl aminolevulinate hcl,183151-37-3,antimicrobial; antioxidant; antiseborrhoeic; skin-conditioning,ethyl 5-amino-4-oxopentanoate--hydrogen chloride (1/1)
dihydrogeranylacetone,1322-58-3 / 4433-36-7,perfuming,dihydrogeranylacetone
rapeseed sophorolipids,,antimicrobial; cleansing; deodorant; surfactant,rapeseed sophorolipids
2-methyl-3-oxopropoxy-pyran-4-one,68555-63-5,perfuming,"2-naphthalenesulfonic acid, 8-(2-(4-(acetylamino)phenyl)diazenyl)-5-(2-(4-amino-6-sulfo-1-naphthalenyl)diazenyl)-, sodium salt (1:2)"
dihydroxybenzylidene succinimide,,antioxidant; bleaching; reducing; skin-protecting,dihydroxybenzylidene succinimide
cystoseira compressa powder,,bleaching; humectant; skin-conditioning,cystoseira compressa powder
trimethyl-5‚7-decadien-2-one,67801-41-6,perfuming,"4,4,8-trimethyl-5,7-decadien-2-one"
5-methyl-beta-ionone,79-70-9,perfuming,"3-buten-2-one, 4-[2,5,6,6-tetramethyl-1(or 2)-cyclohexen-1-yl]-"
sodium hydroxymethylglycinate,70161-44-3,hair-conditioning; preservative,sodium (hydroxymethyl)glycinate
succinoyl ascorbate pentapeptide-6,,antioxidant; bleaching; skin-conditioning; skin-protecting,succinoyl ascorbate pentapeptide-6
methyl amyl ketone,110-43-0,perfuming,2-heptanone
trimethyl-4‚9-decadienal,32803-39-7,perfuming,"4,9-decadienal, 2,5,9-trimethyl-"
acetaldehyde phenethyl propyl acetal,7493-57-4,perfuming,acetaldehyde phenethyl propyl acetal
dipropylene glycol ethyl ether,10143-32-5,perfuming,"2-thiazoline, 2-anilino-"
isopulegyl formate,10588-15-5,perfuming,"4-hydroxy-3,5-bis(isopropyl)benzaldehyde"
amyl butyrate,540-18-1,perfuming,amyl butyrate
nonadienol,7786-44-9,perfuming,"2,6-nonadien-1-ol"
2-ethyl-3-methylpyrazine,15707-23-0,perfuming,2-ethyl-3-methylpyrazine
ethyl 2-methylpent-3-enoate,1617-23-8,perfuming,"ethyl 2-methyl-3-pentenoate, (3e)-"
madhuca longifolia sophorolipids,,antioxidant; antiseborrhoeic; cleansing; emulsifying; surfactant,madhuca longifolia sophorolipids
allyl cyclohexyloxyacetate,68901-15-5,perfuming,"2,7-naphthalenedisulfonic acid, 4-[2-(4-amino-5-methoxy-2-methylphenyl)diazenyl]-5-hydroxy-"
hexahydro-tetramethyl-spirodioxolane-methanonaphthalene,154171-77-4,perfuming,"benzene, [2-(1-methylethoxy)ethyl]-"
c16-17 alkyl benzoate,,antimicrobial; emollient; skin-conditioning; solvent,c16-17 alkyl benzoate
magnesium benzoate,553-70-8,preservative,magnesium benzoate
2-hexyl-1‚3-dioxanol,1708-36-7,perfuming,"1,3-dioxan-5-ol, 2-hexyl-"
2-methylpent-2-enyl acetate,1838-88-6,perfuming,"2-penten-1-ol, 2-methyl-, 1-acetate"
cinnamomum culilawan leaf oil,91771-48-1,perfuming,cinnamomum culilawan leaf oil
trimethyl-3-nonenol,93882-22-5,perfuming,cid 175560
terpineol,8000-41-7,masking; perfuming,alpha-terpineol
hierochloe alpina herb oil,92128-62-6,perfuming,hierochloe alpina herb oil
hexyldihydrofuranone,18436-37-8,perfuming,"silane, chlorotris(1-methylpropoxy)-"
melozol acetate,30772-69-1,perfuming,"4,7-methano-1h-indenemethanol, octahydro-, acetate"
abies alba needle oil,90028-76-5,perfuming,abies alba needle oil
camellia sinensis flower/leaf/stem juice,84650-60-2,antioxidant; perfuming,phenol
hexenyloxy-propanenitrile,142653-61-0,perfuming,"propanenitrile, 3-((3z)-3-hexen-1-yloxy)-"
ravensara aromatica twig extract,91770-56-8,perfuming,ravensara aromatica twig extract
decahydrospirofuran-methano-5h-indene,68480-11-5,perfuming,"6'-methylspiro(cyclohexane-1,2'-(1,3)dioxolo(4,5-f)benzothiazole)"
hexamidine diparaben,93841-83-9,preservative,"4-hydroxybenzoic acid--4,4'-[hexane-1,6-diylbis(oxy)]di(benzene-1-carboximidamide) (1/2)"
ethyl 3-hydroxy-3-phenylpropionate,5764-85-2,perfuming,"ethyl 3-phenylhydracrylate, (+-)-"
alpha-methyl-beta-ionone,127-43-5,perfuming,"1-(2,6,6-trimethyl-1-cyclohexen-1-yl)pent-1-en-3-one"
palmitoyl hexapeptide-26,,antimicrobial,palmitoyl hexapeptide-26
1-ethyl-3-methoxy-tricycloheptane,31996-78-8,perfuming,"1-ethyl-3-methoxytricyclo[2.2.1.02,6]heptane"
caffeoyl hexapeptide-65,,antimicrobial; antioxidant; skin-conditioning; skin-protecting,caffeoyl hexapeptide-65
aminopropyl menthyl phosphate,,antidandruff; antiseborrhoeic; skin-conditioning,aminopropyl menthyl phosphate
2-ethylbutyl cyclopent-1-eneacetate,68092-41-1,perfuming,"1-cyclopentene-1-acetic acid, 2-ethylbutyl ester"
cyclohexylpropanol,5442-00-2,perfuming,2-cyclohexylpropanol
methoxyhexanethiol,94291-50-6,perfuming,"1-methoxyhexane-3-thiol, (+-)-"
prenol,556-82-1,perfuming,3-methyl-2-buten-1-ol
lotus corniculatus flower water,84696-24-2,flavouring; masking; perfuming,lotus corniculatus flower water
curcuma longa root extract,84775-52-0,masking; perfuming,oleoresin tumeric
aluminum zirconium pentachlorohydrex gly,125913-22-6,antiperspirant; astringent; deodorant,aluminum zirconium octachlorohydrex gly
saussurea lappa extract hydrogenated,99098-35-8,perfuming,saussurea lappa extract hydrogenated
pyrus communis fruit juice,90082-43-2,astringent; skin-conditioning,pyrus communis fruit juice
cochlearia groenlandica callus extract,,antimicrobial; antioxidant; hair-conditioning; humectant; skin-conditioning; skin-protecting,cochlearia groenlandica callus extract
foeniculum vulgare piperitum fruit extract,93685-73-5,perfuming,foeniculum vulgare piperitum fruit extract
trimethylbicyclohept-2-yl propionate,20279-25-8,perfuming,borneol propionate
lauraldehyde dimethyl acetal,14620-52-1,perfuming,"1,1-dimethoxydodecane"
ethyl ricinoleate,55066-53-0,perfuming; skin-conditioning,"(r,z)-ethyl 12-hydroxyoctadec-9-enoate"
bletilla striata root powder,,antimicrobial; humectant; skin-conditioning,bletilla striata root powder
2-hexylidenecyclohexan-1-one,16429-07-5,perfuming,"cyclohexanone, 2-hexylidene-"
gluconic acid,526-95-4,chelating; perfuming,"2,3,4,5,6-pentahydroxyhexanoic acid"
phenylacetic acid,103-82-2,perfuming,phenylacetic acid
citrus nobilis leaf extract,84929-38-4,perfuming,citrus nobilis leaf extract
benzaldehyde,100-52-7,denaturant; flavouring; masking; perfuming,benzaldehyde
7-isopropyl-5-methylbicyclooctenyl-dioxolane,94087-23-7,perfuming,"2-(7-isopropyl-5-methylbicyclo(2.2.2)oct-5-en-2-yl)-1,3-dioxolane"
quinoyl tripeptide-7,,antioxidant; bleaching; skin-protecting,quinoyl tripeptide-7
lactobacillus/nelumbo nucifera seed ferment filtrate,,bleaching; skin-conditioning,lactobacillus/nelumbo nucifera seed ferment filtrate
ethyl trans-3-hexenoate,26553-46-8,perfuming,ethyl-3-hexanoate
trimethyl-8-methylenebicyclo-4-undecene,118-65-0,perfuming,"(1r,9s)-4,11,11-trimethyl-8-methylene-bicyclo[7.2.0]undec-4-ene"
lactobacillus/turmeric leaf extract ferment lysate filtrate,,antimicrobial; antioxidant; hair-conditioning,lactobacillus/turmeric leaf extract ferment lysate filtrate
quaternium-24,32426-11-2,antimicrobial; antistatic; surfactant,decyl dimethyl octyl ammonium chloride
cupressus funebris wood extract acetylated,90990-04-8,perfuming,cupressus funebris wood extract acetylated
3-ethoxy-1‚1,67583-77-1,perfuming,"cyclohexane, 3-ethoxy-1,1,5-trimethyl-, cis-"
artemisia annua herb oil,84775-74-6,perfuming,artemisia annua herb oil
isopropylidene-methyl-cyclohexyl acetate,10235-63-9,perfuming,gamma-terpinyl acetate
valeric acid,109-52-4,perfuming,3-(methylthio)propanoic acid
lactobacillus/apricot kernel/(asparagus cochinchinensis/aconitum koreanum/angelica dahurica/cnidium officinale) root extract ferment filtrate,,antimicrobial,lactobacillus/apricot kernel/(asparagus cochinchinensis/aconitum koreanum/angelica dahurica/cnidium officinale) root extract ferment filtrate
sd alcohol 46,,astringent; solvent; viscosity-controlling,sd alcohol 46
ethyl 2-octenoate,2351-90-8,perfuming,2-octenoic acid ethyl ester
2-methylpropanal,78-84-2,nail-conditioning; perfuming,isobutyraldehyde
amylcinnamal diethyl acetal,60763-41-9,perfuming,alpha-amylcinnamaldehyde diethyl acetal
subtilisin,9014-01-1,keratolytic; skin-conditioning,bacillomycin
verdyl acetate,2500-83-6 / 5413-60-5,perfuming,verdyl acetate
abies pectinata wood oil,92128-34-2,antimicrobial; antioxidant,abies pectinata wood oil
cistus species resin extract,84775-64-4,perfuming,cistus species resin extract
beta-hydroxyphenethyl acetate,10522-41-5,perfuming,"1,2-ethanediol, 1-phenyl-, 2-acetate"
saccharomyces/vaccinium vitis-idaea fruit ferment extract,,bleaching; skin-conditioning,saccharomyces/vaccinium vitis-idaea fruit ferment extract
ozonized oleth-10,,antimicrobial; cleansing; surfactant,ozonized oleth-10
rosmarinus officinalis callus extract,,antimicrobial; antioxidant; hair-conditioning; skin-protecting,rosmarinus officinalis callus extract
panax ginseng flower/leaf/stem extract,,astringent; humectant,panax ginseng flower/leaf/stem extract
oligopeptide-124 amide,,antimicrobial; antiseborrhoeic,oligopeptide-124 amide
p-anisyl phenylacetate,102-17-0,perfuming,anisyl phenylacetate
decahydro-beta-naphthol,825-51-4,perfuming,"2-naphthalenol, decahydro-"
2-ethoxy-2‚6,68845-00-1,perfuming,"propanoic acid, 2,2-dimethyl-, 3a,4,5,6,7,7a-hexahydro-4,7-methano-1h-inden-6-yl ester"
trimethylbicycloheptane-2-methanol,66062-78-0,perfuming,"bicyclo(2.2.1)heptane-2-methanol, alpha,3,3-trimethyl-"
camellia sinensis sprout extract,,antimicrobial; antioxidant; astringent; oral-care; skin-conditioning,camellia sinensis sprout extract
tert-butylquinoline,61702-91-8,perfuming,"quinoline, (1,1-dimethylethyl)-"
5-methyl-alpha-ionone,79-69-6,perfuming,"3-buten-2-one, 4-(2,5,6,6-tetramethyl-2-cyclohexen-1-yl)-"
cyclamen aldehyde ethyleneglycol cyclic acetal,72845-85-3,perfuming,"1,3-dioxolane, 2-(1-methyl-2-(4-(1-methylethyl)phenyl)ethyl)-"
acacia decurrens extract,98903-76-5,astringent; skin-conditioning; tonic,acacia decurrens extract
nona-2‚4-dienal,6750-03-4,perfuming,"nona-2,4-dienal"
undecylenamide dea,25377-64-4,antidandruff; antimicrobial; antistatic; foam-boosting; hair-conditioning; viscosity-controlling,4-mercaptobutane-1-sulphonic acid
zinc sulfate,7446-19-7 / 7733-02-0 / 7746-20-0,antimicrobial; antiplaque; astringent; oral-care,zinc sulfate
piperine,94-62-2,perfuming,"2,4-pentadien-1-one, 5-(1,3-benzodioxol-5-yl)-1-(1-piperidinyl)-, (2e,4e)-"
4-methylen-2‚6-epoxydecane,24237-02-3,perfuming,"2h-pyran, 2-butyltetrahydro-6-methyl-4-methylene-"
dequalinium acetate,4028-98-2,antimicrobial; deodorant,dequalinium acetate
pelargonium graveolens leaf extract,90082-51-2,perfuming,pelargonium graveolens leaf extract
calcium lactate,814-80-2,astringent; buffering; keratolytic,calcium lactate
benzyl methyl ether,538-86-3,perfuming,benzyl methyl ether
cinnamomum camphora linalooliferum wood oil,91745-89-0,perfuming,cinnamomum camphora linalooliferum wood oil
methyl hexyl ether,4747-07-3,perfuming; solvent,hexyl methyl ether
brassica oleracea gemmifera extract,,astringent,brassica oleracea gemmifera extract
calcium chloride,10043-52-4,astringent; viscosity-controlling,calcium cation
taxus media/taxus cuspidata/taxus brevifolia/taxus baccata/taxus canadensis meristem cell culture extract,,antimicrobial; antioxidant; skin-conditioning,taxus media/taxus cuspidata/taxus brevifolia/taxus baccata/taxus canadensis meristem cell culture extract
dihydrogeranial diphenethyl acetal,68140-52-3,perfuming,"benzene, (1,1-dimethylethoxy)-"
4-ethylocta-2‚4-dienoic acid,72928-47-3,perfuming,cid 175306
isobutyl furylpropionate,105-01-1,perfuming,isobutyl-2-furanpropionate
isobutenyl methyltetrahydropyran,16409-43-1,masking; perfuming,rose oxide
eugenia caryophyllus extract/ formaldehyde,94333-73-0,perfuming,eugenia caryophyllus extract/ formaldehyde
8-methoxyethoxy-2‚6-dimethyloct-2-ene,68039-24-7,perfuming,"sulfuric acid, monododecyl ester, compd. with 1,1'-iminobis(2-propanol) (1:1)"
brassica campestris flower extract,90989-79-0,antidandruff; antimicrobial; emollient; skin-conditioning,brassica campestris flower extract
narcissus pseudonarcissus root extract,,astringent; hair-conditioning; nail-conditioning; skin-conditioning,narcissus pseudonarcissus root extract
3-methyl-5-(2‚2,67801-20-1,perfuming,"3-methyl-5-(2,2,3-trimethylcyclopent-3-en-1-yl)pent-4-en-2-ol"
acorus calamus root extract hydrogenated,85480-47-3,perfuming,acorus calamus root extract hydrogenated
phenylacetaldehyde isohexyleneglycol cyclic acetal,65416-20-8,perfuming,"1,3-dioxane, 4,5,6-trimethyl-2-(phenylmethyl)-"
hydroxycitronellal-indole schiff base,68527-79-7,perfuming,"7-octen-2-ol, 8-(1h-indol-1-yl)-2,6-dimethyl-"
betula alba bark/leaf extract,84012-15-7,astringent; cleansing; soothing; tonic,betula alba bark/leaf extract
3-methyl-5-propyl-2-cyclohexenone,3720-16-9,perfuming,"3-methyl-5-propyl-2-cyclohexen-1-one, (s)-"
4'-methoxychalcone,959-23-9,antioxidant; bleaching; skin-conditioning,ccris 2231
amyl hexanoate,540-07-8,perfuming,pentyl hexanoate
diacetyl benzoyl lathyrol,218916-52-0,bleaching; skin-conditioning,"5,15-diacetyl-3-benzoyllathyrol; euphorbia factor l3"
nonyl alcohol,143-08-8,perfuming,1-nonanol
pentamethyl-cyclopent-1-enyl methyl ketone,13144-88-2,perfuming,"1-(2,4,4,5,5-pentamethyl-1-cyclopenten-1-yl)ethan-1-one"
lactobacillus/phaseolus angularis seed extract ferment extract filtrate,,antioxidant; bleaching; emollient; humectant; skin-conditioning,lactobacillus/phaseolus angularis seed extract ferment extract filtrate
benzyl propionate,122-63-4,perfuming,benzyl propionate
isopropylindanone,53446-63-2,perfuming,"1h-inden-1-one, 2,3-dihydro-2-(1-methylethyl)-"
liatris odoratissima leaf oil,68602-86-8,perfuming,liatris odoratissima leaf oil
trans-2-tert-butylcyclohexanol,5448-22-6,perfuming,2-tert-butylcyclohexanol
benzyl phenylacetate,102-16-9,perfuming,benzyl phenylacetate
tetrahydropyranyloxy phenol,53936-56-4,bleaching,4-[(2s)-oxan-2-yl]oxyphenol
apium graveolens rapaccum leaf extract,89997-34-2,perfuming,apium graveolens rapaccum leaf extract
cymbopogon flexuosus herb extract,91844-92-7,perfuming,cymbopogon flexuosus herb extract
murraya koenigii leaf oil,,preservative,murraya koenigii leaf oil
valeriana officinalis collina root extraxt,97927-02-1,perfuming,valeriana officinalis collina root extraxt
3‚5-diethyldimethylcyclohexenone,65416-17-3,perfuming,"2-cyclohexen-1-one, 3,5-diethyl-2,6-dimethyl-"
anisaldehyde,123-11-5,masking; perfuming,4-iodobiphenyl
allantoin biotin,4492-73-3,antiseborrhoeic; skin-conditioning; skin-protecting; soothing,allantoin biotin
salix polaris callus culture extract,,antimicrobial; antioxidant; hair-conditioning; skin-protecting,salix polaris callus culture extract
ethyl travoprostamide,1005193-64-5,antimicrobial; antioxidant; hair-conditioning; skin-conditioning,trifluoromethyl dechloro
monascus/dioscorea japonica root ferment,,antimicrobial; skin-conditioning,monascus/dioscorea japonica root ferment
p-menthadiene,555-10-2,perfuming,beta-phellandrene
bursera graveolens wood oil,,flavouring; masking; perfuming,bursera graveolens wood oil
sodium formate,141-53-7,buffering; preservative,sodium formate
lilium hybrid extract,,astringent; skin-conditioning,lilium hybrid extract
phyllostachys edulis stem powder,,abrasive; antimicrobial; deodorant,phyllostachys edulis stem powder
dendropanax morbiferus adventitious root extract,,antimicrobial; antioxidant; hair-conditioning; humectant; skin-protecting,dendropanax morbiferus adventitious root extract
trimethyl-3-cyclohexenyl-3-buten-2-one,67801-39-2,perfuming,"n,n-bis(2-hydroxyethyl)octadecanamide"
quinoyl tripeptide-1,,antioxidant; bleaching; hair-conditioning; skin-protecting,quinoyl tripeptide-1
dichlorophenyl imidazoldioxolan,85058-43-1,antimicrobial,dichlorophenyl imidazoldioxolan
4-butyl-5-methylthiazole,57246-60-3,perfuming,"thiazole, 4-butyl-5-methyl-"